2026-03-04 00:00:02 INFO slow query detected
2026-03-04 00:00:05 INFO background job finished
2026-03-04 00:00:08 ERROR user logout
2026-03-04 00:00:12 INFO user login ok
2026-03-04 00:00:14 ERROR user login ok
2026-03-04 00:00:15 WARN cache hit
2026-03-04 00:00:17 INFO user login ok
2026-03-04 00:00:21 INFO background job finished
2026-03-04 00:00:23 INFO cache hit
2026-03-04 00:00:26 INFO slow query detected
2026-03-04 00:00:28 INFO config reloaded
2026-03-04 00:00:29 INFO user logout
2026-03-04 00:00:30 WARN user login ok
2026-03-04 00:00:31 INFO user logout
2026-03-04 00:00:33 INFO connection reset by peer
2026-03-04 00:00:37 INFO request handled
2026-03-04 00:00:40 INFO cache miss
2026-03-04 00:00:43 WARN cache hit
2026-03-04 00:00:44 INFO request handled
2026-03-04 00:00:47 INFO connection reset by peer
2026-03-04 00:00:49 INFO cache hit
2026-03-04 00:00:51 INFO user login ok
2026-03-04 00:00:52 ERROR user login ok
2026-03-04 00:00:54 INFO database timeout
2026-03-04 00:00:57 INFO user logout
2026-03-04 00:00:58 INFO connection reset by peer
2026-03-04 00:00:59 INFO background job finished
2026-03-04 00:01:03 INFO user login ok
2026-03-04 00:01:05 INFO user login ok
2026-03-04 00:01:06 INFO request handled
2026-03-04 00:01:07 WARN user login ok
2026-03-04 00:01:08 INFO user logout
2026-03-04 00:01:11 INFO config reloaded
2026-03-04 00:01:15 INFO request handled
2026-03-04 00:01:18 INFO background job finished
2026-03-04 00:01:21 INFO request handled
2026-03-04 00:01:24 INFO user logout
2026-03-04 00:01:26 INFO user login ok
2026-03-04 00:01:30 INFO user login ok
2026-03-04 00:01:34 INFO user login ok
2026-03-04 00:01:37 INFO user logout
2026-03-04 00:01:40 WARN cache miss
2026-03-04 00:01:44 INFO user login ok
2026-03-04 00:01:47 INFO user logout
2026-03-04 00:01:49 INFO user logout
2026-03-04 00:01:53 WARN user login ok
2026-03-04 00:01:56 INFO connection reset by peer
2026-03-04 00:01:57 INFO user login ok
2026-03-04 00:01:59 INFO database timeout
2026-03-04 00:02:02 INFO user logout
2026-03-04 00:02:03 INFO cache hit
2026-03-04 00:02:04 INFO user login ok
2026-03-04 00:02:06 INFO user login ok
2026-03-04 00:02:08 WARN invalid token
2026-03-04 00:02:11 INFO user login ok
2026-03-04 00:02:14 INFO disk usage high
2026-03-04 00:02:16 INFO invalid token
2026-03-04 00:02:18 INFO config reloaded
2026-03-04 00:02:22 INFO user login ok
2026-03-04 00:02:23 INFO connection reset by peer
2026-03-04 00:02:27 INFO disk usage high
2026-03-04 00:02:29 INFO background job finished
2026-03-04 00:02:30 INFO user login ok
2026-03-04 00:02:33 INFO user logout
2026-03-04 00:02:35 INFO slow query detected
2026-03-04 00:02:36 INFO connection reset by peer
2026-03-04 00:02:38 INFO user logout
2026-03-04 00:02:40 INFO user logout
2026-03-04 00:02:43 INFO cache hit
2026-03-04 00:02:45 INFO user login ok
2026-03-04 00:02:48 INFO cache hit
2026-03-04 00:02:51 INFO user login ok
2026-03-04 00:02:53 INFO database timeout
2026-03-04 00:02:54 INFO cache miss
2026-03-04 00:02:57 INFO disk usage high
2026-03-04 00:03:00 INFO request handled
2026-03-04 00:03:01 INFO invalid token
2026-03-04 00:03:03 INFO database timeout
2026-03-04 00:03:07 INFO user login ok
2026-03-04 00:03:08 INFO connection reset by peer
2026-03-04 00:03:10 INFO background job finished
2026-03-04 00:03:13 INFO invalid token
2026-03-04 00:03:17 INFO user login ok
2026-03-04 00:03:20 INFO database timeout
2026-03-04 00:03:24 WARN request handled
2026-03-04 00:03:26 INFO request handled
2026-03-04 00:03:27 WARN config reloaded
2026-03-04 00:03:31 INFO user logout
2026-03-04 00:03:33 INFO user logout
2026-03-04 00:03:37 WARN user login ok
2026-03-04 00:03:38 INFO user login ok
2026-03-04 00:03:41 INFO cache hit
2026-03-04 00:03:42 INFO cache hit
2026-03-04 00:03:44 INFO invalid token
2026-03-04 00:03:48 INFO user logout
2026-03-04 00:03:51 INFO cache hit
2026-03-04 00:03:52 WARN cache miss
2026-03-04 00:03:53 INFO database timeout
2026-03-04 00:03:57 INFO database timeout
2026-03-04 00:04:01 INFO user login ok
2026-03-04 00:04:03 INFO user login ok
2026-03-04 00:04:04 WARN cache miss
2026-03-04 00:04:08 INFO background job finished
2026-03-04 00:04:11 INFO background job finished
2026-03-04 00:04:14 INFO user login ok
2026-03-04 00:04:15 INFO config reloaded
2026-03-04 00:04:16 INFO slow query detected
2026-03-04 00:04:17 INFO user login ok
2026-03-04 00:04:18 INFO connection reset by peer
2026-03-04 00:04:21 WARN user login ok
2026-03-04 00:04:25 INFO cache miss
2026-03-04 00:04:26 ERROR background job finished
2026-03-04 00:04:29 WARN database timeout
2026-03-04 00:04:30 INFO connection reset by peer
2026-03-04 00:04:34 INFO request handled
2026-03-04 00:04:36 INFO background job finished
2026-03-04 00:04:39 INFO background job finished
2026-03-04 00:04:43 INFO user login ok
2026-03-04 00:04:46 INFO user login ok
2026-03-04 00:04:48 INFO user login ok
2026-03-04 00:04:50 INFO user login ok
2026-03-04 00:04:54 INFO connection reset by peer
2026-03-04 00:04:56 INFO cache hit
2026-03-04 00:04:58 WARN user login ok
2026-03-04 00:04:59 INFO user logout
2026-03-04 00:05:03 INFO user logout
2026-03-04 00:05:07 INFO background job finished
2026-03-04 00:05:09 INFO request handled
2026-03-04 00:05:10 INFO disk usage high
2026-03-04 00:05:13 ERROR user login ok
2026-03-04 00:05:16 INFO slow query detected
2026-03-04 00:05:17 WARN config reloaded
2026-03-04 00:05:18 INFO connection reset by peer
2026-03-04 00:05:22 INFO user logout
2026-03-04 00:05:25 INFO disk usage high
2026-03-04 00:05:29 WARN slow query detected
2026-03-04 00:05:33 INFO request handled
2026-03-04 00:05:34 INFO user login ok
2026-03-04 00:05:36 INFO user login ok
2026-03-04 00:05:39 INFO user login ok
2026-03-04 00:05:43 INFO user login ok
2026-03-04 00:05:47 INFO user logout
2026-03-04 00:05:51 WARN user login ok
2026-03-04 00:05:55 INFO cache miss
2026-03-04 00:05:59 INFO disk usage high
2026-03-04 00:06:01 INFO cache hit
2026-03-04 00:06:03 INFO user login ok
2026-03-04 00:06:07 INFO user login ok
2026-03-04 00:06:10 WARN cache hit
2026-03-04 00:06:14 INFO slow query detected
2026-03-04 00:06:18 INFO cache hit
2026-03-04 00:06:19 WARN user login ok
2026-03-04 00:06:21 INFO user login ok
2026-03-04 00:06:25 ERROR cache miss
2026-03-04 00:06:27 INFO cache hit
2026-03-04 00:06:28 INFO database timeout
2026-03-04 00:06:31 INFO slow query detected
2026-03-04 00:06:33 INFO slow query detected
2026-03-04 00:06:34 INFO cache miss
2026-03-04 00:06:38 INFO user login ok
2026-03-04 00:06:42 WARN user login ok
2026-03-04 00:06:44 INFO connection reset by peer
2026-03-04 00:06:48 INFO user login ok
2026-03-04 00:06:51 INFO invalid token
2026-03-04 00:06:55 INFO request handled
2026-03-04 00:06:58 ERROR slow query detected
2026-03-04 00:07:02 INFO invalid token
2026-03-04 00:07:06 INFO connection reset by peer
2026-03-04 00:07:10 WARN background job finished
2026-03-04 00:07:12 INFO slow query detected
2026-03-04 00:07:14 INFO user logout
2026-03-04 00:07:15 INFO config reloaded
2026-03-04 00:07:18 INFO user login ok
2026-03-04 00:07:20 INFO cache hit
2026-03-04 00:07:21 INFO user login ok
2026-03-04 00:07:24 INFO cache hit
2026-03-04 00:07:25 INFO user logout
2026-03-04 00:07:27 INFO invalid token
2026-03-04 00:07:31 INFO user logout
2026-03-04 00:07:35 INFO user logout
2026-03-04 00:07:38 WARN user login ok
2026-03-04 00:07:41 INFO user login ok
2026-03-04 00:07:43 INFO request handled
2026-03-04 00:07:45 INFO cache hit
2026-03-04 00:07:47 INFO user login ok
2026-03-04 00:07:50 INFO cache miss
2026-03-04 00:07:54 INFO config reloaded
2026-03-04 00:07:55 INFO disk usage high
2026-03-04 00:07:57 INFO disk usage high
2026-03-04 00:07:58 INFO cache miss
2026-03-04 00:08:01 INFO connection reset by peer
2026-03-04 00:08:04 INFO user login ok
2026-03-04 00:08:05 INFO cache hit
2026-03-04 00:08:09 WARN user login ok
2026-03-04 00:08:11 INFO user login ok
2026-03-04 00:08:12 WARN connection reset by peer
2026-03-04 00:08:14 ERROR cache miss
2026-03-04 00:08:18 INFO cache miss
2026-03-04 00:08:19 INFO user login ok
2026-03-04 00:08:21 INFO database timeout
2026-03-04 00:08:23 INFO background job finished
2026-03-04 00:08:24 WARN cache hit
2026-03-04 00:08:27 INFO config reloaded
2026-03-04 00:08:28 WARN user logout
2026-03-04 00:08:29 INFO request handled
2026-03-04 00:08:30 WARN config reloaded
2026-03-04 00:08:31 INFO user logout
2026-03-04 00:08:34 WARN cache hit
2026-03-04 00:08:38 INFO cache hit
2026-03-04 00:08:41 INFO user login ok
2026-03-04 00:08:44 INFO disk usage high
2026-03-04 00:08:47 INFO slow query detected
2026-03-04 00:08:50 INFO disk usage high
2026-03-04 00:08:51 INFO user login ok
2026-03-04 00:08:54 INFO user logout
2026-03-04 00:08:58 INFO cache hit
2026-03-04 00:09:01 INFO user login ok
2026-03-04 00:09:04 INFO background job finished
2026-03-04 00:09:06 INFO cache miss
2026-03-04 00:09:09 ERROR database timeout
2026-03-04 00:09:10 INFO user login ok
2026-03-04 00:09:11 INFO user login ok
2026-03-04 00:09:12 INFO user logout
2026-03-04 00:09:16 INFO cache hit
2026-03-04 00:09:20 INFO user logout
2026-03-04 00:09:21 INFO background job finished
2026-03-04 00:09:24 INFO user login ok
2026-03-04 00:09:28 INFO config reloaded
2026-03-04 00:09:30 INFO user logout
2026-03-04 00:09:34 INFO config reloaded
2026-03-04 00:09:35 INFO background job finished
### повреждённая строка ###
2026-03-04 00:09:39 INFO cache hit
2026-03-04 00:09:43 INFO user logout
2026-03-04 00:09:46 INFO user login ok
2026-03-04 00:09:50 INFO cache miss
2026-03-04 00:09:53 INFO slow query detected
2026-03-04 00:09:54 INFO user login ok
2026-03-04 00:09:55 INFO user login ok
2026-03-04 00:09:58 INFO slow query detected
2026-03-04 00:10:01 INFO invalid token
2026-03-04 00:10:04 INFO user login ok
2026-03-04 00:10:07 INFO user logout
2026-03-04 00:10:09 INFO cache hit
2026-03-04 00:10:13 INFO slow query detected
2026-03-04 00:10:17 INFO user login ok
2026-03-04 00:10:21 WARN cache miss
2026-03-04 00:10:24 INFO database timeout
2026-03-04 00:10:25 WARN user logout
2026-03-04 00:10:26 INFO slow query detected
2026-03-04 00:10:29 INFO user logout
2026-03-04 00:10:33 INFO config reloaded
2026-03-04 00:10:35 INFO user login ok
2026-03-04 00:10:37 INFO user login ok
2026-03-04 00:10:40 INFO request handled
2026-03-04 00:10:44 INFO user logout
2026-03-04 00:10:46 INFO user login ok
2026-03-04 00:10:48 INFO config reloaded
2026-03-04 00:10:52 INFO user logout
2026-03-04 00:10:54 INFO user login ok
2026-03-04 00:10:55 INFO user login ok
2026-03-04 00:10:59 INFO connection reset by peer
2026-03-04 00:11:00 INFO request handled
2026-03-04 00:11:02 INFO user login ok
2026-03-04 00:11:05 WARN user login ok
2026-03-04 00:11:08 INFO slow query detected
2026-03-04 00:11:10 INFO cache miss
2026-03-04 00:11:12 INFO user login ok
2026-03-04 00:11:16 INFO user login ok
2026-03-04 00:11:20 INFO request handled
2026-03-04 00:11:24 INFO cache miss
2026-03-04 00:11:27 INFO disk usage high
2026-03-04 00:11:29 WARN user login ok
2026-03-04 00:11:33 WARN user logout
2026-03-04 00:11:34 INFO user logout
2026-03-04 00:11:35 INFO slow query detected
2026-03-04 00:11:38 INFO user logout
2026-03-04 00:11:42 INFO user login ok
2026-03-04 00:11:43 INFO database timeout
2026-03-04 00:11:44 INFO cache miss
2026-03-04 00:11:48 INFO slow query detected
2026-03-04 00:11:52 INFO user logout
2026-03-04 00:11:53 INFO user login ok
2026-03-04 00:11:57 INFO slow query detected
2026-03-04 00:12:01 INFO user login ok
2026-03-04 00:12:03 INFO disk usage high
2026-03-04 00:12:04 INFO database timeout
2026-03-04 00:12:07 INFO user login ok
2026-03-04 00:12:10 INFO cache hit
2026-03-04 00:12:12 INFO cache miss
2026-03-04 00:12:14 INFO cache miss
2026-03-04 00:12:16 INFO request handled
2026-03-04 00:12:17 INFO slow query detected
2026-03-04 00:12:19 INFO user logout
2026-03-04 00:12:21 WARN user login ok
2026-03-04 00:12:24 INFO user login ok
2026-03-04 00:12:26 INFO user login ok
2026-03-04 00:12:30 ERROR cache miss
2026-03-04 00:12:31 INFO request handled
2026-03-04 00:12:34 INFO cache miss
2026-03-04 00:12:37 INFO disk usage high
2026-03-04 00:12:41 INFO config reloaded
2026-03-04 00:12:44 INFO user login ok
2026-03-04 00:12:46 INFO invalid token
2026-03-04 00:12:49 INFO user login ok
2026-03-04 00:12:53 INFO connection reset by peer
2026-03-04 00:12:55 ERROR request handled
2026-03-04 00:12:57 INFO config reloaded
2026-03-04 00:13:01 INFO user login ok
2026-03-04 00:13:05 INFO user logout
2026-03-04 00:13:07 INFO database timeout
2026-03-04 00:13:08 INFO request handled
2026-03-04 00:13:09 INFO request handled
2026-03-04 00:13:12 INFO user login ok
2026-03-04 00:13:13 ERROR user login ok
2026-03-04 00:13:14 INFO user login ok
2026-03-04 00:13:15 INFO slow query detected
2026-03-04 00:13:18 INFO connection reset by peer
2026-03-04 00:13:19 WARN disk usage high
2026-03-04 00:13:22 INFO background job finished
2026-03-04 00:13:23 INFO database timeout
2026-03-04 00:13:27 INFO request handled
2026-03-04 00:13:30 INFO cache hit
2026-03-04 00:13:34 ERROR cache miss
2026-03-04 00:13:38 INFO config reloaded
2026-03-04 00:13:42 WARN user login ok
2026-03-04 00:13:43 INFO disk usage high
2026-03-04 00:13:46 INFO connection reset by peer
2026-03-04 00:13:50 INFO background job finished
2026-03-04 00:13:52 INFO user login ok
2026-03-04 00:13:55 WARN database timeout
2026-03-04 00:13:56 INFO user login ok
2026-03-04 00:13:58 INFO user login ok
2026-03-04 00:14:00 INFO request handled
2026-03-04 00:14:04 INFO cache hit
2026-03-04 00:14:08 ERROR user login ok
2026-03-04 00:14:09 INFO slow query detected
2026-03-04 00:14:13 INFO config reloaded
2026-03-04 00:14:14 WARN cache hit
2026-03-04 00:14:17 INFO cache hit
2026-03-04 00:14:20 WARN cache hit
2026-03-04 00:14:23 INFO user login ok
2026-03-04 00:14:25 WARN cache hit
2026-03-04 00:14:26 INFO connection reset by peer
2026-03-04 00:14:29 INFO user login ok
2026-03-04 00:14:33 INFO user logout
2026-03-04 00:14:34 INFO config reloaded
2026-03-04 00:14:37 INFO cache hit
2026-03-04 00:14:41 INFO invalid token
2026-03-04 00:14:43 INFO user login ok
2026-03-04 00:14:46 INFO user login ok
2026-03-04 00:14:47 INFO request handled
2026-03-04 00:14:48 INFO user login ok
2026-03-04 00:14:51 INFO cache miss
2026-03-04 00:14:55 INFO invalid token
2026-03-04 00:14:59 WARN database timeout
2026-03-04 00:15:00 ERROR user login ok
2026-03-04 00:15:03 INFO user login ok
2026-03-04 00:15:06 INFO database timeout
2026-03-04 00:15:08 INFO user login ok
2026-03-04 00:15:11 INFO cache miss
2026-03-04 00:15:14 INFO user logout
2026-03-04 00:15:18 WARN user logout
2026-03-04 00:15:19 INFO user login ok
2026-03-04 00:15:20 WARN cache miss
2026-03-04 00:15:23 ERROR user login ok
2026-03-04 00:15:25 INFO invalid token
2026-03-04 00:15:28 WARN user logout
2026-03-04 00:15:30 INFO user logout
2026-03-04 00:15:31 INFO user login ok
2026-03-04 00:15:34 INFO cache miss
2026-03-04 00:15:38 ERROR database timeout
2026-03-04 00:15:39 INFO cache hit
2026-03-04 00:15:41 INFO cache hit
2026-03-04 00:15:42 INFO connection reset by peer
2026-03-04 00:15:45 INFO invalid token
2026-03-04 00:15:48 ERROR request handled
2026-03-04 00:15:49 WARN cache miss
2026-03-04 00:15:51 WARN cache hit
2026-03-04 00:15:52 INFO cache miss
2026-03-04 00:15:55 INFO user login ok
2026-03-04 00:15:56 INFO user logout
2026-03-04 00:15:59 INFO connection reset by peer
2026-03-04 00:16:02 INFO user login ok
2026-03-04 00:16:03 WARN invalid token
2026-03-04 00:16:07 WARN disk usage high
2026-03-04 00:16:10 INFO user login ok
2026-03-04 00:16:14 INFO cache hit
2026-03-04 00:16:15 INFO cache hit
2026-03-04 00:16:17 INFO invalid token
2026-03-04 00:16:21 INFO database timeout
2026-03-04 00:16:23 INFO invalid token
2026-03-04 00:16:24 INFO cache hit
2026-03-04 00:16:25 INFO cache hit
2026-03-04 00:16:29 INFO config reloaded
2026-03-04 00:16:33 ERROR config reloaded
2026-03-04 00:16:36 WARN slow query detected
2026-03-04 00:16:37 INFO cache miss
2026-03-04 00:16:39 INFO user login ok
2026-03-04 00:16:42 INFO connection reset by peer
2026-03-04 00:16:44 INFO config reloaded
2026-03-04 00:16:48 INFO user login ok
2026-03-04 00:16:51 WARN user login ok
2026-03-04 00:16:54 WARN cache hit
2026-03-04 00:16:58 INFO user login ok
2026-03-04 00:17:01 INFO invalid token
2026-03-04 00:17:03 INFO background job finished
2026-03-04 00:17:07 WARN config reloaded
2026-03-04 00:17:08 WARN background job finished
2026-03-04 00:17:12 INFO invalid token
2026-03-04 00:17:16 INFO database timeout
2026-03-04 00:17:20 WARN user login ok
2026-03-04 00:17:23 INFO cache miss
2026-03-04 00:17:26 INFO user login ok
### повреждённая строка ###
2026-03-04 00:17:32 INFO slow query detected
2026-03-04 00:17:35 INFO cache miss
2026-03-04 00:17:39 INFO user login ok
2026-03-04 00:17:42 INFO user login ok
2026-03-04 00:17:43 INFO connection reset by peer
2026-03-04 00:17:47 WARN connection reset by peer
2026-03-04 00:17:51 INFO user login ok
### повреждённая строка ###
2026-03-04 00:17:55 WARN request handled
2026-03-04 00:17:56 WARN cache hit
2026-03-04 00:17:59 INFO config reloaded
2026-03-04 00:18:02 INFO cache hit
2026-03-04 00:18:06 INFO disk usage high
2026-03-04 00:18:09 INFO invalid token
2026-03-04 00:18:10 INFO user login ok
2026-03-04 00:18:13 INFO user login ok
2026-03-04 00:18:14 INFO user login ok
2026-03-04 00:18:18 INFO slow query detected
2026-03-04 00:18:19 INFO request handled
2026-03-04 00:18:21 INFO user login ok
2026-03-04 00:18:23 INFO connection reset by peer
2026-03-04 00:18:24 INFO slow query detected
2026-03-04 00:18:25 INFO request handled
2026-03-04 00:18:28 INFO request handled
2026-03-04 00:18:30 WARN user login ok
2026-03-04 00:18:32 WARN cache hit
2026-03-04 00:18:36 INFO request handled
2026-03-04 00:18:40 ERROR request handled
### повреждённая строка ###
2026-03-04 00:18:46 INFO request handled
2026-03-04 00:18:50 INFO database timeout
2026-03-04 00:18:51 INFO cache hit
2026-03-04 00:18:52 INFO user login ok
2026-03-04 00:18:56 INFO user login ok
2026-03-04 00:19:00 INFO user logout
2026-03-04 00:19:03 INFO request handled
2026-03-04 00:19:05 INFO request handled
2026-03-04 00:19:08 INFO cache hit
2026-03-04 00:19:12 INFO disk usage high
2026-03-04 00:19:13 INFO user logout
2026-03-04 00:19:16 INFO user logout
2026-03-04 00:19:20 WARN slow query detected
2026-03-04 00:19:24 INFO slow query detected
2026-03-04 00:19:26 INFO cache hit
2026-03-04 00:19:27 INFO user logout
2026-03-04 00:19:28 INFO user login ok
2026-03-04 00:19:32 INFO connection reset by peer
2026-03-04 00:19:36 INFO user login ok
2026-03-04 00:19:39 INFO cache miss
2026-03-04 00:19:41 INFO cache hit
2026-03-04 00:19:43 INFO config reloaded
2026-03-04 00:19:47 INFO user login ok
2026-03-04 00:19:50 WARN connection reset by peer
2026-03-04 00:19:53 INFO config reloaded
2026-03-04 00:19:56 ERROR connection reset by peer
2026-03-04 00:19:58 INFO disk usage high
2026-03-04 00:20:01 WARN user logout
2026-03-04 00:20:04 WARN user login ok
2026-03-04 00:20:06 INFO connection reset by peer
2026-03-04 00:20:07 WARN request handled
2026-03-04 00:20:10 INFO connection reset by peer
2026-03-04 00:20:11 INFO user login ok
2026-03-04 00:20:13 WARN cache miss
2026-03-04 00:20:16 INFO config reloaded
2026-03-04 00:20:20 INFO user logout
2026-03-04 00:20:23 INFO request handled
2026-03-04 00:20:24 INFO config reloaded
2026-03-04 00:20:25 INFO cache hit
2026-03-04 00:20:28 INFO request handled
2026-03-04 00:20:31 WARN slow query detected
2026-03-04 00:20:35 INFO user login ok
2026-03-04 00:20:39 INFO background job finished
2026-03-04 00:20:43 INFO user login ok
2026-03-04 00:20:45 WARN cache miss
2026-03-04 00:20:47 INFO config reloaded
2026-03-04 00:20:50 INFO disk usage high
2026-03-04 00:20:53 INFO user login ok
2026-03-04 00:20:55 WARN cache hit
2026-03-04 00:20:57 INFO cache hit
2026-03-04 00:21:00 INFO user login ok
2026-03-04 00:21:01 INFO request handled
2026-03-04 00:21:03 INFO request handled
2026-03-04 00:21:04 WARN background job finished
2026-03-04 00:21:08 INFO user login ok
2026-03-04 00:21:09 INFO cache miss
2026-03-04 00:21:11 INFO cache hit
2026-03-04 00:21:13 ERROR slow query detected
2026-03-04 00:21:14 INFO user login ok
2026-03-04 00:21:18 INFO user logout
2026-03-04 00:21:22 WARN user login ok
2026-03-04 00:21:25 INFO slow query detected
2026-03-04 00:21:27 INFO user login ok
2026-03-04 00:21:29 INFO user login ok
2026-03-04 00:21:30 INFO user login ok
2026-03-04 00:21:34 INFO background job finished
2026-03-04 00:21:38 INFO connection reset by peer
2026-03-04 00:21:40 INFO user login ok
2026-03-04 00:21:41 WARN invalid token
2026-03-04 00:21:42 INFO user login ok
2026-03-04 00:21:46 INFO user login ok
2026-03-04 00:21:48 INFO user logout
2026-03-04 00:21:49 INFO user login ok
2026-03-04 00:21:53 INFO user login ok
2026-03-04 00:21:55 INFO user logout
2026-03-04 00:21:56 INFO user logout
2026-03-04 00:21:59 WARN invalid token
2026-03-04 00:22:03 INFO request handled
2026-03-04 00:22:05 INFO connection reset by peer
2026-03-04 00:22:06 INFO user login ok
2026-03-04 00:22:07 INFO disk usage high
2026-03-04 00:22:11 INFO background job finished
2026-03-04 00:22:14 INFO user logout
2026-03-04 00:22:18 WARN request handled
2026-03-04 00:22:21 INFO user login ok
2026-03-04 00:22:24 INFO config reloaded
2026-03-04 00:22:28 INFO user login ok
### повреждённая строка ###
2026-03-04 00:22:34 WARN request handled
2026-03-04 00:22:36 INFO user login ok
2026-03-04 00:22:37 INFO config reloaded
2026-03-04 00:22:39 INFO user logout
2026-03-04 00:22:41 ERROR user logout
2026-03-04 00:22:44 WARN invalid token
2026-03-04 00:22:45 INFO config reloaded
2026-03-04 00:22:48 INFO background job finished
2026-03-04 00:22:50 INFO slow query detected
2026-03-04 00:22:54 ERROR cache miss
2026-03-04 00:22:58 INFO slow query detected
2026-03-04 00:23:02 INFO slow query detected
2026-03-04 00:23:05 WARN user login ok
2026-03-04 00:23:08 INFO cache hit
2026-03-04 00:23:12 INFO cache hit
2026-03-04 00:23:16 INFO cache hit
2026-03-04 00:23:20 INFO slow query detected
2026-03-04 00:23:22 INFO user login ok
2026-03-04 00:23:23 INFO user login ok
2026-03-04 00:23:27 INFO cache miss
2026-03-04 00:23:31 INFO user login ok
2026-03-04 00:23:33 INFO user login ok
2026-03-04 00:23:34 INFO user login ok
2026-03-04 00:23:37 INFO user logout
2026-03-04 00:23:41 INFO user login ok
2026-03-04 00:23:43 INFO user login ok
2026-03-04 00:23:47 WARN disk usage high
2026-03-04 00:23:48 INFO user login ok
2026-03-04 00:23:51 INFO request handled
2026-03-04 00:23:52 INFO user login ok
2026-03-04 00:23:53 INFO connection reset by peer
2026-03-04 00:23:55 INFO cache hit
2026-03-04 00:23:56 ERROR disk usage high
2026-03-04 00:23:59 INFO user login ok
2026-03-04 00:24:02 INFO connection reset by peer
2026-03-04 00:24:06 INFO user login ok
2026-03-04 00:24:09 INFO config reloaded
2026-03-04 00:24:10 INFO cache miss
2026-03-04 00:24:13 INFO user login ok
2026-03-04 00:24:16 INFO cache hit
2026-03-04 00:24:20 INFO cache hit
2026-03-04 00:24:23 INFO user login ok
2026-03-04 00:24:24 INFO user logout
2026-03-04 00:24:26 ERROR cache miss
2026-03-04 00:24:29 INFO request handled
2026-03-04 00:24:32 INFO cache hit
2026-03-04 00:24:33 INFO config reloaded
2026-03-04 00:24:35 INFO user logout
2026-03-04 00:24:37 INFO invalid token
2026-03-04 00:24:41 INFO user logout
2026-03-04 00:24:44 INFO invalid token
2026-03-04 00:24:46 INFO database timeout
2026-03-04 00:24:49 INFO connection reset by peer
2026-03-04 00:24:51 INFO cache hit
2026-03-04 00:24:52 INFO connection reset by peer
2026-03-04 00:24:56 INFO slow query detected
2026-03-04 00:24:58 INFO user login ok
2026-03-04 00:25:00 WARN user login ok
2026-03-04 00:25:01 INFO slow query detected
2026-03-04 00:25:03 INFO slow query detected
2026-03-04 00:25:05 INFO user logout
2026-03-04 00:25:09 INFO cache hit
2026-03-04 00:25:13 INFO config reloaded
2026-03-04 00:25:17 WARN slow query detected
2026-03-04 00:25:21 INFO user login ok
2026-03-04 00:25:25 INFO cache miss
2026-03-04 00:25:26 INFO user login ok
2026-03-04 00:25:27 INFO user login ok
2026-03-04 00:25:29 INFO request handled
2026-03-04 00:25:33 INFO user logout
2026-03-04 00:25:35 WARN user login ok
2026-03-04 00:25:38 WARN disk usage high
2026-03-04 00:25:42 WARN user login ok
2026-03-04 00:25:45 INFO user login ok
2026-03-04 00:25:46 INFO user logout
2026-03-04 00:25:49 INFO config reloaded
2026-03-04 00:25:53 INFO cache hit
2026-03-04 00:25:57 INFO cache hit
2026-03-04 00:26:00 WARN background job finished
2026-03-04 00:26:04 INFO background job finished
2026-03-04 00:26:06 INFO background job finished
2026-03-04 00:26:10 INFO disk usage high
2026-03-04 00:26:14 INFO connection reset by peer
2026-03-04 00:26:15 INFO user logout
2026-03-04 00:26:17 INFO user login ok
2026-03-04 00:26:21 INFO request handled
2026-03-04 00:26:23 INFO user logout
2026-03-04 00:26:24 WARN user login ok
2026-03-04 00:26:25 INFO disk usage high
2026-03-04 00:26:29 INFO user login ok
2026-03-04 00:26:30 INFO user logout
2026-03-04 00:26:32 INFO user logout
2026-03-04 00:26:35 INFO user logout
2026-03-04 00:26:36 INFO slow query detected
2026-03-04 00:26:38 INFO disk usage high
2026-03-04 00:26:39 WARN background job finished
2026-03-04 00:26:42 INFO cache hit
2026-03-04 00:26:46 INFO slow query detected
2026-03-04 00:26:48 INFO user logout
2026-03-04 00:26:49 WARN background job finished
2026-03-04 00:26:51 INFO invalid token
2026-03-04 00:26:55 INFO request handled
2026-03-04 00:26:59 ERROR cache miss
2026-03-04 00:27:01 INFO cache miss
2026-03-04 00:27:04 WARN background job finished
2026-03-04 00:27:08 INFO database timeout
2026-03-04 00:27:11 ERROR config reloaded
2026-03-04 00:27:12 INFO user login ok
2026-03-04 00:27:15 INFO user logout
2026-03-04 00:27:19 INFO user login ok
2026-03-04 00:27:22 INFO request handled
2026-03-04 00:27:25 INFO cache hit
2026-03-04 00:27:26 INFO user login ok
2026-03-04 00:27:30 WARN disk usage high
2026-03-04 00:27:32 INFO user login ok
2026-03-04 00:27:36 INFO user login ok
2026-03-04 00:27:39 INFO request handled
2026-03-04 00:27:41 INFO cache hit
2026-03-04 00:27:44 WARN config reloaded
2026-03-04 00:27:45 INFO request handled
2026-03-04 00:27:48 INFO config reloaded
2026-03-04 00:27:51 INFO user logout
2026-03-04 00:27:53 INFO user login ok
2026-03-04 00:27:56 INFO cache miss
2026-03-04 00:27:58 INFO user logout
2026-03-04 00:28:00 INFO request handled
2026-03-04 00:28:01 WARN user login ok
2026-03-04 00:28:05 INFO disk usage high
2026-03-04 00:28:07 INFO user login ok
2026-03-04 00:28:10 INFO user login ok
2026-03-04 00:28:14 INFO cache hit
2026-03-04 00:28:15 WARN invalid token
2026-03-04 00:28:18 INFO disk usage high
2026-03-04 00:28:19 INFO cache miss
2026-03-04 00:28:21 INFO user logout
2026-03-04 00:28:24 ERROR invalid token
2026-03-04 00:28:26 INFO background job finished
2026-03-04 00:28:29 INFO user login ok
2026-03-04 00:28:33 INFO user logout
2026-03-04 00:28:35 INFO disk usage high
### повреждённая строка ###
2026-03-04 00:28:42 INFO slow query detected
2026-03-04 00:28:44 INFO cache miss
2026-03-04 00:28:46 INFO cache hit
2026-03-04 00:28:50 INFO user login ok
2026-03-04 00:28:52 INFO user logout
2026-03-04 00:28:56 INFO user login ok
2026-03-04 00:28:59 WARN user logout
2026-03-04 00:29:03 WARN connection reset by peer
2026-03-04 00:29:04 INFO cache miss
2026-03-04 00:29:07 WARN user login ok
2026-03-04 00:29:08 INFO invalid token
2026-03-04 00:29:09 INFO request handled
2026-03-04 00:29:11 INFO slow query detected
2026-03-04 00:29:12 INFO slow query detected
2026-03-04 00:29:15 WARN disk usage high
2026-03-04 00:29:16 INFO cache hit
2026-03-04 00:29:19 INFO user login ok
2026-03-04 00:29:22 INFO database timeout
2026-03-04 00:29:25 INFO cache hit
2026-03-04 00:29:28 INFO slow query detected
2026-03-04 00:29:30 INFO user logout
2026-03-04 00:29:31 INFO database timeout
2026-03-04 00:29:32 INFO cache hit
2026-03-04 00:29:35 INFO cache hit
2026-03-04 00:29:36 INFO cache miss
2026-03-04 00:29:39 INFO user login ok
2026-03-04 00:29:42 INFO slow query detected
2026-03-04 00:29:46 INFO config reloaded
2026-03-04 00:29:47 INFO disk usage high
2026-03-04 00:29:49 INFO user logout
2026-03-04 00:29:53 INFO database timeout
2026-03-04 00:29:54 INFO invalid token
2026-03-04 00:29:55 INFO disk usage high
2026-03-04 00:29:56 INFO user login ok
2026-03-04 00:29:57 INFO config reloaded
2026-03-04 00:29:58 INFO user login ok
2026-03-04 00:30:00 INFO user login ok
2026-03-04 00:30:04 ERROR user logout
2026-03-04 00:30:06 INFO connection reset by peer
2026-03-04 00:30:08 INFO cache miss
2026-03-04 00:30:11 INFO user logout
2026-03-04 00:30:14 INFO user login ok
2026-03-04 00:30:17 INFO connection reset by peer
2026-03-04 00:30:21 WARN user logout
2026-03-04 00:30:24 INFO user logout
2026-03-04 00:30:27 WARN request handled
2026-03-04 00:30:28 INFO user login ok
2026-03-04 00:30:30 WARN connection reset by peer
2026-03-04 00:30:33 INFO user logout
2026-03-04 00:30:37 INFO cache hit
2026-03-04 00:30:38 INFO user login ok
2026-03-04 00:30:39 INFO user login ok
2026-03-04 00:30:41 INFO user login ok
2026-03-04 00:30:43 INFO request handled
2026-03-04 00:30:47 INFO user login ok
2026-03-04 00:30:50 INFO cache miss
2026-03-04 00:30:54 INFO user login ok
2026-03-04 00:30:55 ERROR user login ok
2026-03-04 00:30:56 INFO cache miss
2026-03-04 00:31:00 ERROR cache miss
2026-03-04 00:31:04 WARN slow query detected
2026-03-04 00:31:07 INFO user login ok
2026-03-04 00:31:09 INFO cache miss
2026-03-04 00:31:11 INFO cache hit
2026-03-04 00:31:13 INFO user login ok
2026-03-04 00:31:15 INFO invalid token
2026-03-04 00:31:19 INFO disk usage high
2026-03-04 00:31:22 INFO cache hit
2026-03-04 00:31:25 INFO connection reset by peer
2026-03-04 00:31:29 INFO user login ok
2026-03-04 00:31:30 INFO user logout
2026-03-04 00:31:31 WARN background job finished
2026-03-04 00:31:32 INFO user login ok
2026-03-04 00:31:33 INFO config reloaded
2026-03-04 00:31:36 INFO connection reset by peer
2026-03-04 00:31:38 WARN background job finished
2026-03-04 00:31:40 WARN disk usage high
2026-03-04 00:31:41 INFO user login ok
2026-03-04 00:31:43 INFO user logout
2026-03-04 00:31:47 INFO invalid token
2026-03-04 00:31:49 WARN config reloaded
2026-03-04 00:31:53 INFO cache hit
2026-03-04 00:31:55 WARN user login ok
2026-03-04 00:31:57 INFO slow query detected
2026-03-04 00:32:01 INFO user logout
2026-03-04 00:32:05 INFO cache hit
2026-03-04 00:32:08 INFO config reloaded
2026-03-04 00:32:09 INFO config reloaded
2026-03-04 00:32:10 INFO user logout
### повреждённая строка ###
2026-03-04 00:32:13 INFO user login ok
2026-03-04 00:32:16 INFO user login ok
2026-03-04 00:32:18 INFO user logout
2026-03-04 00:32:22 INFO config reloaded
2026-03-04 00:32:25 INFO user login ok
2026-03-04 00:32:29 INFO user logout
2026-03-04 00:32:30 INFO user login ok
2026-03-04 00:32:32 INFO user login ok
2026-03-04 00:32:35 INFO user login ok
2026-03-04 00:32:39 INFO connection reset by peer
2026-03-04 00:32:41 INFO user logout
2026-03-04 00:32:45 INFO cache miss
2026-03-04 00:32:49 INFO user login ok
2026-03-04 00:32:53 INFO connection reset by peer
2026-03-04 00:32:57 INFO cache hit
2026-03-04 00:33:01 INFO user login ok
2026-03-04 00:33:05 WARN cache miss
2026-03-04 00:33:09 INFO background job finished
2026-03-04 00:33:10 INFO user login ok
2026-03-04 00:33:12 INFO user login ok
2026-03-04 00:33:15 INFO config reloaded
2026-03-04 00:33:19 WARN user login ok
2026-03-04 00:33:20 INFO config reloaded
2026-03-04 00:33:23 WARN cache hit
2026-03-04 00:33:24 INFO user login ok
### повреждённая строка ###
2026-03-04 00:33:29 INFO user logout
2026-03-04 00:33:33 INFO user login ok
2026-03-04 00:33:36 INFO user logout
2026-03-04 00:33:40 WARN user login ok
2026-03-04 00:33:43 INFO connection reset by peer
2026-03-04 00:33:45 ERROR user login ok
2026-03-04 00:33:47 INFO config reloaded
2026-03-04 00:33:48 ERROR cache hit
2026-03-04 00:33:52 INFO cache hit
2026-03-04 00:33:54 INFO cache miss
2026-03-04 00:33:58 INFO request handled
2026-03-04 00:34:00 WARN user login ok
2026-03-04 00:34:02 INFO disk usage high
2026-03-04 00:34:03 INFO user login ok
2026-03-04 00:34:04 INFO background job finished
2026-03-04 00:34:05 INFO disk usage high
2026-03-04 00:34:07 ERROR user login ok
2026-03-04 00:34:10 WARN slow query detected
2026-03-04 00:34:12 INFO cache hit
2026-03-04 00:34:13 INFO cache miss
2026-03-04 00:34:15 WARN connection reset by peer
2026-03-04 00:34:16 INFO request handled
2026-03-04 00:34:20 INFO disk usage high
2026-03-04 00:34:21 ERROR config reloaded
2026-03-04 00:34:22 INFO slow query detected
2026-03-04 00:34:26 INFO user login ok
2026-03-04 00:34:30 INFO slow query detected
2026-03-04 00:34:34 INFO user logout
2026-03-04 00:34:38 INFO request handled
2026-03-04 00:34:40 ERROR connection reset by peer
2026-03-04 00:34:42 WARN connection reset by peer
2026-03-04 00:34:43 INFO database timeout
2026-03-04 00:34:44 INFO invalid token
2026-03-04 00:34:48 INFO cache hit
2026-03-04 00:34:51 INFO user logout
2026-03-04 00:34:54 WARN request handled
2026-03-04 00:34:56 INFO cache miss
2026-03-04 00:35:00 INFO cache miss
2026-03-04 00:35:01 WARN user logout
2026-03-04 00:35:02 WARN cache hit
2026-03-04 00:35:04 INFO cache miss
2026-03-04 00:35:08 INFO slow query detected
2026-03-04 00:35:11 INFO request handled
2026-03-04 00:35:15 ERROR user logout
2026-03-04 00:35:17 INFO invalid token
2026-03-04 00:35:19 INFO user logout
2026-03-04 00:35:23 INFO user login ok
2026-03-04 00:35:25 INFO invalid token
2026-03-04 00:35:29 INFO request handled
2026-03-04 00:35:31 WARN invalid token
2026-03-04 00:35:35 INFO cache miss
2026-03-04 00:35:37 INFO user login ok
2026-03-04 00:35:40 WARN user logout
2026-03-04 00:35:42 INFO slow query detected
2026-03-04 00:35:43 INFO cache hit
2026-03-04 00:35:47 INFO cache hit
2026-03-04 00:35:49 INFO cache miss
2026-03-04 00:35:50 INFO connection reset by peer
2026-03-04 00:35:53 INFO config reloaded
2026-03-04 00:35:54 INFO user login ok
2026-03-04 00:35:55 INFO slow query detected
2026-03-04 00:35:57 INFO user logout
2026-03-04 00:36:01 INFO user login ok
2026-03-04 00:36:02 WARN slow query detected
2026-03-04 00:36:03 INFO user login ok
2026-03-04 00:36:07 INFO disk usage high
2026-03-04 00:36:11 INFO cache miss
2026-03-04 00:36:14 INFO slow query detected
2026-03-04 00:36:15 INFO user logout
2026-03-04 00:36:17 INFO user logout
2026-03-04 00:36:21 WARN database timeout
2026-03-04 00:36:23 INFO database timeout
2026-03-04 00:36:27 INFO invalid token
2026-03-04 00:36:28 INFO request handled
2026-03-04 00:36:31 WARN connection reset by peer
2026-03-04 00:36:32 WARN user login ok
2026-03-04 00:36:34 INFO slow query detected
2026-03-04 00:36:36 INFO user login ok
2026-03-04 00:36:38 INFO user login ok
2026-03-04 00:36:42 INFO user login ok
2026-03-04 00:36:44 WARN cache miss
2026-03-04 00:36:47 INFO request handled
2026-03-04 00:36:50 INFO cache hit
2026-03-04 00:36:53 INFO slow query detected
2026-03-04 00:36:56 INFO request handled
2026-03-04 00:37:00 WARN connection reset by peer
2026-03-04 00:37:04 INFO cache hit
2026-03-04 00:37:06 INFO slow query detected
2026-03-04 00:37:07 INFO config reloaded
2026-03-04 00:37:11 INFO user logout
2026-03-04 00:37:13 INFO user logout
2026-03-04 00:37:16 INFO request handled
2026-03-04 00:37:18 INFO user logout
2026-03-04 00:37:21 INFO cache miss
2026-03-04 00:37:23 INFO user login ok
2026-03-04 00:37:25 INFO connection reset by peer
2026-03-04 00:37:29 INFO request handled
2026-03-04 00:37:30 INFO cache hit
2026-03-04 00:37:31 ERROR user login ok
2026-03-04 00:37:33 INFO user login ok
2026-03-04 00:37:36 INFO user logout
2026-03-04 00:37:37 INFO user logout
2026-03-04 00:37:38 INFO user login ok
### повреждённая строка ###
2026-03-04 00:37:42 INFO slow query detected
2026-03-04 00:37:46 INFO cache miss
2026-03-04 00:37:48 INFO background job finished
2026-03-04 00:37:52 INFO cache hit
2026-03-04 00:37:53 INFO database timeout
2026-03-04 00:37:57 INFO slow query detected
2026-03-04 00:38:00 WARN cache hit
2026-03-04 00:38:02 INFO cache hit
2026-03-04 00:38:04 INFO request handled
2026-03-04 00:38:06 INFO user login ok
2026-03-04 00:38:09 INFO cache hit
2026-03-04 00:38:13 INFO connection reset by peer
2026-03-04 00:38:17 INFO user login ok
2026-03-04 00:38:18 INFO background job finished
2026-03-04 00:38:20 INFO database timeout
2026-03-04 00:38:23 INFO user login ok
2026-03-04 00:38:25 INFO disk usage high
2026-03-04 00:38:27 WARN request handled
2026-03-04 00:38:28 INFO cache miss
2026-03-04 00:38:31 INFO request handled
2026-03-04 00:38:33 INFO user logout
2026-03-04 00:38:36 INFO user logout
2026-03-04 00:38:40 INFO cache hit
2026-03-04 00:38:41 INFO user login ok
2026-03-04 00:38:44 INFO cache hit
2026-03-04 00:38:48 INFO user login ok
2026-03-04 00:38:51 INFO invalid token
2026-03-04 00:38:53 INFO user login ok
2026-03-04 00:38:56 INFO user login ok
2026-03-04 00:39:00 INFO user login ok
2026-03-04 00:39:01 INFO disk usage high
2026-03-04 00:39:04 INFO user logout
2026-03-04 00:39:07 ERROR request handled
2026-03-04 00:39:11 INFO cache miss
2026-03-04 00:39:12 WARN user login ok
2026-03-04 00:39:16 INFO cache hit
2026-03-04 00:39:20 WARN connection reset by peer
2026-03-04 00:39:24 INFO cache hit
2026-03-04 00:39:28 INFO request handled
2026-03-04 00:39:30 INFO request handled
2026-03-04 00:39:31 INFO slow query detected
2026-03-04 00:39:35 INFO cache miss
2026-03-04 00:39:38 INFO cache hit
2026-03-04 00:39:42 WARN cache miss
2026-03-04 00:39:45 INFO user login ok
2026-03-04 00:39:47 WARN user login ok
2026-03-04 00:39:48 INFO cache miss
2026-03-04 00:39:51 INFO user login ok
2026-03-04 00:39:53 INFO connection reset by peer
2026-03-04 00:39:57 INFO user logout
2026-03-04 00:40:01 INFO database timeout
2026-03-04 00:40:03 ERROR slow query detected
2026-03-04 00:40:06 INFO request handled
2026-03-04 00:40:09 WARN connection reset by peer
2026-03-04 00:40:12 ERROR user logout
2026-03-04 00:40:14 WARN cache miss
2026-03-04 00:40:17 INFO user login ok
### повреждённая строка ###
2026-03-04 00:40:21 INFO request handled
2026-03-04 00:40:25 ERROR user logout
2026-03-04 00:40:27 INFO user logout
2026-03-04 00:40:30 INFO disk usage high
2026-03-04 00:40:34 INFO background job finished
2026-03-04 00:40:37 WARN background job finished
2026-03-04 00:40:39 WARN database timeout
2026-03-04 00:40:41 INFO user login ok
2026-03-04 00:40:42 WARN user logout
2026-03-04 00:40:45 INFO user login ok
2026-03-04 00:40:48 INFO cache miss
2026-03-04 00:40:51 INFO user login ok
2026-03-04 00:40:54 INFO user login ok
2026-03-04 00:40:55 INFO user login ok
2026-03-04 00:40:57 INFO config reloaded
2026-03-04 00:41:01 ERROR disk usage high
2026-03-04 00:41:05 INFO database timeout
2026-03-04 00:41:07 INFO user login ok
2026-03-04 00:41:09 INFO user login ok
2026-03-04 00:41:11 INFO cache hit
2026-03-04 00:41:13 INFO request handled
2026-03-04 00:41:14 INFO user login ok
2026-03-04 00:41:15 WARN user logout
2026-03-04 00:41:17 WARN invalid token
2026-03-04 00:41:21 WARN user login ok
2026-03-04 00:41:23 ERROR user login ok
2026-03-04 00:41:27 ERROR connection reset by peer
2026-03-04 00:41:28 INFO user login ok
2026-03-04 00:41:32 INFO disk usage high
2026-03-04 00:41:33 INFO cache hit
2026-03-04 00:41:36 WARN user login ok
2026-03-04 00:41:38 INFO user login ok
2026-03-04 00:41:39 INFO user login ok
2026-03-04 00:41:40 INFO user login ok
2026-03-04 00:41:41 INFO slow query detected
2026-03-04 00:41:43 INFO user login ok
2026-03-04 00:41:45 WARN cache hit
2026-03-04 00:41:46 WARN database timeout
2026-03-04 00:41:50 INFO disk usage high
2026-03-04 00:41:54 WARN config reloaded
2026-03-04 00:41:55 INFO request handled
2026-03-04 00:41:56 INFO cache miss
### повреждённая строка ###
2026-03-04 00:41:59 INFO user logout
2026-03-04 00:42:01 INFO slow query detected
2026-03-04 00:42:05 INFO database timeout
2026-03-04 00:42:08 INFO background job finished
2026-03-04 00:42:11 INFO user login ok
2026-03-04 00:42:13 WARN slow query detected
2026-03-04 00:42:17 INFO user login ok
2026-03-04 00:42:21 INFO user login ok
2026-03-04 00:42:25 INFO user login ok
2026-03-04 00:42:26 INFO invalid token
2026-03-04 00:42:30 WARN cache miss
2026-03-04 00:42:32 INFO disk usage high
2026-03-04 00:42:34 INFO user login ok
2026-03-04 00:42:35 ERROR user logout
2026-03-04 00:42:37 INFO request handled
2026-03-04 00:42:38 INFO background job finished
2026-03-04 00:42:41 INFO config reloaded
2026-03-04 00:42:44 INFO user login ok
2026-03-04 00:42:48 INFO user login ok
2026-03-04 00:42:52 INFO user login ok
2026-03-04 00:42:53 INFO user logout
2026-03-04 00:42:54 INFO config reloaded
2026-03-04 00:42:56 INFO user login ok
2026-03-04 00:42:59 INFO cache hit
2026-03-04 00:43:03 INFO user logout
2026-03-04 00:43:07 INFO user logout
2026-03-04 00:43:09 INFO connection reset by peer
2026-03-04 00:43:11 INFO request handled
2026-03-04 00:43:14 INFO background job finished
2026-03-04 00:43:16 INFO user login ok
2026-03-04 00:43:17 WARN background job finished
2026-03-04 00:43:18 INFO slow query detected
2026-03-04 00:43:22 INFO cache miss
2026-03-04 00:43:25 INFO user login ok
2026-03-04 00:43:28 INFO user login ok
2026-03-04 00:43:29 INFO user login ok
2026-03-04 00:43:31 ERROR user login ok
2026-03-04 00:43:32 WARN invalid token
2026-03-04 00:43:33 INFO user login ok
2026-03-04 00:43:37 INFO user login ok
2026-03-04 00:43:41 INFO config reloaded
2026-03-04 00:43:43 INFO user login ok
2026-03-04 00:43:47 WARN user login ok
2026-03-04 00:43:48 INFO database timeout
2026-03-04 00:43:51 INFO cache hit
2026-03-04 00:43:54 WARN request handled
2026-03-04 00:43:55 INFO cache miss
2026-03-04 00:43:58 INFO user logout
2026-03-04 00:44:01 WARN connection reset by peer
2026-03-04 00:44:02 INFO slow query detected
2026-03-04 00:44:03 WARN slow query detected
2026-03-04 00:44:07 INFO slow query detected
2026-03-04 00:44:10 INFO user logout
2026-03-04 00:44:13 INFO invalid token
2026-03-04 00:44:15 INFO user login ok
2026-03-04 00:44:19 INFO slow query detected
2026-03-04 00:44:20 INFO user logout
2026-03-04 00:44:21 WARN user logout
2026-03-04 00:44:25 WARN user login ok
2026-03-04 00:44:28 INFO user login ok
2026-03-04 00:44:29 INFO connection reset by peer
2026-03-04 00:44:31 WARN user login ok
2026-03-04 00:44:32 INFO user login ok
2026-03-04 00:44:34 WARN database timeout
2026-03-04 00:44:38 INFO user login ok
2026-03-04 00:44:39 INFO connection reset by peer
2026-03-04 00:44:40 INFO request handled
2026-03-04 00:44:44 ERROR cache hit
2026-03-04 00:44:45 WARN user login ok
2026-03-04 00:44:47 WARN cache miss
2026-03-04 00:44:50 INFO user logout
2026-03-04 00:44:51 INFO user logout
2026-03-04 00:44:55 INFO invalid token
2026-03-04 00:44:59 INFO cache miss
2026-03-04 00:45:01 INFO cache miss
2026-03-04 00:45:03 INFO user login ok
2026-03-04 00:45:04 INFO database timeout
2026-03-04 00:45:05 WARN disk usage high
2026-03-04 00:45:09 INFO user login ok
2026-03-04 00:45:13 INFO config reloaded
2026-03-04 00:45:14 INFO database timeout
2026-03-04 00:45:17 INFO slow query detected
2026-03-04 00:45:21 INFO database timeout
2026-03-04 00:45:25 INFO user login ok
2026-03-04 00:45:26 INFO user login ok
2026-03-04 00:45:30 INFO background job finished
2026-03-04 00:45:32 WARN user logout
2026-03-04 00:45:34 INFO user logout
2026-03-04 00:45:37 INFO user login ok
2026-03-04 00:45:40 INFO user login ok
2026-03-04 00:45:44 INFO user logout
2026-03-04 00:45:48 INFO invalid token
2026-03-04 00:45:51 INFO slow query detected
2026-03-04 00:45:52 INFO cache hit
2026-03-04 00:45:53 INFO slow query detected
2026-03-04 00:45:54 INFO slow query detected
2026-03-04 00:45:57 INFO slow query detected
2026-03-04 00:46:01 INFO request handled
2026-03-04 00:46:03 INFO background job finished
2026-03-04 00:46:05 WARN user logout
2026-03-04 00:46:07 INFO user logout
2026-03-04 00:46:08 INFO request handled
2026-03-04 00:46:11 INFO user login ok
2026-03-04 00:46:15 INFO background job finished
2026-03-04 00:46:18 INFO user logout
2026-03-04 00:46:19 INFO user login ok
2026-03-04 00:46:23 WARN user logout
2026-03-04 00:46:27 WARN disk usage high
2026-03-04 00:46:31 INFO config reloaded
2026-03-04 00:46:32 INFO user login ok
2026-03-04 00:46:33 INFO user logout
2026-03-04 00:46:36 INFO cache miss
2026-03-04 00:46:39 INFO background job finished
2026-03-04 00:46:40 INFO disk usage high
2026-03-04 00:46:44 INFO cache miss
2026-03-04 00:46:46 INFO disk usage high
2026-03-04 00:46:48 INFO request handled
2026-03-04 00:46:50 INFO user login ok
2026-03-04 00:46:54 INFO user logout
2026-03-04 00:46:56 WARN connection reset by peer
2026-03-04 00:46:59 INFO user login ok
2026-03-04 00:47:02 INFO slow query detected
2026-03-04 00:47:04 INFO disk usage high
2026-03-04 00:47:07 INFO cache hit
2026-03-04 00:47:08 INFO cache miss
2026-03-04 00:47:11 INFO cache miss
2026-03-04 00:47:15 INFO user login ok
2026-03-04 00:47:17 ERROR user login ok
2026-03-04 00:47:20 INFO background job finished
2026-03-04 00:47:22 INFO user login ok
2026-03-04 00:47:25 INFO slow query detected
2026-03-04 00:47:29 INFO user login ok
2026-03-04 00:47:31 INFO user login ok
2026-03-04 00:47:34 WARN disk usage high
2026-03-04 00:47:36 INFO database timeout
2026-03-04 00:47:39 WARN user login ok
2026-03-04 00:47:43 INFO disk usage high
2026-03-04 00:47:45 INFO user login ok
2026-03-04 00:47:46 INFO user login ok
2026-03-04 00:47:48 INFO user login ok
2026-03-04 00:47:52 INFO cache miss
2026-03-04 00:47:53 INFO user login ok
2026-03-04 00:47:57 INFO user logout
2026-03-04 00:47:59 INFO connection reset by peer
2026-03-04 00:48:03 INFO database timeout
2026-03-04 00:48:06 INFO user logout
2026-03-04 00:48:09 INFO invalid token
2026-03-04 00:48:10 INFO user login ok
2026-03-04 00:48:14 INFO user login ok
2026-03-04 00:48:15 INFO connection reset by peer
2026-03-04 00:48:18 WARN connection reset by peer
2026-03-04 00:48:22 INFO config reloaded
2026-03-04 00:48:23 INFO connection reset by peer
2026-03-04 00:48:26 INFO cache miss
2026-03-04 00:48:29 INFO request handled
2026-03-04 00:48:33 INFO user login ok
2026-03-04 00:48:34 INFO invalid token
2026-03-04 00:48:36 INFO cache miss
2026-03-04 00:48:37 WARN user logout
2026-03-04 00:48:40 INFO cache hit
2026-03-04 00:48:44 INFO slow query detected
2026-03-04 00:48:47 INFO disk usage high
2026-03-04 00:48:50 INFO user login ok
2026-03-04 00:48:51 WARN connection reset by peer
2026-03-04 00:48:55 INFO user login ok
2026-03-04 00:48:56 INFO invalid token
2026-03-04 00:48:59 INFO cache hit
2026-03-04 00:49:01 INFO request handled
2026-03-04 00:49:04 INFO user login ok
2026-03-04 00:49:08 INFO connection reset by peer
2026-03-04 00:49:09 INFO cache hit
2026-03-04 00:49:10 WARN slow query detected
2026-03-04 00:49:14 INFO user logout
2026-03-04 00:49:17 INFO connection reset by peer
2026-03-04 00:49:21 INFO user logout
2026-03-04 00:49:24 INFO config reloaded
2026-03-04 00:49:27 ERROR disk usage high
2026-03-04 00:49:30 INFO disk usage high
2026-03-04 00:49:31 INFO invalid token
2026-03-04 00:49:33 WARN config reloaded
2026-03-04 00:49:35 INFO user login ok
2026-03-04 00:49:36 INFO database timeout
2026-03-04 00:49:38 INFO user login ok
2026-03-04 00:49:40 INFO cache hit
2026-03-04 00:49:42 INFO invalid token
2026-03-04 00:49:44 WARN cache hit
2026-03-04 00:49:47 WARN user login ok
2026-03-04 00:49:51 INFO request handled
2026-03-04 00:49:53 WARN database timeout
2026-03-04 00:49:57 INFO connection reset by peer
2026-03-04 00:50:01 INFO cache miss
2026-03-04 00:50:04 INFO cache miss
2026-03-04 00:50:06 INFO disk usage high
2026-03-04 00:50:08 ERROR user login ok
2026-03-04 00:50:09 INFO user login ok
2026-03-04 00:50:11 INFO user login ok
2026-03-04 00:50:15 INFO config reloaded
2026-03-04 00:50:17 WARN cache hit
2026-03-04 00:50:19 INFO disk usage high
2026-03-04 00:50:23 ERROR request handled
2026-03-04 00:50:24 INFO cache hit
2026-03-04 00:50:26 INFO disk usage high
2026-03-04 00:50:28 INFO user logout
2026-03-04 00:50:29 WARN user logout
2026-03-04 00:50:31 WARN user login ok
2026-03-04 00:50:32 INFO user login ok
2026-03-04 00:50:36 WARN user login ok
2026-03-04 00:50:38 INFO connection reset by peer
2026-03-04 00:50:42 WARN user login ok
2026-03-04 00:50:46 INFO user login ok
2026-03-04 00:50:47 WARN cache hit
2026-03-04 00:50:49 INFO user login ok
2026-03-04 00:50:51 INFO user login ok
2026-03-04 00:50:54 INFO disk usage high
2026-03-04 00:50:57 INFO config reloaded
2026-03-04 00:51:00 INFO background job finished
2026-03-04 00:51:01 INFO cache miss
2026-03-04 00:51:05 INFO user login ok
2026-03-04 00:51:09 INFO database timeout
2026-03-04 00:51:10 ERROR user logout
2026-03-04 00:51:11 ERROR request handled
2026-03-04 00:51:13 INFO user login ok
2026-03-04 00:51:17 INFO cache miss
2026-03-04 00:51:18 INFO cache hit
2026-03-04 00:51:22 INFO user login ok
2026-03-04 00:51:24 INFO user login ok
2026-03-04 00:51:26 INFO user logout
2026-03-04 00:51:28 INFO user login ok
2026-03-04 00:51:30 WARN cache hit
2026-03-04 00:51:33 INFO user login ok
2026-03-04 00:51:37 INFO background job finished
2026-03-04 00:51:39 INFO slow query detected
2026-03-04 00:51:41 INFO user login ok
2026-03-04 00:51:42 INFO invalid token
2026-03-04 00:51:45 WARN user logout
2026-03-04 00:51:47 INFO user login ok
2026-03-04 00:51:51 INFO disk usage high
2026-03-04 00:51:53 INFO user logout
2026-03-04 00:51:57 INFO user login ok
2026-03-04 00:52:00 ERROR config reloaded
2026-03-04 00:52:04 INFO user login ok
2026-03-04 00:52:08 WARN user login ok
2026-03-04 00:52:10 INFO disk usage high
2026-03-04 00:52:13 WARN user login ok
2026-03-04 00:52:14 ERROR user login ok
2026-03-04 00:52:17 INFO request handled
2026-03-04 00:52:21 INFO config reloaded
2026-03-04 00:52:25 INFO user login ok
2026-03-04 00:52:26 WARN cache hit
2026-03-04 00:52:30 INFO cache miss
2026-03-04 00:52:32 INFO database timeout
2026-03-04 00:52:36 INFO user login ok
2026-03-04 00:52:38 INFO user login ok
2026-03-04 00:52:40 INFO cache hit
2026-03-04 00:52:43 INFO background job finished
2026-03-04 00:52:46 INFO database timeout
2026-03-04 00:52:48 INFO cache miss
2026-03-04 00:52:52 INFO connection reset by peer
2026-03-04 00:52:55 INFO connection reset by peer
2026-03-04 00:52:57 WARN user login ok
2026-03-04 00:53:00 INFO user logout
2026-03-04 00:53:01 INFO user login ok
2026-03-04 00:53:04 WARN user login ok
2026-03-04 00:53:05 INFO request handled
2026-03-04 00:53:07 INFO disk usage high
2026-03-04 00:53:10 INFO user login ok
2026-03-04 00:53:13 INFO cache hit
2026-03-04 00:53:17 INFO database timeout
2026-03-04 00:53:20 WARN background job finished
2026-03-04 00:53:24 INFO background job finished
2026-03-04 00:53:26 INFO user logout
2026-03-04 00:53:27 INFO slow query detected
2026-03-04 00:53:31 WARN user logout
2026-03-04 00:53:34 WARN cache hit
2026-03-04 00:53:38 INFO slow query detected
2026-03-04 00:53:40 INFO user login ok
2026-03-04 00:53:41 INFO connection reset by peer
2026-03-04 00:53:43 INFO request handled
2026-03-04 00:53:47 INFO slow query detected
2026-03-04 00:53:51 INFO request handled
2026-03-04 00:53:55 WARN cache miss
2026-03-04 00:53:58 INFO cache miss
2026-03-04 00:54:00 INFO disk usage high
2026-03-04 00:54:03 WARN request handled
2026-03-04 00:54:07 INFO user login ok
2026-03-04 00:54:11 INFO user login ok
2026-03-04 00:54:13 WARN request handled
2026-03-04 00:54:17 INFO user login ok
2026-03-04 00:54:18 INFO user login ok
2026-03-04 00:54:19 INFO user login ok
2026-03-04 00:54:22 INFO user login ok
2026-03-04 00:54:23 INFO config reloaded
2026-03-04 00:54:25 INFO cache hit
2026-03-04 00:54:28 INFO cache hit
2026-03-04 00:54:30 INFO cache miss
2026-03-04 00:54:34 INFO user login ok
2026-03-04 00:54:36 INFO user login ok
2026-03-04 00:54:39 INFO invalid token
2026-03-04 00:54:41 INFO user login ok
2026-03-04 00:54:45 WARN slow query detected
2026-03-04 00:54:47 INFO user logout
2026-03-04 00:54:51 WARN disk usage high
2026-03-04 00:54:55 INFO invalid token
2026-03-04 00:54:58 INFO cache miss
2026-03-04 00:54:59 INFO user login ok
2026-03-04 00:55:01 INFO config reloaded
2026-03-04 00:55:05 INFO request handled
2026-03-04 00:55:09 INFO user logout
2026-03-04 00:55:11 INFO database timeout
2026-03-04 00:55:15 INFO user login ok
2026-03-04 00:55:17 INFO user login ok
2026-03-04 00:55:19 ERROR user login ok
2026-03-04 00:55:23 INFO user logout
2026-03-04 00:55:26 INFO slow query detected
2026-03-04 00:55:30 INFO connection reset by peer
2026-03-04 00:55:31 INFO user logout
2026-03-04 00:55:34 INFO user login ok
2026-03-04 00:55:37 INFO request handled
2026-03-04 00:55:41 INFO user logout
2026-03-04 00:55:43 INFO background job finished
2026-03-04 00:55:47 ERROR request handled
2026-03-04 00:55:49 INFO connection reset by peer
2026-03-04 00:55:50 INFO disk usage high
2026-03-04 00:55:51 INFO disk usage high
2026-03-04 00:55:52 INFO cache hit
2026-03-04 00:55:55 INFO cache miss
2026-03-04 00:55:59 ERROR disk usage high
2026-03-04 00:56:02 INFO user logout
2026-03-04 00:56:06 INFO user logout
2026-03-04 00:56:08 INFO config reloaded
2026-03-04 00:56:10 INFO user logout
2026-03-04 00:56:13 WARN user login ok
2026-03-04 00:56:17 INFO invalid token
2026-03-04 00:56:19 INFO database timeout
2026-03-04 00:56:20 INFO user login ok
2026-03-04 00:56:23 INFO cache hit
2026-03-04 00:56:24 INFO disk usage high
2026-03-04 00:56:26 INFO background job finished
2026-03-04 00:56:30 INFO connection reset by peer
2026-03-04 00:56:32 INFO disk usage high
2026-03-04 00:56:35 INFO request handled
2026-03-04 00:56:39 WARN cache miss
2026-03-04 00:56:42 INFO disk usage high
2026-03-04 00:56:45 INFO slow query detected
2026-03-04 00:56:46 INFO request handled
2026-03-04 00:56:49 WARN user login ok
2026-03-04 00:56:51 INFO user login ok
2026-03-04 00:56:53 INFO user logout
2026-03-04 00:56:57 INFO user logout
2026-03-04 00:56:58 WARN user logout
2026-03-04 00:57:00 INFO cache hit
2026-03-04 00:57:01 INFO user login ok
2026-03-04 00:57:03 INFO user login ok
2026-03-04 00:57:06 INFO background job finished
2026-03-04 00:57:07 INFO connection reset by peer
2026-03-04 00:57:09 WARN disk usage high
2026-03-04 00:57:10 INFO invalid token
2026-03-04 00:57:14 INFO user login ok
2026-03-04 00:57:15 WARN user login ok
2026-03-04 00:57:17 INFO request handled
2026-03-04 00:57:18 INFO user login ok
2026-03-04 00:57:21 INFO user logout
2026-03-04 00:57:22 INFO connection reset by peer
2026-03-04 00:57:26 INFO user logout
2026-03-04 00:57:29 INFO cache hit
2026-03-04 00:57:32 INFO user logout
2026-03-04 00:57:36 WARN user logout
2026-03-04 00:57:38 INFO user login ok
2026-03-04 00:57:41 INFO cache miss
2026-03-04 00:57:45 INFO cache hit
2026-03-04 00:57:49 INFO user login ok
2026-03-04 00:57:52 INFO config reloaded
2026-03-04 00:57:53 INFO user login ok
2026-03-04 00:57:55 INFO cache hit
2026-03-04 00:57:58 INFO cache hit
2026-03-04 00:58:00 INFO background job finished
2026-03-04 00:58:02 INFO cache miss
2026-03-04 00:58:03 WARN user login ok
2026-03-04 00:58:05 INFO user login ok
2026-03-04 00:58:06 WARN cache miss
2026-03-04 00:58:07 ERROR user login ok
2026-03-04 00:58:10 WARN cache miss
2026-03-04 00:58:11 INFO user login ok
2026-03-04 00:58:15 INFO user logout
2026-03-04 00:58:17 INFO connection reset by peer
2026-03-04 00:58:20 INFO user logout
2026-03-04 00:58:21 INFO cache hit
2026-03-04 00:58:22 INFO slow query detected
2026-03-04 00:58:23 INFO user login ok
2026-03-04 00:58:26 INFO user login ok
2026-03-04 00:58:27 ERROR cache miss
2026-03-04 00:58:31 INFO user login ok
2026-03-04 00:58:34 INFO user login ok
2026-03-04 00:58:35 INFO user login ok
2026-03-04 00:58:38 INFO invalid token
2026-03-04 00:58:42 INFO user login ok
2026-03-04 00:58:44 INFO slow query detected
2026-03-04 00:58:45 INFO background job finished
2026-03-04 00:58:46 INFO user login ok
2026-03-04 00:58:48 INFO config reloaded
2026-03-04 00:58:50 WARN user login ok
2026-03-04 00:58:54 INFO invalid token
2026-03-04 00:58:55 INFO request handled
2026-03-04 00:58:58 INFO database timeout
2026-03-04 00:58:59 INFO background job finished
2026-03-04 00:59:03 INFO user login ok
2026-03-04 00:59:06 INFO cache hit
2026-03-04 00:59:08 INFO user logout
2026-03-04 00:59:10 WARN user login ok
2026-03-04 00:59:11 WARN request handled
2026-03-04 00:59:15 WARN request handled
2026-03-04 00:59:18 INFO config reloaded
2026-03-04 00:59:21 INFO connection reset by peer
2026-03-04 00:59:25 INFO slow query detected
2026-03-04 00:59:27 INFO user login ok
2026-03-04 00:59:29 WARN cache miss
2026-03-04 00:59:33 INFO slow query detected
2026-03-04 00:59:36 WARN connection reset by peer
2026-03-04 00:59:40 INFO cache hit
2026-03-04 00:59:41 INFO database timeout
2026-03-04 00:59:43 INFO user login ok
2026-03-04 00:59:46 ERROR user logout
2026-03-04 00:59:48 INFO user login ok
2026-03-04 00:59:51 INFO connection reset by peer
2026-03-04 00:59:54 ERROR user login ok
2026-03-04 00:59:55 INFO user login ok
2026-03-04 00:59:58 INFO user logout
2026-03-04 00:59:59 INFO user login ok
2026-03-04 01:00:01 INFO slow query detected
2026-03-04 01:00:02 INFO background job finished
2026-03-04 01:00:05 INFO database timeout
2026-03-04 01:00:07 INFO slow query detected
2026-03-04 01:00:09 INFO request handled
2026-03-04 01:00:12 INFO request handled
2026-03-04 01:00:16 INFO invalid token
2026-03-04 01:00:18 INFO cache miss
2026-03-04 01:00:20 INFO user login ok
2026-03-04 01:00:24 INFO disk usage high
2026-03-04 01:00:26 WARN disk usage high
2026-03-04 01:00:28 WARN user logout
2026-03-04 01:00:32 INFO disk usage high
2026-03-04 01:00:36 INFO cache hit
2026-03-04 01:00:40 WARN config reloaded
2026-03-04 01:00:42 INFO user login ok
2026-03-04 01:00:45 INFO user login ok
2026-03-04 01:00:47 WARN user login ok
2026-03-04 01:00:50 INFO user login ok
2026-03-04 01:00:51 INFO request handled
2026-03-04 01:00:55 WARN cache miss
2026-03-04 01:00:59 INFO user login ok
2026-03-04 01:01:01 INFO background job finished
2026-03-04 01:01:03 INFO request handled
2026-03-04 01:01:04 INFO cache miss
2026-03-04 01:01:08 INFO user logout
2026-03-04 01:01:09 INFO user logout
2026-03-04 01:01:10 INFO user login ok
2026-03-04 01:01:14 WARN database timeout
2026-03-04 01:01:18 INFO slow query detected
2026-03-04 01:01:20 WARN cache hit
2026-03-04 01:01:21 INFO cache miss
2026-03-04 01:01:25 INFO user login ok
2026-03-04 01:01:26 INFO cache hit
2026-03-04 01:01:29 INFO cache hit
2026-03-04 01:01:30 WARN cache hit
2026-03-04 01:01:34 INFO user login ok
2026-03-04 01:01:37 ERROR request handled
2026-03-04 01:01:40 INFO invalid token
2026-03-04 01:01:42 INFO user login ok
2026-03-04 01:01:45 INFO user login ok
2026-03-04 01:01:49 INFO user login ok
2026-03-04 01:01:52 INFO cache hit
2026-03-04 01:01:53 WARN cache hit
2026-03-04 01:01:54 INFO cache hit
2026-03-04 01:01:57 INFO config reloaded
2026-03-04 01:01:58 INFO config reloaded
2026-03-04 01:01:59 INFO cache miss
2026-03-04 01:02:01 INFO connection reset by peer
2026-03-04 01:02:04 INFO cache hit
2026-03-04 01:02:08 INFO connection reset by peer
2026-03-04 01:02:10 INFO user login ok
2026-03-04 01:02:13 INFO cache hit
2026-03-04 01:02:15 INFO user login ok
2026-03-04 01:02:17 INFO invalid token
2026-03-04 01:02:19 INFO slow query detected
2026-03-04 01:02:23 INFO user logout
2026-03-04 01:02:27 INFO cache hit
2026-03-04 01:02:31 WARN disk usage high
2026-03-04 01:02:35 INFO connection reset by peer
2026-03-04 01:02:37 INFO background job finished
2026-03-04 01:02:39 INFO disk usage high
2026-03-04 01:02:43 INFO user logout
2026-03-04 01:02:47 INFO cache miss
2026-03-04 01:02:50 WARN user login ok
2026-03-04 01:02:52 INFO user login ok
2026-03-04 01:02:53 INFO user login ok
2026-03-04 01:02:54 INFO user login ok
2026-03-04 01:02:56 INFO config reloaded
2026-03-04 01:02:59 WARN user login ok
2026-03-04 01:03:02 INFO user login ok
2026-03-04 01:03:06 WARN cache miss
2026-03-04 01:03:09 INFO user login ok
2026-03-04 01:03:11 INFO cache miss
2026-03-04 01:03:15 INFO user login ok
2026-03-04 01:03:16 INFO cache hit
2026-03-04 01:03:19 INFO database timeout
2026-03-04 01:03:23 WARN user login ok
2026-03-04 01:03:26 INFO user logout
2026-03-04 01:03:30 INFO slow query detected
2026-03-04 01:03:33 INFO request handled
2026-03-04 01:03:36 INFO config reloaded
2026-03-04 01:03:39 INFO user logout
2026-03-04 01:03:40 INFO slow query detected
2026-03-04 01:03:43 INFO user login ok
2026-03-04 01:03:46 WARN disk usage high
2026-03-04 01:03:49 INFO cache miss
2026-03-04 01:03:50 INFO request handled
2026-03-04 01:03:51 INFO connection reset by peer
### повреждённая строка ###
2026-03-04 01:03:58 WARN user logout
2026-03-04 01:04:01 INFO database timeout
2026-03-04 01:04:04 INFO invalid token
2026-03-04 01:04:06 INFO user login ok
2026-03-04 01:04:10 INFO user login ok
2026-03-04 01:04:13 INFO user login ok
2026-03-04 01:04:16 WARN user logout
2026-03-04 01:04:20 WARN user logout
2026-03-04 01:04:24 WARN user logout
2026-03-04 01:04:28 INFO slow query detected
2026-03-04 01:04:30 INFO cache hit
2026-03-04 01:04:34 INFO request handled
2026-03-04 01:04:38 INFO config reloaded
2026-03-04 01:04:40 INFO slow query detected
2026-03-04 01:04:42 INFO user login ok
2026-03-04 01:04:46 WARN user logout
2026-03-04 01:04:48 WARN cache hit
2026-03-04 01:04:50 INFO user login ok
2026-03-04 01:04:53 INFO invalid token
2026-03-04 01:04:56 INFO cache miss
2026-03-04 01:04:58 INFO cache miss
2026-03-04 01:05:01 INFO user login ok
2026-03-04 01:05:02 INFO user login ok
2026-03-04 01:05:06 INFO database timeout
2026-03-04 01:05:08 INFO background job finished
2026-03-04 01:05:09 WARN disk usage high
2026-03-04 01:05:10 INFO config reloaded
2026-03-04 01:05:13 WARN invalid token
2026-03-04 01:05:17 INFO user login ok
2026-03-04 01:05:20 INFO user logout
2026-03-04 01:05:23 INFO config reloaded
2026-03-04 01:05:26 INFO user logout
2026-03-04 01:05:30 WARN user login ok
2026-03-04 01:05:34 INFO disk usage high
2026-03-04 01:05:35 INFO disk usage high
2026-03-04 01:05:36 INFO background job finished
2026-03-04 01:05:39 INFO invalid token
2026-03-04 01:05:40 INFO cache miss
2026-03-04 01:05:44 INFO config reloaded
2026-03-04 01:05:47 INFO cache miss
2026-03-04 01:05:51 INFO user login ok
2026-03-04 01:05:52 INFO cache hit
2026-03-04 01:05:53 INFO disk usage high
2026-03-04 01:05:55 INFO user login ok
2026-03-04 01:05:57 INFO connection reset by peer
2026-03-04 01:06:00 WARN request handled
2026-03-04 01:06:03 WARN cache miss
2026-03-04 01:06:06 WARN cache miss
2026-03-04 01:06:10 INFO user login ok
2026-03-04 01:06:13 INFO background job finished
2026-03-04 01:06:16 INFO user login ok
2026-03-04 01:06:18 INFO connection reset by peer
2026-03-04 01:06:22 INFO disk usage high
2026-03-04 01:06:23 INFO cache hit
2026-03-04 01:06:27 INFO config reloaded
2026-03-04 01:06:31 INFO user logout
2026-03-04 01:06:35 INFO slow query detected
2026-03-04 01:06:39 INFO user login ok
2026-03-04 01:06:40 INFO invalid token
2026-03-04 01:06:43 WARN disk usage high
2026-03-04 01:06:44 WARN user login ok
2026-03-04 01:06:46 INFO invalid token
2026-03-04 01:06:49 INFO disk usage high
2026-03-04 01:06:50 INFO user login ok
2026-03-04 01:06:52 WARN user login ok
2026-03-04 01:06:55 INFO slow query detected
2026-03-04 01:06:56 INFO cache miss
2026-03-04 01:06:59 INFO cache miss
2026-03-04 01:07:02 WARN invalid token
2026-03-04 01:07:03 INFO disk usage high
2026-03-04 01:07:05 INFO disk usage high
2026-03-04 01:07:06 INFO user login ok
2026-03-04 01:07:10 INFO cache hit
2026-03-04 01:07:12 INFO request handled
2026-03-04 01:07:14 INFO user logout
2026-03-04 01:07:18 INFO cache miss
2026-03-04 01:07:22 WARN user login ok
2026-03-04 01:07:23 INFO connection reset by peer
2026-03-04 01:07:27 INFO cache hit
2026-03-04 01:07:28 INFO user login ok
2026-03-04 01:07:30 INFO request handled
2026-03-04 01:07:33 INFO user login ok
2026-03-04 01:07:37 INFO request handled
2026-03-04 01:07:40 INFO user login ok
2026-03-04 01:07:43 WARN database timeout
2026-03-04 01:07:44 INFO user login ok
2026-03-04 01:07:48 INFO user logout
2026-03-04 01:07:50 INFO database timeout
2026-03-04 01:07:54 INFO cache miss
2026-03-04 01:07:58 INFO cache hit
2026-03-04 01:07:59 INFO user logout
2026-03-04 01:08:03 INFO cache hit
2026-03-04 01:08:06 INFO config reloaded
2026-03-04 01:08:10 INFO cache hit
2026-03-04 01:08:13 INFO user logout
2026-03-04 01:08:15 INFO config reloaded
2026-03-04 01:08:18 INFO user login ok
2026-03-04 01:08:19 INFO request handled
2026-03-04 01:08:23 INFO background job finished
2026-03-04 01:08:25 INFO request handled
2026-03-04 01:08:28 INFO cache miss
2026-03-04 01:08:30 INFO cache miss
2026-03-04 01:08:33 INFO cache hit
2026-03-04 01:08:35 INFO connection reset by peer
2026-03-04 01:08:38 INFO slow query detected
2026-03-04 01:08:39 INFO disk usage high
2026-03-04 01:08:40 INFO connection reset by peer
2026-03-04 01:08:43 INFO database timeout
2026-03-04 01:08:46 INFO connection reset by peer
2026-03-04 01:08:48 WARN config reloaded
2026-03-04 01:08:49 INFO disk usage high
2026-03-04 01:08:50 WARN user login ok
2026-03-04 01:08:52 INFO user login ok
2026-03-04 01:08:53 INFO cache miss
2026-03-04 01:08:56 INFO cache miss
2026-03-04 01:08:57 INFO config reloaded
2026-03-04 01:09:01 WARN user login ok
2026-03-04 01:09:05 INFO user logout
2026-03-04 01:09:07 INFO slow query detected
2026-03-04 01:09:08 WARN user login ok
2026-03-04 01:09:09 INFO user login ok
2026-03-04 01:09:11 INFO disk usage high
2026-03-04 01:09:13 INFO config reloaded
2026-03-04 01:09:16 INFO background job finished
2026-03-04 01:09:17 INFO user logout
2026-03-04 01:09:20 INFO user login ok
2026-03-04 01:09:21 WARN user login ok
2026-03-04 01:09:22 INFO connection reset by peer
2026-03-04 01:09:25 INFO request handled
2026-03-04 01:09:26 INFO user logout
2026-03-04 01:09:28 INFO user login ok
2026-03-04 01:09:31 INFO user logout
2026-03-04 01:09:35 INFO background job finished
2026-03-04 01:09:38 INFO disk usage high
2026-03-04 01:09:42 INFO user login ok
2026-03-04 01:09:44 INFO slow query detected
2026-03-04 01:09:46 INFO request handled
2026-03-04 01:09:49 INFO cache hit
2026-03-04 01:09:51 INFO request handled
2026-03-04 01:09:52 INFO config reloaded
2026-03-04 01:09:54 INFO cache hit
2026-03-04 01:09:56 WARN disk usage high
2026-03-04 01:09:57 INFO config reloaded
2026-03-04 01:09:58 ERROR user login ok
2026-03-04 01:10:00 INFO database timeout
2026-03-04 01:10:03 INFO user logout
2026-03-04 01:10:04 INFO config reloaded
2026-03-04 01:10:06 INFO background job finished
2026-03-04 01:10:08 INFO user logout
2026-03-04 01:10:12 INFO user logout
2026-03-04 01:10:13 INFO request handled
2026-03-04 01:10:16 INFO request handled
2026-03-04 01:10:19 WARN user login ok
2026-03-04 01:10:22 INFO connection reset by peer
2026-03-04 01:10:25 INFO slow query detected
2026-03-04 01:10:29 INFO user login ok
2026-03-04 01:10:31 INFO user login ok
2026-03-04 01:10:34 INFO slow query detected
2026-03-04 01:10:37 INFO background job finished
2026-03-04 01:10:40 INFO request handled
2026-03-04 01:10:41 INFO background job finished
2026-03-04 01:10:44 WARN user login ok
2026-03-04 01:10:48 INFO invalid token
2026-03-04 01:10:50 INFO user login ok
2026-03-04 01:10:51 INFO background job finished
2026-03-04 01:10:52 INFO invalid token
2026-03-04 01:10:55 INFO user logout
2026-03-04 01:10:57 WARN cache hit
2026-03-04 01:11:01 WARN user login ok
2026-03-04 01:11:05 WARN user logout
2026-03-04 01:11:06 INFO config reloaded
2026-03-04 01:11:10 WARN background job finished
2026-03-04 01:11:11 INFO user logout
2026-03-04 01:11:14 WARN user login ok
2026-03-04 01:11:15 INFO disk usage high
2026-03-04 01:11:16 INFO disk usage high
2026-03-04 01:11:18 WARN user logout
2026-03-04 01:11:21 INFO user login ok
2026-03-04 01:11:22 WARN user login ok
2026-03-04 01:11:26 WARN user login ok
2026-03-04 01:11:30 WARN config reloaded
2026-03-04 01:11:33 INFO user logout
2026-03-04 01:11:36 INFO user login ok
2026-03-04 01:11:37 INFO user login ok
2026-03-04 01:11:39 INFO config reloaded
2026-03-04 01:11:43 INFO request handled
2026-03-04 01:11:45 INFO user login ok
2026-03-04 01:11:49 INFO user login ok
2026-03-04 01:11:52 INFO user login ok
2026-03-04 01:11:54 INFO disk usage high
2026-03-04 01:11:56 INFO slow query detected
2026-03-04 01:11:58 INFO disk usage high
2026-03-04 01:12:01 INFO config reloaded
2026-03-04 01:12:03 WARN user login ok
2026-03-04 01:12:06 INFO request handled
2026-03-04 01:12:10 INFO user login ok
2026-03-04 01:12:12 INFO cache miss
2026-03-04 01:12:16 INFO user login ok
2026-03-04 01:12:18 INFO user logout
2026-03-04 01:12:19 INFO user login ok
2026-03-04 01:12:22 WARN user login ok
2026-03-04 01:12:23 INFO cache hit
2026-03-04 01:12:25 WARN user logout
2026-03-04 01:12:26 INFO user login ok
2026-03-04 01:12:30 INFO connection reset by peer
2026-03-04 01:12:31 INFO user login ok
2026-03-04 01:12:34 INFO cache hit
2026-03-04 01:12:37 INFO invalid token
2026-03-04 01:12:40 INFO user login ok
2026-03-04 01:12:44 INFO user login ok
2026-03-04 01:12:47 INFO user login ok
2026-03-04 01:12:48 INFO user login ok
### повреждённая строка ###
2026-03-04 01:12:54 WARN request handled
2026-03-04 01:12:57 INFO database timeout
2026-03-04 01:13:01 INFO request handled
2026-03-04 01:13:03 INFO user logout
2026-03-04 01:13:06 INFO user login ok
2026-03-04 01:13:08 INFO invalid token
2026-03-04 01:13:11 INFO user login ok
2026-03-04 01:13:15 WARN cache miss
2026-03-04 01:13:16 INFO slow query detected
2026-03-04 01:13:19 ERROR slow query detected
2026-03-04 01:13:22 WARN user login ok
2026-03-04 01:13:25 ERROR user login ok
2026-03-04 01:13:27 INFO user login ok
2026-03-04 01:13:31 WARN background job finished
2026-03-04 01:13:34 INFO user login ok
2026-03-04 01:13:38 WARN request handled
2026-03-04 01:13:42 INFO background job finished
2026-03-04 01:13:45 INFO user login ok
2026-03-04 01:13:47 INFO disk usage high
2026-03-04 01:13:48 INFO cache miss
2026-03-04 01:13:51 INFO background job finished
2026-03-04 01:13:55 INFO connection reset by peer
2026-03-04 01:13:56 INFO background job finished
2026-03-04 01:13:59 WARN user login ok
2026-03-04 01:14:03 INFO background job finished
2026-03-04 01:14:05 INFO database timeout
2026-03-04 01:14:09 WARN user login ok
2026-03-04 01:14:11 INFO user login ok
2026-03-04 01:14:13 INFO user login ok
2026-03-04 01:14:15 INFO disk usage high
2026-03-04 01:14:16 INFO cache miss
2026-03-04 01:14:20 INFO connection reset by peer
2026-03-04 01:14:23 INFO background job finished
2026-03-04 01:14:25 WARN user login ok
2026-03-04 01:14:26 INFO request handled
2026-03-04 01:14:30 INFO background job finished
2026-03-04 01:14:34 INFO user login ok
2026-03-04 01:14:35 ERROR connection reset by peer
2026-03-04 01:14:37 WARN user login ok
2026-03-04 01:14:38 INFO connection reset by peer
2026-03-04 01:14:39 INFO user logout
2026-03-04 01:14:42 ERROR background job finished
2026-03-04 01:14:46 INFO user login ok
2026-03-04 01:14:48 INFO config reloaded
2026-03-04 01:14:49 INFO database timeout
2026-03-04 01:14:53 INFO user login ok
2026-03-04 01:14:56 WARN user logout
2026-03-04 01:15:00 INFO user logout
2026-03-04 01:15:01 INFO user login ok
2026-03-04 01:15:03 INFO cache miss
2026-03-04 01:15:05 INFO slow query detected
2026-03-04 01:15:07 INFO cache miss
2026-03-04 01:15:10 ERROR user logout
2026-03-04 01:15:14 INFO user login ok
2026-03-04 01:15:16 INFO user logout
2026-03-04 01:15:19 INFO disk usage high
2026-03-04 01:15:20 INFO cache hit
2026-03-04 01:15:22 ERROR cache hit
2026-03-04 01:15:23 INFO cache hit
2026-03-04 01:15:25 INFO background job finished
2026-03-04 01:15:26 WARN user login ok
2026-03-04 01:15:27 INFO user login ok
2026-03-04 01:15:31 INFO connection reset by peer
2026-03-04 01:15:33 INFO request handled
2026-03-04 01:15:35 INFO slow query detected
2026-03-04 01:15:38 INFO user logout
2026-03-04 01:15:40 INFO disk usage high
2026-03-04 01:15:43 INFO user login ok
2026-03-04 01:15:46 WARN user login ok
2026-03-04 01:15:48 INFO connection reset by peer
2026-03-04 01:15:50 INFO user logout
2026-03-04 01:15:54 INFO config reloaded
2026-03-04 01:15:55 INFO user login ok
2026-03-04 01:15:57 ERROR connection reset by peer
2026-03-04 01:16:00 INFO background job finished
2026-03-04 01:16:04 INFO background job finished
2026-03-04 01:16:06 INFO cache hit
2026-03-04 01:16:07 INFO config reloaded
2026-03-04 01:16:08 INFO cache hit
2026-03-04 01:16:12 INFO user logout
2026-03-04 01:16:13 INFO user login ok
2026-03-04 01:16:14 ERROR config reloaded
2026-03-04 01:16:17 WARN database timeout
2026-03-04 01:16:20 WARN request handled
2026-03-04 01:16:21 INFO connection reset by peer
2026-03-04 01:16:24 INFO user login ok
2026-03-04 01:16:25 WARN database timeout
2026-03-04 01:16:27 INFO request handled
2026-03-04 01:16:29 INFO user logout
2026-03-04 01:16:31 INFO config reloaded
2026-03-04 01:16:35 INFO slow query detected
2026-03-04 01:16:38 INFO user login ok
2026-03-04 01:16:39 INFO user login ok
2026-03-04 01:16:40 INFO user login ok
2026-03-04 01:16:41 INFO user login ok
2026-03-04 01:16:44 WARN connection reset by peer
2026-03-04 01:16:47 INFO user login ok
2026-03-04 01:16:49 INFO cache hit
2026-03-04 01:16:51 INFO cache hit
2026-03-04 01:16:54 INFO user login ok
2026-03-04 01:16:55 INFO background job finished
2026-03-04 01:16:58 ERROR cache hit
2026-03-04 01:16:59 INFO background job finished
2026-03-04 01:17:03 INFO user logout
2026-03-04 01:17:04 INFO user login ok
2026-03-04 01:17:05 INFO config reloaded
2026-03-04 01:17:07 INFO connection reset by peer
2026-03-04 01:17:11 INFO user login ok
2026-03-04 01:17:13 ERROR user login ok
2026-03-04 01:17:17 INFO connection reset by peer
2026-03-04 01:17:19 INFO disk usage high
2026-03-04 01:17:23 INFO user login ok
2026-03-04 01:17:27 ERROR user login ok
2026-03-04 01:17:28 INFO cache hit
2026-03-04 01:17:32 INFO user login ok
2026-03-04 01:17:33 WARN user login ok
2026-03-04 01:17:36 WARN user login ok
2026-03-04 01:17:40 INFO config reloaded
2026-03-04 01:17:44 WARN user login ok
2026-03-04 01:17:46 INFO slow query detected
2026-03-04 01:17:48 WARN cache miss
2026-03-04 01:17:50 INFO user logout
2026-03-04 01:17:53 INFO background job finished
2026-03-04 01:17:57 INFO user login ok
2026-03-04 01:18:01 WARN invalid token
2026-03-04 01:18:05 INFO request handled
2026-03-04 01:18:07 INFO user login ok
2026-03-04 01:18:11 INFO cache hit
2026-03-04 01:18:14 INFO invalid token
2026-03-04 01:18:16 INFO slow query detected
2026-03-04 01:18:18 WARN user login ok
2026-03-04 01:18:21 INFO cache hit
2026-03-04 01:18:23 INFO user login ok
2026-03-04 01:18:25 INFO connection reset by peer
2026-03-04 01:18:27 ERROR cache hit
2026-03-04 01:18:29 INFO user login ok
2026-03-04 01:18:32 INFO user logout
2026-03-04 01:18:36 INFO config reloaded
2026-03-04 01:18:38 INFO invalid token
2026-03-04 01:18:42 INFO user login ok
2026-03-04 01:18:44 INFO user logout
2026-03-04 01:18:46 INFO disk usage high
2026-03-04 01:18:47 INFO user login ok
2026-03-04 01:18:51 WARN disk usage high
2026-03-04 01:18:54 INFO cache hit
2026-03-04 01:18:58 INFO database timeout
2026-03-04 01:19:00 INFO user login ok
2026-03-04 01:19:04 INFO cache hit
2026-03-04 01:19:08 INFO user login ok
2026-03-04 01:19:11 INFO disk usage high
2026-03-04 01:19:14 INFO cache miss
2026-03-04 01:19:18 INFO database timeout
2026-03-04 01:19:22 WARN disk usage high
2026-03-04 01:19:23 INFO user logout
2026-03-04 01:19:25 INFO cache hit
2026-03-04 01:19:28 INFO user login ok
2026-03-04 01:19:32 INFO background job finished
2026-03-04 01:19:33 INFO user login ok
2026-03-04 01:19:34 INFO config reloaded
2026-03-04 01:19:36 INFO config reloaded
2026-03-04 01:19:37 INFO user login ok
2026-03-04 01:19:41 INFO user logout
2026-03-04 01:19:44 INFO cache hit
2026-03-04 01:19:45 INFO invalid token
2026-03-04 01:19:48 INFO connection reset by peer
2026-03-04 01:19:51 INFO user login ok
2026-03-04 01:19:52 INFO user logout
2026-03-04 01:19:53 INFO invalid token
2026-03-04 01:19:54 INFO user login ok
2026-03-04 01:19:56 INFO cache miss
2026-03-04 01:20:00 INFO cache miss
2026-03-04 01:20:03 INFO background job finished
2026-03-04 01:20:07 INFO user logout
2026-03-04 01:20:11 WARN user login ok
2026-03-04 01:20:12 INFO user login ok
2026-03-04 01:20:15 INFO cache miss
2026-03-04 01:20:19 INFO user login ok
### повреждённая строка ###
2026-03-04 01:20:27 INFO background job finished
2026-03-04 01:20:31 INFO user login ok
2026-03-04 01:20:32 INFO request handled
2026-03-04 01:20:34 WARN user logout
2026-03-04 01:20:37 WARN user login ok
2026-03-04 01:20:38 INFO database timeout
2026-03-04 01:20:41 INFO user login ok
2026-03-04 01:20:44 INFO database timeout
2026-03-04 01:20:48 INFO disk usage high
2026-03-04 01:20:49 INFO background job finished
2026-03-04 01:20:52 INFO request handled
2026-03-04 01:20:55 INFO disk usage high
2026-03-04 01:20:56 WARN config reloaded
2026-03-04 01:20:57 INFO background job finished
2026-03-04 01:21:01 INFO disk usage high
2026-03-04 01:21:02 INFO user login ok
2026-03-04 01:21:06 WARN database timeout
2026-03-04 01:21:08 INFO user login ok
2026-03-04 01:21:11 INFO user login ok
2026-03-04 01:21:12 INFO cache hit
2026-03-04 01:21:14 WARN cache hit
2026-03-04 01:21:18 INFO background job finished
2026-03-04 01:21:19 INFO disk usage high
2026-03-04 01:21:20 INFO slow query detected
2026-03-04 01:21:22 WARN request handled
2026-03-04 01:21:24 INFO user logout
2026-03-04 01:21:27 ERROR user logout
2026-03-04 01:21:28 INFO config reloaded
2026-03-04 01:21:32 INFO user login ok
2026-03-04 01:21:33 INFO user login ok
2026-03-04 01:21:36 INFO user login ok
2026-03-04 01:21:37 INFO disk usage high
2026-03-04 01:21:41 INFO user logout
2026-03-04 01:21:43 INFO user login ok
2026-03-04 01:21:46 INFO request handled
2026-03-04 01:21:48 INFO slow query detected
2026-03-04 01:21:52 INFO cache miss
2026-03-04 01:21:53 INFO cache miss
2026-03-04 01:21:55 INFO request handled
2026-03-04 01:21:59 INFO user login ok
2026-03-04 01:22:00 INFO config reloaded
2026-03-04 01:22:01 INFO invalid token
2026-03-04 01:22:05 INFO disk usage high
2026-03-04 01:22:06 WARN user login ok
2026-03-04 01:22:09 WARN disk usage high
2026-03-04 01:22:13 INFO user login ok
2026-03-04 01:22:15 INFO invalid token
2026-03-04 01:22:18 INFO user login ok
2026-03-04 01:22:20 INFO disk usage high
2026-03-04 01:22:23 INFO slow query detected
### повреждённая строка ###
2026-03-04 01:22:29 INFO cache miss
2026-03-04 01:22:31 WARN disk usage high
2026-03-04 01:22:33 INFO cache miss
2026-03-04 01:22:34 INFO background job finished
2026-03-04 01:22:38 INFO user logout
2026-03-04 01:22:39 INFO cache hit
2026-03-04 01:22:40 INFO cache miss
2026-03-04 01:22:41 ERROR invalid token
2026-03-04 01:22:42 INFO user logout
2026-03-04 01:22:45 INFO user login ok
2026-03-04 01:22:48 INFO user login ok
2026-03-04 01:22:51 WARN user login ok
2026-03-04 01:22:54 INFO user logout
2026-03-04 01:22:58 ERROR user logout
2026-03-04 01:23:01 INFO cache hit
2026-03-04 01:23:05 INFO user login ok
2026-03-04 01:23:07 INFO request handled
2026-03-04 01:23:11 INFO cache miss
2026-03-04 01:23:12 INFO invalid token
2026-03-04 01:23:14 WARN cache hit
2026-03-04 01:23:17 WARN user login ok
2026-03-04 01:23:21 INFO user login ok
2026-03-04 01:23:23 INFO cache hit
2026-03-04 01:23:26 INFO background job finished
2026-03-04 01:23:29 ERROR config reloaded
2026-03-04 01:23:32 INFO disk usage high
2026-03-04 01:23:33 INFO request handled
2026-03-04 01:23:36 INFO user login ok
2026-03-04 01:23:39 INFO cache miss
2026-03-04 01:23:42 INFO cache hit
2026-03-04 01:23:45 ERROR cache miss
2026-03-04 01:23:48 INFO connection reset by peer
2026-03-04 01:23:50 INFO user login ok
2026-03-04 01:23:54 INFO invalid token
2026-03-04 01:23:57 INFO connection reset by peer
2026-03-04 01:24:00 WARN connection reset by peer
2026-03-04 01:24:03 INFO user logout
2026-03-04 01:24:07 INFO invalid token
2026-03-04 01:24:09 INFO request handled
2026-03-04 01:24:11 INFO cache miss
2026-03-04 01:24:13 INFO user login ok
2026-03-04 01:24:15 INFO cache miss
2026-03-04 01:24:17 INFO cache hit
2026-03-04 01:24:18 INFO user login ok
2026-03-04 01:24:20 INFO user logout
2026-03-04 01:24:21 INFO user logout
2026-03-04 01:24:23 INFO config reloaded
2026-03-04 01:24:27 INFO user login ok
2026-03-04 01:24:31 WARN config reloaded
2026-03-04 01:24:32 ERROR cache miss
2026-03-04 01:24:35 INFO user login ok
2026-03-04 01:24:38 INFO user logout
2026-03-04 01:24:39 WARN background job finished
2026-03-04 01:24:43 ERROR user logout
2026-03-04 01:24:47 INFO invalid token
2026-03-04 01:24:51 INFO connection reset by peer
2026-03-04 01:24:54 INFO cache hit
2026-03-04 01:24:55 WARN user login ok
2026-03-04 01:24:56 INFO invalid token
2026-03-04 01:25:00 WARN connection reset by peer
2026-03-04 01:25:04 WARN request handled
2026-03-04 01:25:07 WARN config reloaded
2026-03-04 01:25:10 INFO user login ok
2026-03-04 01:25:12 INFO slow query detected
2026-03-04 01:25:13 INFO slow query detected
2026-03-04 01:25:17 INFO connection reset by peer
2026-03-04 01:25:18 INFO request handled
2026-03-04 01:25:19 INFO user login ok
2026-03-04 01:25:20 INFO user logout
2026-03-04 01:25:23 INFO cache miss
2026-03-04 01:25:24 ERROR user login ok
2026-03-04 01:25:28 INFO user logout
2026-03-04 01:25:30 INFO user login ok
2026-03-04 01:25:33 INFO connection reset by peer
2026-03-04 01:25:37 INFO cache hit
2026-03-04 01:25:41 INFO slow query detected
2026-03-04 01:25:44 INFO invalid token
2026-03-04 01:25:46 INFO cache miss
2026-03-04 01:25:49 INFO slow query detected
2026-03-04 01:25:52 INFO cache hit
2026-03-04 01:25:56 INFO database timeout
2026-03-04 01:25:57 INFO database timeout
2026-03-04 01:26:01 INFO cache miss
2026-03-04 01:26:02 INFO user login ok
2026-03-04 01:26:03 INFO database timeout
2026-03-04 01:26:06 INFO database timeout
2026-03-04 01:26:10 INFO connection reset by peer
2026-03-04 01:26:12 INFO user logout
2026-03-04 01:26:14 INFO cache hit
2026-03-04 01:26:15 INFO connection reset by peer
2026-03-04 01:26:18 INFO user login ok
2026-03-04 01:26:22 INFO cache hit
2026-03-04 01:26:24 WARN user login ok
2026-03-04 01:26:28 WARN slow query detected
2026-03-04 01:26:31 INFO connection reset by peer
2026-03-04 01:26:33 INFO background job finished
2026-03-04 01:26:35 WARN user login ok
2026-03-04 01:26:39 INFO user logout
2026-03-04 01:26:41 INFO slow query detected
2026-03-04 01:26:42 INFO cache miss
2026-03-04 01:26:46 ERROR request handled
2026-03-04 01:26:47 WARN slow query detected
2026-03-04 01:26:51 INFO user logout
2026-03-04 01:26:55 INFO user login ok
2026-03-04 01:26:58 INFO user logout
2026-03-04 01:27:00 INFO disk usage high
2026-03-04 01:27:04 WARN database timeout
2026-03-04 01:27:05 INFO slow query detected
2026-03-04 01:27:06 INFO user login ok
2026-03-04 01:27:09 INFO disk usage high
2026-03-04 01:27:13 INFO cache miss
2026-03-04 01:27:16 INFO invalid token
2026-03-04 01:27:17 INFO user login ok
2026-03-04 01:27:18 INFO slow query detected
2026-03-04 01:27:22 WARN user login ok
2026-03-04 01:27:23 WARN database timeout
2026-03-04 01:27:27 INFO user logout
2026-03-04 01:27:29 WARN disk usage high
2026-03-04 01:27:32 INFO invalid token
2026-03-04 01:27:33 INFO connection reset by peer
2026-03-04 01:27:35 INFO database timeout
2026-03-04 01:27:38 WARN user login ok
2026-03-04 01:27:40 WARN cache miss
2026-03-04 01:27:44 WARN config reloaded
2026-03-04 01:27:46 WARN config reloaded
2026-03-04 01:27:50 INFO user login ok
2026-03-04 01:27:52 INFO cache hit
2026-03-04 01:27:55 INFO user login ok
2026-03-04 01:27:56 WARN user login ok
2026-03-04 01:28:00 INFO user logout
2026-03-04 01:28:02 WARN cache hit
2026-03-04 01:28:06 INFO user login ok
2026-03-04 01:28:08 INFO request handled
2026-03-04 01:28:09 INFO config reloaded
2026-03-04 01:28:10 INFO request handled
2026-03-04 01:28:12 INFO user login ok
2026-03-04 01:28:15 WARN user login ok
2026-03-04 01:28:17 INFO user logout
2026-03-04 01:28:18 WARN config reloaded
2026-03-04 01:28:22 INFO database timeout
2026-03-04 01:28:26 INFO connection reset by peer
2026-03-04 01:28:28 WARN slow query detected
2026-03-04 01:28:31 INFO background job finished
2026-03-04 01:28:35 INFO user login ok
2026-03-04 01:28:37 INFO user logout
2026-03-04 01:28:40 INFO cache hit
2026-03-04 01:28:42 ERROR config reloaded
2026-03-04 01:28:44 WARN user login ok
2026-03-04 01:28:46 INFO slow query detected
2026-03-04 01:28:49 INFO config reloaded
2026-03-04 01:28:52 ERROR request handled
2026-03-04 01:28:55 INFO user login ok
2026-03-04 01:28:58 INFO config reloaded
2026-03-04 01:28:59 WARN cache miss
2026-03-04 01:29:03 INFO user logout
2026-03-04 01:29:05 WARN request handled
2026-03-04 01:29:09 INFO user logout
2026-03-04 01:29:10 WARN user login ok
2026-03-04 01:29:13 WARN connection reset by peer
2026-03-04 01:29:16 ERROR cache miss
2026-03-04 01:29:17 INFO user login ok
2026-03-04 01:29:21 INFO user login ok
2026-03-04 01:29:22 INFO cache miss
2026-03-04 01:29:26 INFO user logout
2026-03-04 01:29:27 INFO user login ok
2026-03-04 01:29:30 INFO user login ok
2026-03-04 01:29:32 INFO database timeout
2026-03-04 01:29:35 INFO cache miss
2026-03-04 01:29:39 INFO user logout
2026-03-04 01:29:40 INFO cache miss
2026-03-04 01:29:41 INFO cache hit
2026-03-04 01:29:45 WARN invalid token
2026-03-04 01:29:48 INFO database timeout
2026-03-04 01:29:49 ERROR user login ok
2026-03-04 01:29:52 INFO cache hit
2026-03-04 01:29:55 WARN cache miss
2026-03-04 01:29:58 INFO cache miss
2026-03-04 01:30:01 INFO user logout
2026-03-04 01:30:04 INFO user logout
2026-03-04 01:30:07 INFO database timeout
2026-03-04 01:30:10 INFO database timeout
2026-03-04 01:30:13 INFO connection reset by peer
2026-03-04 01:30:15 INFO connection reset by peer
2026-03-04 01:30:19 INFO user login ok
2026-03-04 01:30:20 INFO connection reset by peer
2026-03-04 01:30:22 INFO cache hit
2026-03-04 01:30:24 INFO user login ok
2026-03-04 01:30:25 ERROR user login ok
2026-03-04 01:30:26 ERROR user login ok
2026-03-04 01:30:27 INFO user login ok
2026-03-04 01:30:29 INFO cache hit
2026-03-04 01:30:33 INFO user login ok
2026-03-04 01:30:36 INFO request handled
2026-03-04 01:30:37 WARN user login ok
2026-03-04 01:30:40 INFO slow query detected
2026-03-04 01:30:44 INFO user logout
2026-03-04 01:30:46 WARN request handled
2026-03-04 01:30:49 WARN user login ok
2026-03-04 01:30:53 INFO user login ok
2026-03-04 01:30:56 INFO user login ok
2026-03-04 01:30:59 INFO request handled
2026-03-04 01:31:03 INFO user login ok
2026-03-04 01:31:05 INFO disk usage high
2026-03-04 01:31:08 INFO user login ok
2026-03-04 01:31:12 WARN background job finished
2026-03-04 01:31:15 INFO request handled
2026-03-04 01:31:18 INFO config reloaded
2026-03-04 01:31:20 ERROR cache hit
2026-03-04 01:31:21 INFO cache hit
2026-03-04 01:31:23 INFO cache hit
2026-03-04 01:31:24 INFO user login ok
2026-03-04 01:31:25 INFO cache miss
2026-03-04 01:31:26 INFO user login ok
2026-03-04 01:31:28 INFO user login ok
2026-03-04 01:31:30 INFO user login ok
2026-03-04 01:31:31 INFO config reloaded
2026-03-04 01:31:34 INFO slow query detected
2026-03-04 01:31:35 WARN connection reset by peer
2026-03-04 01:31:39 ERROR cache hit
2026-03-04 01:31:43 INFO user login ok
2026-03-04 01:31:47 INFO slow query detected
2026-03-04 01:31:49 INFO user login ok
2026-03-04 01:31:50 INFO user logout
2026-03-04 01:31:54 WARN user login ok
2026-03-04 01:31:55 WARN disk usage high
2026-03-04 01:31:58 INFO user login ok
2026-03-04 01:31:59 INFO background job finished
2026-03-04 01:32:01 WARN user logout
2026-03-04 01:32:04 INFO cache hit
2026-03-04 01:32:05 WARN cache miss
2026-03-04 01:32:06 INFO disk usage high
2026-03-04 01:32:10 INFO request handled
2026-03-04 01:32:12 INFO connection reset by peer
2026-03-04 01:32:15 INFO database timeout
2026-03-04 01:32:18 INFO cache miss
2026-03-04 01:32:20 WARN cache miss
2026-03-04 01:32:24 INFO user logout
2026-03-04 01:32:28 INFO cache miss
2026-03-04 01:32:30 ERROR database timeout
2026-03-04 01:32:32 WARN cache miss
2026-03-04 01:32:36 INFO slow query detected
2026-03-04 01:32:39 INFO cache miss
2026-03-04 01:32:43 ERROR user login ok
2026-03-04 01:32:47 INFO disk usage high
2026-03-04 01:32:50 INFO user login ok
2026-03-04 01:32:54 INFO user login ok
2026-03-04 01:32:56 INFO cache miss
2026-03-04 01:32:58 WARN cache miss
2026-03-04 01:33:00 INFO config reloaded
2026-03-04 01:33:03 INFO slow query detected
2026-03-04 01:33:05 WARN user login ok
2026-03-04 01:33:08 INFO user login ok
2026-03-04 01:33:12 INFO cache hit
### повреждённая строка ###
2026-03-04 01:33:14 INFO cache hit
2026-03-04 01:33:16 INFO user login ok
2026-03-04 01:33:18 INFO user logout
2026-03-04 01:33:21 INFO user login ok
2026-03-04 01:33:25 WARN background job finished
2026-03-04 01:33:27 INFO cache miss
2026-03-04 01:33:29 WARN user login ok
2026-03-04 01:33:33 INFO user logout
2026-03-04 01:33:36 WARN cache hit
2026-03-04 01:33:38 ERROR config reloaded
2026-03-04 01:33:39 INFO user login ok
2026-03-04 01:33:43 INFO user login ok
2026-03-04 01:33:44 INFO user logout
2026-03-04 01:33:46 INFO config reloaded
2026-03-04 01:33:50 INFO slow query detected
2026-03-04 01:33:51 INFO user login ok
2026-03-04 01:33:52 INFO background job finished
2026-03-04 01:33:54 INFO cache hit
2026-03-04 01:33:56 INFO request handled
2026-03-04 01:34:00 WARN cache hit
2026-03-04 01:34:01 WARN request handled
2026-03-04 01:34:05 WARN user login ok
2026-03-04 01:34:06 WARN cache hit
2026-03-04 01:34:10 INFO invalid token
2026-03-04 01:34:14 INFO user login ok
2026-03-04 01:34:18 INFO request handled
2026-03-04 01:34:20 INFO user login ok
2026-03-04 01:34:23 INFO cache miss
2026-03-04 01:34:26 INFO cache miss
2026-03-04 01:34:27 ERROR user login ok
2026-03-04 01:34:31 INFO user login ok
2026-03-04 01:34:33 INFO user logout
2026-03-04 01:34:34 INFO cache hit
2026-03-04 01:34:35 INFO cache miss
2026-03-04 01:34:37 INFO user logout
2026-03-04 01:34:39 INFO user login ok
2026-03-04 01:34:42 INFO user logout
2026-03-04 01:34:43 WARN cache hit
2026-03-04 01:34:44 ERROR config reloaded
2026-03-04 01:34:46 INFO request handled
2026-03-04 01:34:48 INFO invalid token
2026-03-04 01:34:49 ERROR invalid token
2026-03-04 01:34:51 INFO user login ok
2026-03-04 01:34:55 INFO user logout
2026-03-04 01:34:58 INFO user logout
2026-03-04 01:35:01 INFO cache hit
2026-03-04 01:35:02 WARN user login ok
2026-03-04 01:35:05 INFO background job finished
2026-03-04 01:35:06 INFO invalid token
2026-03-04 01:35:10 INFO background job finished
2026-03-04 01:35:14 INFO disk usage high
2026-03-04 01:35:18 INFO user logout
2026-03-04 01:35:20 WARN cache miss
2026-03-04 01:35:23 INFO request handled
2026-03-04 01:35:26 INFO user logout
2026-03-04 01:35:29 INFO user logout
2026-03-04 01:35:33 INFO user logout
2026-03-04 01:35:34 INFO cache hit
2026-03-04 01:35:37 INFO cache hit
2026-03-04 01:35:41 INFO database timeout
2026-03-04 01:35:42 INFO user logout
2026-03-04 01:35:44 INFO user logout
2026-03-04 01:35:45 INFO user login ok
2026-03-04 01:35:49 INFO cache hit
### повреждённая строка ###
2026-03-04 01:35:55 INFO user login ok
2026-03-04 01:35:56 INFO request handled
2026-03-04 01:35:58 INFO connection reset by peer
2026-03-04 01:35:59 INFO user login ok
2026-03-04 01:36:01 WARN user login ok
2026-03-04 01:36:04 ERROR user login ok
2026-03-04 01:36:07 INFO slow query detected
2026-03-04 01:36:10 INFO user login ok
2026-03-04 01:36:13 INFO cache miss
2026-03-04 01:36:15 WARN slow query detected
2026-03-04 01:36:18 INFO user logout
2026-03-04 01:36:19 INFO cache miss
2026-03-04 01:36:22 INFO cache miss
2026-03-04 01:36:23 WARN user login ok
2026-03-04 01:36:27 INFO cache hit
2026-03-04 01:36:29 INFO user logout
2026-03-04 01:36:33 INFO user login ok
2026-03-04 01:36:35 INFO cache hit
2026-03-04 01:36:39 INFO connection reset by peer
2026-03-04 01:36:40 INFO user logout
2026-03-04 01:36:42 WARN user login ok
2026-03-04 01:36:46 INFO cache hit
2026-03-04 01:36:50 INFO user logout
2026-03-04 01:36:51 ERROR cache miss
2026-03-04 01:36:55 INFO user login ok
2026-03-04 01:36:58 INFO user login ok
2026-03-04 01:37:00 WARN user login ok
2026-03-04 01:37:01 INFO user login ok
2026-03-04 01:37:05 INFO database timeout
2026-03-04 01:37:08 WARN user logout
2026-03-04 01:37:09 INFO user login ok
2026-03-04 01:37:11 INFO user login ok
2026-03-04 01:37:14 ERROR cache miss
2026-03-04 01:37:16 INFO cache miss
2026-03-04 01:37:18 INFO database timeout
2026-03-04 01:37:22 INFO config reloaded
2026-03-04 01:37:24 INFO connection reset by peer
2026-03-04 01:37:28 INFO invalid token
2026-03-04 01:37:31 INFO user login ok
2026-03-04 01:37:34 INFO background job finished
2026-03-04 01:37:37 INFO user login ok
2026-03-04 01:37:38 INFO user login ok
2026-03-04 01:37:41 INFO user login ok
2026-03-04 01:37:45 WARN user logout
2026-03-04 01:37:46 INFO user login ok
2026-03-04 01:37:47 WARN cache miss
2026-03-04 01:37:48 INFO user login ok
2026-03-04 01:37:52 ERROR cache miss
2026-03-04 01:37:54 INFO user logout
2026-03-04 01:37:57 ERROR database timeout
2026-03-04 01:37:59 INFO user login ok
2026-03-04 01:38:02 INFO user login ok
2026-03-04 01:38:04 INFO user logout
2026-03-04 01:38:08 WARN disk usage high
2026-03-04 01:38:11 WARN config reloaded
2026-03-04 01:38:15 INFO cache miss
2026-03-04 01:38:18 WARN invalid token
2026-03-04 01:38:21 INFO invalid token
2026-03-04 01:38:25 WARN user login ok
2026-03-04 01:38:29 INFO user login ok
2026-03-04 01:38:30 ERROR cache miss
2026-03-04 01:38:34 INFO user login ok
2026-03-04 01:38:37 INFO slow query detected
2026-03-04 01:38:41 INFO cache hit
2026-03-04 01:38:42 INFO user login ok
2026-03-04 01:38:44 INFO invalid token
2026-03-04 01:38:47 WARN database timeout
2026-03-04 01:38:49 WARN slow query detected
2026-03-04 01:38:52 INFO user login ok
2026-03-04 01:38:54 INFO user login ok
2026-03-04 01:38:57 ERROR slow query detected
2026-03-04 01:38:58 INFO user logout
2026-03-04 01:39:00 INFO disk usage high
2026-03-04 01:39:01 INFO user login ok
2026-03-04 01:39:05 ERROR disk usage high
2026-03-04 01:39:06 ERROR user login ok
2026-03-04 01:39:10 INFO user logout
2026-03-04 01:39:13 INFO user login ok
2026-03-04 01:39:16 INFO background job finished
2026-03-04 01:39:17 INFO user login ok
2026-03-04 01:39:18 INFO user logout
2026-03-04 01:39:22 INFO cache miss
2026-03-04 01:39:26 WARN user logout
2026-03-04 01:39:28 WARN connection reset by peer
2026-03-04 01:39:29 INFO user login ok
2026-03-04 01:39:31 INFO user logout
2026-03-04 01:39:35 INFO connection reset by peer
2026-03-04 01:39:37 INFO connection reset by peer
2026-03-04 01:39:41 INFO user login ok
2026-03-04 01:39:45 INFO user login ok
2026-03-04 01:39:49 INFO user logout
2026-03-04 01:39:52 INFO cache hit
2026-03-04 01:39:55 INFO connection reset by peer
2026-03-04 01:39:59 INFO cache miss
2026-03-04 01:40:03 ERROR cache hit
2026-03-04 01:40:06 INFO user login ok
2026-03-04 01:40:08 INFO connection reset by peer
2026-03-04 01:40:09 INFO cache miss
2026-03-04 01:40:10 INFO background job finished
2026-03-04 01:40:12 INFO config reloaded
2026-03-04 01:40:15 WARN user login ok
2026-03-04 01:40:19 INFO invalid token
2026-03-04 01:40:21 WARN user login ok
2026-03-04 01:40:22 INFO cache hit
2026-03-04 01:40:25 INFO cache hit
2026-03-04 01:40:27 INFO slow query detected
2026-03-04 01:40:30 INFO request handled
2026-03-04 01:40:34 INFO disk usage high
2026-03-04 01:40:37 INFO cache hit
2026-03-04 01:40:39 INFO user login ok
2026-03-04 01:40:41 INFO cache miss
2026-03-04 01:40:42 ERROR user login ok
2026-03-04 01:40:43 WARN user login ok
2026-03-04 01:40:45 INFO cache miss
2026-03-04 01:40:48 INFO user login ok
### повреждённая строка ###
2026-03-04 01:40:53 INFO cache hit
2026-03-04 01:40:57 INFO disk usage high
2026-03-04 01:40:58 WARN user login ok
2026-03-04 01:41:02 INFO request handled
2026-03-04 01:41:06 WARN disk usage high
2026-03-04 01:41:10 INFO disk usage high
2026-03-04 01:41:13 INFO user logout
2026-03-04 01:41:14 ERROR database timeout
2026-03-04 01:41:17 WARN invalid token
2026-03-04 01:41:18 INFO cache miss
2026-03-04 01:41:22 INFO user login ok
2026-03-04 01:41:26 WARN cache miss
2026-03-04 01:41:30 INFO user login ok
2026-03-04 01:41:31 INFO invalid token
2026-03-04 01:41:34 INFO user login ok
2026-03-04 01:41:37 INFO user login ok
2026-03-04 01:41:41 INFO user login ok
2026-03-04 01:41:43 INFO user login ok
2026-03-04 01:41:45 INFO invalid token
2026-03-04 01:41:46 INFO request handled
2026-03-04 01:41:48 INFO config reloaded
2026-03-04 01:41:51 INFO config reloaded
2026-03-04 01:41:53 INFO user login ok
2026-03-04 01:41:54 INFO user login ok
2026-03-04 01:41:55 INFO disk usage high
2026-03-04 01:41:57 INFO user logout
2026-03-04 01:41:58 WARN user logout
2026-03-04 01:42:01 INFO disk usage high
2026-03-04 01:42:02 INFO config reloaded
2026-03-04 01:42:04 WARN background job finished
2026-03-04 01:42:07 INFO disk usage high
2026-03-04 01:42:09 INFO user logout
2026-03-04 01:42:13 INFO connection reset by peer
2026-03-04 01:42:17 INFO connection reset by peer
2026-03-04 01:42:19 ERROR user login ok
2026-03-04 01:42:22 INFO request handled
2026-03-04 01:42:26 INFO user logout
2026-03-04 01:42:27 WARN user login ok
2026-03-04 01:42:30 INFO user login ok
2026-03-04 01:42:31 INFO user logout
2026-03-04 01:42:33 WARN background job finished
### повреждённая строка ###
2026-03-04 01:42:38 INFO background job finished
2026-03-04 01:42:40 INFO disk usage high
2026-03-04 01:42:43 INFO connection reset by peer
2026-03-04 01:42:45 INFO request handled
2026-03-04 01:42:46 INFO config reloaded
2026-03-04 01:42:50 WARN user login ok
2026-03-04 01:42:53 INFO user logout
2026-03-04 01:42:56 WARN user logout
### повреждённая строка ###
2026-03-04 01:43:01 WARN user login ok
2026-03-04 01:43:03 INFO cache miss
2026-03-04 01:43:05 INFO background job finished
2026-03-04 01:43:09 WARN cache miss
2026-03-04 01:43:13 INFO disk usage high
2026-03-04 01:43:15 WARN user logout
2026-03-04 01:43:17 INFO cache hit
2026-03-04 01:43:20 INFO user login ok
2026-03-04 01:43:24 INFO connection reset by peer
2026-03-04 01:43:28 INFO user login ok
2026-03-04 01:43:30 INFO user logout
2026-03-04 01:43:33 INFO user login ok
2026-03-04 01:43:35 INFO user login ok
2026-03-04 01:43:39 WARN cache miss
2026-03-04 01:43:43 INFO invalid token
2026-03-04 01:43:44 INFO user login ok
2026-03-04 01:43:47 INFO slow query detected
2026-03-04 01:43:49 INFO user login ok
2026-03-04 01:43:53 INFO disk usage high
2026-03-04 01:43:57 INFO user login ok
2026-03-04 01:43:58 WARN user login ok
2026-03-04 01:44:02 WARN cache hit
2026-03-04 01:44:06 INFO user logout
2026-03-04 01:44:08 WARN cache miss
2026-03-04 01:44:09 ERROR user logout
2026-03-04 01:44:10 ERROR slow query detected
2026-03-04 01:44:13 INFO user login ok
2026-03-04 01:44:17 WARN cache hit
2026-03-04 01:44:20 INFO connection reset by peer
2026-03-04 01:44:22 INFO user login ok
2026-03-04 01:44:24 INFO invalid token
2026-03-04 01:44:25 WARN user login ok
2026-03-04 01:44:26 INFO cache hit
2026-03-04 01:44:28 INFO slow query detected
2026-03-04 01:44:29 INFO slow query detected
2026-03-04 01:44:33 INFO connection reset by peer
2026-03-04 01:44:36 INFO user login ok
2026-03-04 01:44:38 WARN user logout
2026-03-04 01:44:42 INFO user login ok
2026-03-04 01:44:44 INFO config reloaded
2026-03-04 01:44:45 INFO database timeout
2026-03-04 01:44:48 INFO user login ok
2026-03-04 01:44:50 INFO user login ok
2026-03-04 01:44:54 WARN cache hit
2026-03-04 01:44:58 INFO disk usage high
2026-03-04 01:45:00 INFO cache hit
2026-03-04 01:45:01 WARN slow query detected
2026-03-04 01:45:04 INFO cache miss
2026-03-04 01:45:08 ERROR user logout
2026-03-04 01:45:09 INFO user logout
2026-03-04 01:45:13 INFO config reloaded
2026-03-04 01:45:15 INFO disk usage high
2026-03-04 01:45:19 WARN cache hit
2026-03-04 01:45:20 INFO user login ok
2026-03-04 01:45:24 WARN database timeout
2026-03-04 01:45:26 INFO cache hit
2026-03-04 01:45:29 INFO user logout
2026-03-04 01:45:32 INFO user login ok
2026-03-04 01:45:35 INFO user login ok
2026-03-04 01:45:38 INFO cache hit
2026-03-04 01:45:41 INFO user login ok
2026-03-04 01:45:45 INFO background job finished
2026-03-04 01:45:48 INFO user logout
2026-03-04 01:45:49 ERROR background job finished
2026-03-04 01:45:53 WARN slow query detected
2026-03-04 01:45:55 WARN user login ok
2026-03-04 01:45:59 INFO disk usage high
2026-03-04 01:46:00 INFO user logout
2026-03-04 01:46:02 INFO user login ok
2026-03-04 01:46:06 INFO user logout
2026-03-04 01:46:09 WARN user login ok
2026-03-04 01:46:13 INFO connection reset by peer
2026-03-04 01:46:17 INFO user login ok
2026-03-04 01:46:18 INFO user login ok
2026-03-04 01:46:20 ERROR database timeout
2026-03-04 01:46:24 INFO user logout
2026-03-04 01:46:28 INFO user login ok
2026-03-04 01:46:31 INFO user login ok
2026-03-04 01:46:34 INFO user login ok
2026-03-04 01:46:38 INFO config reloaded
2026-03-04 01:46:40 INFO background job finished
2026-03-04 01:46:44 WARN user login ok
2026-03-04 01:46:45 INFO cache hit
2026-03-04 01:46:46 INFO user login ok
2026-03-04 01:46:50 INFO user logout
2026-03-04 01:46:53 INFO user login ok
2026-03-04 01:46:56 INFO user login ok
2026-03-04 01:46:58 INFO user login ok
2026-03-04 01:47:02 INFO connection reset by peer
2026-03-04 01:47:06 INFO request handled
2026-03-04 01:47:08 INFO connection reset by peer
2026-03-04 01:47:11 INFO user login ok
2026-03-04 01:47:14 INFO database timeout
2026-03-04 01:47:16 INFO background job finished
2026-03-04 01:47:17 INFO user login ok
2026-03-04 01:47:20 INFO background job finished
2026-03-04 01:47:23 INFO request handled
2026-03-04 01:47:27 WARN connection reset by peer
2026-03-04 01:47:29 INFO user login ok
2026-03-04 01:47:33 INFO cache miss
2026-03-04 01:47:37 INFO user logout
2026-03-04 01:47:40 WARN disk usage high
2026-03-04 01:47:42 INFO connection reset by peer
2026-03-04 01:47:44 INFO user logout
2026-03-04 01:47:46 INFO user login ok
2026-03-04 01:47:50 INFO request handled
2026-03-04 01:47:51 INFO request handled
2026-03-04 01:47:54 WARN database timeout
2026-03-04 01:47:56 INFO cache hit
2026-03-04 01:48:00 INFO connection reset by peer
2026-03-04 01:48:02 INFO user logout
2026-03-04 01:48:03 INFO background job finished
2026-03-04 01:48:07 INFO user login ok
2026-03-04 01:48:11 INFO user login ok
2026-03-04 01:48:14 INFO request handled
2026-03-04 01:48:17 INFO cache hit
2026-03-04 01:48:19 INFO disk usage high
2026-03-04 01:48:20 INFO cache miss
2026-03-04 01:48:22 INFO cache miss
2026-03-04 01:48:23 INFO user login ok
2026-03-04 01:48:26 INFO invalid token
2026-03-04 01:48:30 INFO connection reset by peer
2026-03-04 01:48:32 INFO background job finished
2026-03-04 01:48:33 INFO config reloaded
2026-03-04 01:48:37 WARN user login ok
2026-03-04 01:48:40 INFO invalid token
2026-03-04 01:48:42 INFO disk usage high
2026-03-04 01:48:46 INFO user login ok
2026-03-04 01:48:48 INFO user login ok
2026-03-04 01:48:50 INFO user login ok
2026-03-04 01:48:51 INFO request handled
2026-03-04 01:48:52 WARN cache miss
2026-03-04 01:48:56 INFO disk usage high
2026-03-04 01:48:57 WARN cache miss
2026-03-04 01:48:58 INFO cache miss
2026-03-04 01:49:01 INFO config reloaded
2026-03-04 01:49:02 INFO cache miss
2026-03-04 01:49:05 ERROR connection reset by peer
2026-03-04 01:49:09 WARN invalid token
2026-03-04 01:49:10 INFO user login ok
2026-03-04 01:49:11 INFO user login ok
2026-03-04 01:49:14 INFO user login ok
2026-03-04 01:49:17 ERROR user login ok
2026-03-04 01:49:21 INFO request handled
2026-03-04 01:49:25 INFO cache miss
2026-03-04 01:49:28 INFO user logout
2026-03-04 01:49:32 INFO cache hit
2026-03-04 01:49:34 INFO slow query detected
2026-03-04 01:49:35 INFO cache miss
2026-03-04 01:49:36 INFO user login ok
2026-03-04 01:49:39 WARN background job finished
2026-03-04 01:49:43 INFO user login ok
2026-03-04 01:49:47 ERROR slow query detected
2026-03-04 01:49:49 INFO cache hit
2026-03-04 01:49:52 INFO invalid token
### повреждённая строка ###
2026-03-04 01:49:54 INFO disk usage high
2026-03-04 01:49:56 ERROR invalid token
2026-03-04 01:50:00 INFO user logout
2026-03-04 01:50:02 INFO user login ok
2026-03-04 01:50:03 INFO user login ok
2026-03-04 01:50:07 WARN slow query detected
2026-03-04 01:50:08 INFO connection reset by peer
2026-03-04 01:50:11 INFO cache miss
2026-03-04 01:50:14 INFO disk usage high
2026-03-04 01:50:18 INFO user logout
2026-03-04 01:50:19 INFO user login ok
2026-03-04 01:50:21 INFO user login ok
2026-03-04 01:50:25 WARN request handled
2026-03-04 01:50:26 ERROR disk usage high
2026-03-04 01:50:28 INFO slow query detected
2026-03-04 01:50:29 INFO cache hit
2026-03-04 01:50:33 INFO disk usage high
2026-03-04 01:50:36 INFO user login ok
2026-03-04 01:50:37 INFO user login ok
2026-03-04 01:50:39 INFO cache miss
2026-03-04 01:50:40 INFO invalid token
2026-03-04 01:50:43 INFO request handled
2026-03-04 01:50:44 INFO request handled
2026-03-04 01:50:48 WARN user login ok
2026-03-04 01:50:52 ERROR user login ok
2026-03-04 01:50:54 INFO user login ok
2026-03-04 01:50:57 INFO cache hit
2026-03-04 01:51:01 INFO user logout
2026-03-04 01:51:05 INFO disk usage high
2026-03-04 01:51:08 INFO user login ok
2026-03-04 01:51:09 INFO cache miss
2026-03-04 01:51:10 INFO cache hit
2026-03-04 01:51:13 ERROR user logout
2026-03-04 01:51:15 INFO request handled
2026-03-04 01:51:17 INFO connection reset by peer
2026-03-04 01:51:21 INFO user logout
2026-03-04 01:51:23 INFO connection reset by peer
2026-03-04 01:51:25 INFO user login ok
2026-03-04 01:51:29 INFO database timeout
2026-03-04 01:51:33 INFO cache miss
2026-03-04 01:51:36 INFO user login ok
2026-03-04 01:51:38 INFO request handled
2026-03-04 01:51:42 INFO user login ok
2026-03-04 01:51:43 WARN user login ok
2026-03-04 01:51:46 INFO disk usage high
2026-03-04 01:51:48 ERROR user login ok
2026-03-04 01:51:51 INFO user login ok
2026-03-04 01:51:54 INFO user login ok
2026-03-04 01:51:58 INFO cache miss
2026-03-04 01:52:00 INFO config reloaded
2026-03-04 01:52:02 INFO user login ok
2026-03-04 01:52:04 INFO user login ok
2026-03-04 01:52:07 INFO database timeout
### повреждённая строка ###
2026-03-04 01:52:10 ERROR cache hit
2026-03-04 01:52:12 INFO invalid token
2026-03-04 01:52:13 INFO user login ok
2026-03-04 01:52:17 INFO user login ok
2026-03-04 01:52:20 INFO invalid token
2026-03-04 01:52:23 INFO database timeout
2026-03-04 01:52:25 INFO cache hit
2026-03-04 01:52:28 INFO slow query detected
2026-03-04 01:52:29 INFO cache hit
2026-03-04 01:52:31 WARN database timeout
2026-03-04 01:52:32 INFO cache miss
2026-03-04 01:52:34 INFO database timeout
2026-03-04 01:52:35 INFO slow query detected
2026-03-04 01:52:39 WARN user login ok
2026-03-04 01:52:40 INFO user login ok
2026-03-04 01:52:43 INFO user login ok
2026-03-04 01:52:47 INFO user logout
2026-03-04 01:52:50 INFO user login ok
2026-03-04 01:52:51 ERROR user logout
2026-03-04 01:52:52 WARN user login ok
2026-03-04 01:52:55 INFO user logout
2026-03-04 01:52:58 INFO cache miss
2026-03-04 01:52:59 INFO request handled
2026-03-04 01:53:02 INFO database timeout
2026-03-04 01:53:04 INFO user login ok
2026-03-04 01:53:05 INFO config reloaded
2026-03-04 01:53:09 INFO cache miss
2026-03-04 01:53:13 INFO cache hit
2026-03-04 01:53:16 WARN user login ok
2026-03-04 01:53:19 INFO cache miss
2026-03-04 01:53:20 WARN user login ok
2026-03-04 01:53:22 WARN user logout
2026-03-04 01:53:23 INFO cache hit
2026-03-04 01:53:27 INFO cache miss
2026-03-04 01:53:31 WARN user login ok
2026-03-04 01:53:34 WARN user login ok
2026-03-04 01:53:37 INFO user login ok
2026-03-04 01:53:41 INFO user login ok
2026-03-04 01:53:43 INFO connection reset by peer
2026-03-04 01:53:46 ERROR database timeout
2026-03-04 01:53:49 INFO cache hit
2026-03-04 01:53:52 INFO user login ok
2026-03-04 01:53:56 INFO user logout
2026-03-04 01:53:59 INFO user login ok
2026-03-04 01:54:01 INFO cache miss
2026-03-04 01:54:05 INFO user logout
2026-03-04 01:54:07 INFO user login ok
2026-03-04 01:54:08 INFO background job finished
2026-03-04 01:54:12 INFO user login ok
2026-03-04 01:54:15 INFO database timeout
2026-03-04 01:54:16 INFO user logout
2026-03-04 01:54:18 WARN user login ok
2026-03-04 01:54:21 INFO cache miss
2026-03-04 01:54:22 INFO user logout
2026-03-04 01:54:25 INFO user logout
2026-03-04 01:54:26 INFO user login ok
2026-03-04 01:54:28 INFO user login ok
2026-03-04 01:54:31 INFO connection reset by peer
2026-03-04 01:54:32 INFO user login ok
2026-03-04 01:54:33 INFO database timeout
2026-03-04 01:54:36 INFO background job finished
2026-03-04 01:54:37 INFO user login ok
2026-03-04 01:54:39 INFO cache hit
2026-03-04 01:54:42 WARN user login ok
2026-03-04 01:54:45 INFO request handled
2026-03-04 01:54:48 INFO user login ok
2026-03-04 01:54:50 INFO database timeout
### повреждённая строка ###
2026-03-04 01:54:57 WARN request handled
2026-03-04 01:55:01 INFO user login ok
2026-03-04 01:55:03 INFO user login ok
2026-03-04 01:55:05 INFO cache miss
2026-03-04 01:55:07 INFO background job finished
2026-03-04 01:55:11 INFO connection reset by peer
2026-03-04 01:55:12 INFO user logout
2026-03-04 01:55:16 WARN user login ok
2026-03-04 01:55:17 INFO user login ok
2026-03-04 01:55:18 INFO slow query detected
2026-03-04 01:55:21 INFO cache hit
2026-03-04 01:55:23 INFO cache hit
2026-03-04 01:55:25 INFO slow query detected
2026-03-04 01:55:28 INFO cache miss
2026-03-04 01:55:29 INFO user logout
2026-03-04 01:55:33 INFO disk usage high
2026-03-04 01:55:36 INFO cache hit
2026-03-04 01:55:40 WARN background job finished
2026-03-04 01:55:41 INFO config reloaded
2026-03-04 01:55:45 INFO user logout
### повреждённая строка ###
2026-03-04 01:55:50 INFO user logout
2026-03-04 01:55:53 ERROR config reloaded
2026-03-04 01:55:54 INFO database timeout
2026-03-04 01:55:56 WARN connection reset by peer
2026-03-04 01:55:57 INFO slow query detected
2026-03-04 01:55:59 INFO user login ok
2026-03-04 01:56:03 INFO cache hit
2026-03-04 01:56:07 WARN slow query detected
2026-03-04 01:56:11 INFO cache hit
2026-03-04 01:56:13 WARN user login ok
2026-03-04 01:56:14 WARN background job finished
2026-03-04 01:56:15 INFO database timeout
2026-03-04 01:56:16 INFO user login ok
2026-03-04 01:56:20 INFO user login ok
2026-03-04 01:56:22 INFO user logout
2026-03-04 01:56:24 INFO user logout
2026-03-04 01:56:25 INFO user login ok
2026-03-04 01:56:28 WARN user login ok
2026-03-04 01:56:30 INFO user login ok
2026-03-04 01:56:31 INFO background job finished
2026-03-04 01:56:33 INFO request handled
2026-03-04 01:56:36 INFO user login ok
2026-03-04 01:56:40 INFO background job finished
2026-03-04 01:56:43 INFO user logout
2026-03-04 01:56:44 INFO cache miss
2026-03-04 01:56:48 WARN background job finished
2026-03-04 01:56:52 INFO cache hit
2026-03-04 01:56:53 WARN user login ok
2026-03-04 01:56:57 INFO disk usage high
2026-03-04 01:57:00 INFO slow query detected
### повреждённая строка ###
2026-03-04 01:57:03 INFO config reloaded
2026-03-04 01:57:07 INFO disk usage high
2026-03-04 01:57:10 INFO user logout
2026-03-04 01:57:13 INFO user login ok
2026-03-04 01:57:14 INFO database timeout
2026-03-04 01:57:16 INFO user logout
2026-03-04 01:57:19 INFO user login ok
2026-03-04 01:57:20 INFO user login ok
2026-03-04 01:57:22 INFO user login ok
2026-03-04 01:57:24 INFO config reloaded
2026-03-04 01:57:26 INFO cache miss
2026-03-04 01:57:27 INFO database timeout
2026-03-04 01:57:30 INFO user login ok
2026-03-04 01:57:34 INFO slow query detected
2026-03-04 01:57:35 INFO request handled
2026-03-04 01:57:39 INFO user logout
2026-03-04 01:57:43 INFO user logout
2026-03-04 01:57:45 INFO user login ok
2026-03-04 01:57:48 INFO cache miss
2026-03-04 01:57:51 INFO user logout
2026-03-04 01:57:53 INFO user login ok
2026-03-04 01:57:57 INFO user login ok
2026-03-04 01:58:00 INFO cache miss
2026-03-04 01:58:01 INFO user logout
2026-03-04 01:58:04 INFO cache miss
2026-03-04 01:58:06 WARN invalid token
2026-03-04 01:58:07 INFO background job finished
2026-03-04 01:58:10 INFO invalid token
2026-03-04 01:58:11 INFO cache miss
2026-03-04 01:58:13 ERROR cache hit
2026-03-04 01:58:15 WARN user login ok
2026-03-04 01:58:16 INFO cache hit
2026-03-04 01:58:19 ERROR cache miss
2026-03-04 01:58:22 ERROR config reloaded
2026-03-04 01:58:25 WARN slow query detected
2026-03-04 01:58:28 INFO database timeout
2026-03-04 01:58:29 INFO background job finished
2026-03-04 01:58:30 INFO user login ok
2026-03-04 01:58:33 INFO user logout
2026-03-04 01:58:36 INFO background job finished
2026-03-04 01:58:40 INFO user login ok
2026-03-04 01:58:44 INFO user login ok
2026-03-04 01:58:45 WARN user login ok
2026-03-04 01:58:49 WARN user login ok
2026-03-04 01:58:50 INFO disk usage high
2026-03-04 01:58:52 INFO invalid token
2026-03-04 01:58:56 INFO cache miss
2026-03-04 01:58:59 INFO connection reset by peer
2026-03-04 01:59:02 INFO config reloaded
2026-03-04 01:59:03 INFO cache miss
2026-03-04 01:59:07 INFO user login ok
2026-03-04 01:59:10 WARN user login ok
2026-03-04 01:59:13 INFO cache miss
2026-03-04 01:59:17 INFO background job finished
2026-03-04 01:59:21 INFO user login ok
2026-03-04 01:59:25 INFO request handled
### повреждённая строка ###
2026-03-04 01:59:30 WARN user logout
2026-03-04 01:59:33 WARN user logout
2026-03-04 01:59:37 INFO request handled
2026-03-04 01:59:41 INFO config reloaded
2026-03-04 01:59:44 INFO config reloaded
2026-03-04 01:59:46 INFO user login ok
2026-03-04 01:59:47 INFO user login ok
2026-03-04 01:59:48 WARN background job finished
2026-03-04 01:59:50 INFO user login ok
2026-03-04 01:59:53 INFO cache miss
2026-03-04 01:59:54 INFO request handled
2026-03-04 01:59:57 WARN request handled
2026-03-04 01:59:59 WARN user logout
2026-03-04 02:00:03 INFO user login ok
2026-03-04 02:00:06 INFO database timeout
2026-03-04 02:00:10 INFO config reloaded
2026-03-04 02:00:12 ERROR user login ok
2026-03-04 02:00:15 INFO user logout
2026-03-04 02:00:19 INFO cache hit
2026-03-04 02:00:20 INFO user login ok
2026-03-04 02:00:21 INFO user login ok
2026-03-04 02:00:25 WARN user login ok
2026-03-04 02:00:27 INFO request handled
2026-03-04 02:00:29 INFO disk usage high
2026-03-04 02:00:33 WARN database timeout
2026-03-04 02:00:34 INFO disk usage high
2026-03-04 02:00:35 INFO user login ok
2026-03-04 02:00:39 INFO request handled
2026-03-04 02:00:42 INFO user login ok
2026-03-04 02:00:44 INFO user login ok
2026-03-04 02:00:47 INFO request handled
2026-03-04 02:00:51 INFO connection reset by peer
2026-03-04 02:00:53 INFO user logout
2026-03-04 02:00:56 INFO user login ok
2026-03-04 02:00:59 INFO cache hit
2026-03-04 02:01:03 ERROR user login ok
2026-03-04 02:01:07 INFO user login ok
2026-03-04 02:01:10 WARN database timeout
2026-03-04 02:01:11 WARN config reloaded
### повреждённая строка ###
2026-03-04 02:01:17 INFO user login ok
2026-03-04 02:01:18 ERROR user logout
2026-03-04 02:01:20 WARN cache miss
2026-03-04 02:01:23 INFO cache hit
2026-03-04 02:01:24 INFO request handled
2026-03-04 02:01:26 INFO background job finished
2026-03-04 02:01:29 INFO user login ok
2026-03-04 02:01:33 INFO request handled
2026-03-04 02:01:35 INFO user login ok
2026-03-04 02:01:39 INFO slow query detected
2026-03-04 02:01:41 INFO slow query detected
2026-03-04 02:01:43 INFO disk usage high
2026-03-04 02:01:45 INFO user login ok
2026-03-04 02:01:49 ERROR database timeout
2026-03-04 02:01:51 INFO cache miss
2026-03-04 02:01:55 ERROR invalid token
2026-03-04 02:01:56 WARN config reloaded
2026-03-04 02:01:58 INFO background job finished
2026-03-04 02:02:02 INFO user login ok
2026-03-04 02:02:03 INFO disk usage high
2026-03-04 02:02:07 INFO user login ok
2026-03-04 02:02:11 INFO user login ok
2026-03-04 02:02:15 WARN user login ok
2026-03-04 02:02:18 INFO user login ok
2026-03-04 02:02:19 INFO cache hit
2026-03-04 02:02:23 INFO connection reset by peer
2026-03-04 02:02:24 INFO disk usage high
2026-03-04 02:02:25 WARN invalid token
2026-03-04 02:02:26 INFO user login ok
2026-03-04 02:02:27 INFO disk usage high
2026-03-04 02:02:30 INFO config reloaded
2026-03-04 02:02:31 INFO slow query detected
2026-03-04 02:02:33 INFO cache hit
2026-03-04 02:02:34 WARN user login ok
2026-03-04 02:02:38 INFO cache hit
2026-03-04 02:02:39 INFO disk usage high
2026-03-04 02:02:42 INFO request handled
2026-03-04 02:02:43 INFO user login ok
2026-03-04 02:02:44 WARN user logout
2026-03-04 02:02:46 INFO request handled
2026-03-04 02:02:47 INFO database timeout
2026-03-04 02:02:50 INFO cache hit
2026-03-04 02:02:52 INFO disk usage high
2026-03-04 02:02:55 INFO database timeout
### повреждённая строка ###
2026-03-04 02:03:01 INFO cache hit
2026-03-04 02:03:05 INFO cache hit
2026-03-04 02:03:08 INFO cache miss
2026-03-04 02:03:12 INFO disk usage high
2026-03-04 02:03:15 INFO user login ok
2026-03-04 02:03:18 INFO cache miss
2026-03-04 02:03:20 INFO cache miss
2026-03-04 02:03:21 INFO cache miss
2026-03-04 02:03:23 INFO disk usage high
2026-03-04 02:03:25 WARN user logout
2026-03-04 02:03:26 INFO user login ok
2026-03-04 02:03:30 INFO user login ok
### повреждённая строка ###
2026-03-04 02:03:33 INFO invalid token
2026-03-04 02:03:35 INFO slow query detected
2026-03-04 02:03:37 INFO request handled
2026-03-04 02:03:39 INFO cache hit
2026-03-04 02:03:41 INFO user logout
2026-03-04 02:03:44 INFO user logout
2026-03-04 02:03:48 INFO request handled
2026-03-04 02:03:51 INFO user login ok
2026-03-04 02:03:53 INFO config reloaded
2026-03-04 02:03:56 INFO config reloaded
2026-03-04 02:03:59 INFO database timeout
2026-03-04 02:04:00 INFO slow query detected
2026-03-04 02:04:02 INFO user logout
2026-03-04 02:04:06 WARN cache miss
2026-03-04 02:04:09 INFO user logout
2026-03-04 02:04:13 WARN user login ok
2026-03-04 02:04:16 INFO background job finished
2026-03-04 02:04:20 INFO cache hit
2026-03-04 02:04:21 INFO user logout
2026-03-04 02:04:25 WARN disk usage high
2026-03-04 02:04:26 INFO cache miss
2026-03-04 02:04:27 WARN user login ok
2026-03-04 02:04:30 INFO user logout
2026-03-04 02:04:32 INFO request handled
2026-03-04 02:04:33 INFO user login ok
2026-03-04 02:04:35 WARN user logout
2026-03-04 02:04:37 INFO cache miss
2026-03-04 02:04:39 INFO user logout
2026-03-04 02:04:43 INFO request handled
2026-03-04 02:04:44 INFO invalid token
2026-03-04 02:04:47 WARN user login ok
2026-03-04 02:04:49 WARN user logout
2026-03-04 02:04:51 INFO cache miss
2026-03-04 02:04:52 INFO user login ok
2026-03-04 02:04:54 INFO config reloaded
2026-03-04 02:04:55 INFO request handled
### повреждённая строка ###
2026-03-04 02:04:59 INFO slow query detected
2026-03-04 02:05:02 INFO user login ok
2026-03-04 02:05:04 INFO slow query detected
2026-03-04 02:05:05 INFO request handled
2026-03-04 02:05:07 INFO slow query detected
2026-03-04 02:05:11 WARN user login ok
2026-03-04 02:05:15 INFO request handled
2026-03-04 02:05:17 INFO request handled
2026-03-04 02:05:21 INFO background job finished
2026-03-04 02:05:23 WARN user logout
2026-03-04 02:05:27 INFO user logout
2026-03-04 02:05:31 INFO disk usage high
2026-03-04 02:05:35 INFO config reloaded
2026-03-04 02:05:39 INFO cache miss
2026-03-04 02:05:42 INFO user logout
2026-03-04 02:05:43 WARN cache miss
2026-03-04 02:05:47 INFO database timeout
2026-03-04 02:05:50 INFO cache miss
2026-03-04 02:05:54 WARN request handled
2026-03-04 02:05:58 INFO cache hit
2026-03-04 02:06:01 INFO user logout
2026-03-04 02:06:04 INFO disk usage high
2026-03-04 02:06:06 INFO user logout
2026-03-04 02:06:08 INFO user login ok
2026-03-04 02:06:10 INFO connection reset by peer
2026-03-04 02:06:14 INFO config reloaded
2026-03-04 02:06:17 INFO cache miss
2026-03-04 02:06:18 INFO cache hit
2026-03-04 02:06:21 INFO request handled
2026-03-04 02:06:24 INFO cache miss
2026-03-04 02:06:25 INFO database timeout
2026-03-04 02:06:28 INFO cache miss
2026-03-04 02:06:29 INFO database timeout
2026-03-04 02:06:32 INFO disk usage high
2026-03-04 02:06:35 WARN cache hit
2026-03-04 02:06:38 ERROR cache hit
2026-03-04 02:06:41 INFO user login ok
2026-03-04 02:06:43 WARN user logout
2026-03-04 02:06:45 INFO user login ok
2026-03-04 02:06:49 INFO background job finished
2026-03-04 02:06:51 INFO connection reset by peer
2026-03-04 02:06:53 INFO user login ok
2026-03-04 02:06:55 INFO cache miss
2026-03-04 02:06:56 INFO user login ok
2026-03-04 02:07:00 INFO user logout
2026-03-04 02:07:03 INFO cache miss
2026-03-04 02:07:05 INFO cache hit
2026-03-04 02:07:09 INFO user login ok
2026-03-04 02:07:10 INFO user logout
2026-03-04 02:07:12 INFO cache miss
2026-03-04 02:07:15 INFO invalid token
2026-03-04 02:07:18 INFO user logout
2026-03-04 02:07:22 INFO config reloaded
2026-03-04 02:07:26 INFO config reloaded
2026-03-04 02:07:28 INFO config reloaded
2026-03-04 02:07:31 INFO request handled
2026-03-04 02:07:35 INFO slow query detected
2026-03-04 02:07:39 INFO config reloaded
2026-03-04 02:07:41 ERROR slow query detected
2026-03-04 02:07:44 INFO cache hit
2026-03-04 02:07:48 INFO background job finished
2026-03-04 02:07:51 INFO user logout
2026-03-04 02:07:53 INFO connection reset by peer
2026-03-04 02:07:54 INFO slow query detected
2026-03-04 02:07:58 INFO user logout
2026-03-04 02:08:01 INFO user login ok
2026-03-04 02:08:05 INFO user login ok
2026-03-04 02:08:07 INFO user login ok
2026-03-04 02:08:10 INFO connection reset by peer
2026-03-04 02:08:11 INFO user login ok
2026-03-04 02:08:15 INFO database timeout
2026-03-04 02:08:17 INFO user logout
2026-03-04 02:08:21 INFO user logout
2026-03-04 02:08:24 INFO config reloaded
2026-03-04 02:08:28 INFO user logout
2026-03-04 02:08:31 WARN user login ok
2026-03-04 02:08:35 INFO user login ok
2026-03-04 02:08:39 INFO user logout
2026-03-04 02:08:43 INFO config reloaded
2026-03-04 02:08:46 INFO user logout
2026-03-04 02:08:49 INFO user login ok
2026-03-04 02:08:50 INFO slow query detected
2026-03-04 02:08:51 INFO user logout
2026-03-04 02:08:53 INFO database timeout
2026-03-04 02:08:56 INFO cache hit
2026-03-04 02:08:57 INFO connection reset by peer
2026-03-04 02:08:59 INFO invalid token
2026-03-04 02:09:03 INFO request handled
2026-03-04 02:09:04 INFO user logout
2026-03-04 02:09:06 INFO cache miss
2026-03-04 02:09:10 INFO user login ok
### повреждённая строка ###
2026-03-04 02:09:18 INFO cache hit
2026-03-04 02:09:20 INFO background job finished
2026-03-04 02:09:24 INFO invalid token
2026-03-04 02:09:27 INFO cache hit
2026-03-04 02:09:30 INFO request handled
2026-03-04 02:09:33 INFO user login ok
2026-03-04 02:09:36 INFO user logout
2026-03-04 02:09:40 INFO cache hit
2026-03-04 02:09:42 WARN background job finished
2026-03-04 02:09:46 INFO background job finished
2026-03-04 02:09:49 INFO user login ok
2026-03-04 02:09:53 ERROR invalid token
2026-03-04 02:09:57 INFO user login ok
2026-03-04 02:10:01 INFO invalid token
2026-03-04 02:10:02 WARN cache miss
2026-03-04 02:10:03 INFO user login ok
2026-03-04 02:10:05 INFO request handled
2026-03-04 02:10:07 INFO cache hit
2026-03-04 02:10:09 INFO disk usage high
2026-03-04 02:10:13 INFO user login ok
2026-03-04 02:10:14 INFO user login ok
2026-03-04 02:10:15 WARN user login ok
2026-03-04 02:10:18 INFO config reloaded
2026-03-04 02:10:19 INFO user logout
2026-03-04 02:10:20 INFO background job finished
2026-03-04 02:10:22 INFO user logout
### повреждённая строка ###
2026-03-04 02:10:29 INFO request handled
2026-03-04 02:10:33 INFO config reloaded
2026-03-04 02:10:36 INFO user login ok
2026-03-04 02:10:40 INFO connection reset by peer
2026-03-04 02:10:42 ERROR request handled
2026-03-04 02:10:44 INFO cache miss
2026-03-04 02:10:46 INFO user logout
2026-03-04 02:10:49 WARN cache hit
2026-03-04 02:10:51 WARN user login ok
2026-03-04 02:10:52 WARN user login ok
2026-03-04 02:10:55 INFO user logout
2026-03-04 02:10:58 WARN user login ok
2026-03-04 02:11:02 INFO disk usage high
2026-03-04 02:11:05 WARN user logout
2026-03-04 02:11:06 ERROR user logout
2026-03-04 02:11:08 INFO user login ok
2026-03-04 02:11:10 INFO user login ok
2026-03-04 02:11:12 INFO user logout
2026-03-04 02:11:14 INFO cache miss
2026-03-04 02:11:15 INFO invalid token
2026-03-04 02:11:17 WARN cache hit
2026-03-04 02:11:18 INFO user login ok
2026-03-04 02:11:20 INFO request handled
2026-03-04 02:11:23 INFO user login ok
2026-03-04 02:11:24 INFO invalid token
2026-03-04 02:11:26 INFO database timeout
2026-03-04 02:11:28 WARN user login ok
2026-03-04 02:11:31 INFO user login ok
2026-03-04 02:11:35 INFO user login ok
2026-03-04 02:11:37 WARN user logout
2026-03-04 02:11:39 INFO connection reset by peer
2026-03-04 02:11:40 INFO request handled
2026-03-04 02:11:43 WARN request handled
2026-03-04 02:11:45 INFO cache hit
2026-03-04 02:11:48 INFO user login ok
2026-03-04 02:11:52 WARN slow query detected
2026-03-04 02:11:56 WARN cache miss
2026-03-04 02:11:58 INFO user login ok
2026-03-04 02:12:01 INFO invalid token
2026-03-04 02:12:02 INFO cache miss
2026-03-04 02:12:03 INFO user login ok
2026-03-04 02:12:06 INFO database timeout
2026-03-04 02:12:10 INFO cache hit
2026-03-04 02:12:12 INFO invalid token
2026-03-04 02:12:14 WARN user login ok
2026-03-04 02:12:15 INFO cache hit
2026-03-04 02:12:19 INFO invalid token
2026-03-04 02:12:21 INFO request handled
2026-03-04 02:12:24 INFO cache hit
2026-03-04 02:12:26 WARN user login ok
2026-03-04 02:12:29 INFO user login ok
2026-03-04 02:12:31 INFO background job finished
2026-03-04 02:12:35 INFO user login ok
2026-03-04 02:12:36 WARN disk usage high
2026-03-04 02:12:40 INFO disk usage high
2026-03-04 02:12:42 INFO invalid token
2026-03-04 02:12:44 INFO user login ok
2026-03-04 02:12:46 INFO cache miss
2026-03-04 02:12:49 WARN disk usage high
2026-03-04 02:12:52 INFO cache miss
2026-03-04 02:12:54 WARN database timeout
2026-03-04 02:12:56 INFO cache hit
2026-03-04 02:12:57 INFO background job finished
2026-03-04 02:12:59 WARN cache miss
2026-03-04 02:13:02 INFO user logout
2026-03-04 02:13:04 WARN user login ok
2026-03-04 02:13:05 INFO user login ok
2026-03-04 02:13:07 INFO config reloaded
2026-03-04 02:13:10 INFO background job finished
2026-03-04 02:13:14 INFO user login ok
2026-03-04 02:13:15 INFO cache hit
2026-03-04 02:13:18 INFO connection reset by peer
2026-03-04 02:13:21 INFO background job finished
2026-03-04 02:13:24 INFO slow query detected
2026-03-04 02:13:26 WARN database timeout
2026-03-04 02:13:27 INFO config reloaded
2026-03-04 02:13:28 INFO request handled
2026-03-04 02:13:32 INFO config reloaded
2026-03-04 02:13:33 INFO cache hit
2026-03-04 02:13:37 INFO slow query detected
2026-03-04 02:13:39 INFO cache hit
2026-03-04 02:13:43 INFO user login ok
2026-03-04 02:13:44 WARN invalid token
2026-03-04 02:13:45 INFO user login ok
2026-03-04 02:13:48 WARN user login ok
2026-03-04 02:13:49 INFO user login ok
2026-03-04 02:13:50 INFO user login ok
2026-03-04 02:13:54 INFO slow query detected
2026-03-04 02:13:58 INFO user login ok
2026-03-04 02:14:00 INFO request handled
2026-03-04 02:14:04 INFO user logout
2026-03-04 02:14:05 WARN connection reset by peer
2026-03-04 02:14:09 INFO database timeout
2026-03-04 02:14:10 WARN cache hit
2026-03-04 02:14:13 ERROR config reloaded
2026-03-04 02:14:14 INFO cache hit
2026-03-04 02:14:18 INFO cache hit
2026-03-04 02:14:19 INFO invalid token
2026-03-04 02:14:20 INFO user logout
2026-03-04 02:14:24 INFO background job finished
2026-03-04 02:14:26 INFO background job finished
2026-03-04 02:14:28 INFO user logout
2026-03-04 02:14:31 INFO cache hit
2026-03-04 02:14:32 INFO config reloaded
2026-03-04 02:14:33 INFO disk usage high
2026-03-04 02:14:36 INFO database timeout
2026-03-04 02:14:40 WARN user logout
2026-03-04 02:14:44 INFO user login ok
2026-03-04 02:14:48 WARN config reloaded
2026-03-04 02:14:51 INFO disk usage high
2026-03-04 02:14:53 INFO user login ok
2026-03-04 02:14:55 INFO user logout
2026-03-04 02:14:58 WARN user login ok
2026-03-04 02:14:59 INFO config reloaded
2026-03-04 02:15:02 INFO invalid token
2026-03-04 02:15:06 INFO user logout
2026-03-04 02:15:09 INFO invalid token
2026-03-04 02:15:10 INFO user login ok
2026-03-04 02:15:11 INFO user logout
2026-03-04 02:15:15 INFO user login ok
2026-03-04 02:15:18 ERROR user login ok
2026-03-04 02:15:21 INFO user login ok
2026-03-04 02:15:23 INFO user logout
2026-03-04 02:15:26 WARN config reloaded
2026-03-04 02:15:30 INFO disk usage high
2026-03-04 02:15:31 INFO cache miss
2026-03-04 02:15:34 INFO database timeout
2026-03-04 02:15:35 INFO user login ok
2026-03-04 02:15:38 INFO config reloaded
2026-03-04 02:15:41 INFO cache miss
2026-03-04 02:15:45 ERROR user login ok
2026-03-04 02:15:48 INFO user login ok
2026-03-04 02:15:51 INFO user login ok
2026-03-04 02:15:53 INFO user logout
2026-03-04 02:15:54 INFO cache miss
2026-03-04 02:15:57 INFO connection reset by peer
2026-03-04 02:15:58 WARN slow query detected
2026-03-04 02:16:00 INFO disk usage high
2026-03-04 02:16:03 INFO disk usage high
2026-03-04 02:16:07 INFO cache miss
2026-03-04 02:16:09 INFO user login ok
2026-03-04 02:16:13 INFO database timeout
2026-03-04 02:16:15 INFO cache miss
2026-03-04 02:16:18 INFO background job finished
2026-03-04 02:16:21 WARN slow query detected
2026-03-04 02:16:24 INFO cache miss
2026-03-04 02:16:27 INFO user logout
2026-03-04 02:16:30 INFO background job finished
2026-03-04 02:16:34 INFO user login ok
2026-03-04 02:16:36 WARN user logout
2026-03-04 02:16:38 INFO request handled
2026-03-04 02:16:40 INFO user login ok
2026-03-04 02:16:43 INFO user login ok
2026-03-04 02:16:45 INFO cache miss
2026-03-04 02:16:48 INFO cache hit
2026-03-04 02:16:52 ERROR cache hit
2026-03-04 02:16:53 INFO invalid token
2026-03-04 02:16:56 INFO user login ok
2026-03-04 02:17:00 WARN user login ok
2026-03-04 02:17:04 INFO request handled
2026-03-04 02:17:08 INFO cache miss
2026-03-04 02:17:10 INFO user login ok
2026-03-04 02:17:13 WARN background job finished
2026-03-04 02:17:15 INFO user login ok
2026-03-04 02:17:17 WARN user login ok
2026-03-04 02:17:20 INFO config reloaded
2026-03-04 02:17:24 INFO config reloaded
2026-03-04 02:17:25 INFO user login ok
2026-03-04 02:17:27 INFO cache miss
2026-03-04 02:17:30 WARN cache miss
2026-03-04 02:17:33 INFO connection reset by peer
2026-03-04 02:17:36 INFO user logout
2026-03-04 02:17:37 WARN user logout
2026-03-04 02:17:41 INFO background job finished
2026-03-04 02:17:45 INFO user login ok
2026-03-04 02:17:49 INFO user login ok
2026-03-04 02:17:53 INFO slow query detected
2026-03-04 02:17:54 INFO user login ok
2026-03-04 02:17:55 INFO config reloaded
2026-03-04 02:17:57 ERROR slow query detected
2026-03-04 02:18:00 ERROR user login ok
2026-03-04 02:18:04 INFO user login ok
2026-03-04 02:18:07 INFO database timeout
2026-03-04 02:18:11 INFO slow query detected
2026-03-04 02:18:15 WARN cache hit
2026-03-04 02:18:17 INFO slow query detected
2026-03-04 02:18:19 INFO connection reset by peer
2026-03-04 02:18:23 INFO cache hit
2026-03-04 02:18:26 INFO user login ok
2026-03-04 02:18:30 INFO user login ok
2026-03-04 02:18:32 INFO slow query detected
2026-03-04 02:18:35 INFO user login ok
2026-03-04 02:18:38 INFO user logout
2026-03-04 02:18:40 WARN database timeout
2026-03-04 02:18:42 INFO request handled
2026-03-04 02:18:45 INFO user login ok
2026-03-04 02:18:46 INFO user login ok
2026-03-04 02:18:47 INFO invalid token
2026-03-04 02:18:51 INFO user login ok
2026-03-04 02:18:55 INFO cache hit
2026-03-04 02:18:57 INFO user logout
2026-03-04 02:19:00 INFO user login ok
2026-03-04 02:19:04 INFO user logout
2026-03-04 02:19:08 INFO user logout
2026-03-04 02:19:11 INFO user login ok
2026-03-04 02:19:14 WARN user login ok
2026-03-04 02:19:15 INFO cache hit
2026-03-04 02:19:19 ERROR cache miss
2026-03-04 02:19:21 INFO request handled
2026-03-04 02:19:23 WARN user logout
2026-03-04 02:19:25 INFO connection reset by peer
2026-03-04 02:19:29 WARN connection reset by peer
2026-03-04 02:19:33 INFO disk usage high
2026-03-04 02:19:35 INFO background job finished
2026-03-04 02:19:39 INFO user login ok
2026-03-04 02:19:43 INFO user login ok
2026-03-04 02:19:46 WARN user login ok
2026-03-04 02:19:50 INFO disk usage high
2026-03-04 02:19:53 INFO user logout
2026-03-04 02:19:57 INFO cache miss
2026-03-04 02:19:58 INFO cache hit
2026-03-04 02:20:02 INFO user logout
2026-03-04 02:20:03 INFO cache miss
2026-03-04 02:20:07 INFO user login ok
2026-03-04 02:20:08 INFO cache miss
2026-03-04 02:20:11 INFO invalid token
2026-03-04 02:20:12 INFO background job finished
2026-03-04 02:20:13 WARN user login ok
2026-03-04 02:20:17 INFO cache hit
2026-03-04 02:20:18 INFO cache miss
2026-03-04 02:20:22 INFO connection reset by peer
2026-03-04 02:20:23 ERROR user login ok
2026-03-04 02:20:27 INFO cache hit
2026-03-04 02:20:30 INFO user login ok
2026-03-04 02:20:32 INFO user login ok
2026-03-04 02:20:33 INFO request handled
2026-03-04 02:20:36 WARN user login ok
2026-03-04 02:20:39 INFO cache hit
2026-03-04 02:20:40 INFO cache hit
2026-03-04 02:20:41 WARN user login ok
2026-03-04 02:20:43 INFO user logout
2026-03-04 02:20:44 INFO user logout
2026-03-04 02:20:45 INFO invalid token
2026-03-04 02:20:48 INFO request handled
2026-03-04 02:20:51 INFO connection reset by peer
2026-03-04 02:20:55 INFO cache hit
2026-03-04 02:20:58 INFO cache miss
2026-03-04 02:21:01 INFO slow query detected
2026-03-04 02:21:04 INFO user logout
2026-03-04 02:21:08 ERROR request handled
2026-03-04 02:21:10 INFO user login ok
2026-03-04 02:21:13 INFO slow query detected
2026-03-04 02:21:17 WARN cache miss
2026-03-04 02:21:20 ERROR background job finished
2026-03-04 02:21:24 INFO user login ok
2026-03-04 02:21:27 INFO cache hit
2026-03-04 02:21:30 WARN user login ok
2026-03-04 02:21:32 INFO request handled
2026-03-04 02:21:35 WARN user login ok
2026-03-04 02:21:39 ERROR request handled
2026-03-04 02:21:43 INFO invalid token
2026-03-04 02:21:45 INFO user login ok
2026-03-04 02:21:46 INFO request handled
### повреждённая строка ###
2026-03-04 02:21:49 INFO database timeout
2026-03-04 02:21:51 ERROR cache hit
2026-03-04 02:21:55 INFO config reloaded
2026-03-04 02:21:56 WARN slow query detected
2026-03-04 02:21:59 WARN cache hit
2026-03-04 02:22:03 INFO database timeout
2026-03-04 02:22:05 INFO config reloaded
2026-03-04 02:22:09 INFO user login ok
2026-03-04 02:22:10 INFO user login ok
2026-03-04 02:22:12 INFO cache miss
2026-03-04 02:22:16 INFO cache hit
2026-03-04 02:22:19 ERROR request handled
2026-03-04 02:22:21 INFO user login ok
2026-03-04 02:22:22 INFO cache hit
2026-03-04 02:22:24 INFO user login ok
2026-03-04 02:22:25 INFO config reloaded
2026-03-04 02:22:26 WARN disk usage high
2026-03-04 02:22:27 INFO user login ok
2026-03-04 02:22:30 INFO cache miss
2026-03-04 02:22:31 INFO user login ok
2026-03-04 02:22:33 INFO cache hit
2026-03-04 02:22:35 WARN invalid token
2026-03-04 02:22:37 INFO connection reset by peer
2026-03-04 02:22:38 INFO connection reset by peer
2026-03-04 02:22:42 INFO cache hit
2026-03-04 02:22:46 INFO user login ok
2026-03-04 02:22:50 INFO background job finished
2026-03-04 02:22:54 INFO user login ok
2026-03-04 02:22:55 INFO cache hit
2026-03-04 02:22:59 INFO user login ok
2026-03-04 02:23:03 INFO user logout
2026-03-04 02:23:07 INFO user logout
2026-03-04 02:23:11 WARN user login ok
2026-03-04 02:23:15 INFO cache hit
2026-03-04 02:23:19 INFO cache miss
2026-03-04 02:23:21 INFO user login ok
2026-03-04 02:23:24 INFO disk usage high
2026-03-04 02:23:28 INFO user login ok
2026-03-04 02:23:30 INFO user login ok
2026-03-04 02:23:33 INFO user login ok
2026-03-04 02:23:34 INFO cache hit
2026-03-04 02:23:37 INFO user logout
2026-03-04 02:23:40 INFO user login ok
2026-03-04 02:23:44 INFO cache miss
2026-03-04 02:23:48 WARN cache hit
2026-03-04 02:23:52 INFO disk usage high
2026-03-04 02:23:56 INFO config reloaded
2026-03-04 02:23:58 ERROR user login ok
2026-03-04 02:23:59 ERROR user login ok
2026-03-04 02:24:00 INFO connection reset by peer
2026-03-04 02:24:04 ERROR user login ok
2026-03-04 02:24:07 INFO user login ok
2026-03-04 02:24:08 INFO cache miss
2026-03-04 02:24:11 INFO disk usage high
2026-03-04 02:24:13 INFO request handled
2026-03-04 02:24:14 INFO user login ok
2026-03-04 02:24:15 INFO user login ok
2026-03-04 02:24:18 INFO user login ok
2026-03-04 02:24:19 INFO user login ok
2026-03-04 02:24:21 WARN config reloaded
2026-03-04 02:24:24 INFO user logout
2026-03-04 02:24:25 INFO disk usage high
2026-03-04 02:24:26 INFO invalid token
2026-03-04 02:24:29 WARN user logout
2026-03-04 02:24:33 INFO database timeout
2026-03-04 02:24:34 INFO user login ok
2026-03-04 02:24:37 WARN user login ok
2026-03-04 02:24:39 INFO user logout
2026-03-04 02:24:41 INFO invalid token
2026-03-04 02:24:44 INFO user login ok
2026-03-04 02:24:45 INFO cache miss
2026-03-04 02:24:47 WARN user login ok
2026-03-04 02:24:51 INFO request handled
2026-03-04 02:24:54 INFO slow query detected
2026-03-04 02:24:56 INFO user logout
2026-03-04 02:24:59 INFO cache miss
2026-03-04 02:25:00 WARN cache hit
2026-03-04 02:25:03 INFO user logout
2026-03-04 02:25:05 INFO database timeout
2026-03-04 02:25:06 INFO user login ok
2026-03-04 02:25:09 INFO background job finished
2026-03-04 02:25:11 INFO user login ok
2026-03-04 02:25:13 INFO config reloaded
2026-03-04 02:25:15 INFO user logout
2026-03-04 02:25:16 ERROR user login ok
2026-03-04 02:25:19 INFO user logout
2026-03-04 02:25:22 WARN user logout
2026-03-04 02:25:25 INFO connection reset by peer
2026-03-04 02:25:27 INFO user login ok
2026-03-04 02:25:29 WARN disk usage high
2026-03-04 02:25:31 INFO connection reset by peer
2026-03-04 02:25:32 INFO config reloaded
2026-03-04 02:25:35 INFO cache hit
2026-03-04 02:25:38 WARN cache hit
2026-03-04 02:25:42 INFO config reloaded
2026-03-04 02:25:44 WARN database timeout
2026-03-04 02:25:46 INFO user login ok
2026-03-04 02:25:49 INFO slow query detected
2026-03-04 02:25:50 INFO invalid token
2026-03-04 02:25:54 INFO slow query detected
2026-03-04 02:25:56 INFO user login ok
2026-03-04 02:25:57 INFO user login ok
2026-03-04 02:26:01 INFO user logout
2026-03-04 02:26:05 WARN request handled
2026-03-04 02:26:09 INFO database timeout
2026-03-04 02:26:13 INFO user login ok
2026-03-04 02:26:17 INFO request handled
2026-03-04 02:26:19 INFO user logout
2026-03-04 02:26:21 INFO slow query detected
2026-03-04 02:26:24 INFO user logout
2026-03-04 02:26:26 INFO cache hit
2026-03-04 02:26:29 INFO user logout
2026-03-04 02:26:33 INFO request handled
2026-03-04 02:26:37 INFO config reloaded
2026-03-04 02:26:40 INFO cache miss
2026-03-04 02:26:43 INFO cache hit
2026-03-04 02:26:44 INFO user login ok
2026-03-04 02:26:45 INFO request handled
2026-03-04 02:26:48 INFO slow query detected
2026-03-04 02:26:50 INFO user login ok
2026-03-04 02:26:53 INFO invalid token
2026-03-04 02:26:57 INFO config reloaded
2026-03-04 02:27:00 INFO user logout
2026-03-04 02:27:03 INFO cache hit
2026-03-04 02:27:07 INFO user login ok
2026-03-04 02:27:08 INFO user logout
2026-03-04 02:27:12 INFO background job finished
2026-03-04 02:27:14 INFO database timeout
2026-03-04 02:27:17 INFO user login ok
2026-03-04 02:27:21 INFO user login ok
2026-03-04 02:27:25 INFO user login ok
2026-03-04 02:27:28 INFO cache miss
2026-03-04 02:27:31 ERROR connection reset by peer
2026-03-04 02:27:35 INFO cache hit
2026-03-04 02:27:36 INFO user login ok
2026-03-04 02:27:37 WARN request handled
2026-03-04 02:27:40 INFO user login ok
2026-03-04 02:27:43 INFO cache hit
2026-03-04 02:27:46 INFO user logout
2026-03-04 02:27:48 INFO user login ok
2026-03-04 02:27:51 ERROR database timeout
2026-03-04 02:27:53 WARN user logout
2026-03-04 02:27:55 INFO invalid token
2026-03-04 02:27:59 INFO slow query detected
2026-03-04 02:28:00 WARN user login ok
2026-03-04 02:28:03 INFO user login ok
2026-03-04 02:28:05 ERROR config reloaded
2026-03-04 02:28:06 INFO user login ok
2026-03-04 02:28:10 INFO request handled
2026-03-04 02:28:11 INFO request handled
2026-03-04 02:28:14 INFO disk usage high
2026-03-04 02:28:18 INFO invalid token
2026-03-04 02:28:19 WARN cache hit
2026-03-04 02:28:21 INFO user logout
2026-03-04 02:28:25 INFO cache miss
2026-03-04 02:28:29 INFO request handled
2026-03-04 02:28:33 INFO database timeout
2026-03-04 02:28:36 INFO user logout
2026-03-04 02:28:38 INFO user login ok
2026-03-04 02:28:41 INFO cache hit
2026-03-04 02:28:44 INFO request handled
2026-03-04 02:28:46 INFO slow query detected
2026-03-04 02:28:50 INFO user login ok
2026-03-04 02:28:53 INFO cache hit
2026-03-04 02:28:57 INFO request handled
2026-03-04 02:29:01 WARN user login ok
2026-03-04 02:29:03 INFO user logout
2026-03-04 02:29:06 INFO user login ok
2026-03-04 02:29:07 INFO disk usage high
2026-03-04 02:29:09 INFO cache hit
2026-03-04 02:29:13 INFO user login ok
2026-03-04 02:29:16 INFO user login ok
2026-03-04 02:29:19 INFO user login ok
2026-03-04 02:29:21 INFO config reloaded
2026-03-04 02:29:24 WARN slow query detected
2026-03-04 02:29:25 INFO user logout
2026-03-04 02:29:26 INFO user logout
2026-03-04 02:29:27 INFO user logout
2026-03-04 02:29:28 ERROR user logout
2026-03-04 02:29:31 INFO user login ok
2026-03-04 02:29:34 WARN cache hit
2026-03-04 02:29:36 WARN request handled
2026-03-04 02:29:37 INFO user login ok
2026-03-04 02:29:40 INFO cache miss
2026-03-04 02:29:43 WARN database timeout
2026-03-04 02:29:45 INFO invalid token
2026-03-04 02:29:47 INFO disk usage high
2026-03-04 02:29:48 INFO user login ok
2026-03-04 02:29:49 INFO user logout
2026-03-04 02:29:51 INFO disk usage high
2026-03-04 02:29:53 INFO slow query detected
2026-03-04 02:29:56 INFO config reloaded
2026-03-04 02:29:57 INFO user login ok
2026-03-04 02:29:58 INFO disk usage high
2026-03-04 02:30:01 INFO user login ok
2026-03-04 02:30:05 ERROR database timeout
2026-03-04 02:30:06 INFO slow query detected
2026-03-04 02:30:08 INFO user logout
2026-03-04 02:30:12 INFO connection reset by peer
2026-03-04 02:30:13 WARN user login ok
2026-03-04 02:30:17 INFO user login ok
2026-03-04 02:30:18 ERROR invalid token
2026-03-04 02:30:21 INFO user login ok
2026-03-04 02:30:23 INFO user logout
2026-03-04 02:30:26 INFO user login ok
2026-03-04 02:30:29 INFO disk usage high
2026-03-04 02:30:31 WARN cache hit
2026-03-04 02:30:35 INFO user login ok
2026-03-04 02:30:36 INFO cache miss
2026-03-04 02:30:39 INFO slow query detected
2026-03-04 02:30:43 ERROR user login ok
2026-03-04 02:30:45 WARN user logout
2026-03-04 02:30:48 INFO cache hit
2026-03-04 02:30:51 WARN user login ok
2026-03-04 02:30:55 INFO user login ok
2026-03-04 02:30:59 ERROR cache hit
2026-03-04 02:31:01 INFO user login ok
2026-03-04 02:31:05 INFO invalid token
2026-03-04 02:31:06 INFO disk usage high
2026-03-04 02:31:07 INFO background job finished
2026-03-04 02:31:11 INFO connection reset by peer
2026-03-04 02:31:12 INFO config reloaded
2026-03-04 02:31:14 INFO connection reset by peer
2026-03-04 02:31:15 INFO cache miss
2026-03-04 02:31:17 INFO config reloaded
2026-03-04 02:31:18 INFO user login ok
2026-03-04 02:31:20 INFO user login ok
2026-03-04 02:31:22 INFO cache hit
2026-03-04 02:31:23 WARN user login ok
2026-03-04 02:31:26 INFO cache hit
2026-03-04 02:31:28 INFO slow query detected
2026-03-04 02:31:29 INFO user login ok
2026-03-04 02:31:30 INFO user login ok
2026-03-04 02:31:31 WARN slow query detected
2026-03-04 02:31:34 INFO user login ok
2026-03-04 02:31:38 INFO cache hit
2026-03-04 02:31:39 INFO user login ok
2026-03-04 02:31:42 INFO cache miss
2026-03-04 02:31:45 INFO user login ok
2026-03-04 02:31:48 WARN invalid token
2026-03-04 02:31:52 INFO background job finished
2026-03-04 02:31:55 WARN user login ok
2026-03-04 02:31:59 INFO user login ok
2026-03-04 02:32:02 INFO cache miss
2026-03-04 02:32:05 INFO user logout
2026-03-04 02:32:08 INFO cache hit
2026-03-04 02:32:12 INFO user login ok
2026-03-04 02:32:15 INFO cache miss
2026-03-04 02:32:19 INFO cache miss
2026-03-04 02:32:23 WARN user login ok
2026-03-04 02:32:25 ERROR connection reset by peer
2026-03-04 02:32:29 INFO request handled
2026-03-04 02:32:31 INFO user login ok
2026-03-04 02:32:32 INFO user logout
2026-03-04 02:32:33 INFO user logout
2026-03-04 02:32:35 INFO user login ok
2026-03-04 02:32:38 INFO user login ok
2026-03-04 02:32:42 INFO cache miss
2026-03-04 02:32:46 INFO cache hit
2026-03-04 02:32:48 ERROR user login ok
2026-03-04 02:32:49 INFO user login ok
2026-03-04 02:32:51 INFO invalid token
2026-03-04 02:32:54 INFO connection reset by peer
2026-03-04 02:32:58 INFO user logout
2026-03-04 02:32:59 INFO user login ok
2026-03-04 02:33:02 INFO user login ok
2026-03-04 02:33:04 INFO connection reset by peer
2026-03-04 02:33:06 INFO cache miss
2026-03-04 02:33:07 INFO config reloaded
2026-03-04 02:33:10 INFO user login ok
2026-03-04 02:33:13 WARN slow query detected
2026-03-04 02:33:15 INFO slow query detected
2026-03-04 02:33:17 INFO invalid token
2026-03-04 02:33:19 WARN connection reset by peer
2026-03-04 02:33:21 INFO user logout
2026-03-04 02:33:24 ERROR request handled
2026-03-04 02:33:27 INFO disk usage high
2026-03-04 02:33:29 INFO user logout
### повреждённая строка ###
2026-03-04 02:33:32 ERROR cache hit
2026-03-04 02:33:36 INFO invalid token
2026-03-04 02:33:37 WARN cache miss
2026-03-04 02:33:39 INFO cache hit
2026-03-04 02:33:40 WARN connection reset by peer
2026-03-04 02:33:43 INFO background job finished
2026-03-04 02:33:47 INFO invalid token
2026-03-04 02:33:49 INFO connection reset by peer
2026-03-04 02:33:50 INFO user login ok
2026-03-04 02:33:51 INFO user logout
2026-03-04 02:33:54 INFO user login ok
2026-03-04 02:33:55 INFO user logout
2026-03-04 02:33:57 INFO connection reset by peer
2026-03-04 02:34:01 INFO config reloaded
2026-03-04 02:34:04 INFO database timeout
2026-03-04 02:34:05 INFO connection reset by peer
2026-03-04 02:34:06 WARN disk usage high
2026-03-04 02:34:10 INFO database timeout
2026-03-04 02:34:13 INFO user logout
2026-03-04 02:34:14 ERROR database timeout
2026-03-04 02:34:18 ERROR slow query detected
2026-03-04 02:34:22 INFO connection reset by peer
2026-03-04 02:34:25 WARN user login ok
2026-03-04 02:34:27 INFO connection reset by peer
2026-03-04 02:34:29 INFO user login ok
2026-03-04 02:34:30 INFO user login ok
2026-03-04 02:34:32 INFO background job finished
2026-03-04 02:34:34 WARN background job finished
2026-03-04 02:34:37 INFO user login ok
2026-03-04 02:34:40 INFO cache hit
2026-03-04 02:34:44 INFO connection reset by peer
2026-03-04 02:34:47 INFO user login ok
2026-03-04 02:34:50 INFO user login ok
2026-03-04 02:34:53 INFO user login ok
2026-03-04 02:34:56 INFO request handled
2026-03-04 02:34:59 INFO user logout
2026-03-04 02:35:01 WARN cache miss
2026-03-04 02:35:04 INFO connection reset by peer
2026-03-04 02:35:05 INFO user login ok
2026-03-04 02:35:06 INFO user login ok
2026-03-04 02:35:07 INFO slow query detected
2026-03-04 02:35:08 INFO user login ok
2026-03-04 02:35:12 INFO user logout
2026-03-04 02:35:13 INFO user login ok
2026-03-04 02:35:16 INFO cache hit
2026-03-04 02:35:17 INFO invalid token
2026-03-04 02:35:20 INFO user logout
2026-03-04 02:35:23 INFO cache hit
2026-03-04 02:35:27 INFO request handled
2026-03-04 02:35:30 INFO cache hit
2026-03-04 02:35:33 INFO cache hit
2026-03-04 02:35:35 INFO background job finished
2026-03-04 02:35:36 INFO user login ok
2026-03-04 02:35:39 INFO cache hit
2026-03-04 02:35:42 INFO user logout
2026-03-04 02:35:43 WARN user login ok
2026-03-04 02:35:44 INFO user login ok
2026-03-04 02:35:48 WARN user logout
2026-03-04 02:35:49 INFO cache miss
2026-03-04 02:35:53 INFO cache miss
2026-03-04 02:35:55 INFO disk usage high
2026-03-04 02:35:56 INFO user login ok
2026-03-04 02:35:58 INFO connection reset by peer
2026-03-04 02:36:02 INFO request handled
2026-03-04 02:36:04 WARN config reloaded
2026-03-04 02:36:08 INFO request handled
2026-03-04 02:36:12 WARN user logout
2026-03-04 02:36:15 INFO user logout
2026-03-04 02:36:18 INFO database timeout
2026-03-04 02:36:20 INFO cache hit
2026-03-04 02:36:23 INFO user login ok
2026-03-04 02:36:25 INFO request handled
2026-03-04 02:36:26 INFO user login ok
2026-03-04 02:36:27 INFO user login ok
2026-03-04 02:36:28 INFO database timeout
2026-03-04 02:36:32 INFO slow query detected
2026-03-04 02:36:35 INFO slow query detected
2026-03-04 02:36:36 INFO config reloaded
2026-03-04 02:36:39 INFO connection reset by peer
2026-03-04 02:36:43 WARN slow query detected
2026-03-04 02:36:47 INFO user logout
2026-03-04 02:36:51 INFO connection reset by peer
2026-03-04 02:36:54 ERROR user login ok
2026-03-04 02:36:55 WARN user login ok
2026-03-04 02:36:56 INFO user login ok
2026-03-04 02:37:00 INFO user login ok
2026-03-04 02:37:01 INFO request handled
2026-03-04 02:37:05 WARN user logout
2026-03-04 02:37:08 INFO config reloaded
2026-03-04 02:37:12 INFO cache hit
2026-03-04 02:37:16 ERROR connection reset by peer
2026-03-04 02:37:20 WARN user login ok
2026-03-04 02:37:23 INFO cache miss
2026-03-04 02:37:27 INFO user login ok
2026-03-04 02:37:28 INFO connection reset by peer
2026-03-04 02:37:30 INFO config reloaded
2026-03-04 02:37:34 WARN background job finished
2026-03-04 02:37:38 INFO user login ok
2026-03-04 02:37:41 INFO user logout
2026-03-04 02:37:44 INFO slow query detected
2026-03-04 02:37:46 INFO cache hit
2026-03-04 02:37:47 INFO user login ok
2026-03-04 02:37:50 ERROR slow query detected
2026-03-04 02:37:54 INFO user login ok
2026-03-04 02:37:55 WARN user logout
2026-03-04 02:37:59 INFO connection reset by peer
2026-03-04 02:38:02 INFO request handled
2026-03-04 02:38:06 INFO background job finished
2026-03-04 02:38:07 ERROR background job finished
2026-03-04 02:38:10 INFO cache hit
2026-03-04 02:38:13 INFO connection reset by peer
2026-03-04 02:38:15 INFO user logout
2026-03-04 02:38:17 WARN cache hit
2026-03-04 02:38:21 INFO background job finished
2026-03-04 02:38:25 WARN user login ok
2026-03-04 02:38:27 INFO user logout
2026-03-04 02:38:29 INFO user logout
2026-03-04 02:38:30 WARN database timeout
2026-03-04 02:38:31 WARN user login ok
2026-03-04 02:38:34 WARN invalid token
2026-03-04 02:38:36 INFO user login ok
2026-03-04 02:38:39 INFO slow query detected
2026-03-04 02:38:42 INFO user login ok
2026-03-04 02:38:45 INFO user logout
2026-03-04 02:38:46 WARN user login ok
2026-03-04 02:38:49 INFO user login ok
2026-03-04 02:38:53 INFO user login ok
2026-03-04 02:38:55 INFO cache miss
2026-03-04 02:38:58 INFO config reloaded
2026-03-04 02:39:02 INFO slow query detected
2026-03-04 02:39:04 INFO invalid token
2026-03-04 02:39:08 INFO user login ok
2026-03-04 02:39:11 INFO background job finished
2026-03-04 02:39:14 INFO slow query detected
2026-03-04 02:39:18 INFO user login ok
### повреждённая строка ###
2026-03-04 02:39:23 WARN user login ok
2026-03-04 02:39:24 INFO cache miss
2026-03-04 02:39:27 INFO database timeout
2026-03-04 02:39:30 WARN user login ok
2026-03-04 02:39:32 INFO user logout
2026-03-04 02:39:35 INFO disk usage high
2026-03-04 02:39:39 ERROR background job finished
2026-03-04 02:39:40 INFO cache hit
2026-03-04 02:39:42 INFO user login ok
2026-03-04 02:39:43 INFO connection reset by peer
2026-03-04 02:39:46 ERROR user login ok
2026-03-04 02:39:50 INFO database timeout
2026-03-04 02:39:52 WARN user login ok
2026-03-04 02:39:53 INFO user logout
2026-03-04 02:39:55 WARN user login ok
2026-03-04 02:39:57 INFO user login ok
2026-03-04 02:39:58 INFO user login ok
2026-03-04 02:39:59 INFO user login ok
2026-03-04 02:40:01 WARN user login ok
2026-03-04 02:40:04 INFO cache miss
2026-03-04 02:40:06 WARN disk usage high
2026-03-04 02:40:08 WARN user login ok
2026-03-04 02:40:11 WARN user login ok
2026-03-04 02:40:12 INFO user login ok
2026-03-04 02:40:16 INFO user logout
2026-03-04 02:40:18 INFO cache hit
2026-03-04 02:40:20 WARN user login ok
2026-03-04 02:40:24 INFO user login ok
2026-03-04 02:40:28 INFO user login ok
2026-03-04 02:40:30 INFO cache miss
2026-03-04 02:40:31 INFO config reloaded
2026-03-04 02:40:34 ERROR invalid token
2026-03-04 02:40:38 INFO user logout
2026-03-04 02:40:41 INFO user login ok
2026-03-04 02:40:42 INFO user login ok
2026-03-04 02:40:45 INFO request handled
2026-03-04 02:40:49 ERROR invalid token
2026-03-04 02:40:52 INFO user login ok
2026-03-04 02:40:54 INFO user logout
### повреждённая строка ###
2026-03-04 02:40:58 INFO slow query detected
2026-03-04 02:41:01 INFO slow query detected
2026-03-04 02:41:05 INFO database timeout
2026-03-04 02:41:06 INFO background job finished
2026-03-04 02:41:08 INFO invalid token
2026-03-04 02:41:11 INFO cache hit
2026-03-04 02:41:15 INFO user login ok
2026-03-04 02:41:18 INFO request handled
2026-03-04 02:41:22 INFO background job finished
2026-03-04 02:41:25 INFO user login ok
2026-03-04 02:41:27 INFO background job finished
2026-03-04 02:41:29 INFO disk usage high
2026-03-04 02:41:33 INFO user login ok
2026-03-04 02:41:37 INFO cache hit
2026-03-04 02:41:39 INFO cache miss
2026-03-04 02:41:43 INFO slow query detected
2026-03-04 02:41:45 INFO user login ok
2026-03-04 02:41:47 INFO user login ok
2026-03-04 02:41:51 WARN background job finished
2026-03-04 02:41:54 WARN user login ok
2026-03-04 02:41:55 INFO user logout
2026-03-04 02:41:58 INFO database timeout
2026-03-04 02:42:01 WARN user logout
2026-03-04 02:42:03 INFO user login ok
2026-03-04 02:42:06 WARN user login ok
2026-03-04 02:42:08 INFO user login ok
2026-03-04 02:42:09 INFO database timeout
2026-03-04 02:42:12 INFO user login ok
2026-03-04 02:42:14 INFO slow query detected
2026-03-04 02:42:16 INFO request handled
2026-03-04 02:42:17 INFO cache miss
2026-03-04 02:42:19 INFO connection reset by peer
2026-03-04 02:42:21 INFO config reloaded
2026-03-04 02:42:22 INFO cache hit
2026-03-04 02:42:25 INFO user login ok
2026-03-04 02:42:26 INFO slow query detected
2026-03-04 02:42:30 INFO cache hit
2026-03-04 02:42:31 WARN user login ok
2026-03-04 02:42:35 INFO user logout
2026-03-04 02:42:36 WARN user login ok
2026-03-04 02:42:38 INFO connection reset by peer
2026-03-04 02:42:39 INFO user logout
2026-03-04 02:42:42 INFO disk usage high
2026-03-04 02:42:45 INFO config reloaded
2026-03-04 02:42:46 INFO user logout
2026-03-04 02:42:49 INFO user login ok
2026-03-04 02:42:50 WARN user login ok
2026-03-04 02:42:51 INFO user logout
2026-03-04 02:42:54 INFO user login ok
2026-03-04 02:42:55 ERROR slow query detected
2026-03-04 02:42:59 INFO user login ok
2026-03-04 02:43:01 INFO user login ok
2026-03-04 02:43:02 INFO cache miss
2026-03-04 02:43:06 INFO database timeout
2026-03-04 02:43:09 INFO user login ok
2026-03-04 02:43:11 INFO slow query detected
2026-03-04 02:43:12 INFO user logout
2026-03-04 02:43:13 INFO slow query detected
2026-03-04 02:43:17 INFO cache miss
2026-03-04 02:43:20 INFO user logout
2026-03-04 02:43:24 INFO user logout
2026-03-04 02:43:26 INFO cache miss
2026-03-04 02:43:30 INFO request handled
2026-03-04 02:43:32 INFO user login ok
2026-03-04 02:43:34 INFO config reloaded
2026-03-04 02:43:36 INFO cache hit
2026-03-04 02:43:38 INFO user logout
2026-03-04 02:43:40 INFO cache hit
2026-03-04 02:43:43 ERROR cache miss
2026-03-04 02:43:44 INFO user login ok
2026-03-04 02:43:47 INFO cache miss
2026-03-04 02:43:48 ERROR database timeout
2026-03-04 02:43:49 INFO user login ok
2026-03-04 02:43:50 INFO connection reset by peer
2026-03-04 02:43:52 ERROR request handled
2026-03-04 02:43:53 INFO user login ok
2026-03-04 02:43:56 INFO invalid token
2026-03-04 02:43:57 INFO config reloaded
2026-03-04 02:43:59 WARN config reloaded
2026-03-04 02:44:03 INFO slow query detected
2026-03-04 02:44:06 INFO user login ok
2026-03-04 02:44:07 INFO cache hit
2026-03-04 02:44:11 WARN user logout
2026-03-04 02:44:14 WARN cache hit
2026-03-04 02:44:17 INFO user logout
2026-03-04 02:44:19 INFO user logout
2026-03-04 02:44:22 INFO user login ok
2026-03-04 02:44:23 INFO disk usage high
2026-03-04 02:44:27 WARN user login ok
2026-03-04 02:44:29 INFO cache hit
2026-03-04 02:44:31 ERROR request handled
2026-03-04 02:44:35 WARN user login ok
2026-03-04 02:44:38 INFO user login ok
2026-03-04 02:44:40 INFO user login ok
2026-03-04 02:44:43 INFO user logout
2026-03-04 02:44:44 INFO user login ok
2026-03-04 02:44:46 WARN database timeout
2026-03-04 02:44:48 INFO request handled
2026-03-04 02:44:49 INFO user login ok
2026-03-04 02:44:51 INFO background job finished
2026-03-04 02:44:54 INFO request handled
2026-03-04 02:44:57 ERROR request handled
2026-03-04 02:45:01 WARN user logout
2026-03-04 02:45:05 INFO connection reset by peer
2026-03-04 02:45:08 WARN user login ok
2026-03-04 02:45:11 INFO request handled
2026-03-04 02:45:12 INFO user logout
2026-03-04 02:45:16 INFO user logout
2026-03-04 02:45:18 INFO cache hit
2026-03-04 02:45:20 INFO user logout
2026-03-04 02:45:23 INFO user login ok
2026-03-04 02:45:24 INFO database timeout
2026-03-04 02:45:26 INFO request handled
2026-03-04 02:45:29 INFO background job finished
2026-03-04 02:45:30 INFO cache miss
2026-03-04 02:45:34 INFO user logout
2026-03-04 02:45:37 WARN cache miss
2026-03-04 02:45:40 INFO connection reset by peer
2026-03-04 02:45:43 INFO user login ok
2026-03-04 02:45:44 INFO cache miss
2026-03-04 02:45:45 INFO request handled
2026-03-04 02:45:47 INFO database timeout
2026-03-04 02:45:51 INFO user logout
2026-03-04 02:45:54 INFO user login ok
2026-03-04 02:45:58 INFO disk usage high
2026-03-04 02:46:01 INFO config reloaded
2026-03-04 02:46:03 WARN invalid token
2026-03-04 02:46:06 INFO user logout
2026-03-04 02:46:07 INFO config reloaded
2026-03-04 02:46:11 INFO user login ok
2026-03-04 02:46:13 INFO background job finished
2026-03-04 02:46:14 INFO slow query detected
2026-03-04 02:46:17 ERROR user login ok
2026-03-04 02:46:19 INFO user login ok
2026-03-04 02:46:23 INFO background job finished
2026-03-04 02:46:26 INFO cache miss
2026-03-04 02:46:30 INFO connection reset by peer
2026-03-04 02:46:32 INFO user login ok
2026-03-04 02:46:34 INFO user login ok
2026-03-04 02:46:35 ERROR user logout
2026-03-04 02:46:37 INFO request handled
2026-03-04 02:46:41 INFO user login ok
2026-03-04 02:46:42 WARN user login ok
2026-03-04 02:46:46 INFO user login ok
2026-03-04 02:46:47 INFO user login ok
2026-03-04 02:46:51 INFO connection reset by peer
2026-03-04 02:46:55 INFO database timeout
2026-03-04 02:46:58 INFO user login ok
2026-03-04 02:47:01 INFO request handled
2026-03-04 02:47:04 INFO invalid token
2026-03-04 02:47:08 INFO database timeout
2026-03-04 02:47:10 INFO slow query detected
2026-03-04 02:47:11 INFO user login ok
2026-03-04 02:47:14 INFO disk usage high
2026-03-04 02:47:18 INFO cache miss
2026-03-04 02:47:19 WARN connection reset by peer
2026-03-04 02:47:20 INFO config reloaded
2026-03-04 02:47:21 INFO user login ok
2026-03-04 02:47:24 INFO user login ok
2026-03-04 02:47:26 INFO config reloaded
2026-03-04 02:47:28 INFO slow query detected
2026-03-04 02:47:31 INFO cache miss
2026-03-04 02:47:35 INFO invalid token
2026-03-04 02:47:39 INFO user login ok
2026-03-04 02:47:43 INFO user login ok
2026-03-04 02:47:46 INFO connection reset by peer
2026-03-04 02:47:49 INFO user login ok
2026-03-04 02:47:51 INFO request handled
2026-03-04 02:47:52 INFO cache miss
2026-03-04 02:47:56 ERROR slow query detected
2026-03-04 02:47:57 WARN user logout
2026-03-04 02:47:58 INFO cache miss
2026-03-04 02:48:02 WARN user login ok
2026-03-04 02:48:03 INFO database timeout
2026-03-04 02:48:07 INFO user login ok
2026-03-04 02:48:10 WARN background job finished
2026-03-04 02:48:13 INFO request handled
2026-03-04 02:48:17 INFO user login ok
2026-03-04 02:48:21 INFO user login ok
2026-03-04 02:48:23 INFO disk usage high
2026-03-04 02:48:25 WARN background job finished
2026-03-04 02:48:26 INFO connection reset by peer
2026-03-04 02:48:27 WARN connection reset by peer
2026-03-04 02:48:28 INFO config reloaded
2026-03-04 02:48:30 INFO config reloaded
2026-03-04 02:48:31 INFO user login ok
2026-03-04 02:48:32 INFO invalid token
2026-03-04 02:48:36 ERROR cache hit
2026-03-04 02:48:38 INFO user logout
2026-03-04 02:48:41 INFO user login ok
2026-03-04 02:48:42 INFO cache hit
2026-03-04 02:48:44 WARN user login ok
2026-03-04 02:48:47 WARN user login ok
2026-03-04 02:48:48 INFO user logout
2026-03-04 02:48:49 WARN user login ok
2026-03-04 02:48:52 INFO connection reset by peer
2026-03-04 02:48:55 ERROR config reloaded
2026-03-04 02:48:58 INFO user login ok
2026-03-04 02:49:02 INFO disk usage high
2026-03-04 02:49:03 WARN background job finished
2026-03-04 02:49:04 INFO user login ok
2026-03-04 02:49:06 INFO user login ok
2026-03-04 02:49:10 INFO config reloaded
2026-03-04 02:49:13 INFO user login ok
2026-03-04 02:49:16 INFO slow query detected
2026-03-04 02:49:17 INFO user logout
2026-03-04 02:49:20 WARN user login ok
2026-03-04 02:49:22 WARN user logout
2026-03-04 02:49:23 INFO slow query detected
2026-03-04 02:49:25 INFO user login ok
### повреждённая строка ###
2026-03-04 02:49:27 INFO cache hit
2026-03-04 02:49:31 WARN cache miss
2026-03-04 02:49:33 WARN invalid token
2026-03-04 02:49:37 INFO user login ok
2026-03-04 02:49:39 INFO disk usage high
2026-03-04 02:49:41 INFO request handled
2026-03-04 02:49:44 INFO config reloaded
2026-03-04 02:49:47 INFO disk usage high
2026-03-04 02:49:49 INFO request handled
2026-03-04 02:49:52 INFO config reloaded
2026-03-04 02:49:56 INFO connection reset by peer
2026-03-04 02:49:58 INFO cache miss
2026-03-04 02:50:01 INFO cache hit
2026-03-04 02:50:03 INFO user logout
2026-03-04 02:50:04 INFO slow query detected
2026-03-04 02:50:08 INFO disk usage high
2026-03-04 02:50:12 INFO cache hit
2026-03-04 02:50:13 INFO user logout
2026-03-04 02:50:14 INFO request handled
2026-03-04 02:50:18 INFO database timeout
2026-03-04 02:50:21 INFO user logout
2026-03-04 02:50:22 INFO user logout
2026-03-04 02:50:26 INFO slow query detected
2026-03-04 02:50:30 INFO disk usage high
2026-03-04 02:50:32 WARN user logout
2026-03-04 02:50:33 INFO cache hit
2026-03-04 02:50:35 INFO cache hit
2026-03-04 02:50:36 INFO cache hit
2026-03-04 02:50:40 WARN user login ok
2026-03-04 02:50:44 WARN background job finished
2026-03-04 02:50:48 ERROR slow query detected
2026-03-04 02:50:50 WARN disk usage high
2026-03-04 02:50:53 INFO user login ok
2026-03-04 02:50:56 ERROR slow query detected
2026-03-04 02:50:57 INFO user login ok
2026-03-04 02:51:00 INFO cache miss
2026-03-04 02:51:03 WARN slow query detected
2026-03-04 02:51:04 INFO cache hit
2026-03-04 02:51:08 INFO connection reset by peer
2026-03-04 02:51:12 INFO connection reset by peer
2026-03-04 02:51:13 INFO cache miss
2026-03-04 02:51:17 INFO cache hit
2026-03-04 02:51:18 INFO user login ok
2026-03-04 02:51:20 INFO request handled
2026-03-04 02:51:21 WARN user login ok
2026-03-04 02:51:25 INFO background job finished
2026-03-04 02:51:29 INFO request handled
2026-03-04 02:51:30 ERROR database timeout
2026-03-04 02:51:33 INFO user login ok
2026-03-04 02:51:36 WARN cache hit
2026-03-04 02:51:37 INFO slow query detected
2026-03-04 02:51:41 WARN request handled
2026-03-04 02:51:44 INFO disk usage high
2026-03-04 02:51:46 INFO user logout
2026-03-04 02:51:47 INFO user login ok
2026-03-04 02:51:48 INFO background job finished
2026-03-04 02:51:49 INFO disk usage high
2026-03-04 02:51:51 INFO connection reset by peer
2026-03-04 02:51:52 INFO disk usage high
2026-03-04 02:51:54 WARN database timeout
2026-03-04 02:51:56 INFO user login ok
2026-03-04 02:51:58 INFO cache miss
2026-03-04 02:52:00 WARN user login ok
2026-03-04 02:52:01 INFO background job finished
2026-03-04 02:52:03 INFO user login ok
2026-03-04 02:52:04 ERROR disk usage high
2026-03-04 02:52:05 WARN background job finished
2026-03-04 02:52:08 INFO cache miss
2026-03-04 02:52:10 ERROR connection reset by peer
2026-03-04 02:52:13 INFO config reloaded
2026-03-04 02:52:16 INFO cache hit
2026-03-04 02:52:17 ERROR slow query detected
2026-03-04 02:52:21 INFO config reloaded
2026-03-04 02:52:23 INFO config reloaded
2026-03-04 02:52:27 INFO user logout
2026-03-04 02:52:29 WARN cache hit
2026-03-04 02:52:31 INFO user login ok
2026-03-04 02:52:33 INFO user login ok
2026-03-04 02:52:36 WARN database timeout
2026-03-04 02:52:39 INFO database timeout
2026-03-04 02:52:40 INFO user login ok
2026-03-04 02:52:41 INFO user logout
2026-03-04 02:52:44 WARN request handled
2026-03-04 02:52:48 INFO connection reset by peer
2026-03-04 02:52:52 INFO cache miss
2026-03-04 02:52:53 INFO cache hit
2026-03-04 02:52:54 INFO cache miss
2026-03-04 02:52:56 ERROR cache miss
2026-03-04 02:52:58 INFO user logout
2026-03-04 02:53:00 ERROR config reloaded
2026-03-04 02:53:02 INFO invalid token
2026-03-04 02:53:06 INFO invalid token
2026-03-04 02:53:08 INFO disk usage high
2026-03-04 02:53:10 INFO cache hit
2026-03-04 02:53:11 ERROR disk usage high
2026-03-04 02:53:15 INFO user logout
2026-03-04 02:53:19 WARN database timeout
2026-03-04 02:53:20 WARN user login ok
2026-03-04 02:53:22 INFO slow query detected
2026-03-04 02:53:23 INFO cache miss
2026-03-04 02:53:25 INFO user logout
2026-03-04 02:53:29 INFO invalid token
2026-03-04 02:53:30 INFO cache hit
2026-03-04 02:53:34 WARN slow query detected
2026-03-04 02:53:37 INFO disk usage high
2026-03-04 02:53:38 INFO user login ok
2026-03-04 02:53:40 INFO database timeout
2026-03-04 02:53:43 INFO user login ok
2026-03-04 02:53:46 INFO user login ok
2026-03-04 02:53:50 INFO user login ok
2026-03-04 02:53:54 INFO user login ok
2026-03-04 02:53:58 INFO user login ok
2026-03-04 02:54:01 INFO disk usage high
2026-03-04 02:54:03 INFO user login ok
2026-03-04 02:54:04 INFO slow query detected
2026-03-04 02:54:05 ERROR user login ok
### повреждённая строка ###
2026-03-04 02:54:12 INFO background job finished
2026-03-04 02:54:16 INFO slow query detected
2026-03-04 02:54:19 INFO user login ok
2026-03-04 02:54:23 INFO invalid token
2026-03-04 02:54:27 INFO slow query detected
2026-03-04 02:54:28 INFO disk usage high
2026-03-04 02:54:30 INFO cache hit
2026-03-04 02:54:34 ERROR user login ok
2026-03-04 02:54:35 INFO disk usage high
2026-03-04 02:54:39 INFO background job finished
2026-03-04 02:54:40 INFO background job finished
2026-03-04 02:54:43 INFO database timeout
2026-03-04 02:54:46 INFO cache miss
2026-03-04 02:54:48 INFO user login ok
2026-03-04 02:54:52 INFO connection reset by peer
2026-03-04 02:54:55 INFO user login ok
2026-03-04 02:54:56 INFO user logout
2026-03-04 02:54:57 WARN cache hit
2026-03-04 02:54:59 INFO user login ok
2026-03-04 02:55:00 WARN disk usage high
2026-03-04 02:55:02 INFO user login ok
2026-03-04 02:55:05 INFO user login ok
2026-03-04 02:55:07 INFO slow query detected
2026-03-04 02:55:10 INFO user logout
2026-03-04 02:55:11 ERROR slow query detected
2026-03-04 02:55:15 INFO disk usage high
2026-03-04 02:55:18 INFO cache hit
2026-03-04 02:55:21 INFO slow query detected
2026-03-04 02:55:22 INFO cache miss
2026-03-04 02:55:25 INFO background job finished
2026-03-04 02:55:28 WARN request handled
2026-03-04 02:55:30 INFO user logout
2026-03-04 02:55:34 INFO cache hit
2026-03-04 02:55:37 INFO user login ok
2026-03-04 02:55:39 INFO connection reset by peer
2026-03-04 02:55:43 INFO user login ok
2026-03-04 02:55:47 INFO disk usage high
2026-03-04 02:55:48 INFO user logout
2026-03-04 02:55:52 ERROR user login ok
2026-03-04 02:55:54 INFO invalid token
2026-03-04 02:55:57 INFO cache hit
2026-03-04 02:55:58 INFO config reloaded
2026-03-04 02:56:00 INFO cache hit
2026-03-04 02:56:01 INFO connection reset by peer
2026-03-04 02:56:04 INFO user login ok
2026-03-04 02:56:06 INFO user login ok
2026-03-04 02:56:09 INFO cache hit
2026-03-04 02:56:10 ERROR user login ok
2026-03-04 02:56:14 INFO request handled
2026-03-04 02:56:17 INFO slow query detected
2026-03-04 02:56:20 INFO user logout
### повреждённая строка ###
2026-03-04 02:56:25 INFO user logout
2026-03-04 02:56:28 INFO request handled
2026-03-04 02:56:29 INFO connection reset by peer
2026-03-04 02:56:33 INFO request handled
2026-03-04 02:56:34 INFO user logout
2026-03-04 02:56:38 INFO user login ok
2026-03-04 02:56:39 INFO cache hit
2026-03-04 02:56:43 INFO user login ok
2026-03-04 02:56:46 INFO request handled
2026-03-04 02:56:48 INFO database timeout
2026-03-04 02:56:50 INFO cache hit
2026-03-04 02:56:54 INFO user login ok
2026-03-04 02:56:58 INFO cache hit
2026-03-04 02:56:59 INFO user login ok
2026-03-04 02:57:00 INFO user logout
2026-03-04 02:57:03 ERROR user login ok
2026-03-04 02:57:07 WARN user login ok
2026-03-04 02:57:09 INFO user login ok
2026-03-04 02:57:10 INFO user login ok
2026-03-04 02:57:14 WARN user login ok
2026-03-04 02:57:16 INFO disk usage high
2026-03-04 02:57:19 WARN config reloaded
2026-03-04 02:57:23 WARN user login ok
2026-03-04 02:57:25 WARN user login ok
2026-03-04 02:57:29 INFO connection reset by peer
2026-03-04 02:57:30 INFO cache hit
2026-03-04 02:57:33 WARN slow query detected
2026-03-04 02:57:34 INFO user login ok
2026-03-04 02:57:35 INFO user login ok
2026-03-04 02:57:37 WARN user login ok
2026-03-04 02:57:38 ERROR user login ok
2026-03-04 02:57:40 WARN disk usage high
2026-03-04 02:57:43 INFO disk usage high
2026-03-04 02:57:47 INFO slow query detected
2026-03-04 02:57:51 INFO cache miss
2026-03-04 02:57:53 WARN user login ok
2026-03-04 02:57:55 WARN user logout
2026-03-04 02:57:59 INFO user login ok
2026-03-04 02:58:03 INFO user logout
2026-03-04 02:58:05 INFO connection reset by peer
2026-03-04 02:58:09 INFO user logout
2026-03-04 02:58:10 INFO invalid token
2026-03-04 02:58:12 INFO cache hit
2026-03-04 02:58:16 INFO background job finished
2026-03-04 02:58:17 INFO request handled
2026-03-04 02:58:20 INFO user logout
2026-03-04 02:58:21 INFO request handled
2026-03-04 02:58:22 INFO disk usage high
2026-03-04 02:58:25 INFO user login ok
2026-03-04 02:58:27 WARN user login ok
2026-03-04 02:58:28 INFO user login ok
2026-03-04 02:58:31 WARN disk usage high
2026-03-04 02:58:32 INFO slow query detected
2026-03-04 02:58:34 INFO user login ok
2026-03-04 02:58:38 INFO disk usage high
2026-03-04 02:58:40 INFO cache miss
2026-03-04 02:58:43 INFO user login ok
2026-03-04 02:58:45 INFO database timeout
2026-03-04 02:58:47 INFO config reloaded
2026-03-04 02:58:50 INFO user login ok
2026-03-04 02:58:53 INFO user logout
2026-03-04 02:58:56 INFO disk usage high
2026-03-04 02:58:59 ERROR user logout
2026-03-04 02:59:00 INFO user logout
2026-03-04 02:59:02 WARN user logout
2026-03-04 02:59:05 ERROR cache hit
2026-03-04 02:59:08 INFO user login ok
2026-03-04 02:59:12 WARN disk usage high
2026-03-04 02:59:14 INFO disk usage high
2026-03-04 02:59:18 INFO user login ok
2026-03-04 02:59:20 INFO user login ok
2026-03-04 02:59:22 INFO user login ok
2026-03-04 02:59:25 WARN slow query detected
2026-03-04 02:59:29 WARN database timeout
2026-03-04 02:59:30 INFO invalid token
2026-03-04 02:59:31 INFO user login ok
### повреждённая строка ###
2026-03-04 02:59:35 INFO invalid token
2026-03-04 02:59:39 INFO cache hit
2026-03-04 02:59:41 INFO user logout
2026-03-04 02:59:44 INFO connection reset by peer
2026-03-04 02:59:48 INFO invalid token
2026-03-04 02:59:52 WARN user logout
2026-03-04 02:59:55 INFO invalid token
2026-03-04 02:59:58 INFO slow query detected
2026-03-04 03:00:01 INFO connection reset by peer
2026-03-04 03:00:02 INFO user login ok
2026-03-04 03:00:06 INFO request handled
2026-03-04 03:00:08 INFO cache hit
2026-03-04 03:00:10 INFO connection reset by peer
2026-03-04 03:00:13 INFO cache miss
2026-03-04 03:00:17 INFO cache miss
2026-03-04 03:00:19 INFO user logout
2026-03-04 03:00:21 INFO user login ok
2026-03-04 03:00:23 INFO request handled
2026-03-04 03:00:25 INFO cache miss
2026-03-04 03:00:27 INFO slow query detected
2026-03-04 03:00:30 WARN request handled
2026-03-04 03:00:32 WARN user logout
2026-03-04 03:00:33 INFO database timeout
2026-03-04 03:00:34 INFO user login ok
2026-03-04 03:00:36 ERROR slow query detected
2026-03-04 03:00:37 INFO cache hit
2026-03-04 03:00:39 INFO user login ok
2026-03-04 03:00:43 INFO connection reset by peer
2026-03-04 03:00:46 INFO disk usage high
2026-03-04 03:00:48 ERROR slow query detected
2026-03-04 03:00:51 INFO invalid token
2026-03-04 03:00:53 INFO user login ok
2026-03-04 03:00:56 INFO user login ok
2026-03-04 03:00:58 INFO user login ok
2026-03-04 03:00:59 INFO user login ok
2026-03-04 03:01:02 INFO user logout
2026-03-04 03:01:06 INFO disk usage high
2026-03-04 03:01:07 INFO request handled
2026-03-04 03:01:11 WARN user logout
2026-03-04 03:01:13 INFO config reloaded
2026-03-04 03:01:17 INFO user login ok
2026-03-04 03:01:21 INFO invalid token
2026-03-04 03:01:22 INFO disk usage high
2026-03-04 03:01:25 INFO cache miss
2026-03-04 03:01:28 INFO user login ok
2026-03-04 03:01:30 INFO cache hit
2026-03-04 03:01:33 INFO slow query detected
2026-03-04 03:01:36 INFO config reloaded
2026-03-04 03:01:40 INFO user login ok
2026-03-04 03:01:41 INFO background job finished
2026-03-04 03:01:42 INFO user login ok
2026-03-04 03:01:45 WARN user login ok
2026-03-04 03:01:46 INFO invalid token
2026-03-04 03:01:48 INFO user logout
2026-03-04 03:01:49 INFO connection reset by peer
2026-03-04 03:01:52 INFO cache miss
2026-03-04 03:01:54 INFO user logout
2026-03-04 03:01:57 INFO user login ok
2026-03-04 03:02:01 INFO request handled
2026-03-04 03:02:04 INFO user login ok
2026-03-04 03:02:08 WARN cache hit
2026-03-04 03:02:11 WARN cache miss
2026-03-04 03:02:12 INFO user logout
2026-03-04 03:02:16 ERROR user logout
2026-03-04 03:02:20 INFO invalid token
2026-03-04 03:02:24 WARN user login ok
2026-03-04 03:02:27 INFO config reloaded
2026-03-04 03:02:31 INFO slow query detected
2026-03-04 03:02:32 INFO request handled
2026-03-04 03:02:33 ERROR disk usage high
2026-03-04 03:02:36 ERROR background job finished
2026-03-04 03:02:40 INFO user login ok
2026-03-04 03:02:44 INFO background job finished
2026-03-04 03:02:45 INFO cache hit
2026-03-04 03:02:48 INFO user login ok
### повреждённая строка ###
2026-03-04 03:02:54 INFO cache hit
2026-03-04 03:02:58 WARN config reloaded
2026-03-04 03:02:59 INFO connection reset by peer
2026-03-04 03:03:03 INFO request handled
2026-03-04 03:03:06 INFO user login ok
2026-03-04 03:03:07 INFO user login ok
2026-03-04 03:03:11 ERROR user logout
### повреждённая строка ###
2026-03-04 03:03:15 INFO cache hit
2026-03-04 03:03:17 WARN config reloaded
2026-03-04 03:03:18 INFO background job finished
2026-03-04 03:03:21 WARN connection reset by peer
2026-03-04 03:03:23 INFO cache hit
2026-03-04 03:03:24 INFO user login ok
2026-03-04 03:03:27 INFO user logout
2026-03-04 03:03:31 INFO user login ok
2026-03-04 03:03:33 INFO cache hit
2026-03-04 03:03:34 INFO cache miss
2026-03-04 03:03:38 INFO config reloaded
2026-03-04 03:03:42 INFO disk usage high
### повреждённая строка ###
2026-03-04 03:03:47 INFO cache miss
2026-03-04 03:03:51 WARN slow query detected
2026-03-04 03:03:54 INFO user login ok
2026-03-04 03:03:55 INFO user login ok
2026-03-04 03:03:57 INFO request handled
2026-03-04 03:03:59 INFO disk usage high
2026-03-04 03:04:02 INFO user logout
2026-03-04 03:04:05 WARN cache miss
2026-03-04 03:04:08 INFO background job finished
2026-03-04 03:04:11 INFO slow query detected
2026-03-04 03:04:13 INFO cache hit
2026-03-04 03:04:15 INFO user login ok
2026-03-04 03:04:19 INFO connection reset by peer
2026-03-04 03:04:23 INFO cache hit
2026-03-04 03:04:25 INFO config reloaded
2026-03-04 03:04:28 INFO user login ok
2026-03-04 03:04:32 INFO user logout
2026-03-04 03:04:34 INFO request handled
2026-03-04 03:04:38 INFO slow query detected
2026-03-04 03:04:42 INFO user login ok
2026-03-04 03:04:43 INFO background job finished
2026-03-04 03:04:46 INFO cache hit
2026-03-04 03:04:50 ERROR user logout
2026-03-04 03:04:51 WARN cache miss
2026-03-04 03:04:52 INFO user login ok
2026-03-04 03:04:53 INFO request handled
2026-03-04 03:04:54 WARN cache hit
2026-03-04 03:04:55 WARN user login ok
2026-03-04 03:04:58 INFO user login ok
2026-03-04 03:04:59 ERROR disk usage high
2026-03-04 03:05:03 INFO user login ok
2026-03-04 03:05:06 ERROR disk usage high
2026-03-04 03:05:07 INFO user login ok
2026-03-04 03:05:09 INFO background job finished
2026-03-04 03:05:12 INFO connection reset by peer
2026-03-04 03:05:14 INFO user login ok
2026-03-04 03:05:18 INFO cache hit
2026-03-04 03:05:21 WARN cache miss
2026-03-04 03:05:23 INFO disk usage high
2026-03-04 03:05:25 INFO cache miss
2026-03-04 03:05:28 INFO config reloaded
2026-03-04 03:05:30 INFO cache hit
2026-03-04 03:05:32 INFO invalid token
2026-03-04 03:05:35 INFO user logout
2026-03-04 03:05:37 WARN disk usage high
2026-03-04 03:05:39 INFO config reloaded
2026-03-04 03:05:42 ERROR user login ok
2026-03-04 03:05:43 INFO user login ok
2026-03-04 03:05:47 WARN background job finished
2026-03-04 03:05:49 INFO user login ok
2026-03-04 03:05:52 INFO user login ok
2026-03-04 03:05:54 INFO cache hit
2026-03-04 03:05:57 INFO slow query detected
2026-03-04 03:06:00 ERROR request handled
2026-03-04 03:06:01 INFO config reloaded
2026-03-04 03:06:04 INFO user logout
2026-03-04 03:06:07 INFO slow query detected
2026-03-04 03:06:10 INFO user login ok
2026-03-04 03:06:11 INFO user login ok
2026-03-04 03:06:12 INFO request handled
2026-03-04 03:06:14 INFO slow query detected
2026-03-04 03:06:15 INFO connection reset by peer
2026-03-04 03:06:17 INFO user login ok
2026-03-04 03:06:21 INFO user login ok
2026-03-04 03:06:22 INFO database timeout
2026-03-04 03:06:26 INFO user login ok
2026-03-04 03:06:29 WARN cache miss
2026-03-04 03:06:30 INFO user login ok
2026-03-04 03:06:33 INFO cache hit
2026-03-04 03:06:36 INFO config reloaded
2026-03-04 03:06:39 INFO user login ok
2026-03-04 03:06:43 INFO user login ok
2026-03-04 03:06:47 INFO cache miss
2026-03-04 03:06:50 INFO disk usage high
2026-03-04 03:06:54 INFO user login ok
2026-03-04 03:06:58 INFO slow query detected
2026-03-04 03:07:01 INFO cache hit
2026-03-04 03:07:04 INFO user login ok
2026-03-04 03:07:07 INFO background job finished
2026-03-04 03:07:11 WARN slow query detected
2026-03-04 03:07:14 INFO request handled
2026-03-04 03:07:18 INFO disk usage high
2026-03-04 03:07:21 INFO invalid token
2026-03-04 03:07:24 WARN cache miss
2026-03-04 03:07:28 INFO cache miss
2026-03-04 03:07:31 INFO user logout
2026-03-04 03:07:34 INFO config reloaded
2026-03-04 03:07:37 INFO user login ok
2026-03-04 03:07:41 INFO cache hit
2026-03-04 03:07:45 WARN user login ok
2026-03-04 03:07:48 INFO user login ok
2026-03-04 03:07:49 INFO user login ok
2026-03-04 03:07:53 WARN slow query detected
2026-03-04 03:07:56 ERROR user login ok
2026-03-04 03:08:00 INFO database timeout
2026-03-04 03:08:02 INFO slow query detected
2026-03-04 03:08:03 INFO background job finished
2026-03-04 03:08:07 INFO user logout
2026-03-04 03:08:10 INFO cache hit
2026-03-04 03:08:13 INFO config reloaded
2026-03-04 03:08:15 INFO request handled
2026-03-04 03:08:17 INFO config reloaded
2026-03-04 03:08:20 INFO user logout
2026-03-04 03:08:23 WARN cache miss
2026-03-04 03:08:26 INFO background job finished
2026-03-04 03:08:29 INFO connection reset by peer
2026-03-04 03:08:33 WARN user login ok
2026-03-04 03:08:36 INFO user login ok
2026-03-04 03:08:37 INFO background job finished
2026-03-04 03:08:41 INFO user login ok
2026-03-04 03:08:42 INFO user login ok
2026-03-04 03:08:46 INFO database timeout
2026-03-04 03:08:49 WARN cache hit
2026-03-04 03:08:50 INFO request handled
2026-03-04 03:08:51 INFO user login ok
2026-03-04 03:08:53 INFO user login ok
2026-03-04 03:08:54 INFO invalid token
2026-03-04 03:08:55 ERROR disk usage high
2026-03-04 03:08:56 INFO user login ok
2026-03-04 03:08:57 WARN user logout
2026-03-04 03:08:59 INFO slow query detected
2026-03-04 03:09:02 INFO user login ok
2026-03-04 03:09:05 INFO user login ok
2026-03-04 03:09:07 INFO user login ok
2026-03-04 03:09:11 INFO connection reset by peer
2026-03-04 03:09:14 WARN disk usage high
2026-03-04 03:09:18 INFO user logout
2026-03-04 03:09:22 INFO connection reset by peer
2026-03-04 03:09:24 INFO request handled
2026-03-04 03:09:26 INFO user login ok
2026-03-04 03:09:27 INFO cache hit
2026-03-04 03:09:29 INFO connection reset by peer
2026-03-04 03:09:30 INFO slow query detected
2026-03-04 03:09:33 INFO disk usage high
2026-03-04 03:09:35 INFO user login ok
2026-03-04 03:09:38 INFO user login ok
2026-03-04 03:09:40 INFO user logout
2026-03-04 03:09:44 INFO user login ok
2026-03-04 03:09:45 ERROR user login ok
2026-03-04 03:09:48 INFO cache miss
2026-03-04 03:09:50 INFO connection reset by peer
2026-03-04 03:09:52 WARN request handled
2026-03-04 03:09:55 INFO request handled
2026-03-04 03:09:56 INFO user login ok
2026-03-04 03:09:57 INFO user logout
2026-03-04 03:09:58 INFO user logout
2026-03-04 03:10:02 WARN cache hit
2026-03-04 03:10:06 INFO connection reset by peer
2026-03-04 03:10:09 INFO user login ok
2026-03-04 03:10:12 INFO connection reset by peer
2026-03-04 03:10:15 INFO connection reset by peer
2026-03-04 03:10:16 INFO user login ok
2026-03-04 03:10:19 ERROR user login ok
2026-03-04 03:10:20 INFO user login ok
2026-03-04 03:10:23 INFO background job finished
2026-03-04 03:10:24 INFO disk usage high
2026-03-04 03:10:28 INFO user login ok
2026-03-04 03:10:31 INFO cache hit
2026-03-04 03:10:35 INFO user login ok
2026-03-04 03:10:39 WARN config reloaded
2026-03-04 03:10:40 INFO user login ok
2026-03-04 03:10:43 INFO user logout
2026-03-04 03:10:46 INFO user login ok
2026-03-04 03:10:49 INFO connection reset by peer
2026-03-04 03:10:53 INFO user logout
2026-03-04 03:10:56 ERROR cache hit
2026-03-04 03:10:57 INFO user login ok
2026-03-04 03:11:00 INFO cache miss
2026-03-04 03:11:02 INFO user login ok
2026-03-04 03:11:04 INFO cache hit
2026-03-04 03:11:06 INFO user login ok
2026-03-04 03:11:09 INFO background job finished
2026-03-04 03:11:13 INFO user logout
2026-03-04 03:11:14 INFO cache miss
2026-03-04 03:11:17 INFO config reloaded
2026-03-04 03:11:19 INFO cache hit
2026-03-04 03:11:21 WARN user login ok
2026-03-04 03:11:24 INFO config reloaded
2026-03-04 03:11:25 INFO user login ok
2026-03-04 03:11:29 INFO cache miss
2026-03-04 03:11:31 WARN user login ok
2026-03-04 03:11:32 INFO user login ok
2026-03-04 03:11:36 INFO invalid token
2026-03-04 03:11:39 INFO user logout
2026-03-04 03:11:43 INFO database timeout
2026-03-04 03:11:45 INFO user login ok
2026-03-04 03:11:48 INFO database timeout
2026-03-04 03:11:50 INFO user logout
2026-03-04 03:11:51 INFO user login ok
2026-03-04 03:11:52 INFO user login ok
2026-03-04 03:11:53 ERROR user login ok
2026-03-04 03:11:57 INFO user logout
2026-03-04 03:11:59 INFO user login ok
2026-03-04 03:12:03 INFO user login ok
2026-03-04 03:12:06 INFO cache hit
2026-03-04 03:12:09 WARN user login ok
2026-03-04 03:12:12 INFO cache hit
2026-03-04 03:12:15 INFO cache miss
2026-03-04 03:12:19 INFO invalid token
2026-03-04 03:12:23 INFO user logout
2026-03-04 03:12:26 INFO user login ok
2026-03-04 03:12:30 INFO user login ok
2026-03-04 03:12:32 INFO cache hit
2026-03-04 03:12:34 INFO cache miss
2026-03-04 03:12:36 INFO config reloaded
2026-03-04 03:12:38 INFO disk usage high
2026-03-04 03:12:40 ERROR user login ok
2026-03-04 03:12:43 INFO user logout
2026-03-04 03:12:47 INFO background job finished
2026-03-04 03:12:49 INFO user logout
### повреждённая строка ###
2026-03-04 03:12:54 WARN user login ok
2026-03-04 03:12:58 INFO user logout
2026-03-04 03:12:59 INFO background job finished
2026-03-04 03:13:00 INFO cache miss
2026-03-04 03:13:03 INFO background job finished
2026-03-04 03:13:06 INFO cache miss
2026-03-04 03:13:10 INFO database timeout
2026-03-04 03:13:12 INFO cache hit
2026-03-04 03:13:14 INFO disk usage high
2026-03-04 03:13:17 WARN disk usage high
2026-03-04 03:13:21 INFO config reloaded
2026-03-04 03:13:23 INFO slow query detected
2026-03-04 03:13:24 INFO background job finished
2026-03-04 03:13:25 INFO cache hit
2026-03-04 03:13:27 INFO user login ok
2026-03-04 03:13:30 INFO invalid token
2026-03-04 03:13:33 INFO user login ok
### повреждённая строка ###
2026-03-04 03:13:39 INFO invalid token
2026-03-04 03:13:40 INFO database timeout
2026-03-04 03:13:41 WARN cache miss
2026-03-04 03:13:44 INFO user login ok
2026-03-04 03:13:47 WARN user login ok
2026-03-04 03:13:49 INFO user login ok
2026-03-04 03:13:50 INFO user login ok
2026-03-04 03:13:51 WARN user login ok
2026-03-04 03:13:55 INFO cache hit
2026-03-04 03:13:59 WARN user logout
2026-03-04 03:14:03 WARN cache miss
2026-03-04 03:14:07 WARN slow query detected
2026-03-04 03:14:09 INFO connection reset by peer
2026-03-04 03:14:13 WARN user login ok
2026-03-04 03:14:17 INFO disk usage high
2026-03-04 03:14:21 INFO invalid token
2026-03-04 03:14:22 INFO user login ok
2026-03-04 03:14:23 INFO user login ok
2026-03-04 03:14:27 INFO cache miss
2026-03-04 03:14:31 INFO slow query detected
2026-03-04 03:14:32 WARN cache hit
2026-03-04 03:14:34 INFO connection reset by peer
2026-03-04 03:14:35 INFO user login ok
2026-03-04 03:14:39 WARN user login ok
### повреждённая строка ###
2026-03-04 03:14:43 INFO request handled
2026-03-04 03:14:44 INFO cache miss
2026-03-04 03:14:48 INFO disk usage high
2026-03-04 03:14:49 INFO user login ok
### повреждённая строка ###
2026-03-04 03:14:54 WARN database timeout
2026-03-04 03:14:56 INFO cache hit
2026-03-04 03:14:57 INFO user login ok
2026-03-04 03:14:59 INFO user logout
2026-03-04 03:15:02 INFO connection reset by peer
2026-03-04 03:15:06 INFO config reloaded
2026-03-04 03:15:08 INFO disk usage high
2026-03-04 03:15:11 INFO user logout
2026-03-04 03:15:13 INFO background job finished
2026-03-04 03:15:17 INFO slow query detected
2026-03-04 03:15:18 INFO database timeout
2026-03-04 03:15:20 INFO disk usage high
2026-03-04 03:15:21 INFO user logout
2026-03-04 03:15:23 INFO user logout
2026-03-04 03:15:24 INFO disk usage high
2026-03-04 03:15:28 WARN cache hit
2026-03-04 03:15:29 INFO cache miss
2026-03-04 03:15:32 INFO user login ok
2026-03-04 03:15:33 INFO config reloaded
2026-03-04 03:15:37 INFO user login ok
2026-03-04 03:15:39 INFO user login ok
2026-03-04 03:15:40 INFO request handled
2026-03-04 03:15:42 INFO user login ok
2026-03-04 03:15:43 ERROR user login ok
2026-03-04 03:15:47 INFO user login ok
2026-03-04 03:15:49 INFO cache hit
2026-03-04 03:15:52 INFO user login ok
2026-03-04 03:15:53 INFO cache hit
2026-03-04 03:15:57 INFO slow query detected
2026-03-04 03:16:01 INFO background job finished
2026-03-04 03:16:05 ERROR user login ok
2026-03-04 03:16:07 INFO user login ok
2026-03-04 03:16:10 INFO user login ok
2026-03-04 03:16:13 INFO cache miss
2026-03-04 03:16:14 INFO user login ok
2026-03-04 03:16:17 INFO request handled
2026-03-04 03:16:20 INFO user login ok
2026-03-04 03:16:21 INFO request handled
2026-03-04 03:16:22 INFO slow query detected
2026-03-04 03:16:24 INFO connection reset by peer
2026-03-04 03:16:28 INFO cache hit
2026-03-04 03:16:32 INFO user login ok
2026-03-04 03:16:36 INFO cache hit
2026-03-04 03:16:38 INFO user login ok
2026-03-04 03:16:42 INFO database timeout
2026-03-04 03:16:44 INFO database timeout
2026-03-04 03:16:48 INFO user login ok
2026-03-04 03:16:51 INFO user login ok
2026-03-04 03:16:55 INFO cache miss
2026-03-04 03:16:59 WARN cache miss
2026-03-04 03:17:02 INFO cache miss
2026-03-04 03:17:06 INFO disk usage high
2026-03-04 03:17:08 INFO user login ok
2026-03-04 03:17:09 INFO cache miss
2026-03-04 03:17:13 INFO connection reset by peer
2026-03-04 03:17:14 INFO user logout
2026-03-04 03:17:18 INFO user logout
2026-03-04 03:17:20 INFO cache miss
2026-03-04 03:17:23 INFO disk usage high
2026-03-04 03:17:24 INFO connection reset by peer
2026-03-04 03:17:27 INFO cache hit
2026-03-04 03:17:29 WARN slow query detected
2026-03-04 03:17:33 INFO disk usage high
2026-03-04 03:17:35 INFO cache hit
2026-03-04 03:17:39 INFO user login ok
2026-03-04 03:17:43 INFO connection reset by peer
2026-03-04 03:17:46 INFO cache miss
2026-03-04 03:17:49 INFO background job finished
2026-03-04 03:17:52 WARN user login ok
2026-03-04 03:17:54 WARN config reloaded
2026-03-04 03:17:58 INFO config reloaded
2026-03-04 03:18:00 WARN user logout
2026-03-04 03:18:02 INFO user login ok
2026-03-04 03:18:05 WARN user login ok
2026-03-04 03:18:08 INFO user login ok
2026-03-04 03:18:10 WARN user login ok
2026-03-04 03:18:11 WARN user login ok
2026-03-04 03:18:15 WARN request handled
2026-03-04 03:18:18 INFO slow query detected
2026-03-04 03:18:22 INFO user login ok
2026-03-04 03:18:26 INFO disk usage high
2026-03-04 03:18:27 WARN request handled
2026-03-04 03:18:30 INFO database timeout
2026-03-04 03:18:33 ERROR cache hit
2026-03-04 03:18:37 WARN connection reset by peer
2026-03-04 03:18:41 INFO user login ok
2026-03-04 03:18:44 INFO request handled
2026-03-04 03:18:47 INFO user login ok
2026-03-04 03:18:51 INFO user login ok
2026-03-04 03:18:53 INFO request handled
2026-03-04 03:18:54 INFO request handled
2026-03-04 03:18:58 INFO cache hit
2026-03-04 03:19:00 INFO user login ok
2026-03-04 03:19:03 INFO connection reset by peer
2026-03-04 03:19:06 INFO background job finished
2026-03-04 03:19:07 INFO user login ok
2026-03-04 03:19:09 INFO disk usage high
2026-03-04 03:19:12 INFO connection reset by peer
2026-03-04 03:19:13 INFO cache hit
2026-03-04 03:19:17 INFO connection reset by peer
2026-03-04 03:19:20 INFO user login ok
2026-03-04 03:19:24 INFO user login ok
2026-03-04 03:19:26 INFO cache hit
2026-03-04 03:19:30 INFO user login ok
2026-03-04 03:19:33 INFO user login ok
2026-03-04 03:19:34 INFO background job finished
2026-03-04 03:19:37 INFO user login ok
2026-03-04 03:19:40 INFO invalid token
2026-03-04 03:19:41 INFO user logout
2026-03-04 03:19:45 INFO connection reset by peer
2026-03-04 03:19:46 INFO request handled
2026-03-04 03:19:50 INFO cache hit
2026-03-04 03:19:51 WARN user logout
2026-03-04 03:19:54 INFO slow query detected
2026-03-04 03:19:57 WARN user logout
2026-03-04 03:20:00 INFO request handled
2026-03-04 03:20:04 WARN cache hit
2026-03-04 03:20:08 INFO user login ok
2026-03-04 03:20:10 ERROR cache hit
2026-03-04 03:20:12 WARN user login ok
2026-03-04 03:20:14 INFO disk usage high
2026-03-04 03:20:15 INFO invalid token
2026-03-04 03:20:17 INFO disk usage high
2026-03-04 03:20:20 INFO user login ok
2026-03-04 03:20:22 INFO database timeout
2026-03-04 03:20:23 WARN slow query detected
2026-03-04 03:20:25 INFO database timeout
2026-03-04 03:20:28 INFO user login ok
2026-03-04 03:20:31 INFO cache hit
2026-03-04 03:20:34 INFO user logout
2026-03-04 03:20:38 INFO user login ok
2026-03-04 03:20:40 ERROR user login ok
2026-03-04 03:20:43 INFO request handled
2026-03-04 03:20:45 INFO user logout
2026-03-04 03:20:47 INFO user login ok
2026-03-04 03:20:48 INFO user login ok
2026-03-04 03:20:51 ERROR user logout
2026-03-04 03:20:54 INFO background job finished
2026-03-04 03:20:56 INFO invalid token
2026-03-04 03:21:00 INFO config reloaded
2026-03-04 03:21:02 INFO user login ok
2026-03-04 03:21:05 INFO slow query detected
2026-03-04 03:21:09 INFO config reloaded
2026-03-04 03:21:11 ERROR user login ok
2026-03-04 03:21:13 INFO user login ok
2026-03-04 03:21:16 INFO user logout
2026-03-04 03:21:19 INFO cache hit
2026-03-04 03:21:23 INFO background job finished
2026-03-04 03:21:24 INFO cache miss
2026-03-04 03:21:25 WARN database timeout
2026-03-04 03:21:26 WARN user login ok
2026-03-04 03:21:27 INFO user logout
2026-03-04 03:21:28 INFO user login ok
2026-03-04 03:21:31 WARN invalid token
2026-03-04 03:21:35 WARN disk usage high
2026-03-04 03:21:37 INFO slow query detected
2026-03-04 03:21:38 WARN user login ok
2026-03-04 03:21:40 INFO user login ok
2026-03-04 03:21:44 INFO user login ok
2026-03-04 03:21:48 INFO database timeout
2026-03-04 03:21:52 INFO cache hit
2026-03-04 03:21:54 INFO user login ok
2026-03-04 03:21:55 WARN connection reset by peer
2026-03-04 03:21:57 WARN connection reset by peer
2026-03-04 03:22:00 INFO disk usage high
2026-03-04 03:22:04 INFO user login ok
2026-03-04 03:22:07 INFO cache miss
2026-03-04 03:22:09 INFO user login ok
2026-03-04 03:22:11 INFO user logout
2026-03-04 03:22:15 INFO disk usage high
2026-03-04 03:22:19 INFO request handled
2026-03-04 03:22:20 ERROR user logout
2026-03-04 03:22:22 INFO background job finished
2026-03-04 03:22:25 INFO cache miss
2026-03-04 03:22:29 INFO connection reset by peer
2026-03-04 03:22:33 INFO invalid token
2026-03-04 03:22:37 INFO request handled
2026-03-04 03:22:38 WARN connection reset by peer
2026-03-04 03:22:39 WARN request handled
2026-03-04 03:22:41 INFO user login ok
2026-03-04 03:22:45 WARN connection reset by peer
2026-03-04 03:22:47 INFO cache hit
2026-03-04 03:22:50 INFO request handled
2026-03-04 03:22:52 INFO user login ok
2026-03-04 03:22:56 INFO user login ok
2026-03-04 03:22:58 WARN cache miss
2026-03-04 03:22:59 ERROR config reloaded
2026-03-04 03:23:02 INFO user logout
2026-03-04 03:23:03 INFO background job finished
2026-03-04 03:23:06 INFO config reloaded
2026-03-04 03:23:07 INFO config reloaded
2026-03-04 03:23:09 INFO invalid token
2026-03-04 03:23:13 INFO disk usage high
2026-03-04 03:23:15 INFO user logout
2026-03-04 03:23:16 INFO slow query detected
2026-03-04 03:23:19 INFO request handled
2026-03-04 03:23:20 INFO user logout
2026-03-04 03:23:23 INFO cache hit
2026-03-04 03:23:24 INFO connection reset by peer
2026-03-04 03:23:25 INFO user login ok
2026-03-04 03:23:27 WARN user login ok
2026-03-04 03:23:28 INFO user logout
2026-03-04 03:23:30 INFO slow query detected
2026-03-04 03:23:33 INFO database timeout
2026-03-04 03:23:36 ERROR user logout
2026-03-04 03:23:38 INFO user login ok
2026-03-04 03:23:41 ERROR cache hit
2026-03-04 03:23:42 INFO user login ok
2026-03-04 03:23:43 INFO user login ok
2026-03-04 03:23:45 INFO invalid token
2026-03-04 03:23:47 INFO cache miss
2026-03-04 03:23:49 INFO invalid token
2026-03-04 03:23:53 INFO background job finished
2026-03-04 03:23:57 WARN cache hit
2026-03-04 03:24:00 INFO slow query detected
2026-03-04 03:24:02 INFO user login ok
2026-03-04 03:24:06 WARN database timeout
2026-03-04 03:24:07 INFO connection reset by peer
2026-03-04 03:24:08 INFO user login ok
2026-03-04 03:24:11 INFO connection reset by peer
2026-03-04 03:24:15 INFO config reloaded
2026-03-04 03:24:18 WARN cache hit
2026-03-04 03:24:19 INFO user login ok
### повреждённая строка ###
2026-03-04 03:24:23 INFO disk usage high
2026-03-04 03:24:27 INFO user logout
2026-03-04 03:24:29 INFO slow query detected
2026-03-04 03:24:31 INFO connection reset by peer
2026-03-04 03:24:34 INFO config reloaded
2026-03-04 03:24:38 INFO request handled
2026-03-04 03:24:42 INFO user logout
2026-03-04 03:24:45 INFO user login ok
2026-03-04 03:24:48 INFO user login ok
2026-03-04 03:24:51 INFO user login ok
2026-03-04 03:24:54 INFO user logout
2026-03-04 03:24:56 INFO user login ok
2026-03-04 03:25:00 INFO request handled
2026-03-04 03:25:03 INFO request handled
2026-03-04 03:25:05 INFO connection reset by peer
2026-03-04 03:25:08 INFO user logout
2026-03-04 03:25:10 WARN config reloaded
2026-03-04 03:25:12 INFO cache miss
2026-03-04 03:25:16 INFO user login ok
2026-03-04 03:25:17 INFO cache hit
2026-03-04 03:25:20 INFO cache hit
2026-03-04 03:25:23 INFO user logout
2026-03-04 03:25:24 ERROR user login ok
2026-03-04 03:25:26 INFO user login ok
2026-03-04 03:25:29 INFO connection reset by peer
2026-03-04 03:25:31 INFO disk usage high
2026-03-04 03:25:33 WARN config reloaded
2026-03-04 03:25:36 INFO slow query detected
2026-03-04 03:25:40 INFO user login ok
2026-03-04 03:25:43 INFO connection reset by peer
2026-03-04 03:25:45 WARN background job finished
2026-03-04 03:25:49 INFO config reloaded
2026-03-04 03:25:52 INFO user login ok
2026-03-04 03:25:54 INFO user logout
2026-03-04 03:25:56 INFO database timeout
2026-03-04 03:25:57 WARN config reloaded
2026-03-04 03:25:59 ERROR slow query detected
2026-03-04 03:26:02 INFO database timeout
2026-03-04 03:26:04 INFO invalid token
2026-03-04 03:26:06 INFO user logout
2026-03-04 03:26:09 INFO slow query detected
2026-03-04 03:26:11 INFO cache hit
2026-03-04 03:26:13 INFO user logout
2026-03-04 03:26:17 INFO background job finished
2026-03-04 03:26:19 WARN config reloaded
2026-03-04 03:26:23 INFO cache miss
2026-03-04 03:26:27 INFO user login ok
2026-03-04 03:26:31 INFO user login ok
2026-03-04 03:26:33 INFO user login ok
2026-03-04 03:26:35 INFO database timeout
2026-03-04 03:26:39 INFO config reloaded
2026-03-04 03:26:40 WARN cache miss
2026-03-04 03:26:43 INFO connection reset by peer
2026-03-04 03:26:46 INFO disk usage high
### повреждённая строка ###
2026-03-04 03:26:50 INFO user login ok
2026-03-04 03:26:54 INFO connection reset by peer
2026-03-04 03:26:58 INFO invalid token
2026-03-04 03:27:02 INFO slow query detected
2026-03-04 03:27:05 INFO background job finished
2026-03-04 03:27:06 INFO slow query detected
2026-03-04 03:27:09 INFO user login ok
2026-03-04 03:27:13 WARN invalid token
2026-03-04 03:27:16 INFO database timeout
2026-03-04 03:27:18 INFO user login ok
2026-03-04 03:27:21 INFO background job finished
2026-03-04 03:27:25 WARN user login ok
2026-03-04 03:27:26 INFO background job finished
2026-03-04 03:27:28 INFO user login ok
2026-03-04 03:27:29 INFO disk usage high
2026-03-04 03:27:32 INFO config reloaded
2026-03-04 03:27:34 INFO config reloaded
2026-03-04 03:27:38 INFO config reloaded
2026-03-04 03:27:42 INFO user login ok
2026-03-04 03:27:45 INFO user login ok
2026-03-04 03:27:49 WARN slow query detected
2026-03-04 03:27:53 INFO user login ok
2026-03-04 03:27:57 INFO user login ok
2026-03-04 03:27:59 INFO database timeout
2026-03-04 03:28:03 INFO config reloaded
2026-03-04 03:28:05 INFO user login ok
2026-03-04 03:28:07 INFO disk usage high
2026-03-04 03:28:08 INFO user logout
2026-03-04 03:28:11 INFO config reloaded
2026-03-04 03:28:12 INFO user logout
2026-03-04 03:28:13 INFO database timeout
2026-03-04 03:28:16 INFO cache miss
2026-03-04 03:28:17 WARN user login ok
2026-03-04 03:28:19 INFO user logout
2026-03-04 03:28:21 INFO user login ok
2026-03-04 03:28:22 INFO user login ok
2026-03-04 03:28:23 INFO user login ok
2026-03-04 03:28:26 INFO user login ok
2026-03-04 03:28:30 ERROR user login ok
2026-03-04 03:28:34 INFO user login ok
2026-03-04 03:28:36 INFO user login ok
2026-03-04 03:28:38 INFO user login ok
2026-03-04 03:28:40 INFO background job finished
2026-03-04 03:28:43 INFO user login ok
2026-03-04 03:28:47 INFO connection reset by peer
2026-03-04 03:28:50 INFO user logout
2026-03-04 03:28:53 INFO user logout
2026-03-04 03:28:56 INFO user login ok
2026-03-04 03:28:59 WARN connection reset by peer
2026-03-04 03:29:03 INFO user logout
2026-03-04 03:29:07 INFO cache miss
2026-03-04 03:29:11 WARN cache miss
2026-03-04 03:29:13 INFO cache hit
2026-03-04 03:29:16 INFO cache hit
2026-03-04 03:29:20 INFO user logout
2026-03-04 03:29:21 INFO database timeout
2026-03-04 03:29:24 INFO user login ok
2026-03-04 03:29:26 WARN user login ok
2026-03-04 03:29:30 INFO database timeout
2026-03-04 03:29:31 INFO background job finished
2026-03-04 03:29:34 ERROR cache hit
2026-03-04 03:29:37 INFO cache hit
2026-03-04 03:29:41 INFO slow query detected
2026-03-04 03:29:42 INFO cache miss
2026-03-04 03:29:45 WARN background job finished
2026-03-04 03:29:48 INFO user login ok
2026-03-04 03:29:51 WARN connection reset by peer
2026-03-04 03:29:52 INFO request handled
2026-03-04 03:29:55 INFO cache miss
2026-03-04 03:29:57 INFO user login ok
2026-03-04 03:29:59 WARN user login ok
2026-03-04 03:30:02 INFO disk usage high
2026-03-04 03:30:06 INFO slow query detected
2026-03-04 03:30:10 INFO user login ok
2026-03-04 03:30:12 INFO background job finished
2026-03-04 03:30:16 INFO user login ok
2026-03-04 03:30:19 INFO config reloaded
2026-03-04 03:30:23 INFO cache hit
2026-03-04 03:30:27 INFO user logout
2026-03-04 03:30:30 INFO user login ok
2026-03-04 03:30:33 INFO cache miss
2026-03-04 03:30:36 INFO user login ok
2026-03-04 03:30:39 INFO cache miss
2026-03-04 03:30:40 INFO user login ok
2026-03-04 03:30:44 INFO user login ok
2026-03-04 03:30:47 WARN user login ok
2026-03-04 03:30:49 INFO user login ok
2026-03-04 03:30:52 INFO slow query detected
2026-03-04 03:30:53 INFO user login ok
2026-03-04 03:30:55 INFO user login ok
2026-03-04 03:30:59 WARN user logout
2026-03-04 03:31:03 WARN user login ok
2026-03-04 03:31:05 INFO cache hit
2026-03-04 03:31:09 WARN connection reset by peer
2026-03-04 03:31:13 INFO user logout
2026-03-04 03:31:17 INFO user logout
2026-03-04 03:31:19 INFO user login ok
2026-03-04 03:31:20 ERROR cache miss
2026-03-04 03:31:22 INFO user login ok
2026-03-04 03:31:26 WARN disk usage high
2026-03-04 03:31:29 INFO request handled
2026-03-04 03:31:31 WARN cache miss
2026-03-04 03:31:35 INFO user login ok
2026-03-04 03:31:39 INFO user login ok
2026-03-04 03:31:41 INFO user login ok
2026-03-04 03:31:42 INFO user login ok
2026-03-04 03:31:45 INFO disk usage high
2026-03-04 03:31:48 WARN user logout
2026-03-04 03:31:50 INFO request handled
2026-03-04 03:31:53 INFO user login ok
2026-03-04 03:31:54 INFO user login ok
2026-03-04 03:31:55 ERROR cache miss
2026-03-04 03:31:58 INFO cache hit
2026-03-04 03:32:01 INFO user login ok
2026-03-04 03:32:05 INFO cache miss
2026-03-04 03:32:08 WARN user login ok
2026-03-04 03:32:10 INFO user login ok
2026-03-04 03:32:11 INFO user login ok
2026-03-04 03:32:15 INFO user login ok
2026-03-04 03:32:17 INFO user login ok
2026-03-04 03:32:20 WARN cache miss
2026-03-04 03:32:22 INFO user login ok
2026-03-04 03:32:23 INFO slow query detected
2026-03-04 03:32:26 INFO cache hit
2026-03-04 03:32:28 INFO user logout
2026-03-04 03:32:32 INFO slow query detected
2026-03-04 03:32:34 INFO background job finished
2026-03-04 03:32:36 INFO user login ok
2026-03-04 03:32:40 WARN background job finished
2026-03-04 03:32:43 INFO user login ok
2026-03-04 03:32:45 INFO user logout
2026-03-04 03:32:47 INFO config reloaded
2026-03-04 03:32:51 INFO cache hit
2026-03-04 03:32:53 INFO user login ok
2026-03-04 03:32:56 INFO cache miss
2026-03-04 03:32:58 INFO user logout
2026-03-04 03:33:01 INFO user logout
2026-03-04 03:33:04 ERROR user login ok
2026-03-04 03:33:07 WARN connection reset by peer
2026-03-04 03:33:11 INFO request handled
2026-03-04 03:33:14 INFO disk usage high
2026-03-04 03:33:17 INFO user login ok
2026-03-04 03:33:20 INFO user login ok
2026-03-04 03:33:23 WARN slow query detected
2026-03-04 03:33:24 INFO background job finished
2026-03-04 03:33:26 INFO user login ok
2026-03-04 03:33:27 WARN user logout
2026-03-04 03:33:29 INFO request handled
2026-03-04 03:33:31 WARN user login ok
2026-03-04 03:33:34 INFO user login ok
2026-03-04 03:33:36 ERROR cache hit
2026-03-04 03:33:40 WARN cache miss
2026-03-04 03:33:43 INFO user logout
2026-03-04 03:33:45 INFO cache miss
2026-03-04 03:33:47 ERROR database timeout
2026-03-04 03:33:50 INFO config reloaded
2026-03-04 03:33:54 INFO disk usage high
2026-03-04 03:33:58 INFO disk usage high
2026-03-04 03:34:00 INFO disk usage high
2026-03-04 03:34:01 INFO cache hit
2026-03-04 03:34:04 WARN request handled
2026-03-04 03:34:08 INFO cache miss
2026-03-04 03:34:10 INFO cache hit
2026-03-04 03:34:11 WARN user login ok
2026-03-04 03:34:13 ERROR connection reset by peer
2026-03-04 03:34:14 ERROR user login ok
2026-03-04 03:34:16 INFO database timeout
2026-03-04 03:34:18 INFO request handled
2026-03-04 03:34:19 INFO user login ok
2026-03-04 03:34:21 INFO cache miss
2026-03-04 03:34:24 INFO cache hit
2026-03-04 03:34:25 INFO user login ok
2026-03-04 03:34:29 INFO user logout
2026-03-04 03:34:31 ERROR user login ok
2026-03-04 03:34:32 INFO user logout
2026-03-04 03:34:35 INFO request handled
2026-03-04 03:34:39 INFO config reloaded
2026-03-04 03:34:40 INFO slow query detected
2026-03-04 03:34:41 INFO user login ok
2026-03-04 03:34:42 INFO user login ok
2026-03-04 03:34:46 INFO invalid token
2026-03-04 03:34:47 INFO database timeout
2026-03-04 03:34:49 INFO slow query detected
2026-03-04 03:34:53 INFO cache miss
2026-03-04 03:34:54 INFO user login ok
2026-03-04 03:34:56 INFO request handled
2026-03-04 03:34:58 INFO config reloaded
2026-03-04 03:34:59 INFO request handled
2026-03-04 03:35:01 INFO slow query detected
2026-03-04 03:35:04 WARN user logout
2026-03-04 03:35:06 INFO disk usage high
2026-03-04 03:35:09 INFO user logout
2026-03-04 03:35:10 WARN user logout
2026-03-04 03:35:13 INFO user login ok
2026-03-04 03:35:15 INFO user login ok
2026-03-04 03:35:19 INFO background job finished
2026-03-04 03:35:23 INFO user logout
2026-03-04 03:35:27 INFO disk usage high
2026-03-04 03:35:28 INFO database timeout
2026-03-04 03:35:31 INFO user login ok
2026-03-04 03:35:33 INFO user login ok
2026-03-04 03:35:37 WARN disk usage high
2026-03-04 03:35:38 INFO user login ok
2026-03-04 03:35:39 INFO request handled
2026-03-04 03:35:41 INFO user logout
2026-03-04 03:35:44 WARN user login ok
2026-03-04 03:35:46 INFO user logout
2026-03-04 03:35:50 INFO user login ok
2026-03-04 03:35:52 INFO cache hit
2026-03-04 03:35:53 INFO user login ok
2026-03-04 03:35:55 INFO user login ok
2026-03-04 03:35:56 INFO user login ok
2026-03-04 03:36:00 INFO user logout
2026-03-04 03:36:04 INFO user login ok
2026-03-04 03:36:08 INFO cache miss
2026-03-04 03:36:11 WARN disk usage high
2026-03-04 03:36:14 INFO user login ok
2026-03-04 03:36:17 INFO disk usage high
2026-03-04 03:36:19 WARN background job finished
2026-03-04 03:36:20 INFO request handled
2026-03-04 03:36:22 ERROR cache hit
2026-03-04 03:36:25 INFO user login ok
2026-03-04 03:36:28 INFO user login ok
2026-03-04 03:36:31 WARN cache miss
2026-03-04 03:36:35 INFO user login ok
2026-03-04 03:36:39 WARN cache hit
2026-03-04 03:36:40 INFO database timeout
2026-03-04 03:36:43 ERROR request handled
2026-03-04 03:36:46 INFO user login ok
2026-03-04 03:36:50 WARN user login ok
2026-03-04 03:36:54 WARN slow query detected
2026-03-04 03:36:55 INFO database timeout
2026-03-04 03:36:56 INFO disk usage high
2026-03-04 03:36:59 WARN user login ok
2026-03-04 03:37:03 INFO request handled
2026-03-04 03:37:05 INFO user logout
2026-03-04 03:37:09 INFO cache hit
2026-03-04 03:37:13 INFO cache miss
2026-03-04 03:37:16 INFO cache hit
2026-03-04 03:37:18 WARN user login ok
2026-03-04 03:37:21 INFO request handled
2026-03-04 03:37:24 INFO user login ok
2026-03-04 03:37:25 INFO user logout
2026-03-04 03:37:28 INFO invalid token
2026-03-04 03:37:30 INFO database timeout
2026-03-04 03:37:33 INFO background job finished
2026-03-04 03:37:34 INFO connection reset by peer
2026-03-04 03:37:37 INFO user logout
2026-03-04 03:37:39 INFO invalid token
2026-03-04 03:37:40 ERROR user login ok
2026-03-04 03:37:41 INFO config reloaded
2026-03-04 03:37:44 WARN cache hit
### повреждённая строка ###
2026-03-04 03:37:50 INFO slow query detected
2026-03-04 03:37:51 INFO request handled
2026-03-04 03:37:52 INFO database timeout
2026-03-04 03:37:56 ERROR cache miss
2026-03-04 03:38:00 INFO database timeout
2026-03-04 03:38:03 INFO user logout
2026-03-04 03:38:05 INFO slow query detected
2026-03-04 03:38:06 INFO user login ok
2026-03-04 03:38:07 ERROR user login ok
2026-03-04 03:38:10 INFO user login ok
2026-03-04 03:38:13 INFO user login ok
2026-03-04 03:38:16 INFO user login ok
2026-03-04 03:38:20 INFO cache hit
2026-03-04 03:38:23 INFO background job finished
2026-03-04 03:38:27 INFO user login ok
2026-03-04 03:38:28 INFO user logout
2026-03-04 03:38:32 INFO user login ok
2026-03-04 03:38:33 INFO connection reset by peer
2026-03-04 03:38:34 INFO user logout
2026-03-04 03:38:35 INFO request handled
2026-03-04 03:38:38 WARN background job finished
2026-03-04 03:38:41 INFO user login ok
2026-03-04 03:38:44 ERROR user login ok
2026-03-04 03:38:48 INFO connection reset by peer
2026-03-04 03:38:52 INFO request handled
2026-03-04 03:38:54 INFO cache miss
2026-03-04 03:38:57 WARN user login ok
2026-03-04 03:38:58 INFO slow query detected
2026-03-04 03:38:59 INFO slow query detected
2026-03-04 03:39:01 INFO request handled
2026-03-04 03:39:03 INFO slow query detected
2026-03-04 03:39:04 INFO user logout
2026-03-04 03:39:06 INFO background job finished
2026-03-04 03:39:07 INFO slow query detected
2026-03-04 03:39:11 INFO invalid token
2026-03-04 03:39:13 INFO user login ok
2026-03-04 03:39:16 INFO cache hit
2026-03-04 03:39:17 WARN cache hit
2026-03-04 03:39:18 INFO request handled
2026-03-04 03:39:22 INFO user logout
2026-03-04 03:39:23 INFO request handled
2026-03-04 03:39:25 INFO user login ok
2026-03-04 03:39:27 INFO user login ok
2026-03-04 03:39:31 INFO slow query detected
2026-03-04 03:39:34 INFO user login ok
2026-03-04 03:39:38 INFO user login ok
2026-03-04 03:39:42 INFO slow query detected
2026-03-04 03:39:46 WARN user logout
2026-03-04 03:39:49 INFO connection reset by peer
2026-03-04 03:39:51 INFO user login ok
2026-03-04 03:39:54 INFO user login ok
2026-03-04 03:39:57 INFO user login ok
2026-03-04 03:40:01 INFO cache miss
2026-03-04 03:40:05 ERROR database timeout
2026-03-04 03:40:08 INFO user login ok
2026-03-04 03:40:10 INFO slow query detected
2026-03-04 03:40:13 INFO request handled
2026-03-04 03:40:14 INFO database timeout
2026-03-04 03:40:18 INFO user login ok
2026-03-04 03:40:21 INFO user logout
2026-03-04 03:40:23 ERROR user login ok
2026-03-04 03:40:26 ERROR invalid token
2026-03-04 03:40:30 INFO database timeout
2026-03-04 03:40:33 INFO user login ok
2026-03-04 03:40:34 INFO user login ok
2026-03-04 03:40:35 INFO user logout
2026-03-04 03:40:36 INFO user login ok
2026-03-04 03:40:39 INFO config reloaded
2026-03-04 03:40:41 INFO cache miss
2026-03-04 03:40:42 INFO database timeout
2026-03-04 03:40:45 INFO cache miss
2026-03-04 03:40:47 INFO user login ok
2026-03-04 03:40:48 INFO background job finished
2026-03-04 03:40:50 INFO user logout
2026-03-04 03:40:53 INFO disk usage high
2026-03-04 03:40:56 INFO cache hit
2026-03-04 03:41:00 WARN user logout
2026-03-04 03:41:03 INFO invalid token
2026-03-04 03:41:05 WARN user logout
2026-03-04 03:41:07 INFO database timeout
2026-03-04 03:41:10 INFO slow query detected
2026-03-04 03:41:12 INFO config reloaded
2026-03-04 03:41:15 INFO background job finished
2026-03-04 03:41:17 INFO user login ok
2026-03-04 03:41:21 INFO user login ok
2026-03-04 03:41:22 INFO user login ok
2026-03-04 03:41:26 WARN user login ok
2026-03-04 03:41:29 INFO user login ok
2026-03-04 03:41:30 INFO connection reset by peer
2026-03-04 03:41:34 INFO config reloaded
2026-03-04 03:41:38 WARN slow query detected
2026-03-04 03:41:40 WARN invalid token
2026-03-04 03:41:43 INFO user login ok
2026-03-04 03:41:44 INFO config reloaded
2026-03-04 03:41:47 INFO disk usage high
2026-03-04 03:41:50 INFO database timeout
2026-03-04 03:41:54 INFO background job finished
2026-03-04 03:41:58 INFO user logout
2026-03-04 03:42:02 INFO config reloaded
2026-03-04 03:42:04 INFO disk usage high
2026-03-04 03:42:05 INFO database timeout
2026-03-04 03:42:06 INFO background job finished
2026-03-04 03:42:09 WARN request handled
2026-03-04 03:42:10 INFO user login ok
2026-03-04 03:42:13 WARN invalid token
2026-03-04 03:42:16 INFO connection reset by peer
2026-03-04 03:42:18 WARN slow query detected
2026-03-04 03:42:22 ERROR cache miss
2026-03-04 03:42:24 WARN invalid token
2026-03-04 03:42:25 INFO user logout
2026-03-04 03:42:26 ERROR user login ok
2026-03-04 03:42:30 INFO disk usage high
2026-03-04 03:42:33 INFO cache hit
2026-03-04 03:42:35 INFO cache miss
2026-03-04 03:42:36 WARN request handled
2026-03-04 03:42:39 INFO database timeout
2026-03-04 03:42:40 INFO user logout
2026-03-04 03:42:44 INFO user login ok
2026-03-04 03:42:48 INFO invalid token
2026-03-04 03:42:52 INFO user login ok
2026-03-04 03:42:54 WARN slow query detected
2026-03-04 03:42:57 INFO user logout
2026-03-04 03:42:59 INFO database timeout
2026-03-04 03:43:00 WARN user login ok
2026-03-04 03:43:02 INFO request handled
2026-03-04 03:43:06 INFO user login ok
2026-03-04 03:43:10 INFO user logout
2026-03-04 03:43:12 WARN cache miss
2026-03-04 03:43:14 INFO background job finished
2026-03-04 03:43:17 INFO cache hit
2026-03-04 03:43:21 INFO database timeout
2026-03-04 03:43:22 INFO user logout
2026-03-04 03:43:26 INFO connection reset by peer
2026-03-04 03:43:28 INFO database timeout
2026-03-04 03:43:29 INFO user login ok
2026-03-04 03:43:33 INFO database timeout
2026-03-04 03:43:37 WARN cache miss
2026-03-04 03:43:41 INFO cache hit
2026-03-04 03:43:44 INFO slow query detected
2026-03-04 03:43:45 INFO user login ok
2026-03-04 03:43:46 WARN cache miss
2026-03-04 03:43:48 INFO user logout
2026-03-04 03:43:50 INFO request handled
2026-03-04 03:43:51 INFO config reloaded
2026-03-04 03:43:54 WARN config reloaded
2026-03-04 03:43:57 INFO database timeout
2026-03-04 03:43:59 INFO slow query detected
2026-03-04 03:44:01 INFO user login ok
2026-03-04 03:44:05 INFO config reloaded
2026-03-04 03:44:09 INFO user login ok
2026-03-04 03:44:13 WARN user login ok
2026-03-04 03:44:17 INFO invalid token
2026-03-04 03:44:18 WARN user login ok
2026-03-04 03:44:21 INFO user logout
2026-03-04 03:44:23 INFO database timeout
2026-03-04 03:44:24 INFO user login ok
2026-03-04 03:44:25 INFO user login ok
2026-03-04 03:44:29 INFO disk usage high
2026-03-04 03:44:32 INFO user login ok
2026-03-04 03:44:33 INFO user login ok
2026-03-04 03:44:34 INFO cache hit
2026-03-04 03:44:35 INFO connection reset by peer
2026-03-04 03:44:38 INFO invalid token
2026-03-04 03:44:42 INFO user login ok
2026-03-04 03:44:46 INFO cache hit
2026-03-04 03:44:49 INFO disk usage high
2026-03-04 03:44:52 ERROR database timeout
2026-03-04 03:44:53 WARN disk usage high
2026-03-04 03:44:55 INFO cache hit
2026-03-04 03:44:56 WARN cache miss
2026-03-04 03:45:00 INFO request handled
2026-03-04 03:45:02 INFO user login ok
2026-03-04 03:45:05 INFO user logout
2026-03-04 03:45:09 INFO request handled
2026-03-04 03:45:10 INFO cache miss
2026-03-04 03:45:11 INFO invalid token
2026-03-04 03:45:12 ERROR user login ok
2026-03-04 03:45:14 INFO user login ok
2026-03-04 03:45:16 INFO user login ok
2026-03-04 03:45:18 INFO user login ok
2026-03-04 03:45:21 INFO user login ok
2026-03-04 03:45:23 INFO disk usage high
2026-03-04 03:45:27 INFO user login ok
2026-03-04 03:45:29 ERROR invalid token
2026-03-04 03:45:31 INFO slow query detected
2026-03-04 03:45:35 INFO user login ok
2026-03-04 03:45:37 INFO connection reset by peer
2026-03-04 03:45:40 INFO cache hit
2026-03-04 03:45:41 WARN user logout
2026-03-04 03:45:43 INFO user logout
2026-03-04 03:45:47 INFO cache miss
### повреждённая строка ###
2026-03-04 03:45:50 INFO user login ok
2026-03-04 03:45:52 INFO user login ok
2026-03-04 03:45:55 INFO database timeout
2026-03-04 03:45:59 INFO cache hit
2026-03-04 03:46:02 ERROR slow query detected
2026-03-04 03:46:03 INFO slow query detected
2026-03-04 03:46:05 WARN cache hit
2026-03-04 03:46:07 ERROR background job finished
2026-03-04 03:46:09 INFO connection reset by peer
2026-03-04 03:46:13 INFO disk usage high
2026-03-04 03:46:17 INFO user logout
2026-03-04 03:46:20 WARN user logout
2026-03-04 03:46:23 WARN user login ok
2026-03-04 03:46:26 WARN cache miss
2026-03-04 03:46:27 INFO background job finished
2026-03-04 03:46:30 INFO cache miss
2026-03-04 03:46:31 INFO disk usage high
2026-03-04 03:46:33 WARN user logout
2026-03-04 03:46:35 INFO user logout
2026-03-04 03:46:36 INFO invalid token
2026-03-04 03:46:39 INFO cache hit
2026-03-04 03:46:42 INFO cache miss
2026-03-04 03:46:44 INFO cache hit
2026-03-04 03:46:45 INFO disk usage high
2026-03-04 03:46:49 INFO user login ok
2026-03-04 03:46:50 INFO slow query detected
2026-03-04 03:46:54 INFO cache hit
2026-03-04 03:46:57 INFO cache hit
2026-03-04 03:47:00 WARN user login ok
2026-03-04 03:47:01 INFO background job finished
2026-03-04 03:47:03 INFO background job finished
2026-03-04 03:47:06 INFO database timeout
2026-03-04 03:47:07 ERROR request handled
2026-03-04 03:47:11 ERROR user logout
2026-03-04 03:47:15 INFO user login ok
2026-03-04 03:47:19 INFO user login ok
2026-03-04 03:47:20 INFO slow query detected
2026-03-04 03:47:21 INFO user logout
2026-03-04 03:47:25 INFO connection reset by peer
2026-03-04 03:47:29 INFO disk usage high
2026-03-04 03:47:31 INFO config reloaded
2026-03-04 03:47:35 INFO slow query detected
2026-03-04 03:47:39 ERROR invalid token
2026-03-04 03:47:42 INFO request handled
2026-03-04 03:47:45 INFO cache miss
2026-03-04 03:47:46 INFO user login ok
2026-03-04 03:47:50 INFO user login ok
2026-03-04 03:47:54 INFO request handled
2026-03-04 03:47:57 INFO user login ok
2026-03-04 03:48:01 INFO user login ok
2026-03-04 03:48:02 WARN user login ok
2026-03-04 03:48:04 INFO slow query detected
2026-03-04 03:48:08 INFO user logout
2026-03-04 03:48:09 ERROR cache miss
2026-03-04 03:48:10 WARN user logout
2026-03-04 03:48:14 INFO user logout
2026-03-04 03:48:15 WARN invalid token
2026-03-04 03:48:19 INFO request handled
2026-03-04 03:48:22 WARN connection reset by peer
2026-03-04 03:48:25 INFO invalid token
2026-03-04 03:48:29 INFO user login ok
2026-03-04 03:48:33 INFO background job finished
2026-03-04 03:48:36 INFO user login ok
2026-03-04 03:48:39 WARN slow query detected
2026-03-04 03:48:43 INFO user logout
2026-03-04 03:48:47 INFO user login ok
2026-03-04 03:48:50 WARN user login ok
2026-03-04 03:48:51 INFO connection reset by peer
2026-03-04 03:48:54 INFO cache hit
2026-03-04 03:48:57 INFO user login ok
2026-03-04 03:49:01 WARN user login ok
2026-03-04 03:49:04 INFO database timeout
2026-03-04 03:49:06 INFO user login ok
2026-03-04 03:49:08 INFO user login ok
2026-03-04 03:49:10 WARN cache miss
2026-03-04 03:49:11 INFO user login ok
2026-03-04 03:49:13 WARN background job finished
2026-03-04 03:49:15 INFO request handled
2026-03-04 03:49:17 INFO cache miss
2026-03-04 03:49:20 INFO cache miss
2026-03-04 03:49:21 INFO disk usage high
2026-03-04 03:49:22 INFO database timeout
2026-03-04 03:49:25 INFO config reloaded
2026-03-04 03:49:27 WARN user login ok
2026-03-04 03:49:28 INFO user login ok
2026-03-04 03:49:32 INFO user login ok
2026-03-04 03:49:34 INFO connection reset by peer
2026-03-04 03:49:36 ERROR cache miss
2026-03-04 03:49:40 INFO user login ok
2026-03-04 03:49:41 INFO request handled
2026-03-04 03:49:44 INFO background job finished
2026-03-04 03:49:48 INFO user login ok
2026-03-04 03:49:50 INFO invalid token
2026-03-04 03:49:51 INFO cache miss
2026-03-04 03:49:54 INFO config reloaded
2026-03-04 03:49:57 INFO user login ok
2026-03-04 03:50:00 INFO cache miss
2026-03-04 03:50:04 INFO cache hit
2026-03-04 03:50:05 INFO invalid token
2026-03-04 03:50:07 INFO cache miss
2026-03-04 03:50:09 INFO request handled
2026-03-04 03:50:10 INFO cache hit
2026-03-04 03:50:11 INFO user logout
2026-03-04 03:50:13 INFO user logout
2026-03-04 03:50:15 INFO cache hit
2026-03-04 03:50:19 INFO database timeout
2026-03-04 03:50:23 INFO user login ok
2026-03-04 03:50:25 INFO cache hit
2026-03-04 03:50:29 INFO user login ok
2026-03-04 03:50:32 INFO cache miss
2026-03-04 03:50:33 INFO cache hit
2026-03-04 03:50:36 INFO slow query detected
2026-03-04 03:50:40 WARN cache miss
2026-03-04 03:50:41 INFO user login ok
2026-03-04 03:50:42 INFO user login ok
2026-03-04 03:50:46 INFO cache hit
2026-03-04 03:50:49 INFO database timeout
2026-03-04 03:50:53 INFO user login ok
2026-03-04 03:50:55 INFO user login ok
2026-03-04 03:50:58 INFO cache hit
2026-03-04 03:50:59 INFO config reloaded
2026-03-04 03:51:01 WARN user logout
2026-03-04 03:51:05 INFO disk usage high
2026-03-04 03:51:07 INFO user login ok
2026-03-04 03:51:09 INFO slow query detected
2026-03-04 03:51:12 INFO slow query detected
2026-03-04 03:51:16 WARN config reloaded
### повреждённая строка ###
2026-03-04 03:51:20 INFO user login ok
2026-03-04 03:51:24 INFO user login ok
2026-03-04 03:51:27 INFO user login ok
2026-03-04 03:51:30 WARN cache hit
2026-03-04 03:51:32 INFO user login ok
2026-03-04 03:51:34 INFO request handled
2026-03-04 03:51:38 INFO cache hit
2026-03-04 03:51:40 INFO cache miss
2026-03-04 03:51:42 INFO invalid token
2026-03-04 03:51:44 INFO connection reset by peer
2026-03-04 03:51:47 INFO cache hit
2026-03-04 03:51:48 INFO disk usage high
2026-03-04 03:51:49 WARN user login ok
2026-03-04 03:51:51 ERROR connection reset by peer
2026-03-04 03:51:52 ERROR cache miss
2026-03-04 03:51:55 INFO config reloaded
2026-03-04 03:51:57 INFO user login ok
2026-03-04 03:51:58 INFO user login ok
2026-03-04 03:51:59 INFO cache miss
2026-03-04 03:52:03 WARN database timeout
2026-03-04 03:52:04 WARN config reloaded
2026-03-04 03:52:05 WARN user login ok
2026-03-04 03:52:09 WARN user login ok
2026-03-04 03:52:11 ERROR cache hit
2026-03-04 03:52:13 WARN database timeout
2026-03-04 03:52:17 INFO request handled
2026-03-04 03:52:21 INFO slow query detected
2026-03-04 03:52:23 INFO user login ok
2026-03-04 03:52:25 INFO request handled
2026-03-04 03:52:27 INFO user login ok
2026-03-04 03:52:30 INFO invalid token
2026-03-04 03:52:33 INFO database timeout
2026-03-04 03:52:37 INFO user login ok
2026-03-04 03:52:38 INFO user login ok
2026-03-04 03:52:42 INFO cache miss
2026-03-04 03:52:43 INFO user login ok
2026-03-04 03:52:46 INFO user logout
2026-03-04 03:52:50 INFO disk usage high
2026-03-04 03:52:54 INFO user login ok
2026-03-04 03:52:58 INFO user login ok
2026-03-04 03:52:59 INFO cache miss
2026-03-04 03:53:00 INFO user logout
2026-03-04 03:53:03 INFO user logout
2026-03-04 03:53:05 INFO user login ok
2026-03-04 03:53:08 INFO user login ok
2026-03-04 03:53:10 INFO cache hit
2026-03-04 03:53:11 INFO user login ok
2026-03-04 03:53:15 WARN cache miss
2026-03-04 03:53:18 INFO user login ok
2026-03-04 03:53:20 WARN cache hit
2026-03-04 03:53:22 INFO user login ok
2026-03-04 03:53:23 INFO cache miss
2026-03-04 03:53:26 INFO cache hit
2026-03-04 03:53:27 INFO cache miss
2026-03-04 03:53:29 INFO user login ok
2026-03-04 03:53:30 INFO slow query detected
2026-03-04 03:53:33 INFO cache hit
2026-03-04 03:53:37 INFO config reloaded
2026-03-04 03:53:41 INFO disk usage high
2026-03-04 03:53:45 INFO user logout
2026-03-04 03:53:46 INFO cache hit
2026-03-04 03:53:47 INFO database timeout
2026-03-04 03:53:48 INFO user login ok
2026-03-04 03:53:50 INFO user login ok
2026-03-04 03:53:52 INFO connection reset by peer
2026-03-04 03:53:54 WARN user login ok
2026-03-04 03:53:56 ERROR config reloaded
2026-03-04 03:53:59 INFO user login ok
2026-03-04 03:54:02 INFO user login ok
2026-03-04 03:54:03 WARN background job finished
2026-03-04 03:54:07 INFO user login ok
2026-03-04 03:54:09 INFO user logout
2026-03-04 03:54:10 INFO cache hit
2026-03-04 03:54:12 INFO disk usage high
2026-03-04 03:54:16 INFO user logout
2026-03-04 03:54:19 ERROR background job finished
2026-03-04 03:54:20 WARN user login ok
2026-03-04 03:54:24 INFO user login ok
2026-03-04 03:54:27 WARN user login ok
2026-03-04 03:54:31 INFO request handled
2026-03-04 03:54:33 INFO cache miss
2026-03-04 03:54:37 INFO config reloaded
2026-03-04 03:54:41 INFO config reloaded
2026-03-04 03:54:44 INFO user logout
2026-03-04 03:54:48 INFO user logout
2026-03-04 03:54:52 INFO cache hit
2026-03-04 03:54:55 INFO user login ok
2026-03-04 03:54:59 INFO invalid token
2026-03-04 03:55:02 INFO database timeout
2026-03-04 03:55:05 WARN cache hit
2026-03-04 03:55:08 WARN request handled
2026-03-04 03:55:11 INFO user logout
2026-03-04 03:55:14 INFO slow query detected
2026-03-04 03:55:18 INFO user login ok
2026-03-04 03:55:21 INFO user login ok
2026-03-04 03:55:22 ERROR database timeout
2026-03-04 03:55:26 WARN user logout
2026-03-04 03:55:30 INFO background job finished
2026-03-04 03:55:31 INFO user login ok
2026-03-04 03:55:32 INFO user logout
2026-03-04 03:55:36 INFO cache hit
2026-03-04 03:55:37 INFO disk usage high
2026-03-04 03:55:38 INFO user login ok
2026-03-04 03:55:40 INFO request handled
2026-03-04 03:55:43 INFO user logout
2026-03-04 03:55:44 INFO user login ok
2026-03-04 03:55:47 INFO cache miss
2026-03-04 03:55:49 WARN cache hit
2026-03-04 03:55:53 INFO user login ok
2026-03-04 03:55:56 WARN user login ok
2026-03-04 03:55:58 INFO user logout
2026-03-04 03:56:02 INFO user login ok
2026-03-04 03:56:03 INFO cache hit
2026-03-04 03:56:04 INFO database timeout
2026-03-04 03:56:05 INFO request handled
2026-03-04 03:56:09 INFO slow query detected
2026-03-04 03:56:13 INFO user logout
2026-03-04 03:56:16 INFO request handled
2026-03-04 03:56:19 INFO connection reset by peer
2026-03-04 03:56:21 INFO disk usage high
2026-03-04 03:56:23 INFO invalid token
2026-03-04 03:56:27 INFO cache hit
2026-03-04 03:56:28 INFO request handled
2026-03-04 03:56:29 INFO user login ok
2026-03-04 03:56:33 INFO background job finished
2026-03-04 03:56:35 WARN request handled
2026-03-04 03:56:36 INFO database timeout
2026-03-04 03:56:40 INFO database timeout
2026-03-04 03:56:41 INFO disk usage high
2026-03-04 03:56:43 INFO cache hit
2026-03-04 03:56:45 INFO user login ok
2026-03-04 03:56:46 INFO request handled
2026-03-04 03:56:49 INFO user login ok
2026-03-04 03:56:53 INFO user logout
2026-03-04 03:56:57 WARN config reloaded
2026-03-04 03:57:01 INFO request handled
2026-03-04 03:57:05 INFO user login ok
2026-03-04 03:57:09 INFO user logout
2026-03-04 03:57:11 INFO user login ok
2026-03-04 03:57:15 ERROR user login ok
2026-03-04 03:57:16 INFO cache hit
2026-03-04 03:57:20 INFO database timeout
2026-03-04 03:57:21 INFO user login ok
2026-03-04 03:57:24 INFO cache miss
2026-03-04 03:57:25 INFO invalid token
2026-03-04 03:57:28 INFO request handled
2026-03-04 03:57:32 INFO request handled
2026-03-04 03:57:36 INFO cache hit
2026-03-04 03:57:39 INFO user login ok
2026-03-04 03:57:41 INFO user login ok
2026-03-04 03:57:42 INFO user logout
2026-03-04 03:57:44 INFO request handled
2026-03-04 03:57:45 WARN slow query detected
2026-03-04 03:57:47 INFO connection reset by peer
2026-03-04 03:57:51 INFO user login ok
2026-03-04 03:57:53 INFO disk usage high
2026-03-04 03:57:56 INFO user login ok
2026-03-04 03:57:57 INFO user logout
2026-03-04 03:58:00 WARN user login ok
### повреждённая строка ###
2026-03-04 03:58:03 INFO cache miss
2026-03-04 03:58:05 INFO slow query detected
2026-03-04 03:58:07 INFO slow query detected
2026-03-04 03:58:09 INFO cache hit
2026-03-04 03:58:12 INFO database timeout
2026-03-04 03:58:15 INFO user logout
2026-03-04 03:58:17 INFO cache miss
2026-03-04 03:58:18 INFO slow query detected
2026-03-04 03:58:20 INFO user login ok
2026-03-04 03:58:22 INFO slow query detected
2026-03-04 03:58:25 INFO disk usage high
2026-03-04 03:58:28 INFO user login ok
2026-03-04 03:58:30 INFO request handled
2026-03-04 03:58:31 INFO config reloaded
2026-03-04 03:58:35 INFO cache hit
2026-03-04 03:58:36 INFO slow query detected
2026-03-04 03:58:40 INFO user login ok
2026-03-04 03:58:43 ERROR invalid token
2026-03-04 03:58:47 WARN user login ok
2026-03-04 03:58:48 INFO cache miss
2026-03-04 03:58:52 WARN invalid token
2026-03-04 03:58:54 WARN user logout
2026-03-04 03:58:58 INFO user login ok
2026-03-04 03:59:02 INFO connection reset by peer
2026-03-04 03:59:03 INFO user logout
2026-03-04 03:59:04 WARN user login ok
2026-03-04 03:59:07 WARN user login ok
2026-03-04 03:59:09 INFO user logout
2026-03-04 03:59:11 INFO invalid token
2026-03-04 03:59:13 WARN user login ok
2026-03-04 03:59:17 INFO disk usage high
2026-03-04 03:59:20 WARN user login ok
2026-03-04 03:59:24 INFO database timeout
2026-03-04 03:59:28 WARN background job finished
2026-03-04 03:59:32 INFO user login ok
2026-03-04 03:59:34 INFO invalid token
2026-03-04 03:59:36 INFO disk usage high
2026-03-04 03:59:37 INFO cache miss
2026-03-04 03:59:38 INFO cache miss
2026-03-04 03:59:40 INFO slow query detected
2026-03-04 03:59:41 INFO cache hit
2026-03-04 03:59:45 INFO database timeout
2026-03-04 03:59:47 WARN user logout
2026-03-04 03:59:51 INFO slow query detected
2026-03-04 03:59:53 INFO cache hit
2026-03-04 03:59:54 WARN cache hit
2026-03-04 03:59:55 INFO user logout
2026-03-04 03:59:59 WARN cache miss
2026-03-04 04:00:02 INFO user login ok
2026-03-04 04:00:04 INFO user login ok
2026-03-04 04:00:07 INFO user login ok
2026-03-04 04:00:09 INFO config reloaded
2026-03-04 04:00:12 INFO user login ok
2026-03-04 04:00:15 INFO user login ok
2026-03-04 04:00:16 INFO cache hit
2026-03-04 04:00:19 INFO user login ok
2026-03-04 04:00:22 INFO cache miss
2026-03-04 04:00:26 INFO cache miss
2026-03-04 04:00:30 INFO cache hit
2026-03-04 04:00:31 INFO invalid token
2026-03-04 04:00:33 INFO cache hit
2026-03-04 04:00:34 WARN background job finished
2026-03-04 04:00:38 INFO user logout
2026-03-04 04:00:41 INFO invalid token
2026-03-04 04:00:43 INFO user login ok
2026-03-04 04:00:45 INFO cache hit
2026-03-04 04:00:46 INFO config reloaded
2026-03-04 04:00:49 INFO user logout
2026-03-04 04:00:51 WARN cache miss
2026-03-04 04:00:54 ERROR user logout
2026-03-04 04:00:56 INFO database timeout
2026-03-04 04:00:59 INFO disk usage high
2026-03-04 04:01:02 INFO user login ok
2026-03-04 04:01:06 INFO invalid token
2026-03-04 04:01:09 INFO background job finished
2026-03-04 04:01:11 INFO database timeout
2026-03-04 04:01:13 INFO slow query detected
2026-03-04 04:01:16 ERROR user login ok
2026-03-04 04:01:18 INFO cache miss
2026-03-04 04:01:19 INFO config reloaded
2026-03-04 04:01:21 INFO cache hit
2026-03-04 04:01:22 INFO slow query detected
2026-03-04 04:01:23 INFO disk usage high
2026-03-04 04:01:24 INFO user login ok
2026-03-04 04:01:28 WARN background job finished
2026-03-04 04:01:31 INFO config reloaded
2026-03-04 04:01:35 ERROR slow query detected
2026-03-04 04:01:39 INFO user login ok
2026-03-04 04:01:40 INFO disk usage high
2026-03-04 04:01:42 INFO config reloaded
2026-03-04 04:01:45 ERROR cache miss
2026-03-04 04:01:46 INFO user login ok
2026-03-04 04:01:47 INFO user login ok
2026-03-04 04:01:48 INFO slow query detected
2026-03-04 04:01:49 INFO user login ok
2026-03-04 04:01:53 INFO user login ok
2026-03-04 04:01:57 INFO config reloaded
2026-03-04 04:01:58 INFO config reloaded
2026-03-04 04:02:01 INFO user login ok
2026-03-04 04:02:05 ERROR slow query detected
2026-03-04 04:02:08 INFO database timeout
2026-03-04 04:02:12 INFO user logout
2026-03-04 04:02:15 INFO user login ok
2026-03-04 04:02:16 INFO user login ok
2026-03-04 04:02:18 INFO request handled
2026-03-04 04:02:20 INFO user login ok
2026-03-04 04:02:23 INFO user login ok
2026-03-04 04:02:25 ERROR user login ok
2026-03-04 04:02:26 INFO user login ok
2026-03-04 04:02:27 INFO connection reset by peer
2026-03-04 04:02:31 INFO connection reset by peer
2026-03-04 04:02:32 INFO user login ok
2026-03-04 04:02:34 INFO database timeout
2026-03-04 04:02:36 ERROR user login ok
2026-03-04 04:02:37 INFO user login ok
2026-03-04 04:02:38 INFO user login ok
2026-03-04 04:02:41 INFO cache miss
2026-03-04 04:02:43 WARN database timeout
2026-03-04 04:02:47 INFO cache miss
2026-03-04 04:02:48 ERROR user login ok
2026-03-04 04:02:51 INFO disk usage high
2026-03-04 04:02:52 INFO user logout
2026-03-04 04:02:53 ERROR slow query detected
2026-03-04 04:02:57 INFO slow query detected
2026-03-04 04:03:00 INFO user logout
2026-03-04 04:03:01 INFO request handled
2026-03-04 04:03:05 INFO user login ok
2026-03-04 04:03:06 INFO cache miss
2026-03-04 04:03:09 WARN database timeout
2026-03-04 04:03:10 INFO cache hit
2026-03-04 04:03:12 WARN user login ok
2026-03-04 04:03:15 INFO invalid token
2026-03-04 04:03:17 INFO user logout
2026-03-04 04:03:21 INFO user login ok
2026-03-04 04:03:22 INFO background job finished
2026-03-04 04:03:24 INFO user login ok
2026-03-04 04:03:26 INFO cache miss
2026-03-04 04:03:28 INFO invalid token
2026-03-04 04:03:30 INFO database timeout
2026-03-04 04:03:33 INFO slow query detected
2026-03-04 04:03:35 INFO user login ok
### повреждённая строка ###
2026-03-04 04:03:39 INFO user login ok
2026-03-04 04:03:43 WARN user login ok
2026-03-04 04:03:47 INFO cache hit
2026-03-04 04:03:49 INFO slow query detected
2026-03-04 04:03:51 INFO user login ok
2026-03-04 04:03:53 INFO cache miss
### повреждённая строка ###
2026-03-04 04:03:58 INFO user logout
2026-03-04 04:04:00 INFO cache hit
2026-03-04 04:04:03 WARN cache miss
2026-03-04 04:04:06 INFO connection reset by peer
2026-03-04 04:04:10 ERROR background job finished
2026-03-04 04:04:11 INFO disk usage high
2026-03-04 04:04:12 INFO disk usage high
2026-03-04 04:04:14 INFO connection reset by peer
### повреждённая строка ###
2026-03-04 04:04:19 INFO database timeout
2026-03-04 04:04:22 INFO cache miss
2026-03-04 04:04:23 INFO user login ok
2026-03-04 04:04:24 INFO cache miss
2026-03-04 04:04:28 INFO request handled
2026-03-04 04:04:29 INFO cache miss
2026-03-04 04:04:33 INFO user login ok
2026-03-04 04:04:37 INFO request handled
2026-03-04 04:04:39 INFO user login ok
2026-03-04 04:04:40 INFO slow query detected
2026-03-04 04:04:42 INFO user logout
2026-03-04 04:04:43 INFO user login ok
2026-03-04 04:04:44 INFO user login ok
2026-03-04 04:04:48 WARN user logout
2026-03-04 04:04:50 INFO user login ok
### повреждённая строка ###
2026-03-04 04:04:55 INFO user login ok
2026-03-04 04:04:57 INFO database timeout
2026-03-04 04:04:58 INFO cache hit
2026-03-04 04:04:59 INFO cache miss
2026-03-04 04:05:03 INFO cache miss
2026-03-04 04:05:05 INFO user login ok
2026-03-04 04:05:07 WARN user login ok
2026-03-04 04:05:11 INFO connection reset by peer
2026-03-04 04:05:12 WARN invalid token
2026-03-04 04:05:16 INFO user login ok
2026-03-04 04:05:20 INFO background job finished
2026-03-04 04:05:21 WARN request handled
2026-03-04 04:05:25 WARN background job finished
2026-03-04 04:05:27 INFO user login ok
2026-03-04 04:05:31 INFO user login ok
2026-03-04 04:05:32 WARN cache miss
2026-03-04 04:05:36 INFO user login ok
2026-03-04 04:05:39 INFO user login ok
2026-03-04 04:05:43 INFO request handled
2026-03-04 04:05:46 INFO config reloaded
2026-03-04 04:05:48 INFO user login ok
2026-03-04 04:05:51 INFO slow query detected
2026-03-04 04:05:55 INFO invalid token
2026-03-04 04:05:57 INFO user login ok
2026-03-04 04:05:58 INFO invalid token
2026-03-04 04:06:01 ERROR user login ok
2026-03-04 04:06:02 WARN connection reset by peer
2026-03-04 04:06:06 WARN database timeout
2026-03-04 04:06:08 INFO slow query detected
2026-03-04 04:06:09 INFO user login ok
2026-03-04 04:06:11 INFO user login ok
2026-03-04 04:06:12 WARN user login ok
2026-03-04 04:06:15 INFO slow query detected
2026-03-04 04:06:18 INFO cache miss
2026-03-04 04:06:22 INFO connection reset by peer
2026-03-04 04:06:26 INFO slow query detected
2026-03-04 04:06:30 INFO user login ok
2026-03-04 04:06:31 INFO connection reset by peer
2026-03-04 04:06:33 INFO invalid token
2026-03-04 04:06:36 INFO invalid token
2026-03-04 04:06:39 INFO disk usage high
2026-03-04 04:06:40 INFO user login ok
2026-03-04 04:06:41 WARN connection reset by peer
2026-03-04 04:06:45 INFO config reloaded
2026-03-04 04:06:47 INFO cache hit
2026-03-04 04:06:48 INFO user login ok
2026-03-04 04:06:52 INFO cache miss
2026-03-04 04:06:54 WARN user login ok
2026-03-04 04:06:55 INFO database timeout
2026-03-04 04:06:58 INFO config reloaded
2026-03-04 04:07:01 INFO user logout
2026-03-04 04:07:04 INFO request handled
2026-03-04 04:07:06 WARN disk usage high
2026-03-04 04:07:07 INFO user logout
2026-03-04 04:07:11 INFO connection reset by peer
2026-03-04 04:07:15 INFO user login ok
2026-03-04 04:07:19 INFO user login ok
2026-03-04 04:07:20 WARN user login ok
2026-03-04 04:07:22 INFO user login ok
2026-03-04 04:07:25 INFO connection reset by peer
2026-03-04 04:07:27 ERROR cache hit
2026-03-04 04:07:29 INFO disk usage high
2026-03-04 04:07:30 INFO user login ok
2026-03-04 04:07:34 INFO user login ok
2026-03-04 04:07:37 INFO user login ok
2026-03-04 04:07:39 INFO database timeout
2026-03-04 04:07:42 WARN slow query detected
2026-03-04 04:07:43 INFO disk usage high
2026-03-04 04:07:44 INFO user logout
2026-03-04 04:07:45 INFO connection reset by peer
2026-03-04 04:07:49 INFO config reloaded
2026-03-04 04:07:52 INFO user login ok
2026-03-04 04:07:55 INFO background job finished
2026-03-04 04:07:56 WARN request handled
2026-03-04 04:07:59 WARN user login ok
2026-03-04 04:08:03 INFO user login ok
2026-03-04 04:08:06 INFO cache miss
2026-03-04 04:08:07 INFO user login ok
2026-03-04 04:08:11 WARN connection reset by peer
2026-03-04 04:08:12 ERROR user login ok
2026-03-04 04:08:14 INFO disk usage high
2026-03-04 04:08:16 INFO disk usage high
2026-03-04 04:08:18 ERROR user login ok
2026-03-04 04:08:21 INFO cache hit
2026-03-04 04:08:23 INFO user login ok
2026-03-04 04:08:24 INFO user login ok
2026-03-04 04:08:25 INFO disk usage high
2026-03-04 04:08:29 INFO user logout
2026-03-04 04:08:31 WARN user login ok
2026-03-04 04:08:34 INFO user login ok
2026-03-04 04:08:36 ERROR cache hit
2026-03-04 04:08:37 INFO user login ok
2026-03-04 04:08:39 INFO user login ok
2026-03-04 04:08:40 INFO cache hit
2026-03-04 04:08:42 INFO disk usage high
2026-03-04 04:08:45 INFO cache miss
2026-03-04 04:08:48 WARN user login ok
2026-03-04 04:08:51 WARN user login ok
2026-03-04 04:08:54 INFO connection reset by peer
2026-03-04 04:08:58 WARN user login ok
2026-03-04 04:09:00 WARN cache miss
2026-03-04 04:09:01 INFO user login ok
2026-03-04 04:09:05 INFO cache miss
2026-03-04 04:09:08 INFO user login ok
2026-03-04 04:09:10 INFO cache miss
2026-03-04 04:09:13 INFO user logout
2026-03-04 04:09:17 INFO invalid token
2026-03-04 04:09:20 INFO background job finished
2026-03-04 04:09:21 INFO user login ok
2026-03-04 04:09:23 INFO user login ok
2026-03-04 04:09:27 WARN user login ok
2026-03-04 04:09:29 INFO connection reset by peer
2026-03-04 04:09:32 INFO user login ok
2026-03-04 04:09:36 INFO user login ok
2026-03-04 04:09:39 INFO disk usage high
2026-03-04 04:09:41 INFO background job finished
2026-03-04 04:09:42 INFO slow query detected
2026-03-04 04:09:46 INFO user login ok
2026-03-04 04:09:49 INFO user logout
2026-03-04 04:09:51 INFO request handled
2026-03-04 04:09:54 INFO database timeout
2026-03-04 04:09:57 INFO connection reset by peer
2026-03-04 04:09:59 WARN cache hit
2026-03-04 04:10:00 WARN user login ok
2026-03-04 04:10:01 INFO user logout
2026-03-04 04:10:05 INFO disk usage high
2026-03-04 04:10:08 WARN user login ok
2026-03-04 04:10:12 WARN database timeout
2026-03-04 04:10:15 INFO slow query detected
2026-03-04 04:10:17 INFO user login ok
2026-03-04 04:10:19 INFO database timeout
### повреждённая строка ###
2026-03-04 04:10:24 WARN request handled
2026-03-04 04:10:27 INFO cache hit
2026-03-04 04:10:29 WARN database timeout
2026-03-04 04:10:30 INFO request handled
2026-03-04 04:10:31 INFO user logout
2026-03-04 04:10:35 INFO cache hit
2026-03-04 04:10:38 INFO cache hit
2026-03-04 04:10:40 INFO database timeout
2026-03-04 04:10:43 INFO user login ok
2026-03-04 04:10:45 ERROR user login ok
2026-03-04 04:10:49 ERROR slow query detected
2026-03-04 04:10:51 INFO user login ok
2026-03-04 04:10:54 INFO user login ok
2026-03-04 04:10:58 INFO slow query detected
2026-03-04 04:10:59 INFO config reloaded
2026-03-04 04:11:03 INFO slow query detected
2026-03-04 04:11:07 INFO request handled
2026-03-04 04:11:10 INFO background job finished
2026-03-04 04:11:13 INFO user login ok
2026-03-04 04:11:15 INFO request handled
2026-03-04 04:11:17 INFO user logout
2026-03-04 04:11:20 ERROR disk usage high
2026-03-04 04:11:21 INFO user logout
2026-03-04 04:11:22 INFO request handled
2026-03-04 04:11:23 INFO disk usage high
2026-03-04 04:11:27 INFO user logout
2026-03-04 04:11:30 INFO connection reset by peer
2026-03-04 04:11:31 INFO cache miss
2026-03-04 04:11:32 INFO slow query detected
2026-03-04 04:11:34 INFO connection reset by peer
2026-03-04 04:11:36 INFO background job finished
2026-03-04 04:11:40 INFO user login ok
2026-03-04 04:11:41 INFO cache hit
2026-03-04 04:11:44 WARN config reloaded
2026-03-04 04:11:45 WARN user logout
2026-03-04 04:11:47 INFO background job finished
2026-03-04 04:11:50 INFO disk usage high
2026-03-04 04:11:51 INFO cache miss
2026-03-04 04:11:52 INFO cache miss
2026-03-04 04:11:55 INFO cache hit
2026-03-04 04:11:59 INFO request handled
2026-03-04 04:12:03 INFO invalid token
2026-03-04 04:12:07 ERROR user login ok
2026-03-04 04:12:08 ERROR cache miss
2026-03-04 04:12:12 INFO user logout
2026-03-04 04:12:14 WARN cache miss
2026-03-04 04:12:17 INFO user login ok
2026-03-04 04:12:20 WARN user login ok
2026-03-04 04:12:21 INFO user logout
2026-03-04 04:12:24 INFO user login ok
2026-03-04 04:12:26 INFO cache hit
2026-03-04 04:12:30 INFO user login ok
2026-03-04 04:12:33 INFO cache miss
2026-03-04 04:12:34 INFO disk usage high
2026-03-04 04:12:37 INFO config reloaded
2026-03-04 04:12:39 INFO user login ok
2026-03-04 04:12:40 INFO user login ok
2026-03-04 04:12:43 INFO user login ok
2026-03-04 04:12:47 WARN user login ok
2026-03-04 04:12:49 INFO user logout
2026-03-04 04:12:52 INFO config reloaded
2026-03-04 04:12:55 INFO config reloaded
2026-03-04 04:12:57 INFO disk usage high
2026-03-04 04:12:58 INFO connection reset by peer
2026-03-04 04:13:00 INFO user login ok
2026-03-04 04:13:03 INFO user login ok
2026-03-04 04:13:07 ERROR connection reset by peer
2026-03-04 04:13:09 INFO user logout
2026-03-04 04:13:12 WARN cache hit
2026-03-04 04:13:13 INFO user login ok
2026-03-04 04:13:17 INFO slow query detected
2026-03-04 04:13:19 INFO background job finished
2026-03-04 04:13:22 INFO disk usage high
2026-03-04 04:13:26 ERROR user login ok
2026-03-04 04:13:29 INFO request handled
2026-03-04 04:13:31 INFO user logout
2026-03-04 04:13:32 INFO user logout
2026-03-04 04:13:35 WARN user login ok
2026-03-04 04:13:37 INFO user logout
2026-03-04 04:13:39 INFO slow query detected
2026-03-04 04:13:42 ERROR user login ok
2026-03-04 04:13:43 INFO user logout
2026-03-04 04:13:47 INFO user login ok
2026-03-04 04:13:50 INFO user login ok
2026-03-04 04:13:51 INFO user login ok
2026-03-04 04:13:53 INFO request handled
2026-03-04 04:13:57 INFO user login ok
2026-03-04 04:13:58 INFO cache hit
2026-03-04 04:14:00 INFO database timeout
2026-03-04 04:14:03 INFO user logout
2026-03-04 04:14:05 INFO cache miss
2026-03-04 04:14:07 INFO user logout
2026-03-04 04:14:10 INFO user login ok
2026-03-04 04:14:11 INFO database timeout
2026-03-04 04:14:13 INFO user login ok
2026-03-04 04:14:17 INFO user logout
2026-03-04 04:14:20 INFO user login ok
2026-03-04 04:14:22 INFO user login ok
2026-03-04 04:14:24 INFO user login ok
2026-03-04 04:14:25 INFO user login ok
2026-03-04 04:14:27 INFO request handled
2026-03-04 04:14:29 INFO user login ok
2026-03-04 04:14:30 INFO user logout
2026-03-04 04:14:34 INFO user logout
2026-03-04 04:14:36 INFO user logout
2026-03-04 04:14:38 INFO background job finished
2026-03-04 04:14:39 INFO cache hit
2026-03-04 04:14:43 INFO user login ok
2026-03-04 04:14:47 INFO user login ok
2026-03-04 04:14:50 ERROR request handled
2026-03-04 04:14:54 INFO disk usage high
2026-03-04 04:14:58 INFO cache hit
2026-03-04 04:15:02 WARN disk usage high
2026-03-04 04:15:03 WARN cache hit
2026-03-04 04:15:05 INFO user logout
2026-03-04 04:15:08 WARN user login ok
2026-03-04 04:15:09 WARN disk usage high
2026-03-04 04:15:12 INFO cache miss
2026-03-04 04:15:13 INFO connection reset by peer
2026-03-04 04:15:16 INFO cache hit
2026-03-04 04:15:17 INFO cache hit
2026-03-04 04:15:21 INFO disk usage high
### повреждённая строка ###
2026-03-04 04:15:25 INFO user login ok
2026-03-04 04:15:29 INFO user logout
2026-03-04 04:15:32 WARN user login ok
2026-03-04 04:15:36 INFO connection reset by peer
2026-03-04 04:15:38 WARN background job finished
2026-03-04 04:15:39 INFO user login ok
2026-03-04 04:15:42 INFO user login ok
2026-03-04 04:15:45 ERROR disk usage high
2026-03-04 04:15:48 INFO disk usage high
2026-03-04 04:15:51 INFO cache hit
2026-03-04 04:15:55 INFO user login ok
2026-03-04 04:15:56 ERROR request handled
2026-03-04 04:16:00 INFO cache hit
2026-03-04 04:16:01 INFO config reloaded
2026-03-04 04:16:02 INFO config reloaded
2026-03-04 04:16:03 INFO config reloaded
2026-03-04 04:16:04 WARN user logout
2026-03-04 04:16:06 INFO background job finished
2026-03-04 04:16:08 ERROR cache miss
2026-03-04 04:16:09 WARN user logout
2026-03-04 04:16:11 INFO user login ok
2026-03-04 04:16:12 INFO cache miss
2026-03-04 04:16:16 INFO user login ok
2026-03-04 04:16:18 INFO request handled
2026-03-04 04:16:22 INFO request handled
2026-03-04 04:16:23 INFO background job finished
2026-03-04 04:16:26 INFO disk usage high
2026-03-04 04:16:29 INFO database timeout
2026-03-04 04:16:31 WARN invalid token
2026-03-04 04:16:34 INFO cache hit
2026-03-04 04:16:37 INFO slow query detected
2026-03-04 04:16:38 INFO cache hit
2026-03-04 04:16:39 INFO user login ok
2026-03-04 04:16:40 INFO disk usage high
2026-03-04 04:16:41 INFO config reloaded
2026-03-04 04:16:45 ERROR cache miss
2026-03-04 04:16:47 INFO background job finished
2026-03-04 04:16:51 INFO user logout
2026-03-04 04:16:52 INFO request handled
2026-03-04 04:16:56 INFO user logout
2026-03-04 04:16:59 INFO slow query detected
2026-03-04 04:17:00 INFO request handled
2026-03-04 04:17:01 INFO disk usage high
2026-03-04 04:17:05 INFO cache miss
2026-03-04 04:17:09 INFO connection reset by peer
2026-03-04 04:17:10 INFO slow query detected
2026-03-04 04:17:12 INFO connection reset by peer
2026-03-04 04:17:15 INFO user login ok
2026-03-04 04:17:19 INFO connection reset by peer
2026-03-04 04:17:21 INFO request handled
2026-03-04 04:17:23 INFO user login ok
2026-03-04 04:17:27 INFO background job finished
2026-03-04 04:17:31 INFO user login ok
2026-03-04 04:17:33 WARN user login ok
2026-03-04 04:17:35 INFO connection reset by peer
2026-03-04 04:17:37 ERROR user login ok
2026-03-04 04:17:40 INFO database timeout
2026-03-04 04:17:43 INFO user logout
2026-03-04 04:17:45 INFO user logout
2026-03-04 04:17:48 INFO config reloaded
2026-03-04 04:17:52 ERROR cache hit
2026-03-04 04:17:56 INFO connection reset by peer
2026-03-04 04:17:59 WARN cache miss
2026-03-04 04:18:01 WARN connection reset by peer
2026-03-04 04:18:05 INFO user logout
2026-03-04 04:18:06 INFO user logout
2026-03-04 04:18:10 INFO user login ok
2026-03-04 04:18:14 INFO user login ok
2026-03-04 04:18:15 INFO cache miss
2026-03-04 04:18:19 INFO user login ok
2026-03-04 04:18:23 WARN user logout
2026-03-04 04:18:26 WARN database timeout
2026-03-04 04:18:30 INFO background job finished
2026-03-04 04:18:34 ERROR request handled
2026-03-04 04:18:37 INFO user login ok
2026-03-04 04:18:41 WARN user logout
2026-03-04 04:18:42 INFO disk usage high
2026-03-04 04:18:44 INFO user login ok
2026-03-04 04:18:46 INFO user login ok
2026-03-04 04:18:49 INFO cache hit
2026-03-04 04:18:50 INFO user login ok
2026-03-04 04:18:54 INFO cache miss
2026-03-04 04:18:58 INFO connection reset by peer
2026-03-04 04:19:01 INFO user login ok
2026-03-04 04:19:04 INFO user login ok
2026-03-04 04:19:05 WARN user login ok
2026-03-04 04:19:08 INFO cache hit
2026-03-04 04:19:11 WARN user logout
2026-03-04 04:19:14 INFO cache miss
2026-03-04 04:19:16 INFO background job finished
2026-03-04 04:19:19 WARN user login ok
2026-03-04 04:19:21 INFO user login ok
2026-03-04 04:19:24 INFO config reloaded
2026-03-04 04:19:25 INFO user login ok
2026-03-04 04:19:27 INFO database timeout
2026-03-04 04:19:29 INFO connection reset by peer
2026-03-04 04:19:30 INFO config reloaded
2026-03-04 04:19:33 INFO user login ok
2026-03-04 04:19:36 INFO user logout
2026-03-04 04:19:40 INFO user login ok
2026-03-04 04:19:44 WARN user logout
2026-03-04 04:19:47 INFO connection reset by peer
2026-03-04 04:19:51 INFO cache hit
2026-03-04 04:19:55 INFO user login ok
2026-03-04 04:19:59 INFO connection reset by peer
2026-03-04 04:20:01 INFO slow query detected
2026-03-04 04:20:04 INFO slow query detected
2026-03-04 04:20:08 INFO user login ok
2026-03-04 04:20:12 INFO request handled
2026-03-04 04:20:14 INFO user login ok
2026-03-04 04:20:16 INFO background job finished
2026-03-04 04:20:20 INFO slow query detected
2026-03-04 04:20:22 WARN invalid token
2026-03-04 04:20:24 INFO invalid token
2026-03-04 04:20:27 ERROR user logout
2026-03-04 04:20:29 INFO request handled
2026-03-04 04:20:32 INFO connection reset by peer
2026-03-04 04:20:36 WARN request handled
2026-03-04 04:20:38 INFO background job finished
2026-03-04 04:20:42 ERROR invalid token
2026-03-04 04:20:43 INFO user login ok
2026-03-04 04:20:44 INFO user login ok
2026-03-04 04:20:48 INFO user login ok
2026-03-04 04:20:50 WARN slow query detected
2026-03-04 04:20:52 INFO user logout
2026-03-04 04:20:53 INFO user login ok
2026-03-04 04:20:56 INFO cache hit
2026-03-04 04:21:00 INFO user login ok
2026-03-04 04:21:03 INFO user login ok
2026-03-04 04:21:06 WARN database timeout
2026-03-04 04:21:10 WARN user login ok
2026-03-04 04:21:13 WARN slow query detected
2026-03-04 04:21:17 INFO slow query detected
2026-03-04 04:21:19 INFO database timeout
2026-03-04 04:21:22 INFO database timeout
2026-03-04 04:21:25 INFO request handled
2026-03-04 04:21:29 INFO user login ok
2026-03-04 04:21:32 INFO user login ok
2026-03-04 04:21:33 WARN user logout
2026-03-04 04:21:34 INFO background job finished
2026-03-04 04:21:35 INFO user logout
2026-03-04 04:21:38 INFO user logout
2026-03-04 04:21:42 INFO user logout
2026-03-04 04:21:43 INFO cache hit
2026-03-04 04:21:47 INFO user login ok
2026-03-04 04:21:49 INFO database timeout
2026-03-04 04:21:51 INFO user logout
2026-03-04 04:21:52 INFO cache hit
2026-03-04 04:21:56 INFO cache hit
2026-03-04 04:21:59 INFO request handled
2026-03-04 04:22:03 INFO user login ok
2026-03-04 04:22:04 INFO user login ok
2026-03-04 04:22:05 INFO database timeout
2026-03-04 04:22:06 INFO user logout
2026-03-04 04:22:10 INFO request handled
2026-03-04 04:22:11 INFO request handled
2026-03-04 04:22:12 INFO user login ok
2026-03-04 04:22:15 INFO user login ok
### повреждённая строка ###
2026-03-04 04:22:21 INFO background job finished
2026-03-04 04:22:25 INFO database timeout
2026-03-04 04:22:28 INFO cache hit
2026-03-04 04:22:32 INFO request handled
2026-03-04 04:22:34 INFO background job finished
2026-03-04 04:22:38 INFO user logout
2026-03-04 04:22:40 INFO slow query detected
2026-03-04 04:22:41 INFO connection reset by peer
2026-03-04 04:22:45 INFO user login ok
2026-03-04 04:22:47 INFO request handled
2026-03-04 04:22:49 INFO cache miss
2026-03-04 04:22:51 INFO invalid token
2026-03-04 04:22:52 WARN cache hit
2026-03-04 04:22:53 INFO user login ok
2026-03-04 04:22:54 INFO invalid token
2026-03-04 04:22:55 INFO cache miss
2026-03-04 04:22:57 WARN user login ok
2026-03-04 04:23:01 WARN user login ok
2026-03-04 04:23:05 WARN connection reset by peer
2026-03-04 04:23:07 WARN user logout
2026-03-04 04:23:09 INFO disk usage high
2026-03-04 04:23:11 INFO cache hit
2026-03-04 04:23:15 INFO disk usage high
2026-03-04 04:23:18 INFO background job finished
2026-03-04 04:23:21 INFO cache hit
2026-03-04 04:23:25 INFO user logout
2026-03-04 04:23:29 WARN request handled
2026-03-04 04:23:33 INFO user login ok
2026-03-04 04:23:37 INFO connection reset by peer
2026-03-04 04:23:38 WARN user logout
2026-03-04 04:23:41 INFO disk usage high
2026-03-04 04:23:44 INFO slow query detected
2026-03-04 04:23:45 INFO slow query detected
2026-03-04 04:23:48 INFO user login ok
2026-03-04 04:23:52 WARN user logout
2026-03-04 04:23:55 WARN user login ok
2026-03-04 04:23:56 INFO user login ok
2026-03-04 04:24:00 INFO cache miss
2026-03-04 04:24:02 INFO user logout
2026-03-04 04:24:05 INFO connection reset by peer
2026-03-04 04:24:06 INFO user login ok
2026-03-04 04:24:08 INFO slow query detected
2026-03-04 04:24:11 INFO background job finished
2026-03-04 04:24:15 ERROR user logout
2026-03-04 04:24:16 INFO user login ok
2026-03-04 04:24:17 INFO user login ok
2026-03-04 04:24:20 INFO user login ok
2026-03-04 04:24:24 INFO user login ok
2026-03-04 04:24:25 INFO config reloaded
2026-03-04 04:24:27 INFO cache hit
2026-03-04 04:24:29 INFO user login ok
2026-03-04 04:24:32 WARN cache hit
2026-03-04 04:24:35 INFO cache hit
2026-03-04 04:24:37 INFO request handled
2026-03-04 04:24:38 INFO config reloaded
2026-03-04 04:24:41 INFO disk usage high
2026-03-04 04:24:42 INFO user login ok
2026-03-04 04:24:45 INFO request handled
2026-03-04 04:24:46 INFO user logout
2026-03-04 04:24:47 INFO user logout
2026-03-04 04:24:50 INFO invalid token
2026-03-04 04:24:51 WARN database timeout
2026-03-04 04:24:54 INFO user login ok
2026-03-04 04:24:58 WARN request handled
2026-03-04 04:25:01 INFO cache miss
2026-03-04 04:25:03 INFO user login ok
2026-03-04 04:25:07 INFO connection reset by peer
2026-03-04 04:25:11 INFO cache hit
2026-03-04 04:25:12 INFO database timeout
2026-03-04 04:25:13 INFO background job finished
2026-03-04 04:25:16 INFO user logout
2026-03-04 04:25:17 INFO user logout
2026-03-04 04:25:21 WARN request handled
2026-03-04 04:25:24 INFO connection reset by peer
2026-03-04 04:25:26 WARN request handled
2026-03-04 04:25:27 INFO cache miss
2026-03-04 04:25:31 INFO cache hit
2026-03-04 04:25:33 INFO invalid token
2026-03-04 04:25:35 WARN cache hit
2026-03-04 04:25:36 INFO config reloaded
2026-03-04 04:25:38 INFO invalid token
2026-03-04 04:25:41 WARN disk usage high
2026-03-04 04:25:45 INFO user login ok
2026-03-04 04:25:46 INFO database timeout
2026-03-04 04:25:50 INFO disk usage high
2026-03-04 04:25:52 INFO config reloaded
2026-03-04 04:25:54 WARN database timeout
2026-03-04 04:25:58 INFO user login ok
2026-03-04 04:26:01 INFO user logout
2026-03-04 04:26:02 WARN cache hit
2026-03-04 04:26:04 INFO user login ok
2026-03-04 04:26:08 INFO disk usage high
2026-03-04 04:26:09 INFO request handled
2026-03-04 04:26:11 INFO connection reset by peer
2026-03-04 04:26:13 INFO connection reset by peer
2026-03-04 04:26:16 INFO user login ok
2026-03-04 04:26:18 INFO user login ok
2026-03-04 04:26:22 INFO request handled
2026-03-04 04:26:26 INFO disk usage high
2026-03-04 04:26:30 INFO user login ok
2026-03-04 04:26:34 ERROR slow query detected
2026-03-04 04:26:37 INFO cache miss
2026-03-04 04:26:39 INFO user login ok
2026-03-04 04:26:41 INFO connection reset by peer
2026-03-04 04:26:45 WARN disk usage high
2026-03-04 04:26:49 INFO cache hit
2026-03-04 04:26:51 INFO connection reset by peer
2026-03-04 04:26:54 INFO user logout
2026-03-04 04:26:56 INFO slow query detected
2026-03-04 04:26:59 WARN user login ok
2026-03-04 04:27:01 INFO cache hit
2026-03-04 04:27:05 INFO cache hit
2026-03-04 04:27:06 INFO user login ok
2026-03-04 04:27:10 INFO connection reset by peer
2026-03-04 04:27:11 INFO user login ok
2026-03-04 04:27:12 WARN user logout
2026-03-04 04:27:15 WARN user login ok
2026-03-04 04:27:18 INFO user login ok
2026-03-04 04:27:21 INFO config reloaded
2026-03-04 04:27:24 INFO config reloaded
2026-03-04 04:27:25 INFO user login ok
2026-03-04 04:27:29 INFO cache hit
2026-03-04 04:27:30 INFO user login ok
2026-03-04 04:27:32 INFO disk usage high
2026-03-04 04:27:33 INFO user login ok
2026-03-04 04:27:34 INFO user login ok
2026-03-04 04:27:36 INFO cache hit
2026-03-04 04:27:37 INFO request handled
2026-03-04 04:27:41 WARN disk usage high
2026-03-04 04:27:44 WARN user login ok
2026-03-04 04:27:47 INFO user login ok
2026-03-04 04:27:48 INFO cache hit
2026-03-04 04:27:52 INFO database timeout
2026-03-04 04:27:53 INFO connection reset by peer
2026-03-04 04:27:54 INFO disk usage high
2026-03-04 04:27:56 INFO invalid token
2026-03-04 04:27:59 INFO invalid token
2026-03-04 04:28:02 INFO user login ok
2026-03-04 04:28:06 INFO config reloaded
2026-03-04 04:28:07 WARN user logout
2026-03-04 04:28:08 INFO user login ok
2026-03-04 04:28:12 WARN invalid token
2026-03-04 04:28:14 INFO user login ok
2026-03-04 04:28:15 WARN user login ok
2026-03-04 04:28:17 INFO user login ok
2026-03-04 04:28:19 INFO user login ok
2026-03-04 04:28:21 INFO user login ok
2026-03-04 04:28:23 INFO request handled
2026-03-04 04:28:26 INFO disk usage high
2026-03-04 04:28:27 WARN slow query detected
2026-03-04 04:28:29 INFO user login ok
2026-03-04 04:28:32 WARN cache hit
### повреждённая строка ###
2026-03-04 04:28:37 INFO user login ok
2026-03-04 04:28:39 INFO cache hit
2026-03-04 04:28:41 INFO user logout
2026-03-04 04:28:42 INFO user login ok
2026-03-04 04:28:43 INFO user logout
2026-03-04 04:28:46 INFO request handled
2026-03-04 04:28:48 INFO user login ok
2026-03-04 04:28:52 INFO user login ok
2026-03-04 04:28:54 INFO user login ok
2026-03-04 04:28:57 ERROR user login ok
2026-03-04 04:28:58 INFO disk usage high
2026-03-04 04:28:59 ERROR cache miss
2026-03-04 04:29:03 INFO user login ok
2026-03-04 04:29:07 INFO user login ok
2026-03-04 04:29:08 INFO user logout
2026-03-04 04:29:11 INFO slow query detected
2026-03-04 04:29:13 INFO cache hit
2026-03-04 04:29:17 INFO database timeout
2026-03-04 04:29:20 INFO user login ok
2026-03-04 04:29:24 INFO cache hit
2026-03-04 04:29:27 ERROR invalid token
2026-03-04 04:29:31 INFO user login ok
2026-03-04 04:29:32 WARN user logout
2026-03-04 04:29:36 INFO user login ok
2026-03-04 04:29:37 INFO user logout
2026-03-04 04:29:41 INFO user login ok
2026-03-04 04:29:44 WARN connection reset by peer
2026-03-04 04:29:48 INFO cache hit
2026-03-04 04:29:52 INFO user logout
2026-03-04 04:29:53 INFO user login ok
2026-03-04 04:29:54 INFO user login ok
2026-03-04 04:29:55 INFO user logout
2026-03-04 04:29:57 INFO database timeout
2026-03-04 04:29:59 INFO cache miss
2026-03-04 04:30:01 INFO cache hit
2026-03-04 04:30:04 INFO slow query detected
2026-03-04 04:30:05 INFO user logout
2026-03-04 04:30:07 INFO config reloaded
2026-03-04 04:30:08 INFO cache hit
2026-03-04 04:30:12 INFO slow query detected
2026-03-04 04:30:15 INFO cache hit
2026-03-04 04:30:17 INFO user login ok
2026-03-04 04:30:21 ERROR invalid token
2026-03-04 04:30:23 INFO connection reset by peer
2026-03-04 04:30:24 INFO slow query detected
2026-03-04 04:30:26 INFO user login ok
2026-03-04 04:30:29 INFO user login ok
2026-03-04 04:30:33 INFO user logout
2026-03-04 04:30:35 INFO request handled
2026-03-04 04:30:37 INFO connection reset by peer
2026-03-04 04:30:40 ERROR disk usage high
2026-03-04 04:30:44 INFO connection reset by peer
2026-03-04 04:30:45 INFO invalid token
2026-03-04 04:30:47 INFO background job finished
2026-03-04 04:30:50 WARN request handled
2026-03-04 04:30:54 WARN config reloaded
2026-03-04 04:30:57 INFO user login ok
2026-03-04 04:31:01 INFO connection reset by peer
2026-03-04 04:31:05 WARN cache hit
2026-03-04 04:31:06 INFO cache miss
2026-03-04 04:31:09 INFO user login ok
2026-03-04 04:31:13 INFO config reloaded
2026-03-04 04:31:15 INFO user login ok
2026-03-04 04:31:16 WARN invalid token
2026-03-04 04:31:17 WARN invalid token
2026-03-04 04:31:20 INFO user logout
2026-03-04 04:31:24 ERROR invalid token
2026-03-04 04:31:26 INFO background job finished
2026-03-04 04:31:28 INFO cache miss
2026-03-04 04:31:31 INFO cache hit
2026-03-04 04:31:33 INFO user login ok
2026-03-04 04:31:37 INFO config reloaded
2026-03-04 04:31:38 WARN disk usage high
2026-03-04 04:31:40 WARN user login ok
2026-03-04 04:31:42 INFO user logout
2026-03-04 04:31:45 INFO slow query detected
2026-03-04 04:31:47 WARN request handled
2026-03-04 04:31:50 WARN user login ok
2026-03-04 04:31:52 INFO user login ok
2026-03-04 04:31:56 INFO cache hit
2026-03-04 04:32:00 INFO cache hit
2026-03-04 04:32:03 INFO request handled
2026-03-04 04:32:05 WARN cache miss
2026-03-04 04:32:06 ERROR cache hit
2026-03-04 04:32:10 INFO request handled
2026-03-04 04:32:13 INFO user logout
2026-03-04 04:32:17 INFO user login ok
2026-03-04 04:32:20 INFO cache hit
2026-03-04 04:32:24 INFO slow query detected
2026-03-04 04:32:25 INFO user login ok
2026-03-04 04:32:26 INFO slow query detected
2026-03-04 04:32:28 INFO cache miss
2026-03-04 04:32:31 INFO database timeout
2026-03-04 04:32:33 INFO invalid token
2026-03-04 04:32:36 WARN slow query detected
2026-03-04 04:32:40 ERROR user login ok
2026-03-04 04:32:41 INFO request handled
2026-03-04 04:32:42 INFO disk usage high
2026-03-04 04:32:46 INFO user login ok
2026-03-04 04:32:48 INFO cache hit
2026-03-04 04:32:49 WARN connection reset by peer
2026-03-04 04:32:53 INFO user login ok
2026-03-04 04:32:56 WARN request handled
2026-03-04 04:32:57 INFO request handled
2026-03-04 04:32:59 INFO database timeout
2026-03-04 04:33:01 INFO request handled
2026-03-04 04:33:04 INFO connection reset by peer
2026-03-04 04:33:07 INFO config reloaded
2026-03-04 04:33:09 WARN cache hit
2026-03-04 04:33:12 INFO config reloaded
2026-03-04 04:33:14 INFO request handled
2026-03-04 04:33:15 INFO cache miss
2026-03-04 04:33:17 INFO connection reset by peer
2026-03-04 04:33:19 INFO user logout
2026-03-04 04:33:21 INFO user login ok
2026-03-04 04:33:25 INFO user login ok
2026-03-04 04:33:28 WARN user logout
2026-03-04 04:33:31 INFO connection reset by peer
2026-03-04 04:33:33 WARN user logout
2026-03-04 04:33:36 INFO connection reset by peer
2026-03-04 04:33:38 WARN cache miss
2026-03-04 04:33:41 INFO user login ok
2026-03-04 04:33:42 WARN cache miss
2026-03-04 04:33:44 WARN connection reset by peer
### повреждённая строка ###
2026-03-04 04:33:51 WARN cache hit
2026-03-04 04:33:54 INFO cache hit
2026-03-04 04:33:58 INFO slow query detected
2026-03-04 04:34:01 INFO user login ok
2026-03-04 04:34:05 INFO connection reset by peer
2026-03-04 04:34:09 INFO database timeout
2026-03-04 04:34:13 INFO connection reset by peer
2026-03-04 04:34:14 INFO cache miss
2026-03-04 04:34:15 INFO connection reset by peer
2026-03-04 04:34:17 INFO disk usage high
2026-03-04 04:34:19 INFO user login ok
2026-03-04 04:34:21 INFO disk usage high
2026-03-04 04:34:23 INFO user login ok
2026-03-04 04:34:26 INFO invalid token
2026-03-04 04:34:28 ERROR config reloaded
2026-03-04 04:34:32 INFO cache hit
2026-03-04 04:34:33 WARN user login ok
2026-03-04 04:34:35 INFO user login ok
2026-03-04 04:34:36 INFO disk usage high
2026-03-04 04:34:40 INFO invalid token
2026-03-04 04:34:42 WARN user login ok
2026-03-04 04:34:44 INFO cache hit
2026-03-04 04:34:45 INFO user login ok
2026-03-04 04:34:46 INFO cache hit
2026-03-04 04:34:49 INFO config reloaded
2026-03-04 04:34:53 WARN cache hit
2026-03-04 04:34:55 INFO slow query detected
2026-03-04 04:34:59 INFO connection reset by peer
2026-03-04 04:35:02 WARN user logout
2026-03-04 04:35:03 INFO connection reset by peer
2026-03-04 04:35:06 INFO disk usage high
2026-03-04 04:35:10 INFO request handled
2026-03-04 04:35:12 INFO user logout
2026-03-04 04:35:16 INFO request handled
2026-03-04 04:35:17 ERROR user login ok
2026-03-04 04:35:19 INFO user login ok
2026-03-04 04:35:22 INFO background job finished
2026-03-04 04:35:25 WARN user logout
2026-03-04 04:35:27 INFO user logout
2026-03-04 04:35:28 INFO cache hit
2026-03-04 04:35:30 INFO user login ok
2026-03-04 04:35:33 WARN disk usage high
2026-03-04 04:35:37 INFO user logout
2026-03-04 04:35:39 INFO config reloaded
2026-03-04 04:35:42 INFO user login ok
2026-03-04 04:35:44 INFO cache hit
2026-03-04 04:35:46 INFO config reloaded
2026-03-04 04:35:48 INFO user logout
2026-03-04 04:35:50 INFO disk usage high
2026-03-04 04:35:51 INFO user login ok
2026-03-04 04:35:52 INFO user login ok
2026-03-04 04:35:56 INFO slow query detected
2026-03-04 04:35:57 INFO user logout
2026-03-04 04:36:00 INFO slow query detected
2026-03-04 04:36:01 INFO background job finished
2026-03-04 04:36:02 INFO disk usage high
2026-03-04 04:36:06 ERROR cache hit
2026-03-04 04:36:10 INFO cache hit
2026-03-04 04:36:11 INFO user logout
2026-03-04 04:36:13 INFO user login ok
2026-03-04 04:36:15 INFO config reloaded
2026-03-04 04:36:19 WARN user login ok
2026-03-04 04:36:21 INFO invalid token
2026-03-04 04:36:23 INFO database timeout
2026-03-04 04:36:27 WARN user login ok
2026-03-04 04:36:29 INFO user login ok
2026-03-04 04:36:31 INFO disk usage high
2026-03-04 04:36:35 INFO slow query detected
2026-03-04 04:36:36 INFO config reloaded
2026-03-04 04:36:40 WARN cache hit
2026-03-04 04:36:41 INFO user logout
2026-03-04 04:36:43 INFO slow query detected
2026-03-04 04:36:45 INFO cache hit
2026-03-04 04:36:47 INFO config reloaded
2026-03-04 04:36:50 WARN user login ok
2026-03-04 04:36:52 INFO user login ok
2026-03-04 04:36:54 INFO invalid token
2026-03-04 04:36:55 WARN disk usage high
2026-03-04 04:36:57 INFO user login ok
2026-03-04 04:37:01 INFO connection reset by peer
2026-03-04 04:37:04 INFO request handled
2026-03-04 04:37:06 WARN cache hit
2026-03-04 04:37:09 ERROR config reloaded
2026-03-04 04:37:11 INFO disk usage high
2026-03-04 04:37:13 INFO cache miss
2026-03-04 04:37:14 INFO request handled
### повреждённая строка ###
2026-03-04 04:37:20 INFO user login ok
2026-03-04 04:37:23 INFO disk usage high
2026-03-04 04:37:27 INFO cache miss
2026-03-04 04:37:31 INFO database timeout
2026-03-04 04:37:34 INFO slow query detected
2026-03-04 04:37:38 INFO disk usage high
2026-03-04 04:37:41 ERROR disk usage high
2026-03-04 04:37:42 WARN user login ok
2026-03-04 04:37:46 INFO cache miss
2026-03-04 04:37:49 INFO connection reset by peer
2026-03-04 04:37:50 INFO user login ok
2026-03-04 04:37:53 INFO user login ok
2026-03-04 04:37:54 INFO cache miss
2026-03-04 04:37:56 INFO user logout
2026-03-04 04:37:58 INFO connection reset by peer
2026-03-04 04:38:01 INFO disk usage high
2026-03-04 04:38:05 WARN cache hit
2026-03-04 04:38:09 WARN user login ok
2026-03-04 04:38:10 INFO background job finished
2026-03-04 04:38:11 INFO user login ok
2026-03-04 04:38:13 INFO connection reset by peer
2026-03-04 04:38:17 INFO user logout
2026-03-04 04:38:18 INFO disk usage high
2026-03-04 04:38:19 INFO invalid token
2026-03-04 04:38:21 INFO config reloaded
2026-03-04 04:38:22 ERROR request handled
2026-03-04 04:38:23 INFO cache miss
2026-03-04 04:38:26 WARN cache hit
2026-03-04 04:38:27 INFO disk usage high
2026-03-04 04:38:28 INFO cache hit
2026-03-04 04:38:32 INFO user logout
2026-03-04 04:38:36 INFO user logout
2026-03-04 04:38:37 INFO user login ok
2026-03-04 04:38:41 INFO invalid token
2026-03-04 04:38:44 WARN cache miss
2026-03-04 04:38:45 INFO config reloaded
2026-03-04 04:38:47 INFO user logout
2026-03-04 04:38:51 INFO user logout
2026-03-04 04:38:52 INFO slow query detected
2026-03-04 04:38:55 INFO slow query detected
2026-03-04 04:38:59 INFO user login ok
2026-03-04 04:39:02 INFO user login ok
2026-03-04 04:39:04 INFO connection reset by peer
2026-03-04 04:39:06 INFO user logout
2026-03-04 04:39:07 INFO config reloaded
2026-03-04 04:39:10 WARN invalid token
2026-03-04 04:39:14 INFO user login ok
2026-03-04 04:39:15 INFO connection reset by peer
2026-03-04 04:39:19 WARN database timeout
2026-03-04 04:39:23 INFO disk usage high
2026-03-04 04:39:27 INFO user logout
2026-03-04 04:39:31 INFO config reloaded
2026-03-04 04:39:34 INFO database timeout
2026-03-04 04:39:35 WARN user logout
2026-03-04 04:39:36 WARN user login ok
2026-03-04 04:39:40 INFO slow query detected
2026-03-04 04:39:42 INFO user login ok
2026-03-04 04:39:45 INFO request handled
2026-03-04 04:39:46 INFO user login ok
2026-03-04 04:39:48 WARN user login ok
2026-03-04 04:39:52 INFO slow query detected
2026-03-04 04:39:56 INFO connection reset by peer
2026-03-04 04:39:58 INFO cache miss
2026-03-04 04:40:02 WARN cache hit
2026-03-04 04:40:03 INFO cache miss
2026-03-04 04:40:07 INFO disk usage high
2026-03-04 04:40:10 INFO slow query detected
2026-03-04 04:40:14 INFO disk usage high
2026-03-04 04:40:16 INFO user login ok
2026-03-04 04:40:20 INFO user login ok
2026-03-04 04:40:22 WARN cache miss
2026-03-04 04:40:24 INFO disk usage high
2026-03-04 04:40:27 INFO request handled
2026-03-04 04:40:31 INFO user logout
2026-03-04 04:40:32 INFO cache miss
2026-03-04 04:40:35 INFO request handled
2026-03-04 04:40:37 INFO cache hit
2026-03-04 04:40:40 WARN cache miss
2026-03-04 04:40:41 INFO config reloaded
2026-03-04 04:40:42 INFO user login ok
2026-03-04 04:40:43 INFO user logout
2026-03-04 04:40:47 INFO slow query detected
2026-03-04 04:40:51 INFO slow query detected
2026-03-04 04:40:52 INFO cache miss
2026-03-04 04:40:56 INFO invalid token
2026-03-04 04:40:59 INFO cache hit
2026-03-04 04:41:01 WARN database timeout
### повреждённая строка ###
2026-03-04 04:41:08 WARN connection reset by peer
2026-03-04 04:41:11 INFO cache hit
2026-03-04 04:41:15 WARN user login ok
2026-03-04 04:41:17 INFO database timeout
2026-03-04 04:41:18 INFO user logout
2026-03-04 04:41:19 INFO config reloaded
2026-03-04 04:41:22 INFO user logout
2026-03-04 04:41:24 INFO user login ok
2026-03-04 04:41:26 INFO disk usage high
2026-03-04 04:41:29 INFO user logout
2026-03-04 04:41:32 INFO cache miss
2026-03-04 04:41:33 INFO user login ok
2026-03-04 04:41:36 INFO config reloaded
2026-03-04 04:41:38 WARN user login ok
2026-03-04 04:41:41 INFO user login ok
2026-03-04 04:41:44 WARN cache miss
2026-03-04 04:41:47 WARN user login ok
2026-03-04 04:41:48 INFO cache hit
2026-03-04 04:41:50 INFO user login ok
2026-03-04 04:41:53 INFO cache hit
2026-03-04 04:41:54 INFO disk usage high
2026-03-04 04:41:55 INFO user login ok
2026-03-04 04:41:57 WARN cache miss
2026-03-04 04:41:59 INFO database timeout
2026-03-04 04:42:01 INFO background job finished
2026-03-04 04:42:02 INFO user login ok
2026-03-04 04:42:05 INFO user login ok
2026-03-04 04:42:08 INFO cache miss
2026-03-04 04:42:11 INFO user login ok
2026-03-04 04:42:15 ERROR request handled
2026-03-04 04:42:18 INFO background job finished
2026-03-04 04:42:19 INFO cache hit
2026-03-04 04:42:21 INFO disk usage high
2026-03-04 04:42:25 INFO user logout
2026-03-04 04:42:27 INFO user login ok
2026-03-04 04:42:29 INFO invalid token
2026-03-04 04:42:33 INFO user login ok
2026-03-04 04:42:36 INFO invalid token
2026-03-04 04:42:39 INFO user login ok
2026-03-04 04:42:42 INFO user login ok
2026-03-04 04:42:45 INFO background job finished
2026-03-04 04:42:49 WARN user login ok
2026-03-04 04:42:53 INFO request handled
2026-03-04 04:42:55 INFO user login ok
2026-03-04 04:42:58 INFO user login ok
2026-03-04 04:43:00 INFO connection reset by peer
2026-03-04 04:43:01 INFO cache hit
2026-03-04 04:43:03 INFO background job finished
2026-03-04 04:43:06 INFO user login ok
2026-03-04 04:43:09 WARN user logout
2026-03-04 04:43:12 WARN config reloaded
2026-03-04 04:43:15 INFO user login ok
2026-03-04 04:43:19 INFO connection reset by peer
2026-03-04 04:43:21 INFO request handled
2026-03-04 04:43:24 INFO slow query detected
2026-03-04 04:43:27 WARN connection reset by peer
2026-03-04 04:43:29 ERROR disk usage high
2026-03-04 04:43:33 WARN invalid token
2026-03-04 04:43:34 INFO request handled
2026-03-04 04:43:38 INFO config reloaded
2026-03-04 04:43:42 INFO slow query detected
2026-03-04 04:43:46 INFO user logout
2026-03-04 04:43:48 INFO cache hit
2026-03-04 04:43:51 INFO cache hit
2026-03-04 04:43:52 WARN slow query detected
2026-03-04 04:43:56 WARN cache miss
2026-03-04 04:43:58 WARN cache miss
2026-03-04 04:43:59 INFO invalid token
2026-03-04 04:44:02 INFO background job finished
2026-03-04 04:44:04 INFO user logout
2026-03-04 04:44:06 WARN database timeout
2026-03-04 04:44:07 INFO user login ok
2026-03-04 04:44:09 INFO background job finished
2026-03-04 04:44:11 INFO request handled
2026-03-04 04:44:14 WARN user login ok
2026-03-04 04:44:18 INFO user logout
2026-03-04 04:44:20 INFO slow query detected
2026-03-04 04:44:24 WARN disk usage high
2026-03-04 04:44:26 INFO background job finished
2026-03-04 04:44:28 INFO connection reset by peer
2026-03-04 04:44:30 INFO connection reset by peer
2026-03-04 04:44:31 WARN background job finished
2026-03-04 04:44:33 ERROR user logout
2026-03-04 04:44:37 INFO user logout
2026-03-04 04:44:38 WARN user logout
2026-03-04 04:44:40 INFO connection reset by peer
2026-03-04 04:44:42 INFO request handled
2026-03-04 04:44:44 WARN request handled
2026-03-04 04:44:47 INFO slow query detected
2026-03-04 04:44:48 INFO request handled
2026-03-04 04:44:52 INFO user login ok
2026-03-04 04:44:56 INFO connection reset by peer
2026-03-04 04:44:59 ERROR user login ok
2026-03-04 04:45:02 INFO connection reset by peer
2026-03-04 04:45:06 INFO connection reset by peer
2026-03-04 04:45:09 INFO database timeout
2026-03-04 04:45:13 INFO user login ok
2026-03-04 04:45:15 INFO cache hit
2026-03-04 04:45:18 INFO cache miss
2026-03-04 04:45:20 WARN background job finished
2026-03-04 04:45:21 INFO disk usage high
2026-03-04 04:45:22 INFO config reloaded
2026-03-04 04:45:26 INFO user logout
2026-03-04 04:45:27 INFO user login ok
2026-03-04 04:45:31 INFO user login ok
2026-03-04 04:45:32 WARN cache miss
2026-03-04 04:45:35 INFO user login ok
2026-03-04 04:45:38 ERROR user login ok
2026-03-04 04:45:39 WARN user login ok
2026-03-04 04:45:40 WARN user logout
2026-03-04 04:45:43 INFO user login ok
2026-03-04 04:45:45 INFO user login ok
2026-03-04 04:45:49 INFO database timeout
2026-03-04 04:45:52 WARN user login ok
2026-03-04 04:45:55 INFO config reloaded
2026-03-04 04:45:59 INFO user login ok
2026-03-04 04:46:01 INFO request handled
2026-03-04 04:46:04 INFO cache miss
2026-03-04 04:46:05 WARN database timeout
2026-03-04 04:46:06 INFO database timeout
2026-03-04 04:46:07 INFO cache miss
2026-03-04 04:46:10 INFO user login ok
2026-03-04 04:46:11 INFO user login ok
2026-03-04 04:46:14 INFO user login ok
2026-03-04 04:46:15 INFO disk usage high
2026-03-04 04:46:16 INFO user login ok
2026-03-04 04:46:19 INFO user login ok
2026-03-04 04:46:20 INFO user login ok
2026-03-04 04:46:21 ERROR database timeout
2026-03-04 04:46:23 WARN user logout
2026-03-04 04:46:25 INFO background job finished
2026-03-04 04:46:26 INFO database timeout
2026-03-04 04:46:29 ERROR slow query detected
2026-03-04 04:46:32 INFO disk usage high
2026-03-04 04:46:34 INFO user login ok
2026-03-04 04:46:38 INFO cache hit
2026-03-04 04:46:39 INFO cache hit
2026-03-04 04:46:42 INFO disk usage high
2026-03-04 04:46:44 INFO user login ok
2026-03-04 04:46:45 INFO database timeout
2026-03-04 04:46:48 INFO user logout
2026-03-04 04:46:51 INFO config reloaded
2026-03-04 04:46:55 INFO database timeout
2026-03-04 04:46:57 ERROR user login ok
2026-03-04 04:47:01 INFO user login ok
2026-03-04 04:47:04 INFO user login ok
2026-03-04 04:47:08 INFO user login ok
2026-03-04 04:47:10 INFO connection reset by peer
2026-03-04 04:47:11 INFO disk usage high
2026-03-04 04:47:12 INFO request handled
2026-03-04 04:47:13 ERROR user login ok
2026-03-04 04:47:15 INFO cache hit
2026-03-04 04:47:18 INFO user logout
2026-03-04 04:47:22 INFO cache miss
2026-03-04 04:47:25 WARN cache miss
2026-03-04 04:47:28 INFO database timeout
2026-03-04 04:47:32 WARN user logout
2026-03-04 04:47:36 INFO user logout
2026-03-04 04:47:40 INFO user logout
2026-03-04 04:47:42 INFO user login ok
2026-03-04 04:47:45 INFO user login ok
2026-03-04 04:47:49 INFO cache hit
2026-03-04 04:47:50 INFO disk usage high
2026-03-04 04:47:52 INFO user login ok
2026-03-04 04:47:53 WARN database timeout
2026-03-04 04:47:54 INFO user login ok
2026-03-04 04:47:56 INFO invalid token
2026-03-04 04:47:57 WARN user login ok
2026-03-04 04:48:00 INFO user logout
2026-03-04 04:48:01 INFO cache hit
2026-03-04 04:48:04 WARN user login ok
2026-03-04 04:48:07 INFO request handled
2026-03-04 04:48:08 INFO database timeout
2026-03-04 04:48:12 WARN user login ok
2026-03-04 04:48:16 INFO request handled
2026-03-04 04:48:17 INFO disk usage high
2026-03-04 04:48:20 INFO disk usage high
2026-03-04 04:48:23 INFO background job finished
2026-03-04 04:48:24 INFO user login ok
2026-03-04 04:48:28 INFO user logout
2026-03-04 04:48:29 INFO request handled
2026-03-04 04:48:31 INFO slow query detected
2026-03-04 04:48:33 INFO user login ok
2026-03-04 04:48:36 WARN user login ok
2026-03-04 04:48:40 ERROR user login ok
2026-03-04 04:48:43 INFO disk usage high
2026-03-04 04:48:44 INFO slow query detected
2026-03-04 04:48:48 INFO connection reset by peer
2026-03-04 04:48:49 INFO connection reset by peer
2026-03-04 04:48:50 WARN request handled
2026-03-04 04:48:54 ERROR invalid token
2026-03-04 04:48:56 INFO user logout
2026-03-04 04:48:57 INFO database timeout
2026-03-04 04:49:01 WARN database timeout
2026-03-04 04:49:02 INFO cache hit
2026-03-04 04:49:03 INFO user login ok
2026-03-04 04:49:06 INFO request handled
2026-03-04 04:49:08 INFO user login ok
2026-03-04 04:49:12 WARN user logout
2026-03-04 04:49:15 INFO user logout
2026-03-04 04:49:18 INFO config reloaded
2026-03-04 04:49:19 INFO connection reset by peer
2026-03-04 04:49:20 INFO background job finished
2026-03-04 04:49:24 INFO user login ok
2026-03-04 04:49:26 WARN user login ok
2026-03-04 04:49:30 WARN connection reset by peer
2026-03-04 04:49:34 INFO cache miss
2026-03-04 04:49:38 INFO cache miss
2026-03-04 04:49:42 INFO slow query detected
2026-03-04 04:49:44 INFO user login ok
2026-03-04 04:49:48 INFO disk usage high
2026-03-04 04:49:51 INFO user logout
2026-03-04 04:49:53 INFO slow query detected
2026-03-04 04:49:56 INFO user login ok
2026-03-04 04:49:57 WARN config reloaded
2026-03-04 04:49:58 INFO database timeout
2026-03-04 04:49:59 WARN user login ok
2026-03-04 04:50:02 WARN user login ok
2026-03-04 04:50:03 INFO request handled
2026-03-04 04:50:04 INFO connection reset by peer
2026-03-04 04:50:08 INFO disk usage high
2026-03-04 04:50:11 INFO connection reset by peer
2026-03-04 04:50:13 INFO user login ok
2026-03-04 04:50:16 WARN config reloaded
2026-03-04 04:50:19 INFO cache miss
2026-03-04 04:50:20 INFO user logout
2026-03-04 04:50:21 INFO user logout
2026-03-04 04:50:22 INFO connection reset by peer
2026-03-04 04:50:26 INFO slow query detected
2026-03-04 04:50:29 WARN slow query detected
2026-03-04 04:50:32 INFO user login ok
2026-03-04 04:50:33 INFO disk usage high
2026-03-04 04:50:36 INFO cache miss
2026-03-04 04:50:38 INFO background job finished
2026-03-04 04:50:41 INFO invalid token
2026-03-04 04:50:43 INFO user login ok
2026-03-04 04:50:45 INFO cache hit
2026-03-04 04:50:48 INFO connection reset by peer
2026-03-04 04:50:52 INFO cache hit
2026-03-04 04:50:55 INFO request handled
2026-03-04 04:50:58 INFO cache hit
2026-03-04 04:51:01 INFO user login ok
2026-03-04 04:51:05 WARN user login ok
### повреждённая строка ###
2026-03-04 04:51:10 INFO connection reset by peer
2026-03-04 04:51:12 INFO database timeout
2026-03-04 04:51:16 INFO user login ok
2026-03-04 04:51:20 INFO background job finished
2026-03-04 04:51:23 INFO user logout
2026-03-04 04:51:26 INFO user login ok
2026-03-04 04:51:27 INFO config reloaded
2026-03-04 04:51:29 INFO invalid token
2026-03-04 04:51:31 INFO user login ok
2026-03-04 04:51:32 INFO config reloaded
2026-03-04 04:51:35 INFO user login ok
2026-03-04 04:51:38 INFO slow query detected
2026-03-04 04:51:42 INFO cache hit
2026-03-04 04:51:45 INFO user login ok
2026-03-04 04:51:47 INFO user login ok
2026-03-04 04:51:49 INFO slow query detected
2026-03-04 04:51:52 INFO cache hit
2026-03-04 04:51:56 INFO invalid token
2026-03-04 04:52:00 WARN database timeout
2026-03-04 04:52:03 INFO cache miss
2026-03-04 04:52:07 INFO cache miss
2026-03-04 04:52:09 INFO user logout
2026-03-04 04:52:13 INFO user logout
2026-03-04 04:52:16 INFO disk usage high
2026-03-04 04:52:19 INFO database timeout
2026-03-04 04:52:23 INFO cache hit
2026-03-04 04:52:26 INFO config reloaded
2026-03-04 04:52:28 INFO request handled
2026-03-04 04:52:29 WARN user login ok
2026-03-04 04:52:33 INFO cache hit
2026-03-04 04:52:34 INFO user login ok
2026-03-04 04:52:35 INFO disk usage high
2026-03-04 04:52:38 INFO user login ok
2026-03-04 04:52:40 INFO user login ok
2026-03-04 04:52:42 INFO config reloaded
2026-03-04 04:52:43 ERROR invalid token
2026-03-04 04:52:44 INFO connection reset by peer
2026-03-04 04:52:47 WARN cache hit
2026-03-04 04:52:48 INFO user logout
2026-03-04 04:52:50 INFO user login ok
2026-03-04 04:52:51 INFO user login ok
2026-03-04 04:52:54 INFO cache hit
2026-03-04 04:52:57 INFO cache hit
2026-03-04 04:52:59 INFO invalid token
2026-03-04 04:53:01 INFO request handled
2026-03-04 04:53:02 INFO database timeout
2026-03-04 04:53:04 INFO cache miss
2026-03-04 04:53:08 INFO user login ok
2026-03-04 04:53:11 WARN user login ok
2026-03-04 04:53:12 INFO disk usage high
2026-03-04 04:53:16 INFO connection reset by peer
2026-03-04 04:53:18 INFO request handled
2026-03-04 04:53:22 WARN request handled
2026-03-04 04:53:24 WARN cache miss
2026-03-04 04:53:26 INFO request handled
2026-03-04 04:53:27 INFO user login ok
2026-03-04 04:53:28 INFO slow query detected
2026-03-04 04:53:30 INFO user login ok
2026-03-04 04:53:32 WARN user logout
2026-03-04 04:53:34 INFO request handled
2026-03-04 04:53:36 INFO cache hit
2026-03-04 04:53:37 INFO user logout
2026-03-04 04:53:38 INFO slow query detected
2026-03-04 04:53:39 WARN config reloaded
2026-03-04 04:53:40 INFO user logout
2026-03-04 04:53:43 WARN disk usage high
2026-03-04 04:53:45 INFO disk usage high
2026-03-04 04:53:48 WARN cache hit
2026-03-04 04:53:49 INFO user logout
2026-03-04 04:53:53 INFO background job finished
2026-03-04 04:53:56 INFO request handled
2026-03-04 04:53:57 INFO user login ok
2026-03-04 04:53:59 INFO connection reset by peer
2026-03-04 04:54:01 INFO invalid token
2026-03-04 04:54:05 INFO cache miss
2026-03-04 04:54:08 INFO invalid token
2026-03-04 04:54:12 INFO config reloaded
2026-03-04 04:54:14 INFO disk usage high
2026-03-04 04:54:18 INFO request handled
2026-03-04 04:54:22 WARN connection reset by peer
2026-03-04 04:54:25 INFO user login ok
2026-03-04 04:54:26 INFO disk usage high
2026-03-04 04:54:30 WARN disk usage high
2026-03-04 04:54:32 INFO connection reset by peer
2026-03-04 04:54:33 INFO cache miss
2026-03-04 04:54:34 INFO user login ok
2026-03-04 04:54:36 INFO user logout
2026-03-04 04:54:37 WARN background job finished
2026-03-04 04:54:41 INFO user logout
2026-03-04 04:54:42 INFO cache miss
2026-03-04 04:54:43 INFO user login ok
2026-03-04 04:54:47 INFO user login ok
2026-03-04 04:54:51 INFO database timeout
2026-03-04 04:54:54 INFO slow query detected
2026-03-04 04:54:56 INFO slow query detected
2026-03-04 04:54:59 INFO slow query detected
2026-03-04 04:55:01 WARN cache hit
2026-03-04 04:55:05 WARN user login ok
2026-03-04 04:55:06 INFO connection reset by peer
2026-03-04 04:55:08 INFO connection reset by peer
2026-03-04 04:55:09 INFO user login ok
2026-03-04 04:55:13 INFO invalid token
2026-03-04 04:55:16 WARN disk usage high
2026-03-04 04:55:19 INFO cache hit
2026-03-04 04:55:23 INFO user login ok
2026-03-04 04:55:24 INFO user login ok
2026-03-04 04:55:28 INFO connection reset by peer
2026-03-04 04:55:32 WARN disk usage high
2026-03-04 04:55:36 INFO user logout
2026-03-04 04:55:39 INFO slow query detected
2026-03-04 04:55:43 INFO invalid token
2026-03-04 04:55:46 ERROR request handled
2026-03-04 04:55:47 INFO config reloaded
2026-03-04 04:55:49 INFO user logout
2026-03-04 04:55:50 INFO user logout
2026-03-04 04:55:52 INFO cache hit
2026-03-04 04:55:54 WARN cache hit
2026-03-04 04:55:55 ERROR user login ok
2026-03-04 04:55:58 INFO user login ok
2026-03-04 04:55:59 INFO user login ok
2026-03-04 04:56:01 INFO user login ok
2026-03-04 04:56:05 WARN connection reset by peer
2026-03-04 04:56:08 INFO slow query detected
2026-03-04 04:56:10 INFO cache miss
2026-03-04 04:56:12 INFO user login ok
2026-03-04 04:56:14 INFO cache miss
2026-03-04 04:56:16 INFO user login ok
2026-03-04 04:56:17 INFO config reloaded
2026-03-04 04:56:18 INFO connection reset by peer
2026-03-04 04:56:19 INFO user login ok
2026-03-04 04:56:20 INFO user logout
2026-03-04 04:56:21 INFO invalid token
2026-03-04 04:56:24 INFO invalid token
2026-03-04 04:56:25 INFO user logout
2026-03-04 04:56:28 INFO user login ok
2026-03-04 04:56:31 WARN database timeout
2026-03-04 04:56:32 ERROR user login ok
2026-03-04 04:56:35 INFO invalid token
2026-03-04 04:56:38 INFO cache hit
2026-03-04 04:56:40 WARN cache miss
2026-03-04 04:56:43 INFO background job finished
2026-03-04 04:56:46 INFO user login ok
2026-03-04 04:56:47 INFO user logout
2026-03-04 04:56:50 INFO cache miss
2026-03-04 04:56:51 INFO request handled
2026-03-04 04:56:52 WARN database timeout
2026-03-04 04:56:56 INFO invalid token
2026-03-04 04:57:00 INFO disk usage high
2026-03-04 04:57:03 INFO config reloaded
2026-03-04 04:57:06 INFO user logout
2026-03-04 04:57:07 INFO user logout
2026-03-04 04:57:08 INFO slow query detected
2026-03-04 04:57:10 INFO cache miss
2026-03-04 04:57:14 INFO disk usage high
2026-03-04 04:57:15 INFO user logout
2026-03-04 04:57:16 INFO user login ok
2026-03-04 04:57:17 INFO request handled
2026-03-04 04:57:18 INFO slow query detected
2026-03-04 04:57:21 WARN cache miss
2026-03-04 04:57:22 INFO background job finished
2026-03-04 04:57:24 INFO cache hit
2026-03-04 04:57:25 INFO user logout
2026-03-04 04:57:27 INFO user login ok
2026-03-04 04:57:30 INFO cache hit
2026-03-04 04:57:32 INFO database timeout
2026-03-04 04:57:33 INFO user login ok
2026-03-04 04:57:37 INFO slow query detected
2026-03-04 04:57:39 INFO cache hit
2026-03-04 04:57:40 INFO user login ok
2026-03-04 04:57:43 INFO user login ok
2026-03-04 04:57:45 INFO cache miss
2026-03-04 04:57:48 INFO disk usage high
2026-03-04 04:57:52 INFO disk usage high
2026-03-04 04:57:53 WARN disk usage high
2026-03-04 04:57:54 INFO config reloaded
2026-03-04 04:57:55 INFO user logout
2026-03-04 04:57:59 INFO disk usage high
2026-03-04 04:58:02 INFO user login ok
2026-03-04 04:58:05 INFO request handled
2026-03-04 04:58:07 WARN disk usage high
2026-03-04 04:58:10 INFO background job finished
2026-03-04 04:58:14 INFO cache hit
2026-03-04 04:58:16 INFO connection reset by peer
2026-03-04 04:58:17 INFO request handled
2026-03-04 04:58:19 INFO config reloaded
2026-03-04 04:58:22 INFO user login ok
2026-03-04 04:58:25 INFO user login ok
2026-03-04 04:58:29 INFO disk usage high
2026-03-04 04:58:31 INFO cache hit
2026-03-04 04:58:33 INFO user login ok
2026-03-04 04:58:37 INFO disk usage high
2026-03-04 04:58:38 WARN user login ok
2026-03-04 04:58:42 INFO invalid token
2026-03-04 04:58:45 INFO connection reset by peer
2026-03-04 04:58:46 INFO disk usage high
2026-03-04 04:58:48 INFO invalid token
2026-03-04 04:58:49 INFO background job finished
2026-03-04 04:58:52 WARN database timeout
2026-03-04 04:58:55 INFO database timeout
2026-03-04 04:58:59 INFO user login ok
2026-03-04 04:59:02 INFO background job finished
2026-03-04 04:59:04 INFO connection reset by peer
2026-03-04 04:59:07 INFO user logout
2026-03-04 04:59:09 INFO user logout
2026-03-04 04:59:12 INFO user login ok
2026-03-04 04:59:14 INFO user login ok
2026-03-04 04:59:16 INFO request handled
2026-03-04 04:59:20 INFO cache miss
2026-03-04 04:59:23 INFO user login ok
2026-03-04 04:59:27 INFO cache hit
2026-03-04 04:59:28 WARN config reloaded
2026-03-04 04:59:30 INFO request handled
2026-03-04 04:59:32 INFO cache hit
2026-03-04 04:59:36 WARN invalid token
2026-03-04 04:59:40 INFO user login ok
2026-03-04 04:59:42 INFO user logout
2026-03-04 04:59:45 INFO cache hit
2026-03-04 04:59:48 INFO user login ok
2026-03-04 04:59:51 INFO cache hit
2026-03-04 04:59:55 INFO user login ok
2026-03-04 04:59:56 INFO user login ok
2026-03-04 05:00:00 INFO user logout
2026-03-04 05:00:03 INFO invalid token
2026-03-04 05:00:04 INFO cache hit
2026-03-04 05:00:07 ERROR user logout
2026-03-04 05:00:09 WARN config reloaded
2026-03-04 05:00:13 INFO background job finished
2026-03-04 05:00:14 INFO user login ok
2026-03-04 05:00:18 INFO user login ok
2026-03-04 05:00:21 ERROR cache hit
2026-03-04 05:00:23 INFO user login ok
2026-03-04 05:00:24 INFO config reloaded
2026-03-04 05:00:28 INFO invalid token
2026-03-04 05:00:30 INFO request handled
2026-03-04 05:00:32 INFO slow query detected
2026-03-04 05:00:35 INFO user login ok
2026-03-04 05:00:39 INFO user login ok
2026-03-04 05:00:41 INFO config reloaded
2026-03-04 05:00:42 INFO connection reset by peer
2026-03-04 05:00:46 INFO invalid token
2026-03-04 05:00:49 WARN user logout
2026-03-04 05:00:53 INFO config reloaded
2026-03-04 05:00:54 WARN disk usage high
2026-03-04 05:00:56 INFO database timeout
### повреждённая строка ###
2026-03-04 05:01:01 INFO cache miss
2026-03-04 05:01:02 INFO slow query detected
2026-03-04 05:01:03 INFO user login ok
2026-03-04 05:01:07 INFO slow query detected
2026-03-04 05:01:09 INFO disk usage high
2026-03-04 05:01:13 INFO cache miss
2026-03-04 05:01:15 INFO slow query detected
2026-03-04 05:01:18 WARN invalid token
2026-03-04 05:01:22 WARN user login ok
2026-03-04 05:01:24 INFO cache hit
2026-03-04 05:01:27 INFO user logout
2026-03-04 05:01:30 INFO user logout
2026-03-04 05:01:33 INFO user login ok
2026-03-04 05:01:35 INFO cache miss
2026-03-04 05:01:37 WARN user logout
2026-03-04 05:01:39 INFO cache hit
2026-03-04 05:01:41 ERROR user login ok
2026-03-04 05:01:44 INFO user login ok
2026-03-04 05:01:47 INFO config reloaded
2026-03-04 05:01:50 INFO background job finished
2026-03-04 05:01:53 INFO invalid token
2026-03-04 05:01:56 INFO disk usage high
2026-03-04 05:02:00 INFO connection reset by peer
2026-03-04 05:02:03 INFO user login ok
2026-03-04 05:02:05 INFO invalid token
2026-03-04 05:02:08 INFO user login ok
2026-03-04 05:02:10 WARN user login ok
2026-03-04 05:02:11 INFO cache miss
2026-03-04 05:02:15 WARN request handled
2026-03-04 05:02:17 INFO user login ok
2026-03-04 05:02:18 INFO cache hit
2026-03-04 05:02:20 INFO cache hit
2026-03-04 05:02:23 INFO user login ok
2026-03-04 05:02:24 INFO user login ok
2026-03-04 05:02:27 INFO user logout
2026-03-04 05:02:31 INFO user login ok
2026-03-04 05:02:35 INFO connection reset by peer
2026-03-04 05:02:36 INFO background job finished
2026-03-04 05:02:39 INFO user login ok
2026-03-04 05:02:42 INFO user login ok
2026-03-04 05:02:44 INFO user login ok
2026-03-04 05:02:47 INFO config reloaded
2026-03-04 05:02:49 INFO user login ok
2026-03-04 05:02:51 WARN background job finished
2026-03-04 05:02:52 INFO request handled
2026-03-04 05:02:54 ERROR user login ok
2026-03-04 05:02:57 INFO cache miss
2026-03-04 05:02:58 INFO user logout
2026-03-04 05:02:59 INFO user logout
2026-03-04 05:03:01 INFO cache hit
2026-03-04 05:03:04 WARN cache hit
2026-03-04 05:03:05 INFO cache hit
2026-03-04 05:03:08 INFO user login ok
2026-03-04 05:03:09 INFO connection reset by peer
2026-03-04 05:03:11 INFO background job finished
2026-03-04 05:03:14 INFO background job finished
2026-03-04 05:03:16 INFO cache hit
2026-03-04 05:03:20 INFO user login ok
2026-03-04 05:03:22 INFO user login ok
2026-03-04 05:03:25 INFO slow query detected
2026-03-04 05:03:27 INFO request handled
2026-03-04 05:03:28 INFO request handled
2026-03-04 05:03:29 INFO user login ok
2026-03-04 05:03:31 ERROR user login ok
2026-03-04 05:03:32 INFO background job finished
2026-03-04 05:03:33 INFO disk usage high
2026-03-04 05:03:35 WARN user login ok
2026-03-04 05:03:38 INFO user login ok
2026-03-04 05:03:40 INFO user logout
2026-03-04 05:03:43 INFO cache miss
2026-03-04 05:03:45 INFO config reloaded
2026-03-04 05:03:48 WARN connection reset by peer
2026-03-04 05:03:49 INFO user logout
2026-03-04 05:03:51 INFO invalid token
2026-03-04 05:03:53 WARN cache miss
2026-03-04 05:03:54 INFO user login ok
2026-03-04 05:03:57 INFO user login ok
2026-03-04 05:04:01 INFO user logout
2026-03-04 05:04:03 WARN request handled
2026-03-04 05:04:05 INFO cache hit
2026-03-04 05:04:09 INFO cache miss
2026-03-04 05:04:10 INFO user login ok
2026-03-04 05:04:13 INFO disk usage high
2026-03-04 05:04:16 INFO cache miss
2026-03-04 05:04:17 INFO user login ok
2026-03-04 05:04:20 WARN user login ok
2026-03-04 05:04:23 INFO user login ok
2026-03-04 05:04:25 WARN user login ok
2026-03-04 05:04:28 INFO background job finished
2026-03-04 05:04:31 INFO user logout
2026-03-04 05:04:34 INFO user login ok
2026-03-04 05:04:37 WARN user logout
2026-03-04 05:04:39 INFO user logout
2026-03-04 05:04:43 INFO config reloaded
2026-03-04 05:04:45 INFO connection reset by peer
2026-03-04 05:04:48 WARN invalid token
2026-03-04 05:04:51 INFO user login ok
2026-03-04 05:04:52 INFO cache hit
2026-03-04 05:04:53 WARN cache miss
2026-03-04 05:04:56 WARN disk usage high
2026-03-04 05:05:00 WARN user login ok
2026-03-04 05:05:03 INFO cache miss
2026-03-04 05:05:06 INFO invalid token
2026-03-04 05:05:07 WARN disk usage high
2026-03-04 05:05:11 INFO cache hit
2026-03-04 05:05:13 INFO background job finished
2026-03-04 05:05:17 INFO connection reset by peer
2026-03-04 05:05:20 WARN user login ok
2026-03-04 05:05:24 INFO cache hit
2026-03-04 05:05:25 INFO disk usage high
2026-03-04 05:05:29 INFO user login ok
2026-03-04 05:05:33 ERROR user logout
2026-03-04 05:05:37 INFO request handled
2026-03-04 05:05:38 INFO background job finished
2026-03-04 05:05:42 INFO request handled
2026-03-04 05:05:46 INFO connection reset by peer
2026-03-04 05:05:47 ERROR user login ok
2026-03-04 05:05:51 INFO connection reset by peer
2026-03-04 05:05:55 INFO user logout
2026-03-04 05:05:57 WARN user login ok
2026-03-04 05:05:59 INFO database timeout
2026-03-04 05:06:01 INFO user logout
2026-03-04 05:06:02 INFO request handled
2026-03-04 05:06:04 INFO user login ok
2026-03-04 05:06:06 INFO user login ok
2026-03-04 05:06:07 INFO cache miss
2026-03-04 05:06:11 INFO connection reset by peer
2026-03-04 05:06:12 WARN user logout
2026-03-04 05:06:14 INFO disk usage high
2026-03-04 05:06:16 INFO user login ok
2026-03-04 05:06:20 INFO user logout
2026-03-04 05:06:21 INFO slow query detected
2026-03-04 05:06:24 INFO request handled
2026-03-04 05:06:27 INFO disk usage high
2026-03-04 05:06:29 INFO slow query detected
2026-03-04 05:06:30 INFO user login ok
2026-03-04 05:06:33 INFO cache hit
2026-03-04 05:06:37 INFO config reloaded
2026-03-04 05:06:38 INFO user login ok
2026-03-04 05:06:39 INFO database timeout
2026-03-04 05:06:42 INFO disk usage high
2026-03-04 05:06:46 ERROR database timeout
2026-03-04 05:06:50 INFO config reloaded
2026-03-04 05:06:52 INFO user login ok
2026-03-04 05:06:55 INFO invalid token
2026-03-04 05:06:58 INFO user login ok
2026-03-04 05:07:01 INFO user login ok
2026-03-04 05:07:04 INFO disk usage high
2026-03-04 05:07:08 INFO user login ok
2026-03-04 05:07:09 WARN disk usage high
2026-03-04 05:07:12 INFO user login ok
2026-03-04 05:07:13 INFO user login ok
2026-03-04 05:07:14 INFO disk usage high
2026-03-04 05:07:15 INFO user login ok
2026-03-04 05:07:16 INFO user login ok
2026-03-04 05:07:19 INFO user login ok
2026-03-04 05:07:23 INFO user login ok
2026-03-04 05:07:26 INFO user logout
2026-03-04 05:07:30 INFO user login ok
2026-03-04 05:07:31 INFO connection reset by peer
2026-03-04 05:07:32 WARN user login ok
2026-03-04 05:07:34 INFO user login ok
2026-03-04 05:07:38 INFO request handled
2026-03-04 05:07:42 WARN user logout
2026-03-04 05:07:45 INFO cache hit
2026-03-04 05:07:47 WARN disk usage high
2026-03-04 05:07:48 WARN user login ok
2026-03-04 05:07:50 INFO database timeout
2026-03-04 05:07:52 WARN database timeout
2026-03-04 05:07:56 INFO request handled
2026-03-04 05:07:59 INFO user logout
2026-03-04 05:08:00 ERROR database timeout
2026-03-04 05:08:03 WARN user login ok
2026-03-04 05:08:06 INFO request handled
2026-03-04 05:08:10 INFO connection reset by peer
2026-03-04 05:08:11 INFO user logout
2026-03-04 05:08:13 INFO user logout
2026-03-04 05:08:14 INFO cache hit
2026-03-04 05:08:16 ERROR user login ok
2026-03-04 05:08:19 INFO invalid token
2026-03-04 05:08:23 INFO slow query detected
2026-03-04 05:08:25 INFO user login ok
2026-03-04 05:08:27 WARN user login ok
2026-03-04 05:08:31 INFO disk usage high
2026-03-04 05:08:32 INFO user login ok
2026-03-04 05:08:35 WARN background job finished
2026-03-04 05:08:39 INFO user login ok
2026-03-04 05:08:43 WARN user login ok
2026-03-04 05:08:46 INFO disk usage high
2026-03-04 05:08:50 INFO user login ok
2026-03-04 05:08:53 INFO request handled
2026-03-04 05:08:56 INFO cache hit
2026-03-04 05:08:57 WARN background job finished
2026-03-04 05:09:00 INFO cache miss
2026-03-04 05:09:01 INFO user login ok
2026-03-04 05:09:03 INFO database timeout
2026-03-04 05:09:07 INFO user login ok
2026-03-04 05:09:11 INFO database timeout
2026-03-04 05:09:15 INFO user login ok
2026-03-04 05:09:19 INFO user login ok
2026-03-04 05:09:22 INFO user logout
2026-03-04 05:09:24 INFO cache miss
2026-03-04 05:09:28 INFO request handled
2026-03-04 05:09:32 INFO user logout
2026-03-04 05:09:35 INFO cache hit
### повреждённая строка ###
2026-03-04 05:09:39 INFO config reloaded
2026-03-04 05:09:41 INFO user login ok
2026-03-04 05:09:45 WARN user login ok
2026-03-04 05:09:49 INFO invalid token
2026-03-04 05:09:51 ERROR user login ok
2026-03-04 05:09:53 INFO user logout
2026-03-04 05:09:57 INFO user logout
2026-03-04 05:10:00 INFO user logout
2026-03-04 05:10:03 INFO user login ok
2026-03-04 05:10:05 INFO user login ok
2026-03-04 05:10:08 INFO cache hit
2026-03-04 05:10:09 INFO database timeout
2026-03-04 05:10:10 WARN cache hit
2026-03-04 05:10:11 INFO database timeout
2026-03-04 05:10:13 INFO request handled
2026-03-04 05:10:14 INFO cache miss
2026-03-04 05:10:17 INFO invalid token
2026-03-04 05:10:21 INFO user login ok
2026-03-04 05:10:23 INFO user logout
2026-03-04 05:10:25 ERROR invalid token
2026-03-04 05:10:27 INFO request handled
2026-03-04 05:10:30 INFO invalid token
2026-03-04 05:10:32 INFO invalid token
2026-03-04 05:10:33 INFO disk usage high
2026-03-04 05:10:34 ERROR background job finished
2026-03-04 05:10:37 INFO user login ok
2026-03-04 05:10:41 INFO user login ok
2026-03-04 05:10:43 INFO disk usage high
2026-03-04 05:10:46 INFO config reloaded
2026-03-04 05:10:50 WARN user login ok
2026-03-04 05:10:53 INFO cache hit
2026-03-04 05:10:54 INFO user logout
2026-03-04 05:10:56 INFO request handled
2026-03-04 05:11:00 INFO user login ok
2026-03-04 05:11:01 INFO user login ok
2026-03-04 05:11:05 INFO connection reset by peer
2026-03-04 05:11:08 INFO user logout
2026-03-04 05:11:10 INFO user logout
2026-03-04 05:11:14 INFO user login ok
2026-03-04 05:11:18 INFO background job finished
2026-03-04 05:11:19 INFO request handled
2026-03-04 05:11:21 INFO request handled
2026-03-04 05:11:23 INFO user login ok
2026-03-04 05:11:25 INFO user login ok
2026-03-04 05:11:27 INFO user logout
2026-03-04 05:11:31 INFO user logout
2026-03-04 05:11:32 WARN database timeout
2026-03-04 05:11:35 INFO user login ok
2026-03-04 05:11:37 INFO user login ok
2026-03-04 05:11:41 INFO request handled
2026-03-04 05:11:43 INFO cache hit
2026-03-04 05:11:45 INFO disk usage high
2026-03-04 05:11:49 INFO user login ok
2026-03-04 05:11:52 INFO user login ok
2026-03-04 05:11:56 INFO user login ok
2026-03-04 05:11:59 INFO request handled
2026-03-04 05:12:01 INFO disk usage high
2026-03-04 05:12:02 INFO user login ok
2026-03-04 05:12:06 INFO user login ok
2026-03-04 05:12:10 WARN config reloaded
2026-03-04 05:12:12 INFO background job finished
2026-03-04 05:12:16 INFO user login ok
2026-03-04 05:12:19 WARN user logout
2026-03-04 05:12:22 WARN connection reset by peer
2026-03-04 05:12:26 WARN cache hit
2026-03-04 05:12:28 INFO user login ok
2026-03-04 05:12:30 INFO connection reset by peer
2026-03-04 05:12:33 INFO user login ok
2026-03-04 05:12:34 WARN user login ok
2026-03-04 05:12:36 INFO background job finished
2026-03-04 05:12:40 INFO user login ok
2026-03-04 05:12:42 INFO user logout
2026-03-04 05:12:43 INFO cache miss
2026-03-04 05:12:46 INFO user login ok
2026-03-04 05:12:50 WARN slow query detected
2026-03-04 05:12:53 INFO user logout
2026-03-04 05:12:55 INFO background job finished
2026-03-04 05:12:58 INFO slow query detected
2026-03-04 05:12:59 WARN disk usage high
2026-03-04 05:13:03 INFO user login ok
2026-03-04 05:13:07 WARN user logout
2026-03-04 05:13:08 WARN user login ok
2026-03-04 05:13:10 INFO database timeout
2026-03-04 05:13:12 INFO user login ok
2026-03-04 05:13:14 WARN user logout
2026-03-04 05:13:16 WARN database timeout
2026-03-04 05:13:18 INFO config reloaded
2026-03-04 05:13:21 INFO user logout
2026-03-04 05:13:25 INFO cache miss
2026-03-04 05:13:26 INFO slow query detected
2026-03-04 05:13:27 INFO connection reset by peer
2026-03-04 05:13:29 ERROR user login ok
2026-03-04 05:13:33 INFO cache hit
2026-03-04 05:13:34 INFO disk usage high
2026-03-04 05:13:36 WARN user login ok
2026-03-04 05:13:37 INFO request handled
2026-03-04 05:13:38 INFO slow query detected
2026-03-04 05:13:41 INFO cache miss
2026-03-04 05:13:45 INFO user logout
2026-03-04 05:13:46 INFO cache miss
2026-03-04 05:13:47 INFO user logout
2026-03-04 05:13:50 INFO user logout
2026-03-04 05:13:52 INFO slow query detected
2026-03-04 05:13:54 INFO cache hit
2026-03-04 05:13:55 INFO user login ok
2026-03-04 05:13:56 INFO request handled
2026-03-04 05:13:58 INFO cache hit
2026-03-04 05:13:59 INFO slow query detected
2026-03-04 05:14:00 ERROR cache hit
2026-03-04 05:14:01 WARN request handled
2026-03-04 05:14:03 ERROR request handled
2026-03-04 05:14:05 INFO user login ok
2026-03-04 05:14:08 INFO config reloaded
2026-03-04 05:14:11 INFO invalid token
2026-03-04 05:14:15 INFO user login ok
2026-03-04 05:14:19 INFO database timeout
2026-03-04 05:14:20 INFO cache hit
2026-03-04 05:14:24 INFO cache miss
2026-03-04 05:14:27 INFO request handled
2026-03-04 05:14:29 INFO user login ok
2026-03-04 05:14:31 INFO invalid token
2026-03-04 05:14:34 INFO invalid token
2026-03-04 05:14:37 INFO user logout
2026-03-04 05:14:41 INFO user login ok
2026-03-04 05:14:45 INFO invalid token
2026-03-04 05:14:47 INFO user logout
2026-03-04 05:14:49 INFO request handled
2026-03-04 05:14:51 INFO background job finished
2026-03-04 05:14:54 INFO user logout
2026-03-04 05:14:56 ERROR request handled
2026-03-04 05:14:57 INFO user login ok
2026-03-04 05:15:00 INFO cache miss
2026-03-04 05:15:04 INFO user login ok
2026-03-04 05:15:05 WARN cache hit
2026-03-04 05:15:07 INFO slow query detected
2026-03-04 05:15:09 INFO user login ok
2026-03-04 05:15:12 INFO user logout
2026-03-04 05:15:16 INFO request handled
2026-03-04 05:15:17 WARN background job finished
2026-03-04 05:15:20 INFO user login ok
2026-03-04 05:15:21 INFO user login ok
2026-03-04 05:15:23 WARN user login ok
2026-03-04 05:15:24 INFO connection reset by peer
2026-03-04 05:15:26 INFO user login ok
2026-03-04 05:15:28 WARN user login ok
2026-03-04 05:15:31 INFO invalid token
2026-03-04 05:15:35 INFO invalid token
2026-03-04 05:15:37 WARN background job finished
2026-03-04 05:15:40 INFO database timeout
2026-03-04 05:15:43 INFO cache hit
2026-03-04 05:15:47 INFO user logout
2026-03-04 05:15:49 INFO cache miss
2026-03-04 05:15:50 INFO user login ok
2026-03-04 05:15:53 INFO config reloaded
2026-03-04 05:15:55 INFO database timeout
2026-03-04 05:15:56 ERROR slow query detected
2026-03-04 05:15:58 INFO user login ok
2026-03-04 05:16:00 INFO user login ok
### повреждённая строка ###
2026-03-04 05:16:05 ERROR cache hit
2026-03-04 05:16:06 INFO user logout
2026-03-04 05:16:10 INFO request handled
2026-03-04 05:16:12 INFO user login ok
2026-03-04 05:16:15 INFO user login ok
2026-03-04 05:16:16 INFO cache miss
2026-03-04 05:16:19 INFO user logout
2026-03-04 05:16:23 INFO user logout
2026-03-04 05:16:24 INFO cache hit
2026-03-04 05:16:28 WARN user login ok
2026-03-04 05:16:29 INFO cache miss
2026-03-04 05:16:32 INFO background job finished
2026-03-04 05:16:34 INFO disk usage high
2026-03-04 05:16:38 INFO user logout
2026-03-04 05:16:41 INFO user login ok
2026-03-04 05:16:44 INFO user logout
2026-03-04 05:16:47 INFO user login ok
2026-03-04 05:16:48 INFO cache miss
2026-03-04 05:16:49 WARN user logout
2026-03-04 05:16:50 INFO user login ok
2026-03-04 05:16:54 INFO cache miss
2026-03-04 05:16:55 INFO user logout
2026-03-04 05:16:58 INFO invalid token
2026-03-04 05:17:02 INFO disk usage high
2026-03-04 05:17:06 INFO background job finished
2026-03-04 05:17:08 WARN slow query detected
2026-03-04 05:17:11 INFO connection reset by peer
2026-03-04 05:17:15 WARN disk usage high
2026-03-04 05:17:17 INFO invalid token
2026-03-04 05:17:21 INFO invalid token
2026-03-04 05:17:22 INFO database timeout
2026-03-04 05:17:26 INFO user login ok
2026-03-04 05:17:28 INFO user logout
2026-03-04 05:17:32 INFO user login ok
2026-03-04 05:17:34 INFO user login ok
2026-03-04 05:17:35 WARN config reloaded
2026-03-04 05:17:37 INFO cache hit
2026-03-04 05:17:39 INFO cache hit
2026-03-04 05:17:42 INFO connection reset by peer
2026-03-04 05:17:45 INFO user login ok
2026-03-04 05:17:47 INFO connection reset by peer
2026-03-04 05:17:48 INFO user login ok
2026-03-04 05:17:50 INFO slow query detected
2026-03-04 05:17:52 INFO user login ok
2026-03-04 05:17:56 INFO user logout
2026-03-04 05:18:00 INFO user logout
2026-03-04 05:18:03 INFO connection reset by peer
2026-03-04 05:18:04 INFO request handled
2026-03-04 05:18:05 INFO config reloaded
2026-03-04 05:18:08 INFO user login ok
2026-03-04 05:18:09 INFO invalid token
2026-03-04 05:18:12 INFO user login ok
2026-03-04 05:18:16 INFO user login ok
2026-03-04 05:18:17 INFO cache hit
2026-03-04 05:18:21 INFO slow query detected
2026-03-04 05:18:23 INFO config reloaded
2026-03-04 05:18:25 INFO connection reset by peer
2026-03-04 05:18:29 INFO user logout
2026-03-04 05:18:32 INFO cache miss
2026-03-04 05:18:35 INFO user logout
2026-03-04 05:18:36 INFO user login ok
2026-03-04 05:18:38 INFO connection reset by peer
2026-03-04 05:18:40 WARN config reloaded
2026-03-04 05:18:42 INFO slow query detected
2026-03-04 05:18:44 INFO cache hit
2026-03-04 05:18:46 INFO connection reset by peer
2026-03-04 05:18:49 INFO cache miss
2026-03-04 05:18:50 INFO user login ok
2026-03-04 05:18:51 INFO user login ok
2026-03-04 05:18:55 INFO config reloaded
2026-03-04 05:18:57 INFO slow query detected
2026-03-04 05:19:01 INFO config reloaded
2026-03-04 05:19:04 WARN cache miss
2026-03-04 05:19:08 INFO user logout
2026-03-04 05:19:11 INFO invalid token
2026-03-04 05:19:14 WARN request handled
2026-03-04 05:19:15 INFO cache hit
2026-03-04 05:19:17 ERROR user login ok
2026-03-04 05:19:18 INFO user logout
2026-03-04 05:19:21 ERROR user logout
2026-03-04 05:19:25 WARN user login ok
2026-03-04 05:19:26 WARN user login ok
2026-03-04 05:19:30 INFO cache hit
2026-03-04 05:19:31 INFO connection reset by peer
2026-03-04 05:19:32 INFO user login ok
2026-03-04 05:19:35 INFO slow query detected
2026-03-04 05:19:38 INFO config reloaded
2026-03-04 05:19:41 INFO user login ok
2026-03-04 05:19:43 INFO cache hit
2026-03-04 05:19:47 WARN cache hit
2026-03-04 05:19:50 INFO user login ok
2026-03-04 05:19:52 INFO slow query detected
2026-03-04 05:19:55 INFO disk usage high
2026-03-04 05:19:57 INFO request handled
2026-03-04 05:20:01 INFO invalid token
2026-03-04 05:20:02 INFO config reloaded
2026-03-04 05:20:03 INFO background job finished
2026-03-04 05:20:04 INFO cache hit
2026-03-04 05:20:05 WARN connection reset by peer
2026-03-04 05:20:07 INFO request handled
2026-03-04 05:20:09 INFO user logout
2026-03-04 05:20:10 INFO request handled
2026-03-04 05:20:12 WARN user login ok
2026-03-04 05:20:14 INFO database timeout
2026-03-04 05:20:16 INFO user login ok
2026-03-04 05:20:20 INFO slow query detected
2026-03-04 05:20:22 INFO database timeout
2026-03-04 05:20:24 INFO slow query detected
2026-03-04 05:20:28 INFO connection reset by peer
2026-03-04 05:20:29 INFO request handled
2026-03-04 05:20:32 WARN user login ok
2026-03-04 05:20:33 INFO request handled
2026-03-04 05:20:35 INFO cache hit
2026-03-04 05:20:39 INFO database timeout
2026-03-04 05:20:41 INFO disk usage high
2026-03-04 05:20:45 INFO background job finished
2026-03-04 05:20:47 INFO disk usage high
2026-03-04 05:20:49 INFO cache hit
2026-03-04 05:20:53 INFO cache miss
2026-03-04 05:20:56 INFO request handled
2026-03-04 05:21:00 INFO user login ok
2026-03-04 05:21:03 INFO user login ok
2026-03-04 05:21:04 INFO disk usage high
2026-03-04 05:21:06 INFO invalid token
2026-03-04 05:21:08 INFO cache miss
2026-03-04 05:21:09 INFO request handled
2026-03-04 05:21:13 WARN connection reset by peer
2026-03-04 05:21:17 INFO connection reset by peer
2026-03-04 05:21:19 INFO slow query detected
2026-03-04 05:21:21 ERROR database timeout
2026-03-04 05:21:23 WARN disk usage high
2026-03-04 05:21:24 ERROR disk usage high
### повреждённая строка ###
2026-03-04 05:21:29 INFO cache miss
2026-03-04 05:21:32 INFO user login ok
2026-03-04 05:21:34 INFO user login ok
2026-03-04 05:21:37 INFO user login ok
2026-03-04 05:21:41 INFO user login ok
2026-03-04 05:21:42 INFO connection reset by peer
2026-03-04 05:21:43 INFO user logout
2026-03-04 05:21:45 WARN slow query detected
2026-03-04 05:21:47 INFO cache miss
2026-03-04 05:21:51 INFO user login ok
2026-03-04 05:21:53 INFO user logout
2026-03-04 05:21:55 WARN connection reset by peer
2026-03-04 05:21:56 WARN user login ok
2026-03-04 05:22:00 INFO user login ok
2026-03-04 05:22:02 INFO cache hit
2026-03-04 05:22:05 INFO background job finished
2026-03-04 05:22:07 INFO user login ok
2026-03-04 05:22:09 INFO connection reset by peer
2026-03-04 05:22:11 INFO config reloaded
2026-03-04 05:22:12 ERROR cache hit
2026-03-04 05:22:15 INFO request handled
2026-03-04 05:22:17 INFO invalid token
2026-03-04 05:22:21 INFO request handled
### повреждённая строка ###
2026-03-04 05:22:26 WARN user login ok
2026-03-04 05:22:27 INFO user logout
2026-03-04 05:22:31 INFO cache hit
2026-03-04 05:22:34 INFO connection reset by peer
2026-03-04 05:22:36 INFO user logout
2026-03-04 05:22:39 INFO user logout
2026-03-04 05:22:40 INFO user logout
2026-03-04 05:22:42 WARN user logout
2026-03-04 05:22:44 INFO user login ok
2026-03-04 05:22:46 ERROR user login ok
2026-03-04 05:22:50 INFO request handled
2026-03-04 05:22:52 ERROR user login ok
2026-03-04 05:22:55 INFO disk usage high
2026-03-04 05:22:58 INFO config reloaded
2026-03-04 05:23:01 INFO request handled
2026-03-04 05:23:05 INFO cache hit
2026-03-04 05:23:09 WARN config reloaded
2026-03-04 05:23:10 INFO cache hit
2026-03-04 05:23:12 INFO request handled
2026-03-04 05:23:15 INFO user logout
2026-03-04 05:23:17 INFO user logout
2026-03-04 05:23:20 INFO config reloaded
2026-03-04 05:23:21 INFO user login ok
2026-03-04 05:23:25 INFO cache hit
2026-03-04 05:23:27 INFO user login ok
2026-03-04 05:23:30 INFO user login ok
2026-03-04 05:23:32 INFO user login ok
2026-03-04 05:23:35 INFO cache hit
2026-03-04 05:23:39 INFO config reloaded
2026-03-04 05:23:41 INFO user login ok
2026-03-04 05:23:45 INFO cache hit
2026-03-04 05:23:48 INFO config reloaded
2026-03-04 05:23:50 INFO user logout
2026-03-04 05:23:52 INFO slow query detected
2026-03-04 05:23:54 INFO user login ok
2026-03-04 05:23:56 INFO user logout
2026-03-04 05:23:59 INFO background job finished
2026-03-04 05:24:00 ERROR cache hit
2026-03-04 05:24:01 INFO user login ok
2026-03-04 05:24:03 INFO cache miss
### повреждённая строка ###
2026-03-04 05:24:09 INFO cache hit
2026-03-04 05:24:10 INFO database timeout
2026-03-04 05:24:14 INFO request handled
2026-03-04 05:24:15 INFO slow query detected
2026-03-04 05:24:18 INFO invalid token
2026-03-04 05:24:21 INFO user login ok
2026-03-04 05:24:23 INFO config reloaded
2026-03-04 05:24:24 INFO user login ok
2026-03-04 05:24:26 INFO cache hit
2026-03-04 05:24:29 INFO user login ok
2026-03-04 05:24:33 INFO user login ok
2026-03-04 05:24:35 INFO cache hit
2026-03-04 05:24:39 INFO user logout
2026-03-04 05:24:42 INFO disk usage high
2026-03-04 05:24:43 INFO disk usage high
2026-03-04 05:24:44 INFO user login ok
2026-03-04 05:24:45 INFO config reloaded
2026-03-04 05:24:48 INFO user login ok
2026-03-04 05:24:51 INFO user login ok
2026-03-04 05:24:53 INFO background job finished
2026-03-04 05:24:54 INFO connection reset by peer
2026-03-04 05:24:57 INFO user logout
2026-03-04 05:24:59 INFO cache hit
2026-03-04 05:25:03 INFO database timeout
2026-03-04 05:25:07 INFO cache hit
2026-03-04 05:25:09 INFO config reloaded
2026-03-04 05:25:13 INFO background job finished
2026-03-04 05:25:17 INFO slow query detected
2026-03-04 05:25:19 INFO user logout
2026-03-04 05:25:21 INFO cache hit
2026-03-04 05:25:24 ERROR disk usage high
2026-03-04 05:25:26 WARN background job finished
2026-03-04 05:25:29 INFO request handled
2026-03-04 05:25:33 INFO database timeout
2026-03-04 05:25:35 INFO config reloaded
2026-03-04 05:25:38 WARN invalid token
2026-03-04 05:25:39 INFO database timeout
2026-03-04 05:25:40 INFO user login ok
2026-03-04 05:25:44 INFO cache miss
2026-03-04 05:25:46 INFO user logout
2026-03-04 05:25:48 ERROR invalid token
2026-03-04 05:25:52 INFO cache miss
2026-03-04 05:25:55 INFO cache hit
2026-03-04 05:25:58 INFO disk usage high
2026-03-04 05:25:59 WARN user logout
2026-03-04 05:26:00 WARN connection reset by peer
2026-03-04 05:26:04 INFO user login ok
2026-03-04 05:26:05 INFO cache hit
2026-03-04 05:26:06 INFO cache hit
2026-03-04 05:26:08 INFO user login ok
2026-03-04 05:26:10 ERROR cache hit
2026-03-04 05:26:12 INFO user logout
2026-03-04 05:26:14 INFO slow query detected
2026-03-04 05:26:15 INFO cache miss
2026-03-04 05:26:19 INFO invalid token
2026-03-04 05:26:20 INFO user login ok
2026-03-04 05:26:24 INFO request handled
2026-03-04 05:26:26 INFO cache hit
2026-03-04 05:26:27 INFO user login ok
2026-03-04 05:26:28 INFO user logout
2026-03-04 05:26:30 ERROR slow query detected
2026-03-04 05:26:31 INFO request handled
2026-03-04 05:26:35 INFO user logout
2026-03-04 05:26:37 INFO config reloaded
2026-03-04 05:26:38 INFO cache miss
2026-03-04 05:26:39 INFO user login ok
2026-03-04 05:26:41 INFO user login ok
2026-03-04 05:26:44 WARN cache hit
2026-03-04 05:26:45 INFO config reloaded
2026-03-04 05:26:48 WARN cache hit
2026-03-04 05:26:51 INFO user login ok
2026-03-04 05:26:55 ERROR slow query detected
2026-03-04 05:26:58 INFO user login ok
2026-03-04 05:27:01 INFO user login ok
2026-03-04 05:27:04 WARN cache miss
2026-03-04 05:27:07 INFO config reloaded
2026-03-04 05:27:10 INFO user login ok
2026-03-04 05:27:12 INFO slow query detected
2026-03-04 05:27:16 INFO user login ok
2026-03-04 05:27:20 INFO cache hit
2026-03-04 05:27:23 INFO user logout
2026-03-04 05:27:25 INFO disk usage high
2026-03-04 05:27:26 INFO cache hit
2026-03-04 05:27:29 INFO cache hit
2026-03-04 05:27:33 ERROR user login ok
2026-03-04 05:27:35 WARN background job finished
2026-03-04 05:27:39 INFO user login ok
2026-03-04 05:27:40 INFO cache hit
2026-03-04 05:27:43 INFO background job finished
2026-03-04 05:27:44 INFO database timeout
2026-03-04 05:27:47 INFO cache hit
2026-03-04 05:27:48 INFO config reloaded
2026-03-04 05:27:50 INFO user login ok
2026-03-04 05:27:53 INFO request handled
2026-03-04 05:27:54 WARN slow query detected
2026-03-04 05:27:56 WARN user login ok
2026-03-04 05:27:59 INFO cache miss
2026-03-04 05:28:01 INFO invalid token
2026-03-04 05:28:04 INFO background job finished
2026-03-04 05:28:05 INFO database timeout
2026-03-04 05:28:06 ERROR user logout
2026-03-04 05:28:07 INFO disk usage high
2026-03-04 05:28:10 INFO slow query detected
2026-03-04 05:28:14 INFO connection reset by peer
2026-03-04 05:28:18 INFO user login ok
2026-03-04 05:28:21 INFO invalid token
2026-03-04 05:28:22 WARN user logout
2026-03-04 05:28:26 INFO user login ok
2026-03-04 05:28:30 INFO invalid token
2026-03-04 05:28:31 INFO cache miss
2026-03-04 05:28:35 INFO user login ok
2026-03-04 05:28:37 INFO database timeout
2026-03-04 05:28:40 INFO invalid token
2026-03-04 05:28:44 WARN user logout
2026-03-04 05:28:45 WARN user login ok
2026-03-04 05:28:46 WARN user login ok
2026-03-04 05:28:49 INFO cache miss
2026-03-04 05:28:53 INFO disk usage high
2026-03-04 05:28:57 INFO slow query detected
2026-03-04 05:29:00 INFO cache miss
2026-03-04 05:29:01 INFO user login ok
2026-03-04 05:29:05 INFO user login ok
2026-03-04 05:29:07 INFO database timeout
2026-03-04 05:29:08 WARN user login ok
2026-03-04 05:29:11 INFO request handled
2026-03-04 05:29:14 WARN user login ok
2026-03-04 05:29:17 INFO connection reset by peer
2026-03-04 05:29:21 INFO cache hit
2026-03-04 05:29:22 INFO invalid token
2026-03-04 05:29:25 INFO slow query detected
2026-03-04 05:29:27 INFO cache miss
2026-03-04 05:29:29 INFO cache hit
2026-03-04 05:29:31 INFO disk usage high
2026-03-04 05:29:35 INFO user login ok
2026-03-04 05:29:38 INFO background job finished
2026-03-04 05:29:40 INFO user logout
2026-03-04 05:29:42 INFO user login ok
2026-03-04 05:29:46 INFO cache miss
2026-03-04 05:29:49 INFO database timeout
2026-03-04 05:29:53 ERROR disk usage high
2026-03-04 05:29:54 INFO cache hit
2026-03-04 05:29:58 ERROR user login ok
2026-03-04 05:30:00 WARN connection reset by peer
2026-03-04 05:30:03 INFO connection reset by peer
2026-03-04 05:30:04 INFO cache hit
2026-03-04 05:30:08 WARN cache hit
2026-03-04 05:30:10 WARN config reloaded
2026-03-04 05:30:11 WARN user login ok
2026-03-04 05:30:12 WARN connection reset by peer
2026-03-04 05:30:16 WARN user logout
2026-03-04 05:30:17 INFO slow query detected
2026-03-04 05:30:20 INFO request handled
2026-03-04 05:30:24 INFO user login ok
2026-03-04 05:30:28 INFO user login ok
2026-03-04 05:30:30 INFO user login ok
2026-03-04 05:30:31 INFO user login ok
2026-03-04 05:30:32 INFO database timeout
2026-03-04 05:30:34 INFO user login ok
2026-03-04 05:30:38 INFO user login ok
2026-03-04 05:30:40 ERROR connection reset by peer
2026-03-04 05:30:44 INFO user login ok
2026-03-04 05:30:48 INFO background job finished
2026-03-04 05:30:49 ERROR config reloaded
2026-03-04 05:30:52 INFO config reloaded
2026-03-04 05:30:55 INFO user logout
2026-03-04 05:30:57 WARN user login ok
2026-03-04 05:30:58 INFO connection reset by peer
2026-03-04 05:31:00 INFO user login ok
2026-03-04 05:31:02 INFO slow query detected
2026-03-04 05:31:03 INFO user logout
2026-03-04 05:31:06 INFO user login ok
2026-03-04 05:31:08 INFO user login ok
2026-03-04 05:31:12 INFO disk usage high
2026-03-04 05:31:14 INFO invalid token
2026-03-04 05:31:15 INFO user login ok
2026-03-04 05:31:17 INFO user logout
2026-03-04 05:31:19 INFO slow query detected
2026-03-04 05:31:21 INFO user login ok
2026-03-04 05:31:25 INFO database timeout
2026-03-04 05:31:28 INFO background job finished
2026-03-04 05:31:29 INFO user login ok
2026-03-04 05:31:32 INFO cache miss
2026-03-04 05:31:35 INFO request handled
2026-03-04 05:31:36 WARN cache miss
2026-03-04 05:31:39 INFO connection reset by peer
2026-03-04 05:31:40 INFO user login ok
2026-03-04 05:31:42 INFO user logout
2026-03-04 05:31:44 INFO user login ok
2026-03-04 05:31:45 INFO connection reset by peer
2026-03-04 05:31:46 INFO user logout
2026-03-04 05:31:49 INFO invalid token
2026-03-04 05:31:51 INFO disk usage high
2026-03-04 05:31:52 INFO request handled
2026-03-04 05:31:55 INFO connection reset by peer
2026-03-04 05:31:58 WARN request handled
2026-03-04 05:31:59 INFO database timeout
2026-03-04 05:32:02 INFO user login ok
2026-03-04 05:32:04 INFO database timeout
2026-03-04 05:32:06 INFO background job finished
2026-03-04 05:32:08 INFO user login ok
2026-03-04 05:32:09 INFO database timeout
2026-03-04 05:32:12 INFO cache miss
2026-03-04 05:32:16 INFO cache hit
2026-03-04 05:32:20 ERROR request handled
2026-03-04 05:32:24 INFO user login ok
2026-03-04 05:32:27 WARN background job finished
2026-03-04 05:32:29 INFO user logout
2026-03-04 05:32:31 INFO user logout
2026-03-04 05:32:33 ERROR connection reset by peer
2026-03-04 05:32:35 INFO user logout
2026-03-04 05:32:36 INFO background job finished
2026-03-04 05:32:37 INFO user logout
2026-03-04 05:32:39 INFO request handled
2026-03-04 05:32:41 INFO background job finished
2026-03-04 05:32:44 INFO user login ok
2026-03-04 05:32:48 ERROR disk usage high
2026-03-04 05:32:52 ERROR cache hit
2026-03-04 05:32:56 INFO cache hit
2026-03-04 05:32:57 ERROR user login ok
2026-03-04 05:32:58 WARN cache miss
2026-03-04 05:33:02 INFO connection reset by peer
2026-03-04 05:33:04 INFO user logout
2026-03-04 05:33:05 INFO user logout
2026-03-04 05:33:08 INFO slow query detected
2026-03-04 05:33:11 INFO connection reset by peer
2026-03-04 05:33:13 INFO connection reset by peer
2026-03-04 05:33:17 WARN user login ok
2026-03-04 05:33:18 INFO disk usage high
2026-03-04 05:33:19 INFO user login ok
2026-03-04 05:33:21 INFO user logout
2026-03-04 05:33:23 INFO cache miss
2026-03-04 05:33:25 INFO invalid token
2026-03-04 05:33:26 INFO invalid token
2026-03-04 05:33:29 INFO background job finished
2026-03-04 05:33:30 INFO config reloaded
2026-03-04 05:33:33 INFO user login ok
2026-03-04 05:33:35 INFO invalid token
2026-03-04 05:33:36 INFO request handled
2026-03-04 05:33:39 INFO user login ok
2026-03-04 05:33:43 INFO cache hit
2026-03-04 05:33:47 INFO config reloaded
2026-03-04 05:33:49 INFO user logout
2026-03-04 05:33:53 INFO cache miss
2026-03-04 05:33:56 INFO invalid token
2026-03-04 05:33:57 INFO disk usage high
2026-03-04 05:33:59 INFO cache hit
2026-03-04 05:34:01 INFO slow query detected
2026-03-04 05:34:02 INFO user login ok
2026-03-04 05:34:03 WARN database timeout
2026-03-04 05:34:04 INFO invalid token
2026-03-04 05:34:05 ERROR config reloaded
2026-03-04 05:34:08 INFO config reloaded
2026-03-04 05:34:10 INFO cache miss
2026-03-04 05:34:13 INFO background job finished
2026-03-04 05:34:15 INFO request handled
2026-03-04 05:34:17 INFO user login ok
2026-03-04 05:34:21 INFO user login ok
2026-03-04 05:34:23 INFO cache hit
2026-03-04 05:34:24 INFO request handled
2026-03-04 05:34:25 INFO invalid token
2026-03-04 05:34:28 INFO database timeout
2026-03-04 05:34:29 INFO user login ok
2026-03-04 05:34:30 INFO disk usage high
2026-03-04 05:34:32 WARN user login ok
2026-03-04 05:34:36 INFO user login ok
2026-03-04 05:34:39 INFO config reloaded
2026-03-04 05:34:42 INFO user logout
2026-03-04 05:34:45 INFO cache hit
2026-03-04 05:34:47 INFO background job finished
2026-03-04 05:34:49 INFO user login ok
2026-03-04 05:34:53 INFO user logout
2026-03-04 05:34:56 WARN request handled
2026-03-04 05:34:58 ERROR disk usage high
2026-03-04 05:35:01 ERROR invalid token
2026-03-04 05:35:02 INFO user logout
2026-03-04 05:35:03 INFO connection reset by peer
2026-03-04 05:35:06 WARN user login ok
2026-03-04 05:35:08 INFO user login ok
2026-03-04 05:35:12 INFO user logout
2026-03-04 05:35:13 INFO config reloaded
2026-03-04 05:35:15 INFO cache miss
2026-03-04 05:35:16 INFO disk usage high
2026-03-04 05:35:19 INFO request handled
2026-03-04 05:35:22 INFO cache miss
2026-03-04 05:35:23 INFO user login ok
2026-03-04 05:35:27 INFO user login ok
2026-03-04 05:35:31 WARN cache miss
2026-03-04 05:35:34 INFO cache hit
2026-03-04 05:35:35 INFO cache miss
2026-03-04 05:35:38 INFO cache miss
2026-03-04 05:35:42 INFO user logout
2026-03-04 05:35:46 INFO user login ok
2026-03-04 05:35:48 INFO invalid token
2026-03-04 05:35:51 WARN background job finished
2026-03-04 05:35:53 INFO connection reset by peer
2026-03-04 05:35:56 INFO user logout
2026-03-04 05:35:58 INFO cache hit
2026-03-04 05:36:00 INFO cache miss
2026-03-04 05:36:03 INFO user login ok
### повреждённая строка ###
2026-03-04 05:36:09 WARN user login ok
2026-03-04 05:36:10 WARN user login ok
2026-03-04 05:36:12 INFO user logout
2026-03-04 05:36:14 INFO disk usage high
2026-03-04 05:36:17 INFO user login ok
2026-03-04 05:36:21 WARN cache miss
2026-03-04 05:36:25 INFO cache hit
2026-03-04 05:36:27 INFO user logout
2026-03-04 05:36:30 INFO database timeout
2026-03-04 05:36:31 INFO user login ok
2026-03-04 05:36:33 INFO config reloaded
2026-03-04 05:36:35 INFO cache miss
2026-03-04 05:36:39 INFO config reloaded
2026-03-04 05:36:40 WARN user logout
2026-03-04 05:36:43 INFO request handled
2026-03-04 05:36:44 INFO invalid token
2026-03-04 05:36:46 ERROR user login ok
2026-03-04 05:36:49 ERROR database timeout
2026-03-04 05:36:50 INFO user login ok
2026-03-04 05:36:54 INFO user login ok
2026-03-04 05:36:55 INFO connection reset by peer
2026-03-04 05:36:57 WARN user logout
2026-03-04 05:36:59 INFO user logout
2026-03-04 05:37:03 INFO background job finished
2026-03-04 05:37:07 WARN request handled
2026-03-04 05:37:10 INFO user login ok
2026-03-04 05:37:11 INFO connection reset by peer
2026-03-04 05:37:15 ERROR cache miss
2026-03-04 05:37:17 INFO cache hit
2026-03-04 05:37:19 ERROR database timeout
2026-03-04 05:37:22 INFO slow query detected
2026-03-04 05:37:23 INFO request handled
2026-03-04 05:37:26 INFO user logout
2026-03-04 05:37:30 WARN user logout
2026-03-04 05:37:34 INFO invalid token
2026-03-04 05:37:37 INFO cache hit
2026-03-04 05:37:39 INFO database timeout
2026-03-04 05:37:40 INFO cache hit
2026-03-04 05:37:44 INFO disk usage high
2026-03-04 05:37:46 WARN user login ok
2026-03-04 05:37:49 INFO user login ok
2026-03-04 05:37:52 INFO user login ok
2026-03-04 05:37:55 WARN cache hit
2026-03-04 05:37:57 ERROR connection reset by peer
2026-03-04 05:37:59 INFO invalid token
2026-03-04 05:38:02 INFO request handled
2026-03-04 05:38:04 INFO cache miss
2026-03-04 05:38:06 INFO slow query detected
2026-03-04 05:38:07 INFO user login ok
2026-03-04 05:38:11 INFO user login ok
2026-03-04 05:38:12 INFO user login ok
2026-03-04 05:38:15 WARN user login ok
2026-03-04 05:38:18 WARN cache miss
2026-03-04 05:38:20 INFO request handled
2026-03-04 05:38:22 WARN request handled
2026-03-04 05:38:25 INFO slow query detected
2026-03-04 05:38:26 INFO user login ok
2026-03-04 05:38:27 INFO user logout
2026-03-04 05:38:31 INFO connection reset by peer
2026-03-04 05:38:35 INFO slow query detected
2026-03-04 05:38:39 INFO invalid token
2026-03-04 05:38:43 ERROR cache miss
2026-03-04 05:38:47 INFO background job finished
2026-03-04 05:38:51 INFO database timeout
2026-03-04 05:38:54 INFO user login ok
2026-03-04 05:38:58 INFO disk usage high
2026-03-04 05:39:01 INFO disk usage high
2026-03-04 05:39:05 INFO cache hit
2026-03-04 05:39:09 WARN config reloaded
2026-03-04 05:39:12 INFO connection reset by peer
2026-03-04 05:39:15 INFO invalid token
2026-03-04 05:39:17 INFO cache hit
2026-03-04 05:39:21 INFO config reloaded
2026-03-04 05:39:24 INFO cache miss
2026-03-04 05:39:25 INFO connection reset by peer
2026-03-04 05:39:29 INFO background job finished
2026-03-04 05:39:32 INFO invalid token
2026-03-04 05:39:35 INFO user login ok
2026-03-04 05:39:39 INFO user login ok
2026-03-04 05:39:42 INFO user logout
2026-03-04 05:39:46 INFO database timeout
2026-03-04 05:39:50 INFO connection reset by peer
2026-03-04 05:39:53 INFO user logout
2026-03-04 05:39:56 INFO cache hit
2026-03-04 05:39:57 ERROR background job finished
2026-03-04 05:40:01 INFO user login ok
2026-03-04 05:40:03 WARN cache hit
2026-03-04 05:40:05 INFO config reloaded
2026-03-04 05:40:09 INFO request handled
2026-03-04 05:40:12 INFO config reloaded
2026-03-04 05:40:14 INFO user logout
### повреждённая строка ###
2026-03-04 05:40:19 INFO connection reset by peer
2026-03-04 05:40:23 INFO cache miss
2026-03-04 05:40:24 WARN request handled
2026-03-04 05:40:27 INFO database timeout
2026-03-04 05:40:29 ERROR user login ok
2026-03-04 05:40:33 ERROR database timeout
2026-03-04 05:40:37 INFO user login ok
2026-03-04 05:40:38 INFO user login ok
2026-03-04 05:40:41 WARN user logout
2026-03-04 05:40:42 INFO user login ok
2026-03-04 05:40:45 WARN database timeout
2026-03-04 05:40:49 INFO user login ok
2026-03-04 05:40:51 INFO slow query detected
2026-03-04 05:40:54 INFO cache hit
2026-03-04 05:40:56 INFO invalid token
2026-03-04 05:41:00 INFO user login ok
2026-03-04 05:41:02 INFO user login ok
2026-03-04 05:41:04 INFO cache miss
2026-03-04 05:41:06 INFO cache hit
2026-03-04 05:41:08 INFO user login ok
2026-03-04 05:41:12 INFO database timeout
2026-03-04 05:41:16 INFO user login ok
2026-03-04 05:41:19 INFO user login ok
2026-03-04 05:41:22 WARN request handled
2026-03-04 05:41:24 INFO connection reset by peer
2026-03-04 05:41:28 INFO user logout
2026-03-04 05:41:29 INFO database timeout
2026-03-04 05:41:30 INFO request handled
2026-03-04 05:41:34 INFO user logout
2026-03-04 05:41:38 INFO cache hit
2026-03-04 05:41:40 INFO request handled
2026-03-04 05:41:42 INFO cache miss
2026-03-04 05:41:44 ERROR user login ok
2026-03-04 05:41:47 INFO cache hit
2026-03-04 05:41:48 WARN invalid token
2026-03-04 05:41:51 INFO user login ok
2026-03-04 05:41:53 ERROR cache miss
2026-03-04 05:41:54 INFO user login ok
2026-03-04 05:41:55 INFO disk usage high
2026-03-04 05:41:57 ERROR cache hit
2026-03-04 05:41:59 INFO user login ok
2026-03-04 05:42:01 INFO user logout
2026-03-04 05:42:02 INFO cache miss
2026-03-04 05:42:05 ERROR slow query detected
2026-03-04 05:42:07 INFO user logout
2026-03-04 05:42:10 INFO user login ok
2026-03-04 05:42:11 WARN connection reset by peer
2026-03-04 05:42:14 INFO user login ok
2026-03-04 05:42:18 INFO slow query detected
2026-03-04 05:42:22 INFO invalid token
2026-03-04 05:42:26 INFO cache miss
2026-03-04 05:42:29 INFO user logout
2026-03-04 05:42:33 INFO request handled
2026-03-04 05:42:37 INFO disk usage high
2026-03-04 05:42:41 WARN cache miss
2026-03-04 05:42:44 INFO invalid token
2026-03-04 05:42:47 INFO cache hit
2026-03-04 05:42:48 INFO cache miss
2026-03-04 05:42:51 INFO disk usage high
2026-03-04 05:42:52 INFO user login ok
2026-03-04 05:42:55 INFO cache hit
2026-03-04 05:42:58 ERROR request handled
2026-03-04 05:43:01 ERROR cache hit
2026-03-04 05:43:04 INFO user logout
2026-03-04 05:43:08 INFO cache miss
2026-03-04 05:43:10 INFO user login ok
2026-03-04 05:43:12 INFO disk usage high
2026-03-04 05:43:16 INFO user logout
2026-03-04 05:43:17 INFO disk usage high
2026-03-04 05:43:19 INFO user login ok
2026-03-04 05:43:21 INFO user login ok
2026-03-04 05:43:25 WARN connection reset by peer
2026-03-04 05:43:26 INFO connection reset by peer
2026-03-04 05:43:29 INFO user login ok
2026-03-04 05:43:32 INFO cache miss
2026-03-04 05:43:35 INFO cache miss
2026-03-04 05:43:37 INFO cache hit
2026-03-04 05:43:40 INFO user logout
2026-03-04 05:43:42 WARN cache hit
2026-03-04 05:43:44 INFO user login ok
2026-03-04 05:43:45 INFO user login ok
2026-03-04 05:43:47 ERROR disk usage high
2026-03-04 05:43:51 WARN background job finished
2026-03-04 05:43:53 INFO database timeout
2026-03-04 05:43:57 WARN request handled
2026-03-04 05:44:00 INFO invalid token
2026-03-04 05:44:04 INFO background job finished
2026-03-04 05:44:07 INFO cache miss
2026-03-04 05:44:10 INFO connection reset by peer
2026-03-04 05:44:13 INFO user login ok
2026-03-04 05:44:14 INFO user login ok
2026-03-04 05:44:18 INFO connection reset by peer
2026-03-04 05:44:21 INFO user login ok
2026-03-04 05:44:25 WARN user login ok
2026-03-04 05:44:26 WARN slow query detected
2026-03-04 05:44:27 INFO cache hit
2026-03-04 05:44:29 INFO user login ok
2026-03-04 05:44:32 INFO user login ok
2026-03-04 05:44:36 INFO user login ok
2026-03-04 05:44:38 INFO user login ok
2026-03-04 05:44:41 INFO user logout
2026-03-04 05:44:45 INFO cache hit
2026-03-04 05:44:46 WARN slow query detected
2026-03-04 05:44:49 INFO disk usage high
2026-03-04 05:44:53 INFO user login ok
2026-03-04 05:44:55 INFO cache miss
2026-03-04 05:44:57 WARN user login ok
2026-03-04 05:44:59 INFO disk usage high
2026-03-04 05:45:01 WARN config reloaded
2026-03-04 05:45:02 WARN user login ok
2026-03-04 05:45:05 INFO user login ok
2026-03-04 05:45:07 WARN config reloaded
2026-03-04 05:45:10 INFO cache miss
2026-03-04 05:45:12 INFO user login ok
2026-03-04 05:45:14 INFO cache hit
2026-03-04 05:45:17 INFO user logout
2026-03-04 05:45:19 INFO request handled
2026-03-04 05:45:22 INFO user login ok
2026-03-04 05:45:25 WARN cache miss
2026-03-04 05:45:26 INFO user login ok
2026-03-04 05:45:27 INFO slow query detected
2026-03-04 05:45:29 INFO slow query detected
2026-03-04 05:45:30 INFO user login ok
2026-03-04 05:45:32 INFO background job finished
2026-03-04 05:45:35 ERROR user login ok
2026-03-04 05:45:38 INFO user logout
2026-03-04 05:45:40 INFO request handled
2026-03-04 05:45:41 INFO request handled
2026-03-04 05:45:43 INFO user logout
2026-03-04 05:45:47 INFO connection reset by peer
2026-03-04 05:45:48 INFO user login ok
2026-03-04 05:45:49 INFO user logout
2026-03-04 05:45:51 INFO cache miss
2026-03-04 05:45:53 INFO cache hit
2026-03-04 05:45:54 INFO background job finished
2026-03-04 05:45:56 INFO user logout
2026-03-04 05:45:59 INFO user login ok
2026-03-04 05:46:01 INFO request handled
2026-03-04 05:46:03 INFO user login ok
2026-03-04 05:46:06 INFO cache miss
2026-03-04 05:46:07 INFO connection reset by peer
2026-03-04 05:46:11 WARN user logout
2026-03-04 05:46:12 INFO request handled
2026-03-04 05:46:15 INFO user login ok
2026-03-04 05:46:19 INFO slow query detected
2026-03-04 05:46:21 ERROR cache hit
2026-03-04 05:46:22 INFO background job finished
2026-03-04 05:46:23 WARN disk usage high
2026-03-04 05:46:24 INFO database timeout
2026-03-04 05:46:28 INFO user logout
2026-03-04 05:46:29 INFO user login ok
2026-03-04 05:46:33 INFO background job finished
2026-03-04 05:46:36 INFO cache miss
2026-03-04 05:46:37 INFO cache hit
2026-03-04 05:46:41 INFO slow query detected
2026-03-04 05:46:42 WARN cache hit
2026-03-04 05:46:45 INFO cache hit
2026-03-04 05:46:48 INFO user login ok
2026-03-04 05:46:51 INFO request handled
2026-03-04 05:46:52 INFO cache hit
2026-03-04 05:46:56 INFO invalid token
2026-03-04 05:46:58 INFO config reloaded
2026-03-04 05:47:00 INFO database timeout
2026-03-04 05:47:02 INFO database timeout
2026-03-04 05:47:06 WARN user login ok
2026-03-04 05:47:10 INFO database timeout
2026-03-04 05:47:11 INFO user logout
2026-03-04 05:47:12 WARN cache hit
2026-03-04 05:47:16 INFO slow query detected
2026-03-04 05:47:18 INFO config reloaded
2026-03-04 05:47:22 INFO connection reset by peer
2026-03-04 05:47:25 INFO user login ok
2026-03-04 05:47:29 INFO config reloaded
2026-03-04 05:47:33 INFO user login ok
2026-03-04 05:47:34 INFO slow query detected
2026-03-04 05:47:38 INFO user login ok
2026-03-04 05:47:40 ERROR slow query detected
2026-03-04 05:47:41 INFO user login ok
2026-03-04 05:47:45 INFO user logout
2026-03-04 05:47:49 INFO user logout
2026-03-04 05:47:51 INFO config reloaded
2026-03-04 05:47:53 WARN user login ok
2026-03-04 05:47:55 WARN user login ok
2026-03-04 05:47:57 WARN request handled
2026-03-04 05:48:00 INFO user login ok
2026-03-04 05:48:03 INFO request handled
2026-03-04 05:48:06 INFO user login ok
2026-03-04 05:48:09 ERROR user login ok
2026-03-04 05:48:11 WARN database timeout
2026-03-04 05:48:15 INFO disk usage high
2026-03-04 05:48:18 WARN config reloaded
2026-03-04 05:48:19 INFO request handled
2026-03-04 05:48:20 INFO user login ok
2026-03-04 05:48:23 WARN user login ok
2026-03-04 05:48:26 INFO connection reset by peer
2026-03-04 05:48:29 INFO user login ok
2026-03-04 05:48:33 WARN disk usage high
2026-03-04 05:48:37 INFO disk usage high
2026-03-04 05:48:40 INFO user login ok
2026-03-04 05:48:44 WARN user login ok
2026-03-04 05:48:47 WARN user login ok
### повреждённая строка ###
2026-03-04 05:48:53 WARN user login ok
2026-03-04 05:48:56 ERROR disk usage high
2026-03-04 05:48:57 INFO cache miss
2026-03-04 05:49:00 INFO request handled
2026-03-04 05:49:02 INFO database timeout
2026-03-04 05:49:06 INFO user login ok
2026-03-04 05:49:09 INFO user login ok
2026-03-04 05:49:11 INFO user login ok
2026-03-04 05:49:12 INFO user logout
2026-03-04 05:49:13 INFO user login ok
2026-03-04 05:49:17 INFO cache hit
2026-03-04 05:49:19 INFO disk usage high
2026-03-04 05:49:22 INFO cache hit
2026-03-04 05:49:23 INFO connection reset by peer
2026-03-04 05:49:26 INFO cache miss
2026-03-04 05:49:29 INFO user login ok
2026-03-04 05:49:30 INFO invalid token
2026-03-04 05:49:31 INFO user logout
2026-03-04 05:49:32 INFO cache hit
### повреждённая строка ###
2026-03-04 05:49:40 INFO database timeout
2026-03-04 05:49:42 INFO cache miss
2026-03-04 05:49:44 INFO user login ok
2026-03-04 05:49:48 INFO database timeout
2026-03-04 05:49:49 WARN user login ok
2026-03-04 05:49:52 WARN user login ok
2026-03-04 05:49:56 WARN user logout
2026-03-04 05:49:57 WARN config reloaded
2026-03-04 05:49:58 WARN connection reset by peer
2026-03-04 05:50:02 INFO user logout
2026-03-04 05:50:05 INFO user login ok
2026-03-04 05:50:07 INFO user login ok
2026-03-04 05:50:10 INFO user login ok
2026-03-04 05:50:13 INFO slow query detected
2026-03-04 05:50:17 INFO user logout
2026-03-04 05:50:20 INFO user logout
2026-03-04 05:50:23 WARN invalid token
2026-03-04 05:50:27 INFO user login ok
2026-03-04 05:50:31 INFO user login ok
2026-03-04 05:50:32 ERROR slow query detected
2026-03-04 05:50:34 WARN user login ok
2026-03-04 05:50:35 INFO disk usage high
2026-03-04 05:50:36 INFO request handled
2026-03-04 05:50:39 INFO cache hit
2026-03-04 05:50:40 INFO disk usage high
2026-03-04 05:50:44 WARN cache miss
2026-03-04 05:50:45 ERROR database timeout
2026-03-04 05:50:48 INFO cache miss
2026-03-04 05:50:49 INFO user logout
2026-03-04 05:50:50 WARN cache miss
2026-03-04 05:50:52 WARN user logout
2026-03-04 05:50:55 INFO user login ok
2026-03-04 05:50:57 ERROR cache miss
2026-03-04 05:51:01 ERROR user logout
2026-03-04 05:51:03 INFO disk usage high
2026-03-04 05:51:07 INFO user login ok
2026-03-04 05:51:10 INFO invalid token
2026-03-04 05:51:14 ERROR user login ok
2026-03-04 05:51:16 INFO request handled
2026-03-04 05:51:19 INFO cache hit
2026-03-04 05:51:20 INFO user login ok
2026-03-04 05:51:22 INFO connection reset by peer
2026-03-04 05:51:25 INFO disk usage high
2026-03-04 05:51:29 INFO user login ok
2026-03-04 05:51:30 INFO user login ok
2026-03-04 05:51:33 ERROR disk usage high
2026-03-04 05:51:37 INFO user logout
2026-03-04 05:51:40 INFO user logout
2026-03-04 05:51:42 INFO cache hit
2026-03-04 05:51:43 INFO cache miss
2026-03-04 05:51:47 INFO config reloaded
2026-03-04 05:51:51 INFO invalid token
2026-03-04 05:51:53 INFO user login ok
2026-03-04 05:51:54 INFO request handled
2026-03-04 05:51:57 INFO connection reset by peer
2026-03-04 05:51:59 INFO user login ok
2026-03-04 05:52:02 ERROR cache hit
2026-03-04 05:52:04 INFO config reloaded
2026-03-04 05:52:05 INFO user login ok
2026-03-04 05:52:06 INFO user login ok
2026-03-04 05:52:10 INFO connection reset by peer
2026-03-04 05:52:12 WARN cache hit
2026-03-04 05:52:13 INFO cache hit
2026-03-04 05:52:15 INFO config reloaded
2026-03-04 05:52:19 INFO cache hit
2026-03-04 05:52:22 WARN request handled
2026-03-04 05:52:26 INFO background job finished
2026-03-04 05:52:30 ERROR invalid token
2026-03-04 05:52:31 INFO user login ok
### повреждённая строка ###
2026-03-04 05:52:39 INFO user logout
2026-03-04 05:52:43 INFO cache hit
2026-03-04 05:52:44 INFO user logout
2026-03-04 05:52:46 INFO user login ok
2026-03-04 05:52:47 INFO cache hit
2026-03-04 05:52:51 INFO background job finished
2026-03-04 05:52:55 INFO user login ok
2026-03-04 05:52:58 WARN user login ok
2026-03-04 05:52:59 WARN background job finished
2026-03-04 05:53:03 INFO cache hit
2026-03-04 05:53:07 INFO invalid token
2026-03-04 05:53:09 INFO user login ok
2026-03-04 05:53:13 INFO slow query detected
2026-03-04 05:53:16 WARN cache miss
2026-03-04 05:53:18 INFO slow query detected
2026-03-04 05:53:22 INFO invalid token
2026-03-04 05:53:26 INFO request handled
2026-03-04 05:53:27 INFO user login ok
2026-03-04 05:53:31 INFO disk usage high
2026-03-04 05:53:33 INFO cache miss
2026-03-04 05:53:36 INFO cache hit
2026-03-04 05:53:40 INFO slow query detected
2026-03-04 05:53:43 WARN user logout
2026-03-04 05:53:47 INFO user logout
2026-03-04 05:53:49 INFO user login ok
2026-03-04 05:53:52 INFO cache miss
2026-03-04 05:53:53 WARN background job finished
2026-03-04 05:53:56 INFO user login ok
2026-03-04 05:53:59 WARN cache hit
2026-03-04 05:54:01 WARN background job finished
2026-03-04 05:54:02 INFO cache miss
2026-03-04 05:54:05 INFO config reloaded
2026-03-04 05:54:07 INFO cache hit
2026-03-04 05:54:09 INFO disk usage high
2026-03-04 05:54:12 INFO cache hit
2026-03-04 05:54:16 INFO disk usage high
2026-03-04 05:54:20 INFO cache hit
2026-03-04 05:54:21 INFO background job finished
2026-03-04 05:54:24 INFO background job finished
2026-03-04 05:54:28 INFO user login ok
2026-03-04 05:54:30 INFO user login ok
2026-03-04 05:54:33 INFO user login ok
2026-03-04 05:54:36 INFO user login ok
2026-03-04 05:54:40 ERROR cache hit
2026-03-04 05:54:41 WARN user login ok
2026-03-04 05:54:42 INFO user login ok
2026-03-04 05:54:44 WARN user logout
2026-03-04 05:54:46 INFO database timeout
2026-03-04 05:54:49 WARN cache miss
2026-03-04 05:54:52 INFO cache miss
2026-03-04 05:54:56 INFO config reloaded
2026-03-04 05:55:00 INFO user logout
2026-03-04 05:55:03 INFO database timeout
2026-03-04 05:55:04 INFO connection reset by peer
2026-03-04 05:55:07 INFO slow query detected
2026-03-04 05:55:08 INFO invalid token
2026-03-04 05:55:09 INFO user logout
2026-03-04 05:55:12 INFO user logout
2026-03-04 05:55:15 INFO cache miss
2026-03-04 05:55:19 WARN user login ok
2026-03-04 05:55:20 INFO cache miss
2026-03-04 05:55:24 INFO background job finished
2026-03-04 05:55:26 INFO database timeout
2026-03-04 05:55:27 INFO user login ok
2026-03-04 05:55:28 INFO user login ok
2026-03-04 05:55:32 INFO user logout
2026-03-04 05:55:35 INFO user logout
2026-03-04 05:55:38 INFO user login ok
2026-03-04 05:55:42 INFO user login ok
2026-03-04 05:55:43 INFO user login ok
2026-03-04 05:55:46 INFO background job finished
2026-03-04 05:55:50 INFO cache miss
2026-03-04 05:55:52 INFO database timeout
2026-03-04 05:55:55 INFO database timeout
2026-03-04 05:55:59 INFO user login ok
2026-03-04 05:56:03 INFO config reloaded
2026-03-04 05:56:06 INFO request handled
2026-03-04 05:56:10 INFO disk usage high
### повреждённая строка ###
2026-03-04 05:56:15 INFO cache miss
2026-03-04 05:56:19 INFO user login ok
2026-03-04 05:56:20 INFO user login ok
2026-03-04 05:56:22 INFO user logout
2026-03-04 05:56:25 INFO database timeout
2026-03-04 05:56:29 INFO request handled
2026-03-04 05:56:30 INFO user login ok
2026-03-04 05:56:31 INFO user logout
2026-03-04 05:56:32 INFO config reloaded
2026-03-04 05:56:34 INFO user login ok
2026-03-04 05:56:35 WARN user login ok
2026-03-04 05:56:36 INFO user login ok
2026-03-04 05:56:39 INFO user login ok
2026-03-04 05:56:40 WARN connection reset by peer
2026-03-04 05:56:42 INFO background job finished
2026-03-04 05:56:44 INFO user login ok
2026-03-04 05:56:45 INFO request handled
2026-03-04 05:56:49 INFO connection reset by peer
2026-03-04 05:56:53 INFO invalid token
2026-03-04 05:56:55 INFO config reloaded
2026-03-04 05:56:56 INFO user logout
2026-03-04 05:57:00 INFO user logout
2026-03-04 05:57:03 INFO user login ok
2026-03-04 05:57:04 INFO user login ok
2026-03-04 05:57:07 INFO user login ok
2026-03-04 05:57:11 INFO cache hit
2026-03-04 05:57:13 INFO cache miss
2026-03-04 05:57:17 INFO invalid token
2026-03-04 05:57:18 INFO cache hit
2026-03-04 05:57:19 INFO user logout
2026-03-04 05:57:21 INFO slow query detected
2026-03-04 05:57:23 INFO user login ok
2026-03-04 05:57:25 WARN user login ok
2026-03-04 05:57:29 INFO user login ok
2026-03-04 05:57:32 INFO cache hit
2026-03-04 05:57:33 INFO slow query detected
2026-03-04 05:57:35 INFO user login ok
2026-03-04 05:57:36 INFO background job finished
2026-03-04 05:57:39 INFO user login ok
2026-03-04 05:57:42 INFO user login ok
2026-03-04 05:57:44 INFO disk usage high
2026-03-04 05:57:47 INFO request handled
2026-03-04 05:57:51 INFO request handled
2026-03-04 05:57:53 INFO user logout
2026-03-04 05:57:54 INFO slow query detected
2026-03-04 05:57:56 INFO invalid token
2026-03-04 05:57:58 INFO database timeout
2026-03-04 05:58:00 INFO user login ok
2026-03-04 05:58:03 INFO user login ok
2026-03-04 05:58:05 INFO disk usage high
2026-03-04 05:58:06 INFO user login ok
2026-03-04 05:58:07 INFO request handled
2026-03-04 05:58:10 INFO user logout
2026-03-04 05:58:12 INFO connection reset by peer
2026-03-04 05:58:14 WARN user logout
2026-03-04 05:58:18 INFO user login ok
2026-03-04 05:58:19 INFO user login ok
2026-03-04 05:58:23 INFO user logout
2026-03-04 05:58:27 INFO cache hit
2026-03-04 05:58:28 INFO user logout
2026-03-04 05:58:30 INFO connection reset by peer
2026-03-04 05:58:32 INFO user login ok
2026-03-04 05:58:34 INFO user login ok
2026-03-04 05:58:35 INFO user logout
2026-03-04 05:58:37 INFO user login ok
2026-03-04 05:58:41 INFO cache hit
2026-03-04 05:58:44 INFO cache miss
2026-03-04 05:58:47 INFO user login ok
2026-03-04 05:58:49 INFO disk usage high
2026-03-04 05:58:52 INFO invalid token
2026-03-04 05:58:54 INFO cache miss
2026-03-04 05:58:56 INFO config reloaded
2026-03-04 05:58:58 ERROR request handled
2026-03-04 05:59:02 INFO connection reset by peer
2026-03-04 05:59:03 INFO user login ok
2026-03-04 05:59:04 INFO disk usage high
2026-03-04 05:59:08 INFO cache miss
2026-03-04 05:59:10 INFO background job finished
2026-03-04 05:59:12 INFO invalid token
2026-03-04 05:59:14 INFO connection reset by peer
2026-03-04 05:59:17 INFO slow query detected
2026-03-04 05:59:18 INFO user logout
2026-03-04 05:59:20 INFO database timeout
2026-03-04 05:59:22 INFO disk usage high
2026-03-04 05:59:23 INFO cache miss
2026-03-04 05:59:25 INFO cache hit
2026-03-04 05:59:29 INFO user logout
2026-03-04 05:59:32 INFO user login ok
2026-03-04 05:59:36 INFO connection reset by peer
2026-03-04 05:59:40 INFO user login ok
2026-03-04 05:59:42 INFO user login ok
2026-03-04 05:59:44 INFO slow query detected
2026-03-04 05:59:48 INFO database timeout
2026-03-04 05:59:52 INFO disk usage high
2026-03-04 05:59:56 WARN slow query detected
2026-03-04 05:59:58 INFO slow query detected
2026-03-04 06:00:02 INFO user logout
2026-03-04 06:00:03 INFO cache hit
2026-03-04 06:00:07 WARN config reloaded
### повреждённая строка ###
2026-03-04 06:00:15 ERROR user login ok
2026-03-04 06:00:19 INFO config reloaded
2026-03-04 06:00:23 INFO cache hit
2026-03-04 06:00:26 INFO config reloaded
2026-03-04 06:00:29 INFO background job finished
2026-03-04 06:00:31 WARN user logout
2026-03-04 06:00:34 WARN database timeout
2026-03-04 06:00:36 WARN background job finished
2026-03-04 06:00:38 INFO invalid token
2026-03-04 06:00:42 INFO user logout
2026-03-04 06:00:45 INFO slow query detected
2026-03-04 06:00:49 INFO user login ok
2026-03-04 06:00:52 INFO disk usage high
2026-03-04 06:00:53 INFO user logout
2026-03-04 06:00:54 INFO connection reset by peer
2026-03-04 06:00:56 ERROR disk usage high
2026-03-04 06:01:00 WARN user login ok
2026-03-04 06:01:03 INFO invalid token
2026-03-04 06:01:07 INFO invalid token
2026-03-04 06:01:09 INFO user login ok
2026-03-04 06:01:12 INFO user login ok
2026-03-04 06:01:16 INFO connection reset by peer
2026-03-04 06:01:17 INFO connection reset by peer
2026-03-04 06:01:19 INFO user login ok
2026-03-04 06:01:20 INFO user login ok
2026-03-04 06:01:23 INFO user login ok
2026-03-04 06:01:24 INFO cache miss
2026-03-04 06:01:25 INFO config reloaded
2026-03-04 06:01:28 INFO user logout
2026-03-04 06:01:32 INFO slow query detected
2026-03-04 06:01:36 INFO cache hit
2026-03-04 06:01:38 INFO user login ok
2026-03-04 06:01:41 INFO cache hit
2026-03-04 06:01:43 INFO user login ok
2026-03-04 06:01:46 INFO cache hit
2026-03-04 06:01:50 WARN slow query detected
2026-03-04 06:01:51 ERROR background job finished
2026-03-04 06:01:52 INFO invalid token
2026-03-04 06:01:54 INFO user login ok
2026-03-04 06:01:55 INFO cache miss
2026-03-04 06:01:59 WARN user login ok
2026-03-04 06:02:00 INFO user logout
2026-03-04 06:02:02 INFO connection reset by peer
2026-03-04 06:02:05 WARN user login ok
2026-03-04 06:02:07 WARN database timeout
2026-03-04 06:02:10 INFO user logout
2026-03-04 06:02:12 WARN disk usage high
2026-03-04 06:02:13 INFO request handled
2026-03-04 06:02:14 INFO user login ok
2026-03-04 06:02:17 INFO user login ok
2026-03-04 06:02:19 INFO connection reset by peer
2026-03-04 06:02:20 INFO user login ok
2026-03-04 06:02:22 INFO database timeout
2026-03-04 06:02:24 WARN config reloaded
2026-03-04 06:02:26 INFO disk usage high
2026-03-04 06:02:29 INFO user login ok
2026-03-04 06:02:31 INFO database timeout
2026-03-04 06:02:34 INFO user login ok
2026-03-04 06:02:36 INFO cache miss
2026-03-04 06:02:39 INFO cache hit
2026-03-04 06:02:40 INFO cache hit
2026-03-04 06:02:41 INFO config reloaded
2026-03-04 06:02:43 INFO database timeout
2026-03-04 06:02:46 INFO cache hit
2026-03-04 06:02:50 INFO database timeout
2026-03-04 06:02:51 INFO user login ok
2026-03-04 06:02:54 INFO user login ok
2026-03-04 06:02:55 INFO config reloaded
2026-03-04 06:02:56 WARN background job finished
2026-03-04 06:03:00 INFO user login ok
2026-03-04 06:03:03 WARN cache hit
2026-03-04 06:03:04 WARN user login ok
2026-03-04 06:03:07 INFO cache miss
2026-03-04 06:03:10 INFO user login ok
2026-03-04 06:03:12 INFO disk usage high
2026-03-04 06:03:15 INFO user login ok
2026-03-04 06:03:16 WARN user login ok
2026-03-04 06:03:19 INFO connection reset by peer
2026-03-04 06:03:20 INFO user logout
2026-03-04 06:03:22 INFO slow query detected
2026-03-04 06:03:26 WARN cache miss
2026-03-04 06:03:27 INFO database timeout
2026-03-04 06:03:31 INFO cache hit
2026-03-04 06:03:35 ERROR invalid token
2026-03-04 06:03:39 INFO background job finished
2026-03-04 06:03:40 INFO cache hit
2026-03-04 06:03:41 WARN disk usage high
2026-03-04 06:03:43 INFO user logout
2026-03-04 06:03:45 INFO connection reset by peer
2026-03-04 06:03:46 INFO user login ok
2026-03-04 06:03:50 INFO user login ok
2026-03-04 06:03:54 INFO cache hit
2026-03-04 06:03:57 INFO invalid token
2026-03-04 06:03:58 INFO cache hit
2026-03-04 06:03:59 INFO user login ok
2026-03-04 06:04:00 ERROR disk usage high
2026-03-04 06:04:03 INFO user login ok
2026-03-04 06:04:04 INFO user logout
2026-03-04 06:04:08 INFO disk usage high
2026-03-04 06:04:09 INFO cache hit
2026-03-04 06:04:11 WARN disk usage high
2026-03-04 06:04:12 INFO slow query detected
2026-03-04 06:04:14 INFO background job finished
2026-03-04 06:04:18 ERROR user logout
2026-03-04 06:04:22 WARN user login ok
2026-03-04 06:04:24 INFO user login ok
2026-03-04 06:04:25 INFO background job finished
2026-03-04 06:04:29 INFO user login ok
2026-03-04 06:04:31 INFO disk usage high
2026-03-04 06:04:32 INFO user logout
2026-03-04 06:04:36 INFO user login ok
2026-03-04 06:04:40 INFO user login ok
2026-03-04 06:04:42 INFO cache hit
2026-03-04 06:04:46 INFO request handled
2026-03-04 06:04:48 WARN config reloaded
2026-03-04 06:04:51 INFO user login ok
2026-03-04 06:04:54 INFO user login ok
2026-03-04 06:04:55 INFO user login ok
2026-03-04 06:04:56 WARN disk usage high
2026-03-04 06:05:00 INFO user login ok
2026-03-04 06:05:03 INFO connection reset by peer
2026-03-04 06:05:05 WARN user logout
2026-03-04 06:05:07 INFO slow query detected
2026-03-04 06:05:08 INFO user login ok
2026-03-04 06:05:09 INFO user login ok
2026-03-04 06:05:13 INFO cache miss
2026-03-04 06:05:14 WARN cache hit
2026-03-04 06:05:15 INFO request handled
2026-03-04 06:05:18 INFO connection reset by peer
2026-03-04 06:05:21 INFO background job finished
2026-03-04 06:05:24 INFO invalid token
2026-03-04 06:05:28 WARN cache miss
2026-03-04 06:05:31 INFO background job finished
2026-03-04 06:05:33 INFO connection reset by peer
2026-03-04 06:05:36 WARN user login ok
2026-03-04 06:05:40 INFO user login ok
2026-03-04 06:05:42 INFO cache hit
2026-03-04 06:05:46 INFO config reloaded
2026-03-04 06:05:47 INFO slow query detected
2026-03-04 06:05:51 INFO slow query detected
2026-03-04 06:05:52 INFO user login ok
2026-03-04 06:05:54 ERROR invalid token
2026-03-04 06:05:57 INFO connection reset by peer
2026-03-04 06:06:01 INFO user logout
2026-03-04 06:06:04 ERROR user logout
2026-03-04 06:06:07 INFO user login ok
2026-03-04 06:06:11 ERROR cache hit
2026-03-04 06:06:14 INFO user logout
2026-03-04 06:06:18 INFO background job finished
2026-03-04 06:06:20 WARN user login ok
2026-03-04 06:06:24 INFO user login ok
2026-03-04 06:06:27 INFO user login ok
2026-03-04 06:06:29 INFO user logout
2026-03-04 06:06:31 INFO disk usage high
2026-03-04 06:06:33 WARN cache miss
2026-03-04 06:06:36 INFO database timeout
2026-03-04 06:06:37 INFO cache hit
2026-03-04 06:06:39 INFO user login ok
2026-03-04 06:06:40 INFO connection reset by peer
2026-03-04 06:06:43 ERROR slow query detected
2026-03-04 06:06:45 INFO user logout
2026-03-04 06:06:46 WARN slow query detected
2026-03-04 06:06:49 INFO user login ok
2026-03-04 06:06:51 INFO user logout
2026-03-04 06:06:53 INFO user login ok
2026-03-04 06:06:56 INFO user login ok
2026-03-04 06:06:59 INFO user login ok
2026-03-04 06:07:00 INFO user login ok
2026-03-04 06:07:04 INFO user logout
2026-03-04 06:07:05 WARN user login ok
2026-03-04 06:07:09 INFO cache miss
2026-03-04 06:07:10 INFO user logout
2026-03-04 06:07:13 INFO request handled
2026-03-04 06:07:16 INFO user logout
2026-03-04 06:07:18 ERROR user login ok
2026-03-04 06:07:21 INFO config reloaded
2026-03-04 06:07:25 INFO background job finished
2026-03-04 06:07:26 INFO config reloaded
2026-03-04 06:07:30 INFO user logout
2026-03-04 06:07:31 INFO cache hit
2026-03-04 06:07:35 INFO user login ok
2026-03-04 06:07:39 INFO cache hit
2026-03-04 06:07:41 INFO user logout
2026-03-04 06:07:44 INFO database timeout
2026-03-04 06:07:45 INFO user login ok
2026-03-04 06:07:49 INFO cache hit
2026-03-04 06:07:52 INFO user login ok
2026-03-04 06:07:55 INFO user logout
2026-03-04 06:07:58 INFO cache hit
2026-03-04 06:08:00 ERROR slow query detected
2026-03-04 06:08:03 INFO user login ok
2026-03-04 06:08:06 INFO cache miss
2026-03-04 06:08:09 INFO cache hit
2026-03-04 06:08:13 INFO connection reset by peer
2026-03-04 06:08:16 INFO config reloaded
2026-03-04 06:08:17 INFO cache hit
2026-03-04 06:08:20 INFO background job finished
2026-03-04 06:08:22 INFO user login ok
2026-03-04 06:08:24 INFO user login ok
2026-03-04 06:08:25 INFO disk usage high
2026-03-04 06:08:27 INFO background job finished
2026-03-04 06:08:30 INFO disk usage high
2026-03-04 06:08:34 WARN cache hit
2026-03-04 06:08:35 INFO connection reset by peer
2026-03-04 06:08:39 INFO user login ok
2026-03-04 06:08:43 INFO cache miss
2026-03-04 06:08:47 INFO user login ok
2026-03-04 06:08:49 INFO request handled
2026-03-04 06:08:51 INFO request handled
2026-03-04 06:08:53 INFO user login ok
2026-03-04 06:08:56 INFO slow query detected
2026-03-04 06:08:59 INFO cache miss
2026-03-04 06:09:02 INFO cache miss
2026-03-04 06:09:05 ERROR invalid token
2026-03-04 06:09:07 INFO disk usage high
2026-03-04 06:09:10 INFO slow query detected
2026-03-04 06:09:11 INFO user login ok
2026-03-04 06:09:13 WARN user login ok
2026-03-04 06:09:16 ERROR user login ok
2026-03-04 06:09:20 INFO request handled
2026-03-04 06:09:22 INFO cache hit
2026-03-04 06:09:25 INFO database timeout
2026-03-04 06:09:26 INFO user login ok
2026-03-04 06:09:27 INFO request handled
2026-03-04 06:09:29 INFO database timeout
2026-03-04 06:09:32 INFO user login ok
2026-03-04 06:09:33 INFO user login ok
2026-03-04 06:09:37 INFO user login ok
2026-03-04 06:09:39 INFO connection reset by peer
2026-03-04 06:09:42 WARN user login ok
2026-03-04 06:09:46 INFO cache hit
2026-03-04 06:09:50 WARN cache hit
2026-03-04 06:09:52 INFO user login ok
2026-03-04 06:09:53 INFO user login ok
2026-03-04 06:09:55 INFO invalid token
2026-03-04 06:09:57 INFO slow query detected
2026-03-04 06:09:59 INFO background job finished
2026-03-04 06:10:00 INFO connection reset by peer
2026-03-04 06:10:02 INFO cache hit
2026-03-04 06:10:06 INFO user login ok
2026-03-04 06:10:07 WARN user login ok
2026-03-04 06:10:11 INFO user login ok
2026-03-04 06:10:15 INFO database timeout
2026-03-04 06:10:16 INFO connection reset by peer
2026-03-04 06:10:17 INFO user login ok
2026-03-04 06:10:21 INFO slow query detected
2026-03-04 06:10:23 INFO background job finished
2026-03-04 06:10:24 INFO request handled
2026-03-04 06:10:27 INFO user login ok
2026-03-04 06:10:30 INFO config reloaded
### повреждённая строка ###
2026-03-04 06:10:33 INFO invalid token
### повреждённая строка ###
2026-03-04 06:10:38 INFO user login ok
2026-03-04 06:10:41 INFO user login ok
2026-03-04 06:10:44 WARN user logout
2026-03-04 06:10:48 INFO invalid token
2026-03-04 06:10:52 INFO user logout
2026-03-04 06:10:54 INFO cache miss
2026-03-04 06:10:55 INFO user logout
2026-03-04 06:10:58 WARN database timeout
2026-03-04 06:11:00 INFO user login ok
2026-03-04 06:11:03 WARN user login ok
2026-03-04 06:11:06 INFO user logout
2026-03-04 06:11:09 INFO request handled
2026-03-04 06:11:10 WARN user logout
2026-03-04 06:11:13 WARN config reloaded
2026-03-04 06:11:14 INFO connection reset by peer
2026-03-04 06:11:15 ERROR database timeout
2026-03-04 06:11:18 WARN user login ok
2026-03-04 06:11:20 INFO cache miss
2026-03-04 06:11:23 INFO connection reset by peer
2026-03-04 06:11:27 ERROR user logout
2026-03-04 06:11:29 WARN cache miss
2026-03-04 06:11:33 INFO database timeout
2026-03-04 06:11:36 INFO slow query detected
2026-03-04 06:11:40 INFO user login ok
2026-03-04 06:11:42 INFO user logout
2026-03-04 06:11:44 WARN database timeout
2026-03-04 06:11:45 INFO database timeout
2026-03-04 06:11:47 INFO disk usage high
2026-03-04 06:11:50 INFO database timeout
2026-03-04 06:11:52 INFO cache miss
2026-03-04 06:11:53 WARN cache hit
2026-03-04 06:11:57 ERROR user login ok
2026-03-04 06:11:58 INFO user login ok
2026-03-04 06:11:59 INFO user logout
2026-03-04 06:12:01 INFO disk usage high
2026-03-04 06:12:05 WARN slow query detected
2026-03-04 06:12:07 INFO database timeout
2026-03-04 06:12:08 INFO user login ok
2026-03-04 06:12:12 INFO request handled
2026-03-04 06:12:15 INFO cache hit
2026-03-04 06:12:17 INFO cache miss
2026-03-04 06:12:20 INFO user logout
2026-03-04 06:12:24 INFO user login ok
2026-03-04 06:12:27 INFO disk usage high
2026-03-04 06:12:31 WARN user login ok
2026-03-04 06:12:35 INFO user logout
2026-03-04 06:12:39 INFO connection reset by peer
2026-03-04 06:12:40 INFO request handled
2026-03-04 06:12:41 INFO user logout
2026-03-04 06:12:42 INFO user logout
2026-03-04 06:12:44 ERROR cache miss
2026-03-04 06:12:46 INFO user login ok
2026-03-04 06:12:50 INFO database timeout
2026-03-04 06:12:51 INFO cache hit
2026-03-04 06:12:55 INFO connection reset by peer
2026-03-04 06:12:57 INFO config reloaded
2026-03-04 06:12:58 INFO slow query detected
2026-03-04 06:12:59 INFO database timeout
2026-03-04 06:13:02 ERROR background job finished
2026-03-04 06:13:03 INFO user login ok
2026-03-04 06:13:05 INFO request handled
2026-03-04 06:13:06 INFO user login ok
2026-03-04 06:13:09 INFO cache miss
2026-03-04 06:13:10 WARN user login ok
2026-03-04 06:13:14 INFO slow query detected
2026-03-04 06:13:18 INFO user login ok
2026-03-04 06:13:22 WARN invalid token
2026-03-04 06:13:24 INFO user login ok
2026-03-04 06:13:28 INFO user logout
2026-03-04 06:13:31 INFO user login ok
2026-03-04 06:13:35 INFO user login ok
2026-03-04 06:13:37 INFO database timeout
2026-03-04 06:13:40 INFO background job finished
2026-03-04 06:13:43 WARN request handled
2026-03-04 06:13:46 INFO user login ok
2026-03-04 06:13:47 WARN user login ok
2026-03-04 06:13:49 INFO cache hit
2026-03-04 06:13:53 INFO user login ok
2026-03-04 06:13:56 INFO user login ok
2026-03-04 06:13:59 INFO invalid token
2026-03-04 06:14:02 INFO user login ok
2026-03-04 06:14:05 INFO user logout
2026-03-04 06:14:09 INFO invalid token
2026-03-04 06:14:12 INFO invalid token
2026-03-04 06:14:15 INFO request handled
2026-03-04 06:14:19 INFO connection reset by peer
2026-03-04 06:14:23 INFO cache miss
2026-03-04 06:14:26 INFO disk usage high
2026-03-04 06:14:28 INFO connection reset by peer
2026-03-04 06:14:30 INFO invalid token
2026-03-04 06:14:34 INFO disk usage high
2026-03-04 06:14:37 INFO user logout
2026-03-04 06:14:41 INFO user logout
2026-03-04 06:14:42 INFO user login ok
2026-03-04 06:14:43 INFO cache miss
2026-03-04 06:14:44 INFO user logout
2026-03-04 06:14:48 INFO request handled
2026-03-04 06:14:49 INFO invalid token
2026-03-04 06:14:53 INFO request handled
2026-03-04 06:14:56 INFO user logout
2026-03-04 06:14:57 INFO background job finished
2026-03-04 06:14:59 INFO cache hit
2026-03-04 06:15:02 INFO slow query detected
2026-03-04 06:15:06 INFO user login ok
2026-03-04 06:15:08 WARN background job finished
2026-03-04 06:15:09 ERROR database timeout
2026-03-04 06:15:11 INFO slow query detected
2026-03-04 06:15:12 INFO user login ok
2026-03-04 06:15:13 WARN cache hit
2026-03-04 06:15:16 WARN user login ok
2026-03-04 06:15:20 INFO request handled
2026-03-04 06:15:22 WARN user logout
2026-03-04 06:15:24 INFO user login ok
2026-03-04 06:15:27 INFO cache hit
2026-03-04 06:15:29 INFO user logout
2026-03-04 06:15:30 INFO invalid token
2026-03-04 06:15:33 INFO slow query detected
2026-03-04 06:15:37 INFO config reloaded
2026-03-04 06:15:41 INFO user login ok
2026-03-04 06:15:44 INFO request handled
2026-03-04 06:15:46 INFO user login ok
2026-03-04 06:15:50 INFO connection reset by peer
2026-03-04 06:15:51 INFO cache hit
2026-03-04 06:15:52 WARN background job finished
2026-03-04 06:15:56 WARN cache miss
2026-03-04 06:15:57 INFO cache miss
2026-03-04 06:15:58 INFO invalid token
2026-03-04 06:16:02 INFO user login ok
2026-03-04 06:16:06 INFO user login ok
2026-03-04 06:16:08 INFO cache hit
2026-03-04 06:16:09 INFO user login ok
2026-03-04 06:16:12 INFO user login ok
2026-03-04 06:16:15 INFO user logout
2026-03-04 06:16:18 INFO user logout
2026-03-04 06:16:21 INFO database timeout
2026-03-04 06:16:25 INFO cache hit
2026-03-04 06:16:26 INFO cache hit
2026-03-04 06:16:30 INFO user login ok
2026-03-04 06:16:31 WARN connection reset by peer
2026-03-04 06:16:34 INFO cache miss
2026-03-04 06:16:36 INFO user login ok
2026-03-04 06:16:38 INFO disk usage high
2026-03-04 06:16:41 INFO user login ok
2026-03-04 06:16:44 INFO connection reset by peer
2026-03-04 06:16:45 INFO connection reset by peer
2026-03-04 06:16:46 INFO request handled
2026-03-04 06:16:49 INFO invalid token
2026-03-04 06:16:52 WARN user login ok
2026-03-04 06:16:54 INFO user login ok
2026-03-04 06:16:55 INFO user logout
2026-03-04 06:16:56 INFO cache miss
2026-03-04 06:16:59 INFO user login ok
2026-03-04 06:17:00 INFO slow query detected
2026-03-04 06:17:02 WARN request handled
2026-03-04 06:17:03 INFO user logout
2026-03-04 06:17:07 INFO slow query detected
2026-03-04 06:17:11 INFO user login ok
2026-03-04 06:17:12 INFO disk usage high
2026-03-04 06:17:15 INFO slow query detected
2026-03-04 06:17:17 INFO cache hit
2026-03-04 06:17:20 WARN request handled
2026-03-04 06:17:22 INFO cache miss
2026-03-04 06:17:26 WARN user login ok
2026-03-04 06:17:29 WARN request handled
2026-03-04 06:17:32 WARN background job finished
2026-03-04 06:17:35 INFO disk usage high
2026-03-04 06:17:38 INFO user login ok
2026-03-04 06:17:39 WARN connection reset by peer
2026-03-04 06:17:41 INFO cache hit
2026-03-04 06:17:44 INFO user login ok
2026-03-04 06:17:45 INFO slow query detected
2026-03-04 06:17:46 INFO background job finished
2026-03-04 06:17:49 ERROR request handled
2026-03-04 06:17:52 INFO database timeout
2026-03-04 06:17:54 INFO request handled
2026-03-04 06:17:58 ERROR user logout
2026-03-04 06:18:02 INFO database timeout
2026-03-04 06:18:04 INFO user login ok
2026-03-04 06:18:08 INFO config reloaded
2026-03-04 06:18:11 INFO user login ok
2026-03-04 06:18:15 INFO cache hit
2026-03-04 06:18:18 INFO user login ok
2026-03-04 06:18:22 WARN slow query detected
2026-03-04 06:18:26 WARN user login ok
2026-03-04 06:18:28 INFO request handled
2026-03-04 06:18:31 INFO config reloaded
2026-03-04 06:18:33 INFO cache miss
### повреждённая строка ###
2026-03-04 06:18:39 INFO connection reset by peer
2026-03-04 06:18:42 INFO cache miss
2026-03-04 06:18:43 INFO database timeout
2026-03-04 06:18:47 INFO cache hit
2026-03-04 06:18:50 INFO user logout
2026-03-04 06:18:51 INFO user login ok
2026-03-04 06:18:55 INFO user login ok
2026-03-04 06:18:57 INFO cache hit
2026-03-04 06:19:00 INFO user logout
2026-03-04 06:19:02 INFO invalid token
2026-03-04 06:19:06 INFO user login ok
2026-03-04 06:19:08 INFO cache miss
2026-03-04 06:19:12 WARN user login ok
2026-03-04 06:19:13 INFO slow query detected
2026-03-04 06:19:14 WARN user logout
2026-03-04 06:19:17 INFO background job finished
2026-03-04 06:19:18 WARN user login ok
2026-03-04 06:19:21 INFO config reloaded
2026-03-04 06:19:23 INFO user login ok
2026-03-04 06:19:26 INFO background job finished
2026-03-04 06:19:30 ERROR database timeout
2026-03-04 06:19:33 WARN background job finished
2026-03-04 06:19:34 INFO user login ok
2026-03-04 06:19:37 INFO cache hit
2026-03-04 06:19:41 INFO user login ok
2026-03-04 06:19:45 INFO disk usage high
2026-03-04 06:19:47 INFO user login ok
2026-03-04 06:19:48 INFO user login ok
2026-03-04 06:19:49 INFO user login ok
2026-03-04 06:19:53 WARN user login ok
2026-03-04 06:19:57 INFO slow query detected
2026-03-04 06:20:01 INFO cache miss
2026-03-04 06:20:02 INFO slow query detected
2026-03-04 06:20:06 WARN user login ok
2026-03-04 06:20:10 ERROR user logout
2026-03-04 06:20:13 INFO user login ok
2026-03-04 06:20:16 INFO user logout
2026-03-04 06:20:19 INFO user login ok
2026-03-04 06:20:20 ERROR background job finished
2026-03-04 06:20:21 INFO disk usage high
2026-03-04 06:20:24 WARN user logout
2026-03-04 06:20:27 INFO user logout
2026-03-04 06:20:31 INFO background job finished
2026-03-04 06:20:35 INFO connection reset by peer
2026-03-04 06:20:37 INFO user login ok
2026-03-04 06:20:41 INFO config reloaded
2026-03-04 06:20:42 WARN user logout
2026-03-04 06:20:45 INFO user login ok
2026-03-04 06:20:49 ERROR config reloaded
2026-03-04 06:20:51 INFO user logout
2026-03-04 06:20:54 WARN user login ok
2026-03-04 06:20:56 WARN background job finished
2026-03-04 06:20:57 INFO cache hit
2026-03-04 06:21:01 INFO user login ok
2026-03-04 06:21:02 INFO database timeout
2026-03-04 06:21:03 INFO user logout
2026-03-04 06:21:04 INFO cache hit
2026-03-04 06:21:07 WARN slow query detected
2026-03-04 06:21:08 WARN slow query detected
2026-03-04 06:21:09 INFO slow query detected
2026-03-04 06:21:11 WARN database timeout
2026-03-04 06:21:15 WARN user logout
2026-03-04 06:21:19 WARN user login ok
2026-03-04 06:21:22 INFO cache hit
2026-03-04 06:21:23 INFO user logout
2026-03-04 06:21:25 INFO invalid token
2026-03-04 06:21:27 INFO database timeout
2026-03-04 06:21:28 INFO cache hit
2026-03-04 06:21:30 WARN connection reset by peer
2026-03-04 06:21:31 INFO invalid token
2026-03-04 06:21:32 INFO user login ok
2026-03-04 06:21:34 INFO database timeout
2026-03-04 06:21:35 INFO connection reset by peer
2026-03-04 06:21:38 INFO request handled
2026-03-04 06:21:41 INFO user login ok
2026-03-04 06:21:43 WARN user login ok
2026-03-04 06:21:45 INFO invalid token
2026-03-04 06:21:46 INFO cache miss
2026-03-04 06:21:47 INFO invalid token
2026-03-04 06:21:51 INFO cache miss
2026-03-04 06:21:53 INFO user login ok
2026-03-04 06:21:57 INFO disk usage high
2026-03-04 06:22:01 INFO user login ok
2026-03-04 06:22:04 INFO slow query detected
2026-03-04 06:22:06 INFO config reloaded
2026-03-04 06:22:07 INFO user logout
2026-03-04 06:22:10 INFO disk usage high
2026-03-04 06:22:11 INFO user login ok
2026-03-04 06:22:15 WARN cache miss
2026-03-04 06:22:16 INFO connection reset by peer
2026-03-04 06:22:18 INFO invalid token
2026-03-04 06:22:22 INFO user login ok
2026-03-04 06:22:26 INFO user login ok
2026-03-04 06:22:27 INFO cache hit
2026-03-04 06:22:29 ERROR background job finished
2026-03-04 06:22:31 WARN user login ok
2026-03-04 06:22:33 INFO disk usage high
2026-03-04 06:22:36 INFO request handled
2026-03-04 06:22:40 INFO user login ok
2026-03-04 06:22:44 WARN user logout
2026-03-04 06:22:47 INFO background job finished
2026-03-04 06:22:49 INFO request handled
2026-03-04 06:22:53 INFO disk usage high
2026-03-04 06:22:57 INFO cache hit
2026-03-04 06:23:00 INFO connection reset by peer
2026-03-04 06:23:01 INFO user login ok
2026-03-04 06:23:02 INFO user login ok
2026-03-04 06:23:05 INFO user login ok
2026-03-04 06:23:06 INFO cache miss
2026-03-04 06:23:10 INFO user login ok
2026-03-04 06:23:11 INFO user logout
2026-03-04 06:23:13 INFO invalid token
2026-03-04 06:23:14 INFO request handled
2026-03-04 06:23:18 WARN user login ok
2026-03-04 06:23:22 WARN slow query detected
2026-03-04 06:23:25 INFO request handled
2026-03-04 06:23:27 INFO slow query detected
2026-03-04 06:23:31 WARN user login ok
2026-03-04 06:23:34 INFO user login ok
2026-03-04 06:23:37 INFO cache hit
2026-03-04 06:23:39 WARN invalid token
2026-03-04 06:23:43 INFO user login ok
2026-03-04 06:23:46 INFO connection reset by peer
2026-03-04 06:23:48 WARN user login ok
2026-03-04 06:23:49 INFO connection reset by peer
2026-03-04 06:23:52 INFO user login ok
2026-03-04 06:23:53 INFO connection reset by peer
2026-03-04 06:23:56 INFO cache miss
2026-03-04 06:24:00 INFO user login ok
2026-03-04 06:24:02 WARN user logout
2026-03-04 06:24:03 INFO user login ok
2026-03-04 06:24:04 INFO invalid token
2026-03-04 06:24:07 INFO user logout
2026-03-04 06:24:08 INFO cache hit
2026-03-04 06:24:12 INFO config reloaded
2026-03-04 06:24:16 INFO user login ok
2026-03-04 06:24:20 INFO connection reset by peer
2026-03-04 06:24:23 WARN user login ok
2026-03-04 06:24:24 INFO user login ok
2026-03-04 06:24:26 ERROR user logout
2026-03-04 06:24:29 INFO user logout
2026-03-04 06:24:32 INFO database timeout
2026-03-04 06:24:33 INFO request handled
2026-03-04 06:24:35 WARN user logout
2026-03-04 06:24:38 INFO user login ok
2026-03-04 06:24:41 INFO cache miss
2026-03-04 06:24:42 WARN cache hit
2026-03-04 06:24:45 INFO user login ok
2026-03-04 06:24:47 INFO cache miss
2026-03-04 06:24:51 INFO user login ok
2026-03-04 06:24:54 INFO disk usage high
2026-03-04 06:24:55 INFO user logout
2026-03-04 06:24:56 INFO request handled
2026-03-04 06:24:58 INFO cache miss
2026-03-04 06:25:01 INFO user login ok
2026-03-04 06:25:03 INFO cache hit
2026-03-04 06:25:04 INFO user login ok
2026-03-04 06:25:06 INFO request handled
2026-03-04 06:25:07 INFO connection reset by peer
2026-03-04 06:25:11 INFO slow query detected
2026-03-04 06:25:14 ERROR slow query detected
2026-03-04 06:25:15 INFO connection reset by peer
2026-03-04 06:25:18 INFO invalid token
2026-03-04 06:25:21 WARN cache hit
2026-03-04 06:25:23 INFO user login ok
2026-03-04 06:25:24 INFO slow query detected
2026-03-04 06:25:28 INFO slow query detected
2026-03-04 06:25:32 INFO background job finished
2026-03-04 06:25:34 INFO user logout
2026-03-04 06:25:38 INFO user login ok
2026-03-04 06:25:40 INFO request handled
2026-03-04 06:25:44 INFO user logout
2026-03-04 06:25:46 INFO database timeout
2026-03-04 06:25:49 INFO user login ok
2026-03-04 06:25:50 INFO background job finished
2026-03-04 06:25:53 INFO connection reset by peer
2026-03-04 06:25:54 INFO cache miss
2026-03-04 06:25:55 INFO connection reset by peer
2026-03-04 06:25:57 INFO user login ok
2026-03-04 06:26:01 INFO user login ok
2026-03-04 06:26:02 WARN request handled
2026-03-04 06:26:03 INFO slow query detected
2026-03-04 06:26:05 INFO cache hit
2026-03-04 06:26:07 INFO invalid token
2026-03-04 06:26:10 ERROR user login ok
2026-03-04 06:26:12 INFO user login ok
2026-03-04 06:26:16 INFO user login ok
2026-03-04 06:26:17 INFO disk usage high
2026-03-04 06:26:18 INFO user logout
2026-03-04 06:26:22 INFO slow query detected
2026-03-04 06:26:25 INFO user logout
2026-03-04 06:26:26 INFO user login ok
2026-03-04 06:26:27 INFO request handled
2026-03-04 06:26:28 INFO user logout
2026-03-04 06:26:32 INFO invalid token
2026-03-04 06:26:34 ERROR user login ok
2026-03-04 06:26:36 WARN user logout
2026-03-04 06:26:39 WARN cache hit
2026-03-04 06:26:40 INFO user logout
2026-03-04 06:26:44 INFO user login ok
2026-03-04 06:26:47 INFO database timeout
2026-03-04 06:26:48 INFO request handled
2026-03-04 06:26:51 INFO request handled
2026-03-04 06:26:55 INFO connection reset by peer
2026-03-04 06:26:58 INFO user login ok
2026-03-04 06:27:00 ERROR connection reset by peer
2026-03-04 06:27:03 INFO background job finished
2026-03-04 06:27:05 INFO background job finished
2026-03-04 06:27:06 INFO cache miss
2026-03-04 06:27:09 INFO user login ok
2026-03-04 06:27:11 INFO cache miss
2026-03-04 06:27:14 INFO user login ok
2026-03-04 06:27:18 INFO request handled
2026-03-04 06:27:20 INFO user logout
2026-03-04 06:27:24 INFO slow query detected
2026-03-04 06:27:25 INFO cache hit
2026-03-04 06:27:29 INFO disk usage high
2026-03-04 06:27:30 INFO slow query detected
2026-03-04 06:27:34 INFO cache hit
2026-03-04 06:27:38 INFO cache hit
2026-03-04 06:27:39 INFO user login ok
2026-03-04 06:27:43 INFO database timeout
2026-03-04 06:27:44 INFO user login ok
2026-03-04 06:27:45 INFO background job finished
2026-03-04 06:27:47 ERROR connection reset by peer
2026-03-04 06:27:48 INFO user login ok
2026-03-04 06:27:52 INFO user login ok
2026-03-04 06:27:56 INFO database timeout
2026-03-04 06:27:58 WARN user login ok
2026-03-04 06:28:02 WARN user logout
2026-03-04 06:28:05 INFO user logout
2026-03-04 06:28:08 INFO user login ok
2026-03-04 06:28:10 WARN disk usage high
2026-03-04 06:28:13 INFO user logout
2026-03-04 06:28:16 INFO slow query detected
2026-03-04 06:28:20 WARN cache hit
2026-03-04 06:28:21 INFO config reloaded
2026-03-04 06:28:22 INFO user login ok
2026-03-04 06:28:24 INFO cache hit
2026-03-04 06:28:25 INFO config reloaded
2026-03-04 06:28:26 INFO user login ok
2026-03-04 06:28:30 INFO user logout
2026-03-04 06:28:34 WARN database timeout
2026-03-04 06:28:36 ERROR database timeout
2026-03-04 06:28:39 INFO cache miss
2026-03-04 06:28:42 INFO cache hit
2026-03-04 06:28:46 INFO user login ok
2026-03-04 06:28:48 INFO connection reset by peer
2026-03-04 06:28:49 INFO request handled
2026-03-04 06:28:51 INFO cache miss
2026-03-04 06:28:54 INFO user login ok
2026-03-04 06:28:57 INFO user login ok
2026-03-04 06:29:01 INFO invalid token
2026-03-04 06:29:02 WARN user logout
2026-03-04 06:29:03 INFO cache miss
2026-03-04 06:29:05 WARN request handled
2026-03-04 06:29:09 INFO user login ok
2026-03-04 06:29:13 INFO cache miss
2026-03-04 06:29:17 WARN slow query detected
2026-03-04 06:29:18 INFO cache hit
2026-03-04 06:29:21 INFO config reloaded
2026-03-04 06:29:22 INFO slow query detected
2026-03-04 06:29:23 INFO user login ok
2026-03-04 06:29:25 INFO connection reset by peer
### повреждённая строка ###
2026-03-04 06:29:29 INFO user logout
2026-03-04 06:29:30 WARN user login ok
2026-03-04 06:29:31 INFO cache miss
2026-03-04 06:29:32 WARN cache miss
2026-03-04 06:29:36 INFO database timeout
2026-03-04 06:29:40 INFO invalid token
2026-03-04 06:29:43 INFO user login ok
2026-03-04 06:29:44 INFO cache hit
2026-03-04 06:29:46 INFO cache hit
2026-03-04 06:29:48 INFO cache hit
2026-03-04 06:29:52 INFO user logout
2026-03-04 06:29:54 INFO user logout
2026-03-04 06:29:58 ERROR invalid token
2026-03-04 06:30:01 INFO user login ok
2026-03-04 06:30:03 INFO user logout
2026-03-04 06:30:04 INFO user login ok
2026-03-04 06:30:06 INFO user logout
2026-03-04 06:30:07 INFO disk usage high
2026-03-04 06:30:09 INFO user login ok
2026-03-04 06:30:10 ERROR user login ok
2026-03-04 06:30:13 INFO user login ok
2026-03-04 06:30:14 INFO user login ok
2026-03-04 06:30:17 WARN cache miss
2026-03-04 06:30:18 INFO slow query detected
2026-03-04 06:30:21 ERROR cache miss
2026-03-04 06:30:23 WARN disk usage high
### повреждённая строка ###
2026-03-04 06:30:28 INFO cache hit
2026-03-04 06:30:30 INFO cache hit
2026-03-04 06:30:31 WARN cache miss
2026-03-04 06:30:33 INFO cache miss
2026-03-04 06:30:37 WARN user login ok
2026-03-04 06:30:41 INFO user logout
2026-03-04 06:30:44 INFO user logout
2026-03-04 06:30:45 INFO user login ok
2026-03-04 06:30:48 INFO request handled
2026-03-04 06:30:51 INFO user login ok
2026-03-04 06:30:55 INFO user login ok
2026-03-04 06:30:57 INFO user logout
2026-03-04 06:30:58 INFO cache miss
2026-03-04 06:31:02 INFO database timeout
2026-03-04 06:31:04 INFO cache miss
2026-03-04 06:31:07 INFO invalid token
2026-03-04 06:31:09 ERROR disk usage high
2026-03-04 06:31:12 INFO cache miss
2026-03-04 06:31:14 INFO slow query detected
2026-03-04 06:31:18 INFO request handled
2026-03-04 06:31:20 INFO cache hit
2026-03-04 06:31:23 INFO user login ok
2026-03-04 06:31:27 INFO connection reset by peer
2026-03-04 06:31:30 INFO user login ok
2026-03-04 06:31:32 INFO database timeout
2026-03-04 06:31:35 INFO user login ok
2026-03-04 06:31:37 INFO background job finished
2026-03-04 06:31:41 INFO user logout
2026-03-04 06:31:44 INFO cache hit
2026-03-04 06:31:45 INFO cache miss
2026-03-04 06:31:46 INFO cache hit
2026-03-04 06:31:49 INFO request handled
2026-03-04 06:31:52 INFO user logout
2026-03-04 06:31:55 INFO slow query detected
2026-03-04 06:31:58 ERROR database timeout
2026-03-04 06:32:02 INFO user login ok
2026-03-04 06:32:05 ERROR disk usage high
2026-03-04 06:32:08 INFO database timeout
2026-03-04 06:32:11 WARN cache hit
2026-03-04 06:32:12 INFO user login ok
2026-03-04 06:32:16 INFO user login ok
2026-03-04 06:32:18 INFO cache miss
2026-03-04 06:32:19 INFO background job finished
2026-03-04 06:32:21 INFO user login ok
2026-03-04 06:32:24 WARN disk usage high
2026-03-04 06:32:25 INFO user login ok
2026-03-04 06:32:26 INFO user login ok
2026-03-04 06:32:28 INFO invalid token
2026-03-04 06:32:32 INFO user login ok
2026-03-04 06:32:36 INFO user login ok
2026-03-04 06:32:38 INFO invalid token
2026-03-04 06:32:39 INFO user login ok
2026-03-04 06:32:43 INFO cache hit
2026-03-04 06:32:47 INFO invalid token
2026-03-04 06:32:51 INFO background job finished
2026-03-04 06:32:54 INFO user login ok
2026-03-04 06:32:55 INFO invalid token
2026-03-04 06:32:59 INFO user login ok
2026-03-04 06:33:00 INFO invalid token
2026-03-04 06:33:03 INFO user login ok
2026-03-04 06:33:04 INFO user logout
2026-03-04 06:33:08 INFO config reloaded
2026-03-04 06:33:12 INFO config reloaded
2026-03-04 06:33:15 INFO user logout
2026-03-04 06:33:16 INFO user logout
2026-03-04 06:33:20 INFO database timeout
2026-03-04 06:33:24 INFO invalid token
2026-03-04 06:33:25 INFO disk usage high
2026-03-04 06:33:29 WARN cache miss
2026-03-04 06:33:31 INFO invalid token
2026-03-04 06:33:33 INFO disk usage high
2026-03-04 06:33:34 INFO cache miss
2026-03-04 06:33:37 INFO user login ok
2026-03-04 06:33:38 WARN user logout
2026-03-04 06:33:40 INFO disk usage high
2026-03-04 06:33:43 WARN connection reset by peer
2026-03-04 06:33:45 INFO invalid token
2026-03-04 06:33:47 INFO user login ok
2026-03-04 06:33:48 INFO user login ok
2026-03-04 06:33:51 INFO slow query detected
2026-03-04 06:33:52 INFO user logout
2026-03-04 06:33:55 INFO cache hit
2026-03-04 06:33:58 WARN user login ok
2026-03-04 06:34:01 INFO user login ok
2026-03-04 06:34:02 INFO user logout
2026-03-04 06:34:06 INFO slow query detected
2026-03-04 06:34:09 INFO connection reset by peer
2026-03-04 06:34:11 INFO invalid token
2026-03-04 06:34:14 INFO cache hit
2026-03-04 06:34:17 INFO cache miss
2026-03-04 06:34:19 WARN user login ok
2026-03-04 06:34:21 INFO cache hit
2026-03-04 06:34:24 INFO user logout
2026-03-04 06:34:25 INFO user login ok
2026-03-04 06:34:26 WARN cache hit
2026-03-04 06:34:30 INFO background job finished
2026-03-04 06:34:33 INFO invalid token
2026-03-04 06:34:34 WARN connection reset by peer
2026-03-04 06:34:38 INFO user login ok
2026-03-04 06:34:39 INFO user login ok
2026-03-04 06:34:41 WARN slow query detected
2026-03-04 06:34:44 WARN cache hit
2026-03-04 06:34:45 ERROR invalid token
2026-03-04 06:34:48 INFO cache hit
2026-03-04 06:34:52 INFO cache hit
2026-03-04 06:34:56 INFO database timeout
2026-03-04 06:34:57 ERROR cache miss
2026-03-04 06:34:58 WARN cache hit
2026-03-04 06:35:00 INFO database timeout
2026-03-04 06:35:03 INFO user login ok
2026-03-04 06:35:07 INFO user login ok
2026-03-04 06:35:08 INFO user login ok
2026-03-04 06:35:10 INFO config reloaded
2026-03-04 06:35:12 INFO user login ok
2026-03-04 06:35:16 INFO cache miss
2026-03-04 06:35:18 WARN cache hit
2026-03-04 06:35:22 INFO user login ok
2026-03-04 06:35:26 INFO connection reset by peer
2026-03-04 06:35:28 INFO database timeout
2026-03-04 06:35:32 INFO connection reset by peer
2026-03-04 06:35:33 INFO user logout
2026-03-04 06:35:35 INFO user login ok
2026-03-04 06:35:37 INFO user login ok
2026-03-04 06:35:40 INFO slow query detected
2026-03-04 06:35:42 INFO request handled
2026-03-04 06:35:43 WARN database timeout
2026-03-04 06:35:46 INFO user login ok
2026-03-04 06:35:47 WARN user logout
2026-03-04 06:35:49 INFO user login ok
2026-03-04 06:35:50 INFO user login ok
2026-03-04 06:35:51 INFO background job finished
2026-03-04 06:35:55 INFO request handled
2026-03-04 06:35:59 INFO user login ok
2026-03-04 06:36:01 INFO cache hit
2026-03-04 06:36:04 INFO request handled
2026-03-04 06:36:05 INFO connection reset by peer
2026-03-04 06:36:08 INFO config reloaded
2026-03-04 06:36:09 INFO request handled
2026-03-04 06:36:11 INFO cache miss
2026-03-04 06:36:15 INFO background job finished
2026-03-04 06:36:16 WARN invalid token
2026-03-04 06:36:17 INFO invalid token
2026-03-04 06:36:21 INFO user login ok
2026-03-04 06:36:22 INFO cache hit
2026-03-04 06:36:26 INFO cache hit
2026-03-04 06:36:27 INFO user login ok
2026-03-04 06:36:29 INFO user login ok
2026-03-04 06:36:32 INFO cache hit
2026-03-04 06:36:35 WARN cache hit
2026-03-04 06:36:36 WARN slow query detected
2026-03-04 06:36:38 INFO config reloaded
2026-03-04 06:36:41 WARN database timeout
2026-03-04 06:36:43 INFO cache miss
2026-03-04 06:36:47 INFO user login ok
2026-03-04 06:36:48 INFO config reloaded
2026-03-04 06:36:50 INFO cache hit
2026-03-04 06:36:53 INFO user login ok
2026-03-04 06:36:54 ERROR background job finished
2026-03-04 06:36:55 WARN config reloaded
2026-03-04 06:36:58 INFO user login ok
2026-03-04 06:37:01 ERROR request handled
2026-03-04 06:37:03 INFO cache miss
2026-03-04 06:37:07 WARN background job finished
2026-03-04 06:37:11 WARN user login ok
2026-03-04 06:37:12 INFO user login ok
2026-03-04 06:37:15 INFO cache miss
2026-03-04 06:37:19 INFO user login ok
2026-03-04 06:37:20 INFO user login ok
2026-03-04 06:37:22 INFO cache hit
2026-03-04 06:37:23 INFO user login ok
2026-03-04 06:37:26 INFO user login ok
2026-03-04 06:37:30 INFO cache hit
2026-03-04 06:37:31 INFO user login ok
2026-03-04 06:37:34 INFO cache hit
2026-03-04 06:37:38 INFO database timeout
2026-03-04 06:37:39 INFO invalid token
2026-03-04 06:37:41 INFO user login ok
2026-03-04 06:37:45 INFO background job finished
2026-03-04 06:37:46 INFO connection reset by peer
2026-03-04 06:37:50 INFO user login ok
2026-03-04 06:37:51 INFO user login ok
2026-03-04 06:37:53 INFO request handled
2026-03-04 06:37:56 INFO user logout
2026-03-04 06:37:57 INFO user login ok
2026-03-04 06:37:59 INFO invalid token
2026-03-04 06:38:03 INFO user login ok
2026-03-04 06:38:07 INFO user logout
2026-03-04 06:38:10 WARN connection reset by peer
2026-03-04 06:38:12 INFO cache hit
2026-03-04 06:38:14 WARN user logout
2026-03-04 06:38:16 INFO user login ok
2026-03-04 06:38:20 WARN config reloaded
2026-03-04 06:38:24 INFO user login ok
2026-03-04 06:38:25 INFO background job finished
2026-03-04 06:38:29 WARN database timeout
2026-03-04 06:38:31 INFO user logout
### повреждённая строка ###
2026-03-04 06:38:36 INFO database timeout
2026-03-04 06:38:38 INFO user logout
2026-03-04 06:38:42 WARN user login ok
2026-03-04 06:38:46 INFO config reloaded
2026-03-04 06:38:48 INFO request handled
2026-03-04 06:38:50 INFO user login ok
2026-03-04 06:38:52 ERROR user logout
2026-03-04 06:38:56 INFO connection reset by peer
2026-03-04 06:38:59 INFO request handled
2026-03-04 06:39:02 WARN slow query detected
2026-03-04 06:39:06 INFO database timeout
2026-03-04 06:39:07 INFO request handled
2026-03-04 06:39:11 INFO user login ok
2026-03-04 06:39:12 INFO user login ok
2026-03-04 06:39:13 WARN config reloaded
2026-03-04 06:39:14 INFO user logout
2026-03-04 06:39:16 INFO user logout
2026-03-04 06:39:19 INFO config reloaded
2026-03-04 06:39:21 INFO user login ok
2026-03-04 06:39:24 WARN request handled
2026-03-04 06:39:25 INFO connection reset by peer
2026-03-04 06:39:27 WARN slow query detected
2026-03-04 06:39:28 INFO disk usage high
2026-03-04 06:39:29 INFO user login ok
2026-03-04 06:39:33 ERROR invalid token
2026-03-04 06:39:35 INFO disk usage high
2026-03-04 06:39:38 WARN cache hit
2026-03-04 06:39:40 INFO cache miss
2026-03-04 06:39:42 INFO user login ok
2026-03-04 06:39:43 INFO user login ok
### повреждённая строка ###
2026-03-04 06:39:46 INFO cache miss
2026-03-04 06:39:48 INFO cache miss
2026-03-04 06:39:52 WARN user login ok
2026-03-04 06:39:56 INFO user logout
2026-03-04 06:39:57 INFO request handled
2026-03-04 06:39:59 INFO user login ok
2026-03-04 06:40:03 WARN config reloaded
2026-03-04 06:40:04 WARN user login ok
2026-03-04 06:40:05 INFO request handled
2026-03-04 06:40:09 INFO disk usage high
2026-03-04 06:40:12 INFO user logout
2026-03-04 06:40:13 INFO user logout
2026-03-04 06:40:17 INFO connection reset by peer
2026-03-04 06:40:18 INFO invalid token
2026-03-04 06:40:22 WARN cache miss
2026-03-04 06:40:23 INFO user login ok
2026-03-04 06:40:24 INFO database timeout
2026-03-04 06:40:27 INFO user login ok
2026-03-04 06:40:29 ERROR slow query detected
2026-03-04 06:40:32 INFO connection reset by peer
2026-03-04 06:40:33 INFO user login ok
2026-03-04 06:40:36 WARN user login ok
2026-03-04 06:40:40 INFO invalid token
2026-03-04 06:40:44 INFO cache miss
2026-03-04 06:40:45 INFO slow query detected
2026-03-04 06:40:47 INFO disk usage high
2026-03-04 06:40:49 WARN connection reset by peer
2026-03-04 06:40:53 INFO user logout
2026-03-04 06:40:57 ERROR user logout
2026-03-04 06:41:01 INFO user login ok
2026-03-04 06:41:03 INFO request handled
2026-03-04 06:41:05 INFO user login ok
2026-03-04 06:41:06 ERROR config reloaded
2026-03-04 06:41:07 INFO user login ok
2026-03-04 06:41:11 INFO user login ok
2026-03-04 06:41:15 INFO cache hit
2026-03-04 06:41:17 INFO cache hit
2026-03-04 06:41:19 WARN connection reset by peer
2026-03-04 06:41:21 INFO cache miss
2026-03-04 06:41:22 INFO user login ok
2026-03-04 06:41:26 INFO invalid token
2026-03-04 06:41:29 INFO cache hit
2026-03-04 06:41:31 INFO user login ok
2026-03-04 06:41:33 INFO invalid token
2026-03-04 06:41:34 WARN config reloaded
2026-03-04 06:41:35 INFO request handled
2026-03-04 06:41:36 INFO user login ok
2026-03-04 06:41:39 INFO user logout
2026-03-04 06:41:41 INFO invalid token
2026-03-04 06:41:44 INFO config reloaded
2026-03-04 06:41:48 INFO disk usage high
2026-03-04 06:41:51 INFO cache miss
2026-03-04 06:41:52 INFO cache hit
2026-03-04 06:41:53 INFO config reloaded
2026-03-04 06:41:57 INFO cache miss
2026-03-04 06:41:58 INFO database timeout
2026-03-04 06:42:02 INFO user login ok
2026-03-04 06:42:03 ERROR slow query detected
2026-03-04 06:42:07 INFO user logout
2026-03-04 06:42:08 INFO database timeout
2026-03-04 06:42:09 INFO slow query detected
2026-03-04 06:42:12 INFO user login ok
2026-03-04 06:42:13 INFO request handled
2026-03-04 06:42:14 INFO request handled
2026-03-04 06:42:17 INFO slow query detected
2026-03-04 06:42:21 INFO invalid token
2026-03-04 06:42:25 WARN request handled
2026-03-04 06:42:29 INFO user login ok
2026-03-04 06:42:30 INFO user login ok
2026-03-04 06:42:32 INFO user login ok
2026-03-04 06:42:33 INFO slow query detected
2026-03-04 06:42:36 INFO cache hit
2026-03-04 06:42:38 INFO background job finished
2026-03-04 06:42:41 ERROR user login ok
2026-03-04 06:42:44 INFO invalid token
2026-03-04 06:42:48 INFO invalid token
2026-03-04 06:42:50 INFO user login ok
2026-03-04 06:42:54 INFO user login ok
2026-03-04 06:42:56 WARN user login ok
2026-03-04 06:42:57 WARN disk usage high
2026-03-04 06:43:00 WARN user login ok
2026-03-04 06:43:01 WARN user login ok
2026-03-04 06:43:05 INFO slow query detected
2026-03-04 06:43:06 WARN cache miss
2026-03-04 06:43:07 INFO user logout
2026-03-04 06:43:09 INFO user logout
2026-03-04 06:43:12 INFO request handled
2026-03-04 06:43:15 INFO user login ok
2026-03-04 06:43:18 INFO user login ok
2026-03-04 06:43:20 INFO user login ok
2026-03-04 06:43:22 INFO user login ok
2026-03-04 06:43:25 ERROR user login ok
2026-03-04 06:43:28 WARN request handled
2026-03-04 06:43:30 INFO user login ok
2026-03-04 06:43:34 INFO user login ok
2026-03-04 06:43:38 INFO user login ok
2026-03-04 06:43:40 INFO cache hit
2026-03-04 06:43:43 INFO cache miss
2026-03-04 06:43:45 INFO connection reset by peer
2026-03-04 06:43:48 INFO user logout
2026-03-04 06:43:50 INFO cache hit
2026-03-04 06:43:51 INFO user login ok
2026-03-04 06:43:55 WARN user login ok
2026-03-04 06:43:57 WARN request handled
2026-03-04 06:44:01 INFO request handled
2026-03-04 06:44:04 INFO cache miss
2026-03-04 06:44:05 ERROR user logout
2026-03-04 06:44:06 INFO user login ok
2026-03-04 06:44:08 INFO request handled
2026-03-04 06:44:09 INFO user logout
2026-03-04 06:44:13 INFO user login ok
2026-03-04 06:44:15 INFO background job finished
2026-03-04 06:44:18 INFO background job finished
2026-03-04 06:44:21 INFO cache miss
2026-03-04 06:44:23 INFO invalid token
2026-03-04 06:44:25 INFO user login ok
2026-03-04 06:44:27 INFO cache miss
2026-03-04 06:44:31 INFO user login ok
2026-03-04 06:44:32 INFO user logout
2026-03-04 06:44:35 WARN config reloaded
2026-03-04 06:44:38 WARN user logout
2026-03-04 06:44:40 INFO invalid token
2026-03-04 06:44:44 INFO user login ok
2026-03-04 06:44:45 INFO user logout
2026-03-04 06:44:49 INFO disk usage high
2026-03-04 06:44:53 INFO cache miss
2026-03-04 06:44:56 WARN user login ok
2026-03-04 06:44:57 INFO request handled
2026-03-04 06:45:00 INFO invalid token
2026-03-04 06:45:01 WARN user login ok
2026-03-04 06:45:02 INFO user logout
2026-03-04 06:45:03 INFO cache miss
2026-03-04 06:45:04 WARN disk usage high
2026-03-04 06:45:05 INFO user login ok
2026-03-04 06:45:08 INFO request handled
2026-03-04 06:45:09 INFO config reloaded
2026-03-04 06:45:11 WARN user logout
2026-03-04 06:45:14 INFO user login ok
2026-03-04 06:45:17 INFO user logout
2026-03-04 06:45:19 INFO cache miss
2026-03-04 06:45:23 INFO user login ok
2026-03-04 06:45:25 INFO user logout
2026-03-04 06:45:26 INFO user login ok
2026-03-04 06:45:29 INFO request handled
2026-03-04 06:45:32 INFO user logout
2026-03-04 06:45:33 WARN cache miss
2026-03-04 06:45:37 INFO user login ok
2026-03-04 06:45:40 INFO user login ok
2026-03-04 06:45:41 INFO user login ok
2026-03-04 06:45:45 INFO disk usage high
2026-03-04 06:45:49 WARN disk usage high
2026-03-04 06:45:52 INFO user login ok
2026-03-04 06:45:55 INFO user login ok
2026-03-04 06:45:58 INFO invalid token
2026-03-04 06:46:02 INFO user login ok
2026-03-04 06:46:05 INFO background job finished
2026-03-04 06:46:08 INFO request handled
2026-03-04 06:46:12 INFO config reloaded
2026-03-04 06:46:13 INFO cache hit
2026-03-04 06:46:17 WARN user login ok
2026-03-04 06:46:18 WARN disk usage high
2026-03-04 06:46:21 INFO user login ok
2026-03-04 06:46:23 INFO user logout
2026-03-04 06:46:27 WARN user login ok
2026-03-04 06:46:28 INFO background job finished
2026-03-04 06:46:29 INFO database timeout
2026-03-04 06:46:30 WARN cache hit
2026-03-04 06:46:34 INFO config reloaded
2026-03-04 06:46:37 WARN user login ok
2026-03-04 06:46:40 INFO cache hit
2026-03-04 06:46:43 INFO cache hit
2026-03-04 06:46:45 INFO user login ok
2026-03-04 06:46:46 INFO disk usage high
2026-03-04 06:46:50 INFO database timeout
2026-03-04 06:46:51 INFO user login ok
2026-03-04 06:46:53 INFO database timeout
2026-03-04 06:46:55 INFO user login ok
2026-03-04 06:46:56 INFO user login ok
2026-03-04 06:47:00 INFO invalid token
2026-03-04 06:47:02 INFO disk usage high
2026-03-04 06:47:06 INFO slow query detected
2026-03-04 06:47:10 INFO user login ok
2026-03-04 06:47:13 INFO database timeout
2026-03-04 06:47:15 INFO database timeout
2026-03-04 06:47:18 INFO config reloaded
2026-03-04 06:47:20 INFO disk usage high
2026-03-04 06:47:21 INFO background job finished
2026-03-04 06:47:25 INFO user login ok
2026-03-04 06:47:26 INFO cache hit
2026-03-04 06:47:27 INFO user login ok
2026-03-04 06:47:28 INFO user login ok
2026-03-04 06:47:32 INFO user login ok
2026-03-04 06:47:36 WARN config reloaded
2026-03-04 06:47:38 INFO cache hit
2026-03-04 06:47:41 INFO request handled
2026-03-04 06:47:42 INFO user login ok
2026-03-04 06:47:46 INFO cache miss
2026-03-04 06:47:47 INFO user login ok
2026-03-04 06:47:48 INFO user login ok
2026-03-04 06:47:50 INFO user login ok
2026-03-04 06:47:53 WARN request handled
2026-03-04 06:47:56 INFO disk usage high
2026-03-04 06:48:00 INFO database timeout
2026-03-04 06:48:03 INFO disk usage high
2026-03-04 06:48:07 INFO cache hit
2026-03-04 06:48:11 INFO cache hit
### повреждённая строка ###
2026-03-04 06:48:17 INFO user logout
2026-03-04 06:48:18 ERROR cache miss
2026-03-04 06:48:19 INFO cache hit
2026-03-04 06:48:23 WARN cache miss
2026-03-04 06:48:25 INFO user login ok
2026-03-04 06:48:29 INFO connection reset by peer
2026-03-04 06:48:33 INFO disk usage high
2026-03-04 06:48:35 INFO user login ok
2026-03-04 06:48:38 INFO cache miss
2026-03-04 06:48:40 WARN slow query detected
2026-03-04 06:48:43 INFO user login ok
2026-03-04 06:48:46 INFO user login ok
2026-03-04 06:48:49 INFO user logout
2026-03-04 06:48:53 INFO cache hit
2026-03-04 06:48:54 INFO user login ok
2026-03-04 06:48:56 INFO cache hit
2026-03-04 06:48:57 INFO database timeout
2026-03-04 06:48:59 INFO user logout
2026-03-04 06:49:03 INFO cache hit
2026-03-04 06:49:07 INFO disk usage high
2026-03-04 06:49:08 WARN cache hit
2026-03-04 06:49:11 WARN request handled
2026-03-04 06:49:14 INFO request handled
2026-03-04 06:49:15 INFO user logout
2026-03-04 06:49:18 INFO user login ok
2026-03-04 06:49:20 INFO config reloaded
2026-03-04 06:49:22 INFO request handled
2026-03-04 06:49:23 INFO user login ok
2026-03-04 06:49:27 INFO connection reset by peer
2026-03-04 06:49:28 INFO user logout
2026-03-04 06:49:32 INFO database timeout
2026-03-04 06:49:35 INFO cache hit
2026-03-04 06:49:39 INFO connection reset by peer
2026-03-04 06:49:40 INFO connection reset by peer
2026-03-04 06:49:42 INFO config reloaded
2026-03-04 06:49:43 INFO config reloaded
2026-03-04 06:49:44 INFO user login ok
2026-03-04 06:49:47 INFO disk usage high
2026-03-04 06:49:48 INFO user logout
2026-03-04 06:49:52 INFO cache hit
2026-03-04 06:49:55 WARN connection reset by peer
2026-03-04 06:49:57 INFO disk usage high
2026-03-04 06:50:00 INFO slow query detected
2026-03-04 06:50:04 INFO user login ok
2026-03-04 06:50:08 WARN disk usage high
2026-03-04 06:50:12 INFO user logout
2026-03-04 06:50:15 INFO user login ok
2026-03-04 06:50:16 INFO disk usage high
2026-03-04 06:50:17 INFO cache hit
2026-03-04 06:50:19 INFO request handled
2026-03-04 06:50:23 WARN user login ok
2026-03-04 06:50:26 INFO cache miss
2026-03-04 06:50:30 INFO request handled
2026-03-04 06:50:31 INFO user login ok
2026-03-04 06:50:33 WARN user logout
2026-03-04 06:50:34 INFO request handled
2026-03-04 06:50:38 INFO slow query detected
2026-03-04 06:50:41 INFO disk usage high
2026-03-04 06:50:45 INFO user logout
2026-03-04 06:50:48 WARN user login ok
2026-03-04 06:50:49 INFO connection reset by peer
2026-03-04 06:50:53 INFO user login ok
2026-03-04 06:50:54 INFO user login ok
2026-03-04 06:50:58 INFO cache hit
2026-03-04 06:51:01 WARN database timeout
2026-03-04 06:51:02 INFO background job finished
2026-03-04 06:51:05 ERROR slow query detected
2026-03-04 06:51:09 INFO disk usage high
2026-03-04 06:51:12 INFO user login ok
2026-03-04 06:51:15 INFO user logout
2026-03-04 06:51:19 INFO user login ok
2026-03-04 06:51:21 INFO user login ok
2026-03-04 06:51:25 INFO invalid token
2026-03-04 06:51:29 INFO slow query detected
2026-03-04 06:51:30 INFO background job finished
2026-03-04 06:51:33 INFO connection reset by peer
2026-03-04 06:51:36 INFO cache hit
2026-03-04 06:51:40 INFO user login ok
2026-03-04 06:51:41 INFO invalid token
2026-03-04 06:51:43 INFO user logout
2026-03-04 06:51:44 INFO cache hit
2026-03-04 06:51:45 INFO user login ok
2026-03-04 06:51:48 INFO config reloaded
2026-03-04 06:51:49 INFO user login ok
2026-03-04 06:51:52 INFO cache miss
2026-03-04 06:51:56 INFO user login ok
2026-03-04 06:51:59 INFO background job finished
2026-03-04 06:52:00 INFO invalid token
2026-03-04 06:52:04 INFO user login ok
2026-03-04 06:52:07 INFO slow query detected
2026-03-04 06:52:10 ERROR config reloaded
2026-03-04 06:52:11 INFO connection reset by peer
2026-03-04 06:52:14 INFO database timeout
2026-03-04 06:52:16 WARN user login ok
2026-03-04 06:52:18 INFO database timeout
2026-03-04 06:52:22 INFO request handled
2026-03-04 06:52:26 INFO user logout
2026-03-04 06:52:27 INFO slow query detected
2026-03-04 06:52:31 INFO config reloaded
2026-03-04 06:52:34 INFO database timeout
2026-03-04 06:52:35 INFO user logout
2026-03-04 06:52:38 INFO user login ok
2026-03-04 06:52:40 INFO user login ok
2026-03-04 06:52:41 INFO database timeout
2026-03-04 06:52:42 INFO cache miss
2026-03-04 06:52:46 INFO cache hit
2026-03-04 06:52:48 ERROR invalid token
2026-03-04 06:52:49 INFO user logout
2026-03-04 06:52:53 INFO cache miss
2026-03-04 06:52:57 INFO connection reset by peer
2026-03-04 06:53:01 INFO invalid token
2026-03-04 06:53:03 WARN connection reset by peer
2026-03-04 06:53:07 INFO cache hit
2026-03-04 06:53:09 ERROR background job finished
2026-03-04 06:53:10 INFO database timeout
2026-03-04 06:53:12 INFO user login ok
2026-03-04 06:53:14 INFO cache hit
2026-03-04 06:53:18 INFO cache miss
2026-03-04 06:53:19 INFO cache hit
2026-03-04 06:53:20 INFO background job finished
2026-03-04 06:53:22 INFO cache hit
2026-03-04 06:53:23 INFO invalid token
2026-03-04 06:53:24 INFO user login ok
2026-03-04 06:53:25 INFO user login ok
2026-03-04 06:53:26 WARN user login ok
2026-03-04 06:53:27 INFO cache miss
2026-03-04 06:53:28 INFO cache miss
2026-03-04 06:53:31 INFO config reloaded
2026-03-04 06:53:33 WARN user login ok
2026-03-04 06:53:36 INFO cache miss
2026-03-04 06:53:40 ERROR slow query detected
### повреждённая строка ###
2026-03-04 06:53:46 INFO slow query detected
2026-03-04 06:53:47 ERROR disk usage high
2026-03-04 06:53:50 INFO request handled
2026-03-04 06:53:51 INFO user logout
2026-03-04 06:53:55 INFO slow query detected
2026-03-04 06:53:58 INFO user login ok
2026-03-04 06:54:00 INFO cache hit
2026-03-04 06:54:04 INFO user login ok
2026-03-04 06:54:08 INFO user logout
2026-03-04 06:54:11 INFO background job finished
2026-03-04 06:54:15 INFO user login ok
2026-03-04 06:54:16 INFO user logout
2026-03-04 06:54:18 WARN request handled
2026-03-04 06:54:21 WARN request handled
2026-03-04 06:54:25 INFO request handled
2026-03-04 06:54:26 INFO slow query detected
2026-03-04 06:54:27 INFO disk usage high
2026-03-04 06:54:29 INFO user login ok
2026-03-04 06:54:32 INFO connection reset by peer
2026-03-04 06:54:35 WARN database timeout
2026-03-04 06:54:38 INFO user login ok
2026-03-04 06:54:39 WARN cache hit
2026-03-04 06:54:42 INFO cache miss
2026-03-04 06:54:45 INFO user login ok
2026-03-04 06:54:48 INFO cache miss
2026-03-04 06:54:52 INFO cache miss
2026-03-04 06:54:56 INFO user login ok
2026-03-04 06:54:57 INFO connection reset by peer
2026-03-04 06:54:59 INFO connection reset by peer
2026-03-04 06:55:02 INFO connection reset by peer
### повреждённая строка ###
2026-03-04 06:55:05 WARN connection reset by peer
2026-03-04 06:55:09 WARN slow query detected
2026-03-04 06:55:11 INFO user login ok
2026-03-04 06:55:13 INFO user login ok
2026-03-04 06:55:15 INFO user logout
2026-03-04 06:55:17 INFO slow query detected
2026-03-04 06:55:21 INFO connection reset by peer
2026-03-04 06:55:25 INFO user login ok
2026-03-04 06:55:29 INFO user login ok
2026-03-04 06:55:30 INFO background job finished
2026-03-04 06:55:34 INFO background job finished
2026-03-04 06:55:36 INFO cache hit
2026-03-04 06:55:40 INFO user logout
2026-03-04 06:55:42 INFO cache hit
2026-03-04 06:55:44 INFO connection reset by peer
2026-03-04 06:55:45 WARN disk usage high
2026-03-04 06:55:47 ERROR user login ok
2026-03-04 06:55:50 INFO database timeout
2026-03-04 06:55:54 WARN user logout
2026-03-04 06:55:58 INFO disk usage high
2026-03-04 06:56:02 ERROR user login ok
2026-03-04 06:56:05 INFO user logout
2026-03-04 06:56:06 WARN invalid token
2026-03-04 06:56:10 WARN cache miss
2026-03-04 06:56:13 INFO connection reset by peer
2026-03-04 06:56:16 INFO cache miss
2026-03-04 06:56:18 INFO slow query detected
2026-03-04 06:56:20 INFO config reloaded
2026-03-04 06:56:24 INFO slow query detected
2026-03-04 06:56:26 INFO slow query detected
2026-03-04 06:56:30 INFO user login ok
2026-03-04 06:56:32 INFO user login ok
2026-03-04 06:56:33 INFO cache hit
2026-03-04 06:56:36 INFO disk usage high
2026-03-04 06:56:37 WARN user logout
2026-03-04 06:56:41 INFO user logout
2026-03-04 06:56:42 INFO slow query detected
2026-03-04 06:56:43 INFO cache hit
2026-03-04 06:56:45 INFO config reloaded
2026-03-04 06:56:47 INFO database timeout
2026-03-04 06:56:51 INFO user login ok
2026-03-04 06:56:54 INFO request handled
2026-03-04 06:56:56 WARN slow query detected
2026-03-04 06:56:58 ERROR user logout
2026-03-04 06:57:01 INFO user login ok
2026-03-04 06:57:02 INFO invalid token
2026-03-04 06:57:04 INFO user login ok
2026-03-04 06:57:06 INFO user logout
2026-03-04 06:57:08 INFO cache miss
2026-03-04 06:57:10 INFO cache miss
2026-03-04 06:57:14 INFO user logout
2026-03-04 06:57:17 INFO cache miss
2026-03-04 06:57:19 INFO cache miss
2026-03-04 06:57:23 INFO user login ok
2026-03-04 06:57:27 INFO config reloaded
2026-03-04 06:57:31 INFO user login ok
2026-03-04 06:57:35 INFO user login ok
2026-03-04 06:57:36 WARN config reloaded
2026-03-04 06:57:40 INFO disk usage high
2026-03-04 06:57:43 INFO slow query detected
2026-03-04 06:57:46 INFO user login ok
2026-03-04 06:57:48 INFO database timeout
2026-03-04 06:57:49 INFO cache hit
2026-03-04 06:57:51 INFO cache hit
2026-03-04 06:57:54 INFO config reloaded
2026-03-04 06:57:57 WARN user login ok
2026-03-04 06:57:58 INFO user login ok
2026-03-04 06:58:00 INFO user logout
2026-03-04 06:58:01 INFO database timeout
2026-03-04 06:58:03 INFO cache hit
2026-03-04 06:58:06 WARN user login ok
2026-03-04 06:58:07 INFO user logout
2026-03-04 06:58:08 INFO request handled
2026-03-04 06:58:09 INFO config reloaded
2026-03-04 06:58:10 INFO request handled
2026-03-04 06:58:13 INFO cache miss
2026-03-04 06:58:17 WARN cache miss
2026-03-04 06:58:19 INFO user login ok
2026-03-04 06:58:20 INFO user login ok
2026-03-04 06:58:21 INFO connection reset by peer
2026-03-04 06:58:22 INFO disk usage high
2026-03-04 06:58:26 INFO slow query detected
2026-03-04 06:58:28 WARN user login ok
2026-03-04 06:58:29 INFO connection reset by peer
2026-03-04 06:58:33 WARN connection reset by peer
2026-03-04 06:58:36 INFO invalid token
2026-03-04 06:58:37 ERROR user login ok
2026-03-04 06:58:41 WARN background job finished
2026-03-04 06:58:44 INFO config reloaded
2026-03-04 06:58:45 WARN user login ok
2026-03-04 06:58:48 INFO invalid token
2026-03-04 06:58:51 INFO user logout
2026-03-04 06:58:54 INFO cache miss
2026-03-04 06:58:57 INFO cache hit
2026-03-04 06:58:59 INFO disk usage high
2026-03-04 06:59:03 INFO user login ok
2026-03-04 06:59:06 INFO cache hit
2026-03-04 06:59:07 ERROR background job finished
2026-03-04 06:59:11 INFO cache hit
2026-03-04 06:59:12 INFO invalid token
2026-03-04 06:59:14 INFO disk usage high
2026-03-04 06:59:16 WARN background job finished
2026-03-04 06:59:17 INFO cache miss
2026-03-04 06:59:18 INFO user login ok
2026-03-04 06:59:20 INFO disk usage high
2026-03-04 06:59:22 INFO user login ok
2026-03-04 06:59:24 INFO config reloaded
2026-03-04 06:59:27 INFO slow query detected
2026-03-04 06:59:29 INFO config reloaded
2026-03-04 06:59:31 INFO user logout
2026-03-04 06:59:32 WARN config reloaded
2026-03-04 06:59:35 INFO cache hit
2026-03-04 06:59:36 INFO user login ok
2026-03-04 06:59:38 INFO request handled
2026-03-04 06:59:39 WARN database timeout
2026-03-04 06:59:42 INFO user logout
2026-03-04 06:59:44 INFO user login ok
2026-03-04 06:59:45 INFO user login ok
2026-03-04 06:59:47 INFO user login ok
2026-03-04 06:59:49 WARN user login ok
2026-03-04 06:59:51 INFO background job finished
2026-03-04 06:59:54 WARN user login ok
2026-03-04 06:59:57 INFO connection reset by peer
2026-03-04 06:59:59 INFO invalid token
2026-03-04 07:00:02 WARN request handled
2026-03-04 07:00:03 INFO user login ok
2026-03-04 07:00:07 INFO background job finished
2026-03-04 07:00:10 WARN user login ok
2026-03-04 07:00:12 INFO user login ok
2026-03-04 07:00:15 INFO database timeout
2026-03-04 07:00:18 WARN cache hit
2026-03-04 07:00:19 INFO connection reset by peer
2026-03-04 07:00:22 INFO background job finished
2026-03-04 07:00:24 INFO request handled
2026-03-04 07:00:28 INFO disk usage high
2026-03-04 07:00:30 INFO cache hit
2026-03-04 07:00:34 INFO cache hit
2026-03-04 07:00:36 INFO config reloaded
2026-03-04 07:00:40 INFO cache hit
2026-03-04 07:00:42 INFO user login ok
2026-03-04 07:00:46 INFO user login ok
2026-03-04 07:00:49 INFO cache miss
2026-03-04 07:00:50 WARN cache miss
2026-03-04 07:00:54 INFO cache hit
2026-03-04 07:00:56 INFO disk usage high
2026-03-04 07:01:00 INFO user logout
2026-03-04 07:01:01 INFO cache miss
2026-03-04 07:01:02 INFO user logout
2026-03-04 07:01:04 INFO user logout
2026-03-04 07:01:06 INFO database timeout
2026-03-04 07:01:09 INFO background job finished
2026-03-04 07:01:11 INFO background job finished
2026-03-04 07:01:13 INFO user login ok
2026-03-04 07:01:16 INFO invalid token
2026-03-04 07:01:19 WARN user login ok
2026-03-04 07:01:20 INFO user login ok
2026-03-04 07:01:21 INFO connection reset by peer
2026-03-04 07:01:25 WARN slow query detected
2026-03-04 07:01:28 INFO cache hit
2026-03-04 07:01:32 INFO disk usage high
2026-03-04 07:01:34 INFO config reloaded
2026-03-04 07:01:35 INFO database timeout
2026-03-04 07:01:36 INFO connection reset by peer
2026-03-04 07:01:38 INFO request handled
2026-03-04 07:01:39 INFO disk usage high
2026-03-04 07:01:41 INFO user logout
2026-03-04 07:01:44 INFO cache hit
2026-03-04 07:01:47 INFO user logout
2026-03-04 07:01:49 INFO cache miss
2026-03-04 07:01:52 INFO user login ok
2026-03-04 07:01:54 INFO background job finished
2026-03-04 07:01:57 INFO slow query detected
2026-03-04 07:01:58 WARN cache miss
2026-03-04 07:02:02 ERROR request handled
2026-03-04 07:02:05 WARN user login ok
2026-03-04 07:02:06 INFO slow query detected
2026-03-04 07:02:08 INFO user login ok
2026-03-04 07:02:12 WARN user login ok
2026-03-04 07:02:15 INFO disk usage high
2026-03-04 07:02:17 ERROR connection reset by peer
2026-03-04 07:02:18 INFO slow query detected
2026-03-04 07:02:20 INFO request handled
2026-03-04 07:02:21 INFO cache hit
2026-03-04 07:02:25 INFO background job finished
2026-03-04 07:02:27 WARN background job finished
2026-03-04 07:02:28 INFO cache miss
2026-03-04 07:02:29 INFO user logout
2026-03-04 07:02:32 INFO background job finished
2026-03-04 07:02:36 WARN user login ok
2026-03-04 07:02:40 INFO user login ok
2026-03-04 07:02:43 ERROR user logout
2026-03-04 07:02:47 INFO database timeout
2026-03-04 07:02:51 INFO user login ok
2026-03-04 07:02:55 INFO user logout
2026-03-04 07:02:58 INFO request handled
2026-03-04 07:03:02 WARN database timeout
2026-03-04 07:03:03 INFO cache hit
2026-03-04 07:03:07 INFO disk usage high
2026-03-04 07:03:09 INFO config reloaded
2026-03-04 07:03:12 INFO user logout
### повреждённая строка ###
2026-03-04 07:03:16 INFO invalid token
2026-03-04 07:03:20 INFO database timeout
2026-03-04 07:03:21 INFO user login ok
2026-03-04 07:03:25 INFO database timeout
2026-03-04 07:03:28 INFO user login ok
2026-03-04 07:03:32 INFO slow query detected
2026-03-04 07:03:36 INFO cache miss
2026-03-04 07:03:38 INFO user login ok
2026-03-04 07:03:40 INFO user login ok
2026-03-04 07:03:41 ERROR user login ok
2026-03-04 07:03:43 INFO cache miss
2026-03-04 07:03:45 INFO user logout
2026-03-04 07:03:47 WARN disk usage high
2026-03-04 07:03:51 INFO user login ok
2026-03-04 07:03:55 WARN database timeout
2026-03-04 07:03:58 INFO user login ok
2026-03-04 07:04:00 INFO user login ok
2026-03-04 07:04:03 INFO slow query detected
2026-03-04 07:04:05 WARN config reloaded
2026-03-04 07:04:06 INFO user logout
2026-03-04 07:04:10 INFO cache miss
2026-03-04 07:04:11 INFO slow query detected
2026-03-04 07:04:14 INFO cache miss
2026-03-04 07:04:15 INFO user login ok
2026-03-04 07:04:17 INFO user login ok
2026-03-04 07:04:18 INFO invalid token
2026-03-04 07:04:19 INFO user logout
2026-03-04 07:04:20 INFO user login ok
2026-03-04 07:04:21 ERROR cache miss
2026-03-04 07:04:23 INFO user logout
2026-03-04 07:04:24 INFO user logout
2026-03-04 07:04:26 WARN user login ok
2026-03-04 07:04:30 INFO user login ok
2026-03-04 07:04:33 INFO invalid token
2026-03-04 07:04:34 WARN cache hit
### повреждённая строка ###
2026-03-04 07:04:38 INFO user login ok
2026-03-04 07:04:40 WARN user login ok
2026-03-04 07:04:44 INFO config reloaded
2026-03-04 07:04:46 INFO user login ok
2026-03-04 07:04:50 INFO database timeout
2026-03-04 07:04:51 INFO user login ok
2026-03-04 07:04:54 INFO user login ok
2026-03-04 07:04:56 WARN slow query detected
2026-03-04 07:04:57 INFO user login ok
2026-03-04 07:05:00 INFO slow query detected
2026-03-04 07:05:03 INFO user login ok
2026-03-04 07:05:05 INFO cache miss
2026-03-04 07:05:06 INFO connection reset by peer
2026-03-04 07:05:10 WARN request handled
2026-03-04 07:05:11 INFO config reloaded
2026-03-04 07:05:12 WARN config reloaded
2026-03-04 07:05:15 INFO database timeout
2026-03-04 07:05:17 INFO user login ok
2026-03-04 07:05:20 INFO cache miss
2026-03-04 07:05:22 WARN connection reset by peer
2026-03-04 07:05:23 INFO slow query detected
2026-03-04 07:05:24 ERROR background job finished
2026-03-04 07:05:28 INFO user login ok
2026-03-04 07:05:31 INFO user logout
2026-03-04 07:05:34 INFO user login ok
2026-03-04 07:05:35 INFO invalid token
2026-03-04 07:05:36 INFO disk usage high
2026-03-04 07:05:40 INFO disk usage high
2026-03-04 07:05:42 INFO database timeout
2026-03-04 07:05:43 INFO slow query detected
2026-03-04 07:05:44 WARN slow query detected
2026-03-04 07:05:45 INFO user login ok
2026-03-04 07:05:48 INFO user login ok
2026-03-04 07:05:50 INFO cache hit
2026-03-04 07:05:52 INFO user login ok
2026-03-04 07:05:55 INFO user logout
2026-03-04 07:05:56 INFO user login ok
2026-03-04 07:05:57 INFO user login ok
2026-03-04 07:06:01 INFO user logout
2026-03-04 07:06:02 WARN request handled
2026-03-04 07:06:05 INFO cache miss
### повреждённая строка ###
2026-03-04 07:06:07 INFO user login ok
2026-03-04 07:06:09 INFO disk usage high
2026-03-04 07:06:12 INFO disk usage high
2026-03-04 07:06:14 INFO connection reset by peer
2026-03-04 07:06:16 INFO connection reset by peer
2026-03-04 07:06:18 INFO user logout
2026-03-04 07:06:20 INFO config reloaded
2026-03-04 07:06:23 INFO user logout
2026-03-04 07:06:25 INFO user logout
### повреждённая строка ###
2026-03-04 07:06:28 INFO user logout
2026-03-04 07:06:31 INFO slow query detected
2026-03-04 07:06:35 INFO user login ok
2026-03-04 07:06:37 INFO user logout
2026-03-04 07:06:40 INFO disk usage high
2026-03-04 07:06:43 INFO cache miss
2026-03-04 07:06:45 INFO user login ok
2026-03-04 07:06:48 INFO user login ok
2026-03-04 07:06:49 WARN cache hit
2026-03-04 07:06:50 INFO request handled
2026-03-04 07:06:51 WARN disk usage high
2026-03-04 07:06:53 INFO user logout
2026-03-04 07:06:57 INFO request handled
2026-03-04 07:07:00 WARN database timeout
2026-03-04 07:07:04 INFO user login ok
2026-03-04 07:07:05 ERROR cache hit
2026-03-04 07:07:08 WARN user login ok
2026-03-04 07:07:11 INFO user login ok
2026-03-04 07:07:13 INFO slow query detected
2026-03-04 07:07:16 INFO user login ok
2026-03-04 07:07:20 ERROR background job finished
2026-03-04 07:07:22 INFO cache miss
2026-03-04 07:07:25 INFO user login ok
2026-03-04 07:07:28 WARN database timeout
2026-03-04 07:07:29 INFO user logout
2026-03-04 07:07:33 INFO request handled
2026-03-04 07:07:34 WARN connection reset by peer
2026-03-04 07:07:35 INFO connection reset by peer
2026-03-04 07:07:36 INFO cache hit
2026-03-04 07:07:39 WARN user login ok
2026-03-04 07:07:41 INFO cache hit
2026-03-04 07:07:42 INFO connection reset by peer
2026-03-04 07:07:43 INFO config reloaded
2026-03-04 07:07:44 INFO invalid token
2026-03-04 07:07:46 ERROR user login ok
2026-03-04 07:07:49 INFO user login ok
2026-03-04 07:07:51 INFO config reloaded
2026-03-04 07:07:54 INFO slow query detected
2026-03-04 07:07:55 INFO user login ok
2026-03-04 07:07:59 INFO cache hit
2026-03-04 07:08:00 INFO user logout
2026-03-04 07:08:03 WARN user login ok
2026-03-04 07:08:04 INFO user login ok
2026-03-04 07:08:08 INFO user login ok
2026-03-04 07:08:09 INFO user login ok
2026-03-04 07:08:10 INFO database timeout
2026-03-04 07:08:13 INFO background job finished
2026-03-04 07:08:14 INFO disk usage high
2026-03-04 07:08:18 INFO slow query detected
2026-03-04 07:08:19 INFO request handled
2026-03-04 07:08:22 WARN background job finished
2026-03-04 07:08:25 INFO background job finished
2026-03-04 07:08:28 INFO cache miss
2026-03-04 07:08:32 INFO connection reset by peer
2026-03-04 07:08:33 INFO user login ok
2026-03-04 07:08:34 ERROR connection reset by peer
2026-03-04 07:08:38 INFO user logout
2026-03-04 07:08:42 WARN slow query detected
2026-03-04 07:08:44 WARN user logout
2026-03-04 07:08:47 INFO cache miss
2026-03-04 07:08:48 INFO user login ok
2026-03-04 07:08:50 INFO connection reset by peer
2026-03-04 07:08:53 INFO slow query detected
2026-03-04 07:08:56 INFO database timeout
2026-03-04 07:08:59 INFO disk usage high
2026-03-04 07:09:00 INFO user logout
2026-03-04 07:09:01 INFO user logout
2026-03-04 07:09:05 INFO user logout
2026-03-04 07:09:07 INFO connection reset by peer
2026-03-04 07:09:10 INFO cache hit
2026-03-04 07:09:13 INFO user login ok
2026-03-04 07:09:17 WARN cache hit
2026-03-04 07:09:19 WARN user logout
2026-03-04 07:09:20 WARN connection reset by peer
2026-03-04 07:09:22 INFO request handled
2026-03-04 07:09:26 WARN user logout
2026-03-04 07:09:29 INFO cache hit
2026-03-04 07:09:31 INFO background job finished
2026-03-04 07:09:32 WARN user login ok
2026-03-04 07:09:34 INFO disk usage high
2026-03-04 07:09:36 INFO cache miss
2026-03-04 07:09:37 INFO request handled
2026-03-04 07:09:40 INFO cache hit
2026-03-04 07:09:43 INFO cache miss
2026-03-04 07:09:44 INFO user login ok
2026-03-04 07:09:46 INFO user login ok
2026-03-04 07:09:49 INFO user login ok
2026-03-04 07:09:53 INFO user logout
2026-03-04 07:09:54 INFO cache hit
2026-03-04 07:09:57 INFO user logout
2026-03-04 07:09:59 INFO user logout
### повреждённая строка ###
2026-03-04 07:10:07 INFO background job finished
2026-03-04 07:10:08 INFO request handled
2026-03-04 07:10:10 INFO disk usage high
2026-03-04 07:10:14 INFO user login ok
2026-03-04 07:10:18 INFO user login ok
2026-03-04 07:10:22 WARN user logout
2026-03-04 07:10:26 INFO database timeout
2026-03-04 07:10:27 WARN cache miss
2026-03-04 07:10:29 INFO user login ok
2026-03-04 07:10:32 INFO user login ok
2026-03-04 07:10:36 WARN user logout
2026-03-04 07:10:38 INFO disk usage high
2026-03-04 07:10:40 INFO database timeout
2026-03-04 07:10:43 INFO slow query detected
2026-03-04 07:10:44 INFO slow query detected
2026-03-04 07:10:47 INFO cache miss
2026-03-04 07:10:48 INFO user login ok
2026-03-04 07:10:49 INFO cache hit
2026-03-04 07:10:51 INFO user logout
2026-03-04 07:10:52 INFO user logout
2026-03-04 07:10:53 INFO user login ok
2026-03-04 07:10:56 INFO connection reset by peer
2026-03-04 07:11:00 ERROR user logout
2026-03-04 07:11:03 ERROR connection reset by peer
2026-03-04 07:11:07 INFO cache hit
2026-03-04 07:11:10 INFO user login ok
2026-03-04 07:11:14 INFO user logout
2026-03-04 07:11:17 INFO cache miss
2026-03-04 07:11:18 INFO config reloaded
2026-03-04 07:11:19 INFO user login ok
2026-03-04 07:11:20 WARN request handled
2026-03-04 07:11:23 INFO user login ok
2026-03-04 07:11:26 INFO cache miss
2026-03-04 07:11:27 INFO request handled
2026-03-04 07:11:30 INFO cache hit
2026-03-04 07:11:33 INFO cache miss
2026-03-04 07:11:34 WARN user logout
### повреждённая строка ###
2026-03-04 07:11:39 INFO connection reset by peer
2026-03-04 07:11:43 INFO user logout
2026-03-04 07:11:47 INFO user login ok
2026-03-04 07:11:51 WARN cache hit
2026-03-04 07:11:52 INFO disk usage high
2026-03-04 07:11:56 INFO cache miss
2026-03-04 07:11:59 INFO user login ok
2026-03-04 07:12:00 INFO user logout
2026-03-04 07:12:02 INFO cache miss
2026-03-04 07:12:06 INFO slow query detected
2026-03-04 07:12:07 INFO user login ok
2026-03-04 07:12:10 INFO invalid token
2026-03-04 07:12:11 INFO disk usage high
2026-03-04 07:12:12 INFO user logout
2026-03-04 07:12:15 INFO connection reset by peer
2026-03-04 07:12:17 INFO user logout
2026-03-04 07:12:20 INFO user logout
2026-03-04 07:12:23 INFO background job finished
2026-03-04 07:12:26 INFO background job finished
2026-03-04 07:12:27 INFO user login ok
2026-03-04 07:12:29 INFO connection reset by peer
2026-03-04 07:12:31 INFO background job finished
2026-03-04 07:12:34 INFO request handled
2026-03-04 07:12:35 INFO user login ok
2026-03-04 07:12:36 ERROR connection reset by peer
2026-03-04 07:12:37 WARN database timeout
2026-03-04 07:12:38 WARN config reloaded
2026-03-04 07:12:41 INFO config reloaded
2026-03-04 07:12:42 INFO config reloaded
2026-03-04 07:12:46 INFO user login ok
2026-03-04 07:12:48 INFO user login ok
2026-03-04 07:12:52 INFO user logout
2026-03-04 07:12:54 INFO user login ok
2026-03-04 07:12:58 INFO user logout
2026-03-04 07:13:01 INFO config reloaded
2026-03-04 07:13:02 INFO cache miss
2026-03-04 07:13:04 INFO background job finished
2026-03-04 07:13:06 WARN cache hit
2026-03-04 07:13:08 INFO request handled
2026-03-04 07:13:11 ERROR background job finished
2026-03-04 07:13:13 INFO user login ok
2026-03-04 07:13:16 INFO user login ok
2026-03-04 07:13:17 INFO disk usage high
2026-03-04 07:13:18 INFO background job finished
2026-03-04 07:13:19 INFO user login ok
2026-03-04 07:13:21 INFO cache miss
2026-03-04 07:13:23 INFO cache hit
2026-03-04 07:13:27 INFO user login ok
2026-03-04 07:13:30 INFO user login ok
2026-03-04 07:13:34 INFO cache hit
2026-03-04 07:13:35 INFO user login ok
2026-03-04 07:13:36 INFO user login ok
2026-03-04 07:13:37 INFO user login ok
2026-03-04 07:13:41 INFO user logout
2026-03-04 07:13:42 WARN user logout
2026-03-04 07:13:43 INFO user login ok
2026-03-04 07:13:44 INFO cache hit
2026-03-04 07:13:48 INFO request handled
2026-03-04 07:13:49 INFO cache hit
2026-03-04 07:13:51 INFO slow query detected
2026-03-04 07:13:53 INFO user login ok
2026-03-04 07:13:56 ERROR cache hit
2026-03-04 07:13:58 INFO user login ok
2026-03-04 07:14:00 INFO cache hit
2026-03-04 07:14:04 INFO user logout
2026-03-04 07:14:05 INFO user login ok
2026-03-04 07:14:09 INFO cache hit
2026-03-04 07:14:11 INFO connection reset by peer
2026-03-04 07:14:14 INFO cache miss
2026-03-04 07:14:18 INFO config reloaded
2026-03-04 07:14:21 INFO request handled
2026-03-04 07:14:24 INFO user login ok
2026-03-04 07:14:28 INFO user logout
2026-03-04 07:14:30 ERROR invalid token
### повреждённая строка ###
2026-03-04 07:14:37 INFO connection reset by peer
2026-03-04 07:14:39 INFO slow query detected
2026-03-04 07:14:42 INFO user login ok
2026-03-04 07:14:43 WARN cache hit
2026-03-04 07:14:47 INFO cache miss
2026-03-04 07:14:51 INFO user login ok
2026-03-04 07:14:54 INFO slow query detected
2026-03-04 07:14:56 INFO user logout
2026-03-04 07:14:57 INFO database timeout
### повреждённая строка ###
2026-03-04 07:15:02 INFO user logout
2026-03-04 07:15:04 INFO user logout
2026-03-04 07:15:05 INFO user logout
2026-03-04 07:15:06 INFO invalid token
2026-03-04 07:15:08 INFO request handled
2026-03-04 07:15:09 INFO user login ok
2026-03-04 07:15:11 INFO cache hit
2026-03-04 07:15:13 INFO disk usage high
2026-03-04 07:15:14 INFO slow query detected
2026-03-04 07:15:17 INFO cache miss
2026-03-04 07:15:19 INFO background job finished
2026-03-04 07:15:20 INFO user logout
2026-03-04 07:15:24 INFO user logout
2026-03-04 07:15:27 ERROR user login ok
2026-03-04 07:15:30 INFO config reloaded
2026-03-04 07:15:31 WARN cache miss
2026-03-04 07:15:35 INFO slow query detected
2026-03-04 07:15:38 INFO cache miss
2026-03-04 07:15:42 INFO user login ok
2026-03-04 07:15:43 INFO background job finished
2026-03-04 07:15:46 INFO disk usage high
2026-03-04 07:15:50 INFO request handled
2026-03-04 07:15:52 INFO database timeout
2026-03-04 07:15:53 INFO user login ok
2026-03-04 07:15:56 WARN user login ok
2026-03-04 07:16:00 INFO request handled
2026-03-04 07:16:04 INFO cache miss
2026-03-04 07:16:05 INFO user login ok
2026-03-04 07:16:07 INFO user login ok
2026-03-04 07:16:09 INFO cache miss
2026-03-04 07:16:10 ERROR disk usage high
2026-03-04 07:16:11 INFO database timeout
2026-03-04 07:16:13 INFO cache hit
2026-03-04 07:16:16 INFO user login ok
2026-03-04 07:16:20 INFO request handled
2026-03-04 07:16:23 INFO connection reset by peer
2026-03-04 07:16:26 INFO config reloaded
2026-03-04 07:16:30 INFO user login ok
2026-03-04 07:16:34 INFO config reloaded
2026-03-04 07:16:36 INFO invalid token
### повреждённая строка ###
2026-03-04 07:16:40 INFO slow query detected
2026-03-04 07:16:44 INFO config reloaded
2026-03-04 07:16:47 WARN user login ok
2026-03-04 07:16:50 ERROR database timeout
2026-03-04 07:16:54 INFO config reloaded
2026-03-04 07:16:55 INFO user login ok
2026-03-04 07:16:59 INFO user login ok
2026-03-04 07:17:03 INFO user login ok
2026-03-04 07:17:07 INFO user logout
2026-03-04 07:17:08 INFO disk usage high
2026-03-04 07:17:11 WARN invalid token
2026-03-04 07:17:13 INFO cache hit
2026-03-04 07:17:17 INFO cache hit
2026-03-04 07:17:18 INFO user login ok
2026-03-04 07:17:21 WARN user login ok
2026-03-04 07:17:23 INFO user login ok
2026-03-04 07:17:25 INFO connection reset by peer
2026-03-04 07:17:27 INFO user login ok
2026-03-04 07:17:31 INFO user logout
2026-03-04 07:17:34 INFO config reloaded
2026-03-04 07:17:36 WARN slow query detected
2026-03-04 07:17:40 WARN database timeout
2026-03-04 07:17:43 INFO database timeout
2026-03-04 07:17:44 INFO cache hit
2026-03-04 07:17:47 INFO user logout
2026-03-04 07:17:48 INFO user login ok
2026-03-04 07:17:50 INFO user login ok
2026-03-04 07:17:53 INFO user login ok
2026-03-04 07:17:57 INFO background job finished
2026-03-04 07:18:00 WARN config reloaded
2026-03-04 07:18:04 INFO invalid token
2026-03-04 07:18:08 WARN user logout
2026-03-04 07:18:09 INFO cache hit
2026-03-04 07:18:12 INFO cache hit
2026-03-04 07:18:15 WARN user login ok
2026-03-04 07:18:17 INFO invalid token
2026-03-04 07:18:19 INFO user login ok
2026-03-04 07:18:21 INFO user logout
2026-03-04 07:18:24 ERROR user login ok
2026-03-04 07:18:26 INFO request handled
2026-03-04 07:18:29 WARN request handled
2026-03-04 07:18:30 INFO user login ok
2026-03-04 07:18:31 WARN config reloaded
2026-03-04 07:18:34 INFO background job finished
2026-03-04 07:18:37 INFO cache hit
2026-03-04 07:18:39 INFO user login ok
2026-03-04 07:18:40 INFO slow query detected
2026-03-04 07:18:44 WARN request handled
2026-03-04 07:18:45 INFO user login ok
2026-03-04 07:18:48 INFO user login ok
2026-03-04 07:18:52 ERROR user login ok
2026-03-04 07:18:56 INFO disk usage high
2026-03-04 07:18:58 WARN config reloaded
2026-03-04 07:19:01 INFO user login ok
2026-03-04 07:19:02 INFO user login ok
2026-03-04 07:19:05 WARN cache hit
2026-03-04 07:19:07 WARN slow query detected
2026-03-04 07:19:09 INFO user login ok
2026-03-04 07:19:12 INFO config reloaded
2026-03-04 07:19:15 INFO slow query detected
2026-03-04 07:19:16 INFO cache miss
2026-03-04 07:19:18 INFO config reloaded
2026-03-04 07:19:21 INFO slow query detected
2026-03-04 07:19:25 INFO connection reset by peer
### повреждённая строка ###
2026-03-04 07:19:31 INFO database timeout
2026-03-04 07:19:34 INFO cache miss
2026-03-04 07:19:35 WARN database timeout
2026-03-04 07:19:36 INFO database timeout
2026-03-04 07:19:39 INFO disk usage high
2026-03-04 07:19:42 INFO connection reset by peer
2026-03-04 07:19:43 INFO cache hit
2026-03-04 07:19:44 INFO user login ok
2026-03-04 07:19:45 INFO slow query detected
2026-03-04 07:19:48 INFO database timeout
2026-03-04 07:19:52 INFO user login ok
2026-03-04 07:19:54 WARN background job finished
2026-03-04 07:19:56 INFO database timeout
2026-03-04 07:19:59 INFO user logout
2026-03-04 07:20:02 INFO user login ok
2026-03-04 07:20:05 INFO user login ok
2026-03-04 07:20:06 INFO user logout
2026-03-04 07:20:08 ERROR user login ok
2026-03-04 07:20:11 INFO user login ok
2026-03-04 07:20:15 INFO slow query detected
2026-03-04 07:20:19 INFO user logout
2026-03-04 07:20:20 INFO request handled
2026-03-04 07:20:24 INFO user login ok
2026-03-04 07:20:27 INFO slow query detected
2026-03-04 07:20:28 INFO disk usage high
2026-03-04 07:20:29 INFO slow query detected
2026-03-04 07:20:33 INFO slow query detected
2026-03-04 07:20:35 INFO user login ok
2026-03-04 07:20:38 WARN cache miss
2026-03-04 07:20:41 INFO request handled
2026-03-04 07:20:43 INFO user logout
2026-03-04 07:20:44 INFO cache hit
2026-03-04 07:20:48 INFO disk usage high
2026-03-04 07:20:50 INFO user login ok
2026-03-04 07:20:52 INFO user logout
2026-03-04 07:20:54 INFO user login ok
2026-03-04 07:20:55 INFO config reloaded
2026-03-04 07:20:58 INFO user login ok
2026-03-04 07:21:01 INFO background job finished
2026-03-04 07:21:03 INFO user login ok
2026-03-04 07:21:07 INFO cache hit
2026-03-04 07:21:11 INFO cache hit
2026-03-04 07:21:15 WARN slow query detected
2026-03-04 07:21:17 INFO database timeout
2026-03-04 07:21:21 INFO cache hit
2026-03-04 07:21:23 INFO invalid token
2026-03-04 07:21:26 INFO cache miss
2026-03-04 07:21:27 INFO config reloaded
2026-03-04 07:21:31 INFO cache hit
2026-03-04 07:21:33 INFO cache miss
2026-03-04 07:21:34 ERROR user logout
2026-03-04 07:21:35 INFO user login ok
2026-03-04 07:21:38 INFO cache miss
2026-03-04 07:21:42 INFO user login ok
2026-03-04 07:21:44 INFO request handled
2026-03-04 07:21:46 WARN user login ok
2026-03-04 07:21:49 INFO user login ok
2026-03-04 07:21:52 WARN cache hit
2026-03-04 07:21:53 WARN user login ok
2026-03-04 07:21:54 INFO user login ok
2026-03-04 07:21:57 INFO user login ok
2026-03-04 07:22:01 WARN invalid token
2026-03-04 07:22:04 INFO connection reset by peer
2026-03-04 07:22:05 INFO slow query detected
2026-03-04 07:22:07 WARN background job finished
2026-03-04 07:22:10 INFO config reloaded
2026-03-04 07:22:11 INFO user login ok
2026-03-04 07:22:13 INFO user login ok
2026-03-04 07:22:17 WARN background job finished
2026-03-04 07:22:21 INFO disk usage high
2026-03-04 07:22:24 INFO disk usage high
2026-03-04 07:22:26 INFO cache miss
2026-03-04 07:22:29 INFO connection reset by peer
2026-03-04 07:22:32 INFO cache hit
2026-03-04 07:22:33 WARN slow query detected
2026-03-04 07:22:35 INFO request handled
2026-03-04 07:22:37 INFO user login ok
2026-03-04 07:22:39 INFO cache miss
2026-03-04 07:22:43 INFO user login ok
2026-03-04 07:22:47 INFO cache hit
2026-03-04 07:22:49 INFO user login ok
2026-03-04 07:22:52 INFO user login ok
2026-03-04 07:22:56 WARN user login ok
2026-03-04 07:23:00 INFO slow query detected
2026-03-04 07:23:02 INFO cache hit
2026-03-04 07:23:03 INFO user logout
2026-03-04 07:23:04 WARN request handled
2026-03-04 07:23:07 INFO user login ok
2026-03-04 07:23:08 INFO slow query detected
2026-03-04 07:23:10 INFO connection reset by peer
2026-03-04 07:23:11 ERROR user login ok
2026-03-04 07:23:15 WARN cache hit
2026-03-04 07:23:18 WARN user login ok
2026-03-04 07:23:19 INFO background job finished
2026-03-04 07:23:22 INFO user logout
2026-03-04 07:23:23 INFO connection reset by peer
2026-03-04 07:23:24 INFO user logout
2026-03-04 07:23:28 INFO config reloaded
2026-03-04 07:23:31 INFO user login ok
2026-03-04 07:23:32 ERROR user logout
### повреждённая строка ###
2026-03-04 07:23:34 INFO cache miss
### повреждённая строка ###
2026-03-04 07:23:38 ERROR disk usage high
2026-03-04 07:23:39 INFO user logout
2026-03-04 07:23:42 INFO disk usage high
2026-03-04 07:23:45 INFO cache hit
2026-03-04 07:23:46 INFO user login ok
2026-03-04 07:23:47 WARN request handled
2026-03-04 07:23:50 INFO user logout
2026-03-04 07:23:51 INFO cache miss
2026-03-04 07:23:55 INFO user login ok
2026-03-04 07:23:58 ERROR disk usage high
2026-03-04 07:23:59 INFO user login ok
2026-03-04 07:24:02 INFO request handled
2026-03-04 07:24:05 INFO invalid token
2026-03-04 07:24:06 INFO user logout
2026-03-04 07:24:10 WARN user login ok
2026-03-04 07:24:12 INFO request handled
2026-03-04 07:24:14 INFO cache hit
2026-03-04 07:24:18 INFO background job finished
2026-03-04 07:24:22 INFO connection reset by peer
2026-03-04 07:24:25 ERROR disk usage high
2026-03-04 07:24:29 INFO user login ok
2026-03-04 07:24:31 WARN database timeout
2026-03-04 07:24:33 INFO user login ok
2026-03-04 07:24:37 INFO invalid token
2026-03-04 07:24:41 INFO disk usage high
2026-03-04 07:24:42 INFO user login ok
2026-03-04 07:24:46 INFO user login ok
2026-03-04 07:24:48 INFO slow query detected
2026-03-04 07:24:50 ERROR background job finished
2026-03-04 07:24:53 INFO user login ok
2026-03-04 07:24:56 INFO user logout
2026-03-04 07:25:00 INFO database timeout
2026-03-04 07:25:04 INFO user login ok
2026-03-04 07:25:05 INFO connection reset by peer
2026-03-04 07:25:08 INFO user login ok
2026-03-04 07:25:12 INFO connection reset by peer
2026-03-04 07:25:14 INFO database timeout
2026-03-04 07:25:16 ERROR user login ok
2026-03-04 07:25:20 INFO cache miss
2026-03-04 07:25:21 INFO cache hit
2026-03-04 07:25:24 INFO cache miss
2026-03-04 07:25:26 INFO user logout
2026-03-04 07:25:28 INFO invalid token
2026-03-04 07:25:32 INFO database timeout
2026-03-04 07:25:36 INFO background job finished
2026-03-04 07:25:39 INFO connection reset by peer
### повреждённая строка ###
2026-03-04 07:25:46 INFO user login ok
2026-03-04 07:25:49 INFO slow query detected
2026-03-04 07:25:51 ERROR connection reset by peer
2026-03-04 07:25:53 INFO cache miss
2026-03-04 07:25:57 INFO user logout
2026-03-04 07:25:58 INFO user login ok
2026-03-04 07:25:59 INFO user login ok
2026-03-04 07:26:02 INFO user logout
2026-03-04 07:26:03 ERROR database timeout
2026-03-04 07:26:07 INFO user logout
2026-03-04 07:26:11 INFO database timeout
2026-03-04 07:26:14 INFO user login ok
2026-03-04 07:26:17 INFO cache hit
2026-03-04 07:26:18 WARN user login ok
2026-03-04 07:26:20 INFO user login ok
2026-03-04 07:26:23 INFO request handled
2026-03-04 07:26:25 INFO request handled
2026-03-04 07:26:29 INFO cache hit
2026-03-04 07:26:33 INFO user logout
2026-03-04 07:26:34 INFO cache hit
2026-03-04 07:26:36 INFO user login ok
2026-03-04 07:26:38 INFO user login ok
2026-03-04 07:26:40 INFO cache miss
2026-03-04 07:26:42 INFO config reloaded
2026-03-04 07:26:44 INFO database timeout
2026-03-04 07:26:46 WARN user login ok
2026-03-04 07:26:48 INFO cache miss
2026-03-04 07:26:52 INFO user login ok
2026-03-04 07:26:53 INFO request handled
2026-03-04 07:26:54 INFO cache hit
2026-03-04 07:26:56 INFO cache hit
2026-03-04 07:26:58 ERROR user login ok
2026-03-04 07:27:00 INFO user login ok
2026-03-04 07:27:02 INFO cache hit
2026-03-04 07:27:03 INFO cache hit
2026-03-04 07:27:04 INFO cache hit
2026-03-04 07:27:07 INFO user logout
2026-03-04 07:27:08 WARN user login ok
2026-03-04 07:27:12 INFO cache hit
2026-03-04 07:27:16 INFO invalid token
2026-03-04 07:27:18 INFO user logout
2026-03-04 07:27:20 INFO disk usage high
2026-03-04 07:27:24 INFO invalid token
2026-03-04 07:27:26 INFO user login ok
2026-03-04 07:27:29 INFO user login ok
2026-03-04 07:27:30 WARN slow query detected
2026-03-04 07:27:33 INFO cache miss
2026-03-04 07:27:35 INFO disk usage high
2026-03-04 07:27:37 INFO cache hit
2026-03-04 07:27:39 INFO background job finished
2026-03-04 07:27:40 INFO user login ok
2026-03-04 07:27:44 INFO disk usage high
2026-03-04 07:27:45 INFO cache miss
2026-03-04 07:27:46 INFO user login ok
2026-03-04 07:27:50 WARN invalid token
2026-03-04 07:27:53 INFO user login ok
2026-03-04 07:27:57 INFO user login ok
2026-03-04 07:27:58 WARN user login ok
2026-03-04 07:27:59 WARN cache miss
2026-03-04 07:28:03 INFO background job finished
2026-03-04 07:28:04 INFO database timeout
2026-03-04 07:28:07 INFO user logout
2026-03-04 07:28:08 WARN connection reset by peer
2026-03-04 07:28:09 INFO user login ok
2026-03-04 07:28:10 INFO user logout
2026-03-04 07:28:12 INFO connection reset by peer
2026-03-04 07:28:13 INFO user login ok
2026-03-04 07:28:15 WARN invalid token
2026-03-04 07:28:19 ERROR user login ok
2026-03-04 07:28:21 INFO cache hit
2026-03-04 07:28:23 WARN user logout
2026-03-04 07:28:26 INFO config reloaded
2026-03-04 07:28:27 WARN cache miss
2026-03-04 07:28:28 INFO config reloaded
2026-03-04 07:28:31 INFO user login ok
2026-03-04 07:28:32 ERROR user login ok
2026-03-04 07:28:33 INFO request handled
2026-03-04 07:28:34 INFO user login ok
2026-03-04 07:28:36 INFO disk usage high
2026-03-04 07:28:38 INFO user login ok
2026-03-04 07:28:41 INFO user login ok
2026-03-04 07:28:45 INFO cache miss
2026-03-04 07:28:47 WARN cache hit
2026-03-04 07:28:49 INFO user login ok
2026-03-04 07:28:51 INFO user logout
2026-03-04 07:28:52 INFO background job finished
2026-03-04 07:28:53 INFO slow query detected
2026-03-04 07:28:54 INFO user login ok
2026-03-04 07:28:58 INFO user logout
2026-03-04 07:29:00 INFO cache miss
2026-03-04 07:29:04 INFO cache miss
2026-03-04 07:29:08 INFO request handled
2026-03-04 07:29:10 INFO cache miss
2026-03-04 07:29:11 INFO database timeout
2026-03-04 07:29:14 ERROR user login ok
2026-03-04 07:29:16 INFO slow query detected
2026-03-04 07:29:19 INFO user logout
2026-03-04 07:29:23 ERROR connection reset by peer
2026-03-04 07:29:25 ERROR user login ok
2026-03-04 07:29:26 INFO disk usage high
2026-03-04 07:29:27 INFO invalid token
2026-03-04 07:29:28 INFO user login ok
2026-03-04 07:29:32 INFO user logout
2026-03-04 07:29:33 INFO config reloaded
2026-03-04 07:29:34 INFO cache miss
2026-03-04 07:29:36 INFO user logout
2026-03-04 07:29:40 INFO request handled
2026-03-04 07:29:43 INFO background job finished
2026-03-04 07:29:47 INFO user login ok
2026-03-04 07:29:49 INFO user logout
2026-03-04 07:29:52 INFO connection reset by peer
2026-03-04 07:29:56 INFO user login ok
2026-03-04 07:29:59 INFO cache hit
2026-03-04 07:30:02 INFO cache miss
2026-03-04 07:30:04 INFO slow query detected
2026-03-04 07:30:05 INFO cache hit
2026-03-04 07:30:06 INFO disk usage high
2026-03-04 07:30:09 INFO cache miss
2026-03-04 07:30:12 INFO request handled
2026-03-04 07:30:13 INFO user logout
2026-03-04 07:30:14 INFO user logout
2026-03-04 07:30:18 WARN request handled
2026-03-04 07:30:22 INFO user logout
2026-03-04 07:30:23 INFO database timeout
2026-03-04 07:30:24 INFO user logout
2026-03-04 07:30:27 INFO user login ok
2026-03-04 07:30:28 INFO connection reset by peer
2026-03-04 07:30:32 INFO background job finished
### повреждённая строка ###
2026-03-04 07:30:37 INFO config reloaded
2026-03-04 07:30:40 INFO cache hit
2026-03-04 07:30:43 INFO user login ok
2026-03-04 07:30:45 INFO cache hit
### повреждённая строка ###
2026-03-04 07:30:50 WARN user login ok
2026-03-04 07:30:54 INFO cache hit
2026-03-04 07:30:57 INFO connection reset by peer
2026-03-04 07:30:58 INFO user login ok
2026-03-04 07:31:01 INFO user login ok
2026-03-04 07:31:04 INFO database timeout
2026-03-04 07:31:08 INFO cache hit
2026-03-04 07:31:11 INFO user login ok
2026-03-04 07:31:12 INFO user logout
2026-03-04 07:31:14 ERROR cache hit
2026-03-04 07:31:15 INFO database timeout
2026-03-04 07:31:16 WARN database timeout
2026-03-04 07:31:20 INFO cache hit
2026-03-04 07:31:23 INFO disk usage high
2026-03-04 07:31:24 INFO user login ok
2026-03-04 07:31:27 INFO background job finished
2026-03-04 07:31:29 INFO request handled
2026-03-04 07:31:31 INFO request handled
2026-03-04 07:31:35 INFO disk usage high
2026-03-04 07:31:39 INFO user login ok
2026-03-04 07:31:42 INFO database timeout
2026-03-04 07:31:43 INFO disk usage high
2026-03-04 07:31:47 WARN user login ok
2026-03-04 07:31:51 INFO config reloaded
2026-03-04 07:31:53 WARN user login ok
2026-03-04 07:31:55 WARN config reloaded
2026-03-04 07:31:56 WARN user logout
2026-03-04 07:31:57 INFO request handled
2026-03-04 07:31:58 INFO cache miss
2026-03-04 07:32:01 INFO cache miss
2026-03-04 07:32:02 INFO slow query detected
2026-03-04 07:32:04 ERROR user login ok
2026-03-04 07:32:06 INFO database timeout
2026-03-04 07:32:08 INFO cache hit
2026-03-04 07:32:09 WARN user login ok
2026-03-04 07:32:11 ERROR cache hit
2026-03-04 07:32:12 INFO disk usage high
2026-03-04 07:32:15 INFO background job finished
2026-03-04 07:32:19 INFO cache hit
2026-03-04 07:32:22 INFO config reloaded
2026-03-04 07:32:23 INFO request handled
2026-03-04 07:32:27 INFO cache miss
2026-03-04 07:32:30 INFO user logout
2026-03-04 07:32:32 ERROR cache hit
2026-03-04 07:32:33 INFO database timeout
2026-03-04 07:32:37 INFO request handled
2026-03-04 07:32:40 INFO invalid token
2026-03-04 07:32:43 INFO user logout
2026-03-04 07:32:45 WARN user login ok
2026-03-04 07:32:49 INFO database timeout
2026-03-04 07:32:50 INFO slow query detected
2026-03-04 07:32:51 INFO cache hit
2026-03-04 07:32:53 ERROR background job finished
2026-03-04 07:32:55 INFO cache hit
2026-03-04 07:32:58 INFO user login ok
2026-03-04 07:33:02 INFO cache miss
2026-03-04 07:33:06 INFO user login ok
2026-03-04 07:33:10 INFO config reloaded
2026-03-04 07:33:11 INFO request handled
2026-03-04 07:33:12 INFO user logout
2026-03-04 07:33:16 INFO invalid token
2026-03-04 07:33:19 ERROR background job finished
2026-03-04 07:33:22 INFO user login ok
2026-03-04 07:33:25 INFO invalid token
2026-03-04 07:33:29 INFO user logout
2026-03-04 07:33:32 WARN user login ok
2026-03-04 07:33:35 INFO user logout
2026-03-04 07:33:39 INFO cache hit
2026-03-04 07:33:40 INFO disk usage high
2026-03-04 07:33:41 INFO user logout
2026-03-04 07:33:43 WARN cache hit
2026-03-04 07:33:47 INFO request handled
2026-03-04 07:33:50 INFO user login ok
2026-03-04 07:33:52 INFO connection reset by peer
2026-03-04 07:33:53 INFO invalid token
2026-03-04 07:33:55 WARN cache miss
2026-03-04 07:33:58 WARN user logout
2026-03-04 07:34:01 INFO user login ok
2026-03-04 07:34:03 ERROR invalid token
2026-03-04 07:34:06 INFO user login ok
2026-03-04 07:34:10 INFO user logout
2026-03-04 07:34:13 INFO request handled
2026-03-04 07:34:17 INFO user logout
2026-03-04 07:34:19 INFO user logout
2026-03-04 07:34:20 INFO user login ok
2026-03-04 07:34:22 INFO database timeout
2026-03-04 07:34:23 WARN user login ok
2026-03-04 07:34:26 INFO connection reset by peer
2026-03-04 07:34:29 INFO user logout
2026-03-04 07:34:33 INFO disk usage high
2026-03-04 07:34:36 INFO user login ok
2026-03-04 07:34:39 ERROR user login ok
2026-03-04 07:34:40 INFO invalid token
2026-03-04 07:34:44 INFO background job finished
2026-03-04 07:34:46 INFO user logout
2026-03-04 07:34:48 INFO cache miss
2026-03-04 07:34:49 INFO background job finished
2026-03-04 07:34:52 INFO slow query detected
2026-03-04 07:34:53 INFO database timeout
### повреждённая строка ###
2026-03-04 07:34:58 INFO user login ok
2026-03-04 07:34:59 INFO background job finished
2026-03-04 07:35:02 ERROR user login ok
### повреждённая строка ###
2026-03-04 07:35:10 INFO request handled
2026-03-04 07:35:11 INFO cache hit
2026-03-04 07:35:15 INFO user login ok
2026-03-04 07:35:16 INFO user login ok
2026-03-04 07:35:20 INFO config reloaded
2026-03-04 07:35:21 WARN config reloaded
2026-03-04 07:35:23 INFO user login ok
2026-03-04 07:35:26 ERROR invalid token
2026-03-04 07:35:27 INFO cache miss
2026-03-04 07:35:28 INFO request handled
2026-03-04 07:35:32 INFO user login ok
2026-03-04 07:35:36 WARN user login ok
2026-03-04 07:35:39 INFO connection reset by peer
2026-03-04 07:35:41 INFO background job finished
2026-03-04 07:35:42 INFO user login ok
2026-03-04 07:35:46 INFO connection reset by peer
2026-03-04 07:35:49 INFO disk usage high
2026-03-04 07:35:50 INFO background job finished
2026-03-04 07:35:54 INFO user login ok
2026-03-04 07:35:55 INFO user login ok
2026-03-04 07:35:59 ERROR config reloaded
2026-03-04 07:36:02 INFO user login ok
2026-03-04 07:36:05 INFO cache hit
2026-03-04 07:36:08 INFO cache hit
2026-03-04 07:36:11 INFO user login ok
2026-03-04 07:36:15 INFO background job finished
2026-03-04 07:36:18 INFO user login ok
2026-03-04 07:36:22 INFO disk usage high
2026-03-04 07:36:24 INFO slow query detected
2026-03-04 07:36:25 INFO config reloaded
2026-03-04 07:36:29 INFO background job finished
2026-03-04 07:36:31 INFO cache hit
2026-03-04 07:36:34 INFO user login ok
2026-03-04 07:36:36 INFO disk usage high
2026-03-04 07:36:37 INFO background job finished
2026-03-04 07:36:40 INFO cache miss
2026-03-04 07:36:42 INFO user logout
2026-03-04 07:36:45 WARN database timeout
2026-03-04 07:36:47 INFO user login ok
2026-03-04 07:36:48 INFO cache miss
2026-03-04 07:36:50 INFO disk usage high
2026-03-04 07:36:53 WARN slow query detected
2026-03-04 07:36:55 INFO user login ok
2026-03-04 07:36:56 ERROR cache hit
2026-03-04 07:36:58 ERROR database timeout
2026-03-04 07:36:59 INFO user login ok
2026-03-04 07:37:03 INFO background job finished
2026-03-04 07:37:06 INFO user login ok
2026-03-04 07:37:08 WARN invalid token
2026-03-04 07:37:10 INFO invalid token
2026-03-04 07:37:12 INFO user logout
2026-03-04 07:37:16 INFO user login ok
2026-03-04 07:37:18 INFO user login ok
2026-03-04 07:37:19 WARN request handled
2026-03-04 07:37:21 WARN user logout
2026-03-04 07:37:24 INFO disk usage high
2026-03-04 07:37:25 INFO connection reset by peer
2026-03-04 07:37:27 WARN user login ok
2026-03-04 07:37:30 INFO user login ok
2026-03-04 07:37:34 INFO user login ok
2026-03-04 07:37:37 INFO user logout
2026-03-04 07:37:38 ERROR background job finished
2026-03-04 07:37:42 INFO slow query detected
2026-03-04 07:37:46 WARN connection reset by peer
### повреждённая строка ###
2026-03-04 07:37:50 ERROR slow query detected
2026-03-04 07:37:54 INFO cache hit
2026-03-04 07:37:57 WARN user login ok
2026-03-04 07:38:01 INFO request handled
2026-03-04 07:38:03 INFO user login ok
2026-03-04 07:38:05 INFO cache hit
2026-03-04 07:38:06 INFO disk usage high
2026-03-04 07:38:10 WARN cache hit
2026-03-04 07:38:14 WARN slow query detected
2026-03-04 07:38:16 INFO user login ok
2026-03-04 07:38:20 INFO user logout
2026-03-04 07:38:24 INFO user logout
2026-03-04 07:38:26 INFO user login ok
2026-03-04 07:38:29 INFO user login ok
2026-03-04 07:38:31 WARN user logout
2026-03-04 07:38:33 INFO background job finished
2026-03-04 07:38:35 INFO user login ok
2026-03-04 07:38:37 INFO user login ok
2026-03-04 07:38:38 INFO user login ok
2026-03-04 07:38:40 INFO invalid token
2026-03-04 07:38:41 INFO user login ok
2026-03-04 07:38:44 INFO user login ok
2026-03-04 07:38:45 INFO background job finished
2026-03-04 07:38:47 INFO disk usage high
2026-03-04 07:38:49 INFO config reloaded
2026-03-04 07:38:51 INFO connection reset by peer
2026-03-04 07:38:54 INFO user login ok
2026-03-04 07:38:55 INFO config reloaded
2026-03-04 07:38:57 INFO background job finished
2026-03-04 07:38:58 WARN invalid token
2026-03-04 07:39:02 INFO connection reset by peer
2026-03-04 07:39:03 INFO user login ok
2026-03-04 07:39:05 ERROR user login ok
2026-03-04 07:39:07 INFO disk usage high
2026-03-04 07:39:11 INFO cache hit
2026-03-04 07:39:14 WARN cache miss
2026-03-04 07:39:18 INFO user login ok
2026-03-04 07:39:22 INFO invalid token
2026-03-04 07:39:25 INFO config reloaded
2026-03-04 07:39:29 WARN cache hit
2026-03-04 07:39:31 INFO user login ok
2026-03-04 07:39:33 INFO background job finished
2026-03-04 07:39:34 INFO cache hit
2026-03-04 07:39:38 INFO user login ok
2026-03-04 07:39:40 INFO background job finished
2026-03-04 07:39:43 WARN user login ok
2026-03-04 07:39:44 INFO user login ok
2026-03-04 07:39:46 INFO user logout
2026-03-04 07:39:48 INFO user logout
2026-03-04 07:39:50 WARN background job finished
2026-03-04 07:39:51 INFO request handled
2026-03-04 07:39:52 INFO cache hit
2026-03-04 07:39:55 INFO cache hit
2026-03-04 07:39:58 INFO user logout
2026-03-04 07:40:02 WARN user login ok
2026-03-04 07:40:05 ERROR disk usage high
2026-03-04 07:40:08 INFO user login ok
2026-03-04 07:40:10 INFO cache hit
2026-03-04 07:40:14 INFO config reloaded
2026-03-04 07:40:17 INFO request handled
2026-03-04 07:40:21 INFO user login ok
2026-03-04 07:40:22 WARN user logout
2026-03-04 07:40:24 WARN database timeout
2026-03-04 07:40:26 ERROR cache hit
2026-03-04 07:40:28 WARN background job finished
2026-03-04 07:40:31 ERROR invalid token
2026-03-04 07:40:34 INFO connection reset by peer
2026-03-04 07:40:36 WARN connection reset by peer
2026-03-04 07:40:40 INFO user login ok
2026-03-04 07:40:44 INFO background job finished
2026-03-04 07:40:46 WARN cache miss
2026-03-04 07:40:50 INFO user logout
2026-03-04 07:40:53 WARN user login ok
2026-03-04 07:40:55 INFO cache miss
2026-03-04 07:40:59 INFO config reloaded
2026-03-04 07:41:02 INFO disk usage high
2026-03-04 07:41:03 INFO user login ok
2026-03-04 07:41:05 INFO request handled
2026-03-04 07:41:09 INFO connection reset by peer
2026-03-04 07:41:11 INFO user login ok
2026-03-04 07:41:15 INFO user login ok
2026-03-04 07:41:19 INFO user login ok
2026-03-04 07:41:20 INFO connection reset by peer
2026-03-04 07:41:24 INFO user login ok
2026-03-04 07:41:28 INFO cache hit
2026-03-04 07:41:32 INFO background job finished
2026-03-04 07:41:36 INFO user logout
2026-03-04 07:41:39 INFO user login ok
2026-03-04 07:41:43 INFO background job finished
2026-03-04 07:41:46 INFO cache hit
2026-03-04 07:41:49 INFO connection reset by peer
2026-03-04 07:41:51 INFO database timeout
2026-03-04 07:41:52 INFO user login ok
2026-03-04 07:41:55 INFO connection reset by peer
2026-03-04 07:41:59 INFO request handled
2026-03-04 07:42:01 INFO cache hit
2026-03-04 07:42:02 INFO background job finished
2026-03-04 07:42:04 INFO connection reset by peer
### повреждённая строка ###
2026-03-04 07:42:11 INFO slow query detected
2026-03-04 07:42:12 INFO connection reset by peer
2026-03-04 07:42:16 INFO user login ok
2026-03-04 07:42:18 WARN background job finished
2026-03-04 07:42:20 INFO config reloaded
2026-03-04 07:42:23 INFO user logout
2026-03-04 07:42:25 INFO cache hit
2026-03-04 07:42:26 INFO invalid token
2026-03-04 07:42:27 WARN user login ok
2026-03-04 07:42:29 INFO user login ok
2026-03-04 07:42:33 INFO user login ok
2026-03-04 07:42:37 INFO connection reset by peer
2026-03-04 07:42:41 INFO database timeout
2026-03-04 07:42:44 INFO invalid token
2026-03-04 07:42:47 INFO user logout
2026-03-04 07:42:48 INFO user login ok
2026-03-04 07:42:51 WARN user login ok
2026-03-04 07:42:55 INFO connection reset by peer
2026-03-04 07:42:59 INFO user login ok
2026-03-04 07:43:03 INFO user login ok
2026-03-04 07:43:06 INFO user login ok
2026-03-04 07:43:09 INFO request handled
2026-03-04 07:43:10 INFO user login ok
2026-03-04 07:43:14 INFO connection reset by peer
2026-03-04 07:43:15 INFO user logout
2026-03-04 07:43:16 INFO user logout
2026-03-04 07:43:20 INFO user login ok
2026-03-04 07:43:23 INFO connection reset by peer
2026-03-04 07:43:25 INFO database timeout
2026-03-04 07:43:29 INFO user login ok
2026-03-04 07:43:33 INFO user login ok
2026-03-04 07:43:34 INFO user login ok
2026-03-04 07:43:37 INFO background job finished
2026-03-04 07:43:40 WARN cache hit
2026-03-04 07:43:44 INFO user login ok
2026-03-04 07:43:48 INFO config reloaded
2026-03-04 07:43:49 INFO user login ok
2026-03-04 07:43:52 INFO user logout
2026-03-04 07:43:53 WARN user logout
2026-03-04 07:43:55 INFO disk usage high
2026-03-04 07:43:56 INFO cache hit
2026-03-04 07:43:59 INFO config reloaded
2026-03-04 07:44:00 INFO cache hit
2026-03-04 07:44:01 INFO user logout
2026-03-04 07:44:05 INFO user logout
2026-03-04 07:44:06 INFO user login ok
2026-03-04 07:44:07 ERROR user login ok
2026-03-04 07:44:09 INFO cache hit
2026-03-04 07:44:10 INFO cache miss
2026-03-04 07:44:12 INFO cache hit
2026-03-04 07:44:14 INFO user login ok
2026-03-04 07:44:18 INFO user login ok
2026-03-04 07:44:21 INFO cache miss
2026-03-04 07:44:23 WARN user login ok
2026-03-04 07:44:25 ERROR user logout
2026-03-04 07:44:29 INFO user login ok
2026-03-04 07:44:30 INFO cache miss
2026-03-04 07:44:34 INFO user logout
2026-03-04 07:44:35 INFO request handled
2026-03-04 07:44:38 INFO cache miss
2026-03-04 07:44:40 WARN cache hit
2026-03-04 07:44:44 INFO config reloaded
2026-03-04 07:44:47 INFO user logout
2026-03-04 07:44:50 INFO config reloaded
2026-03-04 07:44:51 ERROR user login ok
2026-03-04 07:44:52 INFO background job finished
2026-03-04 07:44:53 INFO connection reset by peer
2026-03-04 07:44:55 INFO user login ok
2026-03-04 07:44:58 WARN database timeout
2026-03-04 07:45:01 INFO user login ok
2026-03-04 07:45:02 INFO user login ok
2026-03-04 07:45:03 INFO user login ok
2026-03-04 07:45:05 INFO user logout
2026-03-04 07:45:07 INFO user login ok
2026-03-04 07:45:10 WARN database timeout
2026-03-04 07:45:13 ERROR disk usage high
2026-03-04 07:45:16 INFO user login ok
2026-03-04 07:45:18 INFO user logout
2026-03-04 07:45:21 INFO background job finished
2026-03-04 07:45:25 INFO invalid token
2026-03-04 07:45:28 INFO config reloaded
2026-03-04 07:45:29 WARN cache hit
2026-03-04 07:45:32 INFO cache hit
2026-03-04 07:45:35 INFO cache hit
2026-03-04 07:45:37 WARN user login ok
2026-03-04 07:45:40 ERROR request handled
2026-03-04 07:45:41 INFO user logout
2026-03-04 07:45:44 INFO cache hit
2026-03-04 07:45:45 WARN user login ok
2026-03-04 07:45:46 INFO user login ok
2026-03-04 07:45:50 INFO user logout
2026-03-04 07:45:54 WARN user login ok
2026-03-04 07:45:58 WARN user login ok
2026-03-04 07:46:02 INFO database timeout
2026-03-04 07:46:03 INFO user login ok
2026-03-04 07:46:07 ERROR disk usage high
2026-03-04 07:46:09 WARN slow query detected
2026-03-04 07:46:10 WARN user logout
2026-03-04 07:46:12 WARN request handled
2026-03-04 07:46:14 WARN user login ok
2026-03-04 07:46:17 INFO background job finished
2026-03-04 07:46:21 INFO request handled
2026-03-04 07:46:25 INFO invalid token
2026-03-04 07:46:28 INFO user logout
2026-03-04 07:46:30 INFO cache hit
2026-03-04 07:46:31 INFO connection reset by peer
2026-03-04 07:46:35 INFO slow query detected
2026-03-04 07:46:38 INFO user login ok
2026-03-04 07:46:40 ERROR connection reset by peer
2026-03-04 07:46:41 INFO config reloaded
2026-03-04 07:46:45 ERROR slow query detected
2026-03-04 07:46:48 INFO config reloaded
2026-03-04 07:46:51 INFO cache miss
2026-03-04 07:46:52 INFO user logout
2026-03-04 07:46:55 INFO user login ok
2026-03-04 07:46:58 INFO user login ok
2026-03-04 07:47:00 INFO cache hit
2026-03-04 07:47:01 INFO config reloaded
2026-03-04 07:47:05 ERROR disk usage high
2026-03-04 07:47:08 INFO cache miss
2026-03-04 07:47:11 WARN user login ok
2026-03-04 07:47:14 WARN cache miss
2026-03-04 07:47:17 ERROR user logout
2026-03-04 07:47:18 INFO cache miss
2026-03-04 07:47:20 INFO user logout
2026-03-04 07:47:24 WARN user login ok
2026-03-04 07:47:28 ERROR user login ok
2026-03-04 07:47:30 INFO user login ok
2026-03-04 07:47:33 INFO invalid token
2026-03-04 07:47:37 WARN invalid token
### повреждённая строка ###
2026-03-04 07:47:40 INFO user logout
2026-03-04 07:47:41 INFO user logout
2026-03-04 07:47:42 INFO user logout
2026-03-04 07:47:46 INFO user login ok
2026-03-04 07:47:47 INFO background job finished
2026-03-04 07:47:51 INFO user login ok
2026-03-04 07:47:52 INFO user login ok
2026-03-04 07:47:55 INFO user logout
2026-03-04 07:47:57 INFO cache miss
2026-03-04 07:48:00 INFO connection reset by peer
2026-03-04 07:48:04 INFO database timeout
2026-03-04 07:48:07 INFO cache hit
2026-03-04 07:48:09 INFO cache miss
2026-03-04 07:48:11 INFO user login ok
### повреждённая строка ###
2026-03-04 07:48:17 INFO user logout
2026-03-04 07:48:18 INFO user login ok
2026-03-04 07:48:19 WARN user logout
2026-03-04 07:48:20 INFO user logout
2026-03-04 07:48:22 INFO user logout
2026-03-04 07:48:25 INFO user login ok
2026-03-04 07:48:28 INFO slow query detected
2026-03-04 07:48:31 INFO request handled
2026-03-04 07:48:35 WARN cache hit
2026-03-04 07:48:37 INFO slow query detected
2026-03-04 07:48:38 INFO connection reset by peer
2026-03-04 07:48:42 INFO user login ok
2026-03-04 07:48:44 INFO user login ok
2026-03-04 07:48:46 WARN user login ok
2026-03-04 07:48:47 INFO cache hit
2026-03-04 07:48:48 INFO user login ok
2026-03-04 07:48:50 WARN user login ok
2026-03-04 07:48:54 INFO database timeout
2026-03-04 07:48:58 WARN cache miss
2026-03-04 07:48:59 INFO user login ok
2026-03-04 07:49:01 INFO config reloaded
2026-03-04 07:49:05 INFO user login ok
2026-03-04 07:49:08 INFO background job finished
2026-03-04 07:49:11 INFO user login ok
2026-03-04 07:49:12 INFO user login ok
2026-03-04 07:49:15 WARN user login ok
2026-03-04 07:49:16 WARN disk usage high
2026-03-04 07:49:20 INFO cache miss
2026-03-04 07:49:23 INFO database timeout
2026-03-04 07:49:25 INFO cache hit
2026-03-04 07:49:29 INFO cache hit
2026-03-04 07:49:30 INFO user login ok
2026-03-04 07:49:33 INFO cache miss
2026-03-04 07:49:35 INFO database timeout
2026-03-04 07:49:39 INFO cache miss
2026-03-04 07:49:41 INFO connection reset by peer
2026-03-04 07:49:45 WARN config reloaded
2026-03-04 07:49:46 INFO user login ok
2026-03-04 07:49:47 INFO user login ok
2026-03-04 07:49:48 WARN background job finished
2026-03-04 07:49:51 INFO user login ok
2026-03-04 07:49:55 INFO slow query detected
2026-03-04 07:49:56 INFO invalid token
2026-03-04 07:49:59 INFO background job finished
2026-03-04 07:50:03 INFO user logout
2026-03-04 07:50:06 INFO user logout
2026-03-04 07:50:09 INFO connection reset by peer
2026-03-04 07:50:13 INFO background job finished
2026-03-04 07:50:17 ERROR connection reset by peer
2026-03-04 07:50:18 INFO cache miss
2026-03-04 07:50:20 WARN user login ok
2026-03-04 07:50:21 INFO user login ok
2026-03-04 07:50:24 INFO user login ok
2026-03-04 07:50:25 INFO user login ok
2026-03-04 07:50:26 INFO background job finished
2026-03-04 07:50:28 INFO config reloaded
2026-03-04 07:50:32 WARN disk usage high
2026-03-04 07:50:34 WARN user logout
2026-03-04 07:50:37 INFO background job finished
2026-03-04 07:50:39 INFO user login ok
2026-03-04 07:50:43 INFO user login ok
2026-03-04 07:50:47 INFO user login ok
2026-03-04 07:50:50 INFO user login ok
2026-03-04 07:50:52 INFO slow query detected
2026-03-04 07:50:53 ERROR database timeout
2026-03-04 07:50:54 WARN user login ok
2026-03-04 07:50:58 INFO invalid token
2026-03-04 07:51:02 INFO connection reset by peer
2026-03-04 07:51:04 INFO user logout
2026-03-04 07:51:06 WARN user login ok
2026-03-04 07:51:08 INFO invalid token
2026-03-04 07:51:09 INFO user login ok
2026-03-04 07:51:13 INFO user login ok
2026-03-04 07:51:15 WARN user login ok
2026-03-04 07:51:17 INFO user logout
2026-03-04 07:51:21 INFO disk usage high
2026-03-04 07:51:25 INFO user login ok
2026-03-04 07:51:28 INFO config reloaded
2026-03-04 07:51:31 INFO user logout
2026-03-04 07:51:32 INFO connection reset by peer
2026-03-04 07:51:33 WARN slow query detected
2026-03-04 07:51:37 INFO slow query detected
2026-03-04 07:51:40 WARN user login ok
2026-03-04 07:51:41 ERROR slow query detected
2026-03-04 07:51:44 INFO connection reset by peer
2026-03-04 07:51:46 INFO user login ok
2026-03-04 07:51:49 INFO invalid token
2026-03-04 07:51:52 INFO slow query detected
2026-03-04 07:51:55 WARN request handled
2026-03-04 07:51:56 ERROR database timeout
2026-03-04 07:52:00 WARN user login ok
2026-03-04 07:52:02 INFO disk usage high
2026-03-04 07:52:04 INFO user logout
2026-03-04 07:52:06 ERROR user login ok
2026-03-04 07:52:10 INFO user login ok
2026-03-04 07:52:12 INFO invalid token
2026-03-04 07:52:15 INFO disk usage high
2026-03-04 07:52:17 INFO cache hit
2026-03-04 07:52:20 WARN user login ok
2026-03-04 07:52:23 ERROR disk usage high
2026-03-04 07:52:27 INFO user login ok
2026-03-04 07:52:29 INFO user login ok
2026-03-04 07:52:31 INFO user login ok
2026-03-04 07:52:33 WARN background job finished
2026-03-04 07:52:34 WARN user login ok
2026-03-04 07:52:38 ERROR user login ok
2026-03-04 07:52:40 INFO user logout
2026-03-04 07:52:41 INFO database timeout
2026-03-04 07:52:45 INFO cache miss
2026-03-04 07:52:46 INFO invalid token
2026-03-04 07:52:47 WARN cache hit
2026-03-04 07:52:50 INFO database timeout
2026-03-04 07:52:52 INFO connection reset by peer
2026-03-04 07:52:56 INFO user login ok
2026-03-04 07:52:57 INFO background job finished
2026-03-04 07:53:00 ERROR background job finished
2026-03-04 07:53:02 INFO user logout
2026-03-04 07:53:06 WARN connection reset by peer
2026-03-04 07:53:07 INFO user login ok
2026-03-04 07:53:09 INFO user login ok
2026-03-04 07:53:11 INFO user login ok
2026-03-04 07:53:12 INFO invalid token
2026-03-04 07:53:16 INFO cache hit
2026-03-04 07:53:20 INFO user login ok
2026-03-04 07:53:23 INFO user login ok
2026-03-04 07:53:26 WARN slow query detected
2026-03-04 07:53:28 WARN user login ok
2026-03-04 07:53:29 INFO disk usage high
2026-03-04 07:53:31 WARN user login ok
2026-03-04 07:53:32 INFO disk usage high
2026-03-04 07:53:34 INFO slow query detected
2026-03-04 07:53:38 WARN user logout
2026-03-04 07:53:40 INFO user login ok
2026-03-04 07:53:42 INFO invalid token
2026-03-04 07:53:46 INFO disk usage high
2026-03-04 07:53:47 INFO user logout
2026-03-04 07:53:48 INFO user login ok
2026-03-04 07:53:49 INFO cache miss
2026-03-04 07:53:50 ERROR user login ok
2026-03-04 07:53:53 INFO request handled
2026-03-04 07:53:57 INFO cache miss
2026-03-04 07:54:00 INFO user login ok
2026-03-04 07:54:04 INFO config reloaded
2026-03-04 07:54:08 INFO connection reset by peer
2026-03-04 07:54:09 INFO user login ok
2026-03-04 07:54:13 INFO user login ok
2026-03-04 07:54:14 INFO user login ok
2026-03-04 07:54:18 INFO user login ok
2026-03-04 07:54:19 INFO background job finished
2026-03-04 07:54:22 INFO background job finished
2026-03-04 07:54:26 INFO slow query detected
2026-03-04 07:54:29 INFO disk usage high
2026-03-04 07:54:32 ERROR user logout
2026-03-04 07:54:33 INFO cache miss
2026-03-04 07:54:34 WARN user logout
2026-03-04 07:54:36 INFO disk usage high
2026-03-04 07:54:40 INFO disk usage high
2026-03-04 07:54:44 WARN request handled
2026-03-04 07:54:48 INFO user login ok
2026-03-04 07:54:52 ERROR disk usage high
2026-03-04 07:54:53 INFO user login ok
2026-03-04 07:54:55 INFO user login ok
2026-03-04 07:54:58 INFO user login ok
2026-03-04 07:55:02 INFO cache hit
2026-03-04 07:55:04 INFO user login ok
2026-03-04 07:55:05 INFO cache hit
2026-03-04 07:55:09 INFO database timeout
2026-03-04 07:55:13 INFO connection reset by peer
2026-03-04 07:55:14 WARN user login ok
2026-03-04 07:55:16 WARN request handled
2026-03-04 07:55:20 INFO database timeout
2026-03-04 07:55:24 INFO cache hit
2026-03-04 07:55:27 INFO user login ok
2026-03-04 07:55:28 WARN user login ok
2026-03-04 07:55:30 INFO request handled
2026-03-04 07:55:34 INFO cache miss
2026-03-04 07:55:35 WARN user logout
2026-03-04 07:55:38 INFO user login ok
2026-03-04 07:55:42 WARN disk usage high
2026-03-04 07:55:43 WARN disk usage high
2026-03-04 07:55:45 INFO cache hit
2026-03-04 07:55:49 INFO cache miss
2026-03-04 07:55:52 INFO user login ok
2026-03-04 07:55:55 INFO request handled
### повреждённая строка ###
2026-03-04 07:55:58 INFO config reloaded
2026-03-04 07:55:59 WARN user login ok
2026-03-04 07:56:01 INFO user logout
2026-03-04 07:56:02 INFO user login ok
2026-03-04 07:56:06 INFO user login ok
2026-03-04 07:56:09 INFO request handled
2026-03-04 07:56:11 INFO user logout
2026-03-04 07:56:15 INFO cache miss
2026-03-04 07:56:16 INFO user logout
2026-03-04 07:56:20 INFO cache hit
2026-03-04 07:56:21 INFO user login ok
2026-03-04 07:56:22 INFO invalid token
2026-03-04 07:56:25 INFO slow query detected
2026-03-04 07:56:29 INFO user login ok
2026-03-04 07:56:31 WARN user logout
2026-03-04 07:56:35 INFO user logout
2026-03-04 07:56:38 INFO user login ok
2026-03-04 07:56:42 INFO cache miss
2026-03-04 07:56:46 INFO cache hit
2026-03-04 07:56:50 WARN connection reset by peer
2026-03-04 07:56:51 INFO cache hit
2026-03-04 07:56:52 INFO database timeout
2026-03-04 07:56:54 INFO slow query detected
2026-03-04 07:56:58 INFO user login ok
2026-03-04 07:57:00 ERROR cache hit
2026-03-04 07:57:03 INFO config reloaded
2026-03-04 07:57:07 INFO cache hit
2026-03-04 07:57:09 INFO database timeout
2026-03-04 07:57:10 INFO user logout
2026-03-04 07:57:11 INFO user login ok
2026-03-04 07:57:15 INFO request handled
2026-03-04 07:57:19 INFO invalid token
2026-03-04 07:57:21 WARN cache hit
2026-03-04 07:57:22 WARN connection reset by peer
2026-03-04 07:57:26 WARN connection reset by peer
2026-03-04 07:57:30 INFO user login ok
2026-03-04 07:57:34 INFO cache miss
2026-03-04 07:57:36 INFO user login ok
2026-03-04 07:57:37 INFO user login ok
2026-03-04 07:57:41 INFO user login ok
2026-03-04 07:57:43 INFO user login ok
2026-03-04 07:57:47 INFO user login ok
2026-03-04 07:57:48 INFO user login ok
2026-03-04 07:57:50 INFO user login ok
2026-03-04 07:57:52 INFO invalid token
2026-03-04 07:57:56 INFO database timeout
2026-03-04 07:57:57 INFO database timeout
2026-03-04 07:57:58 WARN user login ok
2026-03-04 07:58:02 INFO invalid token
2026-03-04 07:58:03 INFO user login ok
2026-03-04 07:58:04 INFO request handled
2026-03-04 07:58:06 INFO request handled
2026-03-04 07:58:10 INFO user logout
2026-03-04 07:58:12 INFO connection reset by peer
2026-03-04 07:58:15 INFO user login ok
2026-03-04 07:58:18 INFO slow query detected
2026-03-04 07:58:20 ERROR invalid token
2026-03-04 07:58:24 INFO user login ok
2026-03-04 07:58:26 WARN user login ok
2026-03-04 07:58:30 INFO user login ok
2026-03-04 07:58:31 INFO user login ok
2026-03-04 07:58:35 INFO background job finished
2026-03-04 07:58:37 INFO connection reset by peer
2026-03-04 07:58:41 WARN connection reset by peer
2026-03-04 07:58:44 INFO user login ok
2026-03-04 07:58:46 WARN cache hit
2026-03-04 07:58:48 INFO cache miss
2026-03-04 07:58:52 INFO user login ok
2026-03-04 07:58:56 INFO cache miss
2026-03-04 07:58:58 INFO user login ok
2026-03-04 07:58:59 INFO user login ok
2026-03-04 07:59:03 INFO config reloaded
2026-03-04 07:59:07 WARN invalid token
2026-03-04 07:59:09 INFO user login ok
2026-03-04 07:59:11 INFO config reloaded
2026-03-04 07:59:13 INFO cache hit
2026-03-04 07:59:15 WARN user login ok
2026-03-04 07:59:16 INFO user logout
2026-03-04 07:59:17 INFO connection reset by peer
2026-03-04 07:59:19 INFO database timeout
2026-03-04 07:59:21 INFO user login ok
2026-03-04 07:59:24 INFO cache hit
2026-03-04 07:59:26 INFO cache hit
2026-03-04 07:59:27 INFO request handled
2026-03-04 07:59:30 INFO background job finished
2026-03-04 07:59:33 INFO user login ok
2026-03-04 07:59:35 INFO user login ok
2026-03-04 07:59:37 INFO database timeout
2026-03-04 07:59:41 INFO user logout
2026-03-04 07:59:45 WARN disk usage high
2026-03-04 07:59:46 INFO slow query detected
2026-03-04 07:59:49 INFO request handled
2026-03-04 07:59:51 INFO user login ok
2026-03-04 07:59:54 INFO user login ok
2026-03-04 07:59:58 INFO invalid token
2026-03-04 07:59:59 INFO user login ok
2026-03-04 08:00:00 WARN background job finished
2026-03-04 08:00:03 INFO user logout
2026-03-04 08:00:04 INFO user logout
2026-03-04 08:00:08 INFO user login ok
2026-03-04 08:00:12 INFO background job finished
2026-03-04 08:00:15 INFO request handled
2026-03-04 08:00:16 INFO cache hit
2026-03-04 08:00:20 INFO connection reset by peer
2026-03-04 08:00:22 INFO cache miss
2026-03-04 08:00:24 INFO user logout
2026-03-04 08:00:27 WARN cache hit
2026-03-04 08:00:30 INFO request handled
2026-03-04 08:00:34 INFO slow query detected
2026-03-04 08:00:35 WARN cache hit
2026-03-04 08:00:38 INFO user login ok
2026-03-04 08:00:40 WARN background job finished
2026-03-04 08:00:42 INFO cache hit
2026-03-04 08:00:43 INFO database timeout
2026-03-04 08:00:46 WARN slow query detected
2026-03-04 08:00:50 INFO background job finished
2026-03-04 08:00:52 INFO slow query detected
2026-03-04 08:00:53 INFO user login ok
2026-03-04 08:00:55 WARN cache hit
### повреждённая строка ###
2026-03-04 08:01:01 INFO user login ok
2026-03-04 08:01:02 INFO request handled
2026-03-04 08:01:06 INFO user login ok
2026-03-04 08:01:10 INFO disk usage high
2026-03-04 08:01:11 INFO slow query detected
2026-03-04 08:01:12 INFO database timeout
2026-03-04 08:01:16 INFO config reloaded
2026-03-04 08:01:17 INFO user login ok
2026-03-04 08:01:20 ERROR background job finished
2026-03-04 08:01:23 INFO user login ok
2026-03-04 08:01:25 INFO user login ok
2026-03-04 08:01:26 INFO cache miss
2026-03-04 08:01:27 INFO user login ok
2026-03-04 08:01:28 INFO user login ok
2026-03-04 08:01:31 INFO config reloaded
2026-03-04 08:01:35 INFO user login ok
2026-03-04 08:01:38 INFO cache hit
2026-03-04 08:01:41 ERROR background job finished
2026-03-04 08:01:44 ERROR user login ok
2026-03-04 08:01:45 INFO connection reset by peer
2026-03-04 08:01:47 INFO config reloaded
2026-03-04 08:01:49 INFO user logout
2026-03-04 08:01:51 INFO slow query detected
2026-03-04 08:01:54 INFO request handled
2026-03-04 08:01:56 WARN request handled
2026-03-04 08:01:58 INFO user login ok
2026-03-04 08:02:01 INFO connection reset by peer
2026-03-04 08:02:05 INFO cache miss
2026-03-04 08:02:07 INFO request handled
2026-03-04 08:02:09 WARN database timeout
2026-03-04 08:02:13 INFO user login ok
2026-03-04 08:02:17 INFO user login ok
2026-03-04 08:02:20 INFO disk usage high
2026-03-04 08:02:23 INFO user login ok
2026-03-04 08:02:26 INFO cache miss
2026-03-04 08:02:29 INFO user login ok
2026-03-04 08:02:31 INFO cache miss
2026-03-04 08:02:35 WARN user logout
2026-03-04 08:02:37 INFO database timeout
2026-03-04 08:02:41 INFO cache miss
2026-03-04 08:02:42 INFO database timeout
2026-03-04 08:02:45 ERROR request handled
2026-03-04 08:02:47 WARN cache miss
2026-03-04 08:02:48 INFO user logout
2026-03-04 08:02:50 INFO invalid token
2026-03-04 08:02:51 INFO cache miss
2026-03-04 08:02:52 INFO user login ok
2026-03-04 08:02:53 INFO database timeout
2026-03-04 08:02:56 INFO user login ok
2026-03-04 08:02:58 INFO user login ok
2026-03-04 08:03:00 INFO cache hit
2026-03-04 08:03:02 INFO user login ok
2026-03-04 08:03:03 INFO user login ok
2026-03-04 08:03:07 INFO user login ok
2026-03-04 08:03:10 INFO slow query detected
2026-03-04 08:03:11 WARN disk usage high
2026-03-04 08:03:15 INFO cache hit
2026-03-04 08:03:17 INFO user login ok
2026-03-04 08:03:18 INFO invalid token
2026-03-04 08:03:21 WARN connection reset by peer
2026-03-04 08:03:24 INFO disk usage high
2026-03-04 08:03:28 INFO user login ok
2026-03-04 08:03:31 ERROR cache hit
2026-03-04 08:03:35 INFO connection reset by peer
2026-03-04 08:03:39 INFO database timeout
2026-03-04 08:03:43 INFO background job finished
2026-03-04 08:03:45 INFO database timeout
2026-03-04 08:03:49 ERROR user logout
2026-03-04 08:03:52 INFO user logout
2026-03-04 08:03:53 INFO slow query detected
2026-03-04 08:03:57 WARN config reloaded
2026-03-04 08:03:59 INFO user logout
2026-03-04 08:04:01 INFO disk usage high
2026-03-04 08:04:05 INFO config reloaded
2026-03-04 08:04:07 INFO cache miss
2026-03-04 08:04:11 INFO user login ok
2026-03-04 08:04:15 INFO invalid token
2026-03-04 08:04:16 INFO user logout
2026-03-04 08:04:18 INFO cache hit
2026-03-04 08:04:21 INFO cache miss
2026-03-04 08:04:23 INFO invalid token
2026-03-04 08:04:26 WARN cache miss
2026-03-04 08:04:28 INFO user login ok
2026-03-04 08:04:32 INFO user login ok
### повреждённая строка ###
2026-03-04 08:04:37 INFO connection reset by peer
2026-03-04 08:04:38 INFO slow query detected
2026-03-04 08:04:42 INFO cache miss
2026-03-04 08:04:44 WARN cache hit
2026-03-04 08:04:46 WARN invalid token
2026-03-04 08:04:48 INFO user logout
2026-03-04 08:04:51 WARN user login ok
2026-03-04 08:04:54 INFO user login ok
2026-03-04 08:04:55 WARN user logout
2026-03-04 08:04:56 INFO user logout
2026-03-04 08:04:58 INFO cache hit
2026-03-04 08:05:01 INFO user login ok
2026-03-04 08:05:03 WARN user login ok
2026-03-04 08:05:07 INFO user login ok
2026-03-04 08:05:08 INFO user logout
2026-03-04 08:05:11 INFO user login ok
2026-03-04 08:05:15 INFO invalid token
2026-03-04 08:05:18 INFO connection reset by peer
2026-03-04 08:05:21 WARN cache miss
2026-03-04 08:05:22 WARN cache miss
2026-03-04 08:05:25 INFO connection reset by peer
2026-03-04 08:05:27 INFO background job finished
2026-03-04 08:05:30 INFO cache miss
2026-03-04 08:05:34 INFO config reloaded
2026-03-04 08:05:36 INFO user login ok
2026-03-04 08:05:38 INFO request handled
2026-03-04 08:05:40 INFO user login ok
2026-03-04 08:05:44 INFO invalid token
2026-03-04 08:05:45 INFO config reloaded
2026-03-04 08:05:49 INFO cache miss
2026-03-04 08:05:53 INFO invalid token
2026-03-04 08:05:55 WARN user login ok
2026-03-04 08:05:57 INFO user logout
2026-03-04 08:06:00 INFO invalid token
2026-03-04 08:06:03 WARN user login ok
2026-03-04 08:06:06 INFO user login ok
2026-03-04 08:06:09 WARN cache hit
2026-03-04 08:06:11 INFO connection reset by peer
2026-03-04 08:06:15 INFO user logout
2026-03-04 08:06:17 WARN user login ok
2026-03-04 08:06:20 INFO request handled
2026-03-04 08:06:23 WARN cache miss
2026-03-04 08:06:26 INFO background job finished
2026-03-04 08:06:29 INFO user login ok
2026-03-04 08:06:31 WARN user logout
2026-03-04 08:06:32 INFO disk usage high
2026-03-04 08:06:33 INFO user logout
2026-03-04 08:06:37 INFO background job finished
2026-03-04 08:06:40 ERROR user login ok
2026-03-04 08:06:43 INFO config reloaded
2026-03-04 08:06:44 INFO cache hit
2026-03-04 08:06:45 INFO disk usage high
2026-03-04 08:06:46 INFO request handled
2026-03-04 08:06:48 INFO disk usage high
2026-03-04 08:06:49 INFO user login ok
2026-03-04 08:06:52 INFO user login ok
2026-03-04 08:06:55 INFO slow query detected
2026-03-04 08:06:58 WARN request handled
2026-03-04 08:07:00 INFO request handled
2026-03-04 08:07:04 INFO cache hit
2026-03-04 08:07:07 INFO user login ok
2026-03-04 08:07:11 INFO slow query detected
2026-03-04 08:07:12 INFO user login ok
2026-03-04 08:07:14 WARN user login ok
2026-03-04 08:07:15 INFO slow query detected
2026-03-04 08:07:18 INFO user login ok
2026-03-04 08:07:22 INFO user login ok
2026-03-04 08:07:24 INFO user logout
2026-03-04 08:07:27 INFO config reloaded
2026-03-04 08:07:28 INFO user login ok
2026-03-04 08:07:32 INFO cache miss
2026-03-04 08:07:33 INFO cache hit
2026-03-04 08:07:36 INFO background job finished
2026-03-04 08:07:40 INFO user login ok
2026-03-04 08:07:43 ERROR invalid token
2026-03-04 08:07:46 WARN request handled
2026-03-04 08:07:49 INFO request handled
2026-03-04 08:07:51 WARN slow query detected
2026-03-04 08:07:54 INFO user logout
2026-03-04 08:07:58 INFO cache miss
2026-03-04 08:08:01 INFO user login ok
2026-03-04 08:08:05 INFO user login ok
2026-03-04 08:08:07 WARN database timeout
2026-03-04 08:08:10 WARN user logout
2026-03-04 08:08:13 INFO cache miss
2026-03-04 08:08:16 WARN background job finished
2026-03-04 08:08:18 INFO cache hit
2026-03-04 08:08:20 INFO request handled
2026-03-04 08:08:22 INFO cache hit
2026-03-04 08:08:24 INFO disk usage high
2026-03-04 08:08:25 WARN user login ok
2026-03-04 08:08:29 INFO user login ok
2026-03-04 08:08:33 WARN user logout
2026-03-04 08:08:36 INFO connection reset by peer
2026-03-04 08:08:37 INFO user logout
2026-03-04 08:08:41 INFO user login ok
2026-03-04 08:08:43 INFO disk usage high
2026-03-04 08:08:46 INFO user login ok
2026-03-04 08:08:48 INFO cache hit
2026-03-04 08:08:50 INFO database timeout
2026-03-04 08:08:54 INFO user login ok
2026-03-04 08:08:56 INFO background job finished
2026-03-04 08:09:00 INFO user login ok
2026-03-04 08:09:03 INFO slow query detected
2026-03-04 08:09:05 WARN user login ok
2026-03-04 08:09:07 INFO cache miss
2026-03-04 08:09:08 INFO disk usage high
2026-03-04 08:09:09 INFO cache miss
2026-03-04 08:09:11 INFO slow query detected
2026-03-04 08:09:15 INFO user login ok
2026-03-04 08:09:16 INFO user login ok
2026-03-04 08:09:19 INFO user login ok
2026-03-04 08:09:22 ERROR connection reset by peer
2026-03-04 08:09:25 INFO user login ok
2026-03-04 08:09:29 INFO user logout
2026-03-04 08:09:32 INFO user login ok
2026-03-04 08:09:36 INFO cache hit
2026-03-04 08:09:37 INFO user login ok
2026-03-04 08:09:41 INFO user login ok
2026-03-04 08:09:45 INFO cache hit
2026-03-04 08:09:49 INFO user login ok
2026-03-04 08:09:53 WARN cache hit
2026-03-04 08:09:57 INFO background job finished
2026-03-04 08:10:01 WARN user login ok
2026-03-04 08:10:04 WARN request handled
2026-03-04 08:10:08 INFO user login ok
2026-03-04 08:10:10 INFO user login ok
2026-03-04 08:10:13 INFO user login ok
2026-03-04 08:10:16 INFO connection reset by peer
2026-03-04 08:10:19 INFO disk usage high
2026-03-04 08:10:23 INFO background job finished
2026-03-04 08:10:24 INFO config reloaded
2026-03-04 08:10:26 INFO user logout
2026-03-04 08:10:30 INFO background job finished
2026-03-04 08:10:33 WARN cache hit
2026-03-04 08:10:36 INFO database timeout
2026-03-04 08:10:38 WARN cache hit
2026-03-04 08:10:41 INFO user login ok
2026-03-04 08:10:44 INFO user login ok
2026-03-04 08:10:47 INFO invalid token
2026-03-04 08:10:50 INFO user login ok
2026-03-04 08:10:51 WARN user logout
2026-03-04 08:10:52 INFO cache miss
2026-03-04 08:10:53 WARN cache miss
2026-03-04 08:10:55 INFO user login ok
2026-03-04 08:10:58 INFO invalid token
2026-03-04 08:10:59 INFO user logout
2026-03-04 08:11:00 INFO background job finished
2026-03-04 08:11:03 INFO user login ok
2026-03-04 08:11:06 INFO config reloaded
2026-03-04 08:11:07 WARN user login ok
2026-03-04 08:11:11 INFO database timeout
2026-03-04 08:11:14 INFO connection reset by peer
2026-03-04 08:11:15 INFO cache hit
2026-03-04 08:11:18 WARN user login ok
2026-03-04 08:11:21 WARN request handled
2026-03-04 08:11:25 INFO request handled
2026-03-04 08:11:28 WARN user logout
2026-03-04 08:11:31 INFO connection reset by peer
2026-03-04 08:11:33 INFO connection reset by peer
2026-03-04 08:11:37 INFO background job finished
2026-03-04 08:11:41 INFO request handled
2026-03-04 08:11:43 WARN database timeout
2026-03-04 08:11:45 INFO user logout
2026-03-04 08:11:46 INFO user logout
2026-03-04 08:11:49 WARN request handled
2026-03-04 08:11:50 INFO slow query detected
2026-03-04 08:11:53 INFO cache hit
2026-03-04 08:11:54 INFO cache miss
2026-03-04 08:11:57 INFO connection reset by peer
2026-03-04 08:11:59 INFO cache miss
2026-03-04 08:12:02 INFO user login ok
2026-03-04 08:12:05 WARN connection reset by peer
2026-03-04 08:12:06 INFO user logout
2026-03-04 08:12:09 ERROR disk usage high
2026-03-04 08:12:13 INFO user login ok
2026-03-04 08:12:16 INFO slow query detected
2026-03-04 08:12:18 INFO user logout
2026-03-04 08:12:22 WARN user login ok
2026-03-04 08:12:24 INFO cache miss
2026-03-04 08:12:27 INFO user login ok
2026-03-04 08:12:31 INFO user logout
2026-03-04 08:12:34 INFO invalid token
2026-03-04 08:12:37 INFO user login ok
2026-03-04 08:12:41 INFO user login ok
2026-03-04 08:12:42 INFO database timeout
2026-03-04 08:12:44 WARN disk usage high
2026-03-04 08:12:48 INFO user login ok
2026-03-04 08:12:51 INFO user logout
2026-03-04 08:12:54 INFO cache miss
2026-03-04 08:12:58 WARN request handled
2026-03-04 08:13:02 INFO user login ok
2026-03-04 08:13:04 ERROR user login ok
2026-03-04 08:13:06 INFO user login ok
2026-03-04 08:13:07 INFO user login ok
2026-03-04 08:13:08 WARN user login ok
2026-03-04 08:13:10 INFO user logout
2026-03-04 08:13:12 INFO user logout
2026-03-04 08:13:14 INFO user logout
2026-03-04 08:13:18 ERROR user login ok
2026-03-04 08:13:22 INFO user login ok
2026-03-04 08:13:24 INFO background job finished
2026-03-04 08:13:25 ERROR user login ok
2026-03-04 08:13:26 INFO user login ok
2026-03-04 08:13:29 INFO user logout
2026-03-04 08:13:32 INFO user login ok
2026-03-04 08:13:36 INFO user login ok
2026-03-04 08:13:37 INFO slow query detected
2026-03-04 08:13:41 ERROR user login ok
2026-03-04 08:13:43 INFO cache miss
2026-03-04 08:13:45 WARN cache hit
2026-03-04 08:13:46 INFO cache hit
2026-03-04 08:13:49 INFO request handled
2026-03-04 08:13:52 INFO user logout
2026-03-04 08:13:55 WARN user login ok
2026-03-04 08:13:59 INFO user logout
2026-03-04 08:14:00 INFO disk usage high
2026-03-04 08:14:04 INFO cache miss
2026-03-04 08:14:06 INFO user login ok
2026-03-04 08:14:09 INFO config reloaded
2026-03-04 08:14:13 INFO user login ok
2026-03-04 08:14:14 WARN user login ok
2026-03-04 08:14:17 INFO user logout
2026-03-04 08:14:21 INFO cache miss
2026-03-04 08:14:25 WARN user login ok
2026-03-04 08:14:26 INFO user login ok
2026-03-04 08:14:30 ERROR cache hit
2026-03-04 08:14:31 INFO config reloaded
2026-03-04 08:14:33 INFO disk usage high
2026-03-04 08:14:35 INFO request handled
2026-03-04 08:14:37 WARN background job finished
2026-03-04 08:14:38 INFO connection reset by peer
2026-03-04 08:14:40 INFO database timeout
2026-03-04 08:14:41 INFO cache miss
2026-03-04 08:14:45 INFO user logout
2026-03-04 08:14:46 INFO slow query detected
2026-03-04 08:14:48 ERROR disk usage high
2026-03-04 08:14:50 WARN user login ok
### повреждённая строка ###
2026-03-04 08:14:55 INFO request handled
2026-03-04 08:14:57 WARN cache hit
2026-03-04 08:14:58 INFO cache miss
2026-03-04 08:15:00 WARN user logout
2026-03-04 08:15:02 INFO background job finished
2026-03-04 08:15:04 INFO user login ok
2026-03-04 08:15:05 INFO config reloaded
2026-03-04 08:15:06 INFO user login ok
2026-03-04 08:15:10 INFO user login ok
2026-03-04 08:15:14 ERROR background job finished
2026-03-04 08:15:18 INFO invalid token
2026-03-04 08:15:22 WARN connection reset by peer
2026-03-04 08:15:24 INFO database timeout
2026-03-04 08:15:27 INFO background job finished
2026-03-04 08:15:28 INFO connection reset by peer
2026-03-04 08:15:31 INFO slow query detected
2026-03-04 08:15:34 INFO invalid token
2026-03-04 08:15:35 WARN slow query detected
2026-03-04 08:15:39 INFO user login ok
2026-03-04 08:15:43 ERROR connection reset by peer
2026-03-04 08:15:44 INFO disk usage high
2026-03-04 08:15:45 INFO background job finished
2026-03-04 08:15:46 ERROR cache hit
2026-03-04 08:15:48 INFO user login ok
2026-03-04 08:15:49 INFO request handled
2026-03-04 08:15:50 INFO user logout
2026-03-04 08:15:52 INFO connection reset by peer
2026-03-04 08:15:55 INFO cache miss
2026-03-04 08:15:59 INFO cache miss
2026-03-04 08:16:01 INFO slow query detected
2026-03-04 08:16:02 INFO config reloaded
2026-03-04 08:16:04 INFO cache hit
2026-03-04 08:16:06 INFO user login ok
2026-03-04 08:16:09 INFO cache hit
2026-03-04 08:16:10 INFO request handled
2026-03-04 08:16:12 INFO cache hit
2026-03-04 08:16:13 WARN connection reset by peer
2026-03-04 08:16:17 INFO invalid token
2026-03-04 08:16:20 INFO user login ok
2026-03-04 08:16:22 INFO user logout
2026-03-04 08:16:23 INFO request handled
2026-03-04 08:16:26 INFO user logout
2026-03-04 08:16:29 INFO user logout
2026-03-04 08:16:31 WARN user logout
2026-03-04 08:16:33 INFO cache hit
2026-03-04 08:16:37 INFO disk usage high
2026-03-04 08:16:38 INFO cache miss
2026-03-04 08:16:41 WARN connection reset by peer
2026-03-04 08:16:45 ERROR user login ok
2026-03-04 08:16:49 ERROR user logout
2026-03-04 08:16:50 INFO background job finished
2026-03-04 08:16:52 WARN request handled
2026-03-04 08:16:53 ERROR disk usage high
2026-03-04 08:16:54 INFO user login ok
2026-03-04 08:16:55 INFO database timeout
2026-03-04 08:16:59 INFO disk usage high
2026-03-04 08:17:00 WARN background job finished
2026-03-04 08:17:04 INFO request handled
2026-03-04 08:17:05 INFO config reloaded
2026-03-04 08:17:08 ERROR cache hit
2026-03-04 08:17:10 INFO background job finished
2026-03-04 08:17:14 INFO user login ok
2026-03-04 08:17:18 ERROR user login ok
2026-03-04 08:17:22 WARN user login ok
2026-03-04 08:17:24 INFO user login ok
2026-03-04 08:17:26 INFO cache miss
2026-03-04 08:17:29 INFO user login ok
2026-03-04 08:17:30 INFO user login ok
2026-03-04 08:17:32 INFO config reloaded
2026-03-04 08:17:35 INFO cache miss
2026-03-04 08:17:39 INFO slow query detected
2026-03-04 08:17:41 WARN user login ok
2026-03-04 08:17:43 INFO user login ok
2026-03-04 08:17:45 INFO user login ok
2026-03-04 08:17:47 INFO cache hit
2026-03-04 08:17:49 INFO slow query detected
2026-03-04 08:17:53 INFO user logout
2026-03-04 08:17:57 INFO cache hit
2026-03-04 08:18:01 ERROR config reloaded
2026-03-04 08:18:04 INFO user login ok
2026-03-04 08:18:06 INFO slow query detected
2026-03-04 08:18:10 INFO user logout
2026-03-04 08:18:11 WARN user login ok
2026-03-04 08:18:14 WARN connection reset by peer
2026-03-04 08:18:16 INFO user login ok
2026-03-04 08:18:20 INFO cache miss
2026-03-04 08:18:21 INFO user login ok
2026-03-04 08:18:24 INFO cache hit
2026-03-04 08:18:25 INFO user logout
2026-03-04 08:18:28 INFO slow query detected
2026-03-04 08:18:30 INFO user login ok
2026-03-04 08:18:33 INFO disk usage high
2026-03-04 08:18:34 INFO user logout
2026-03-04 08:18:38 INFO background job finished
2026-03-04 08:18:40 INFO user login ok
2026-03-04 08:18:43 INFO slow query detected
2026-03-04 08:18:47 WARN user login ok
2026-03-04 08:18:50 INFO connection reset by peer
2026-03-04 08:18:52 INFO invalid token
2026-03-04 08:18:53 WARN user logout
2026-03-04 08:18:57 INFO user logout
2026-03-04 08:18:59 ERROR cache hit
2026-03-04 08:19:03 INFO disk usage high
2026-03-04 08:19:07 INFO config reloaded
2026-03-04 08:19:11 INFO slow query detected
2026-03-04 08:19:14 INFO user login ok
2026-03-04 08:19:17 INFO user login ok
2026-03-04 08:19:21 INFO slow query detected
2026-03-04 08:19:25 INFO cache hit
2026-03-04 08:19:28 INFO cache miss
2026-03-04 08:19:32 INFO request handled
2026-03-04 08:19:34 INFO background job finished
2026-03-04 08:19:35 INFO user login ok
2026-03-04 08:19:37 INFO slow query detected
2026-03-04 08:19:41 INFO slow query detected
2026-03-04 08:19:43 INFO cache hit
2026-03-04 08:19:44 INFO disk usage high
2026-03-04 08:19:45 ERROR slow query detected
2026-03-04 08:19:46 INFO connection reset by peer
### повреждённая строка ###
2026-03-04 08:19:48 INFO slow query detected
2026-03-04 08:19:52 INFO cache miss
2026-03-04 08:19:54 INFO slow query detected
2026-03-04 08:19:58 INFO database timeout
2026-03-04 08:20:00 INFO user logout
2026-03-04 08:20:04 INFO user logout
### повреждённая строка ###
### повреждённая строка ###
2026-03-04 08:20:12 INFO slow query detected
2026-03-04 08:20:14 INFO user logout
2026-03-04 08:20:17 INFO config reloaded
2026-03-04 08:20:20 WARN user login ok
2026-03-04 08:20:22 INFO invalid token
2026-03-04 08:20:25 INFO cache hit
2026-03-04 08:20:26 INFO disk usage high
2026-03-04 08:20:28 WARN cache miss
2026-03-04 08:20:31 INFO cache hit
2026-03-04 08:20:33 INFO cache miss
2026-03-04 08:20:35 INFO background job finished
2026-03-04 08:20:37 INFO user logout
2026-03-04 08:20:40 WARN invalid token
2026-03-04 08:20:41 INFO invalid token
2026-03-04 08:20:43 WARN cache hit
2026-03-04 08:20:45 INFO user logout
2026-03-04 08:20:49 WARN slow query detected
2026-03-04 08:20:52 INFO connection reset by peer
2026-03-04 08:20:56 INFO database timeout
2026-03-04 08:20:59 INFO cache hit
2026-03-04 08:21:03 WARN connection reset by peer
2026-03-04 08:21:04 INFO user login ok
2026-03-04 08:21:08 INFO slow query detected
2026-03-04 08:21:10 WARN request handled
2026-03-04 08:21:14 WARN user login ok
2026-03-04 08:21:16 INFO disk usage high
2026-03-04 08:21:19 INFO database timeout
2026-03-04 08:21:23 INFO slow query detected
2026-03-04 08:21:27 INFO user login ok
2026-03-04 08:21:31 ERROR user login ok
2026-03-04 08:21:34 INFO connection reset by peer
2026-03-04 08:21:36 INFO config reloaded
2026-03-04 08:21:37 INFO user logout
2026-03-04 08:21:38 WARN config reloaded
2026-03-04 08:21:39 INFO user login ok
2026-03-04 08:21:40 INFO invalid token
2026-03-04 08:21:44 INFO config reloaded
2026-03-04 08:21:48 WARN user login ok
2026-03-04 08:21:51 INFO user login ok
2026-03-04 08:21:54 INFO cache miss
2026-03-04 08:21:57 INFO disk usage high
2026-03-04 08:22:00 INFO background job finished
2026-03-04 08:22:01 INFO user login ok
2026-03-04 08:22:04 INFO cache hit
2026-03-04 08:22:06 INFO cache miss
2026-03-04 08:22:09 INFO invalid token
2026-03-04 08:22:13 INFO connection reset by peer
### повреждённая строка ###
2026-03-04 08:22:20 WARN user login ok
2026-03-04 08:22:24 WARN disk usage high
2026-03-04 08:22:28 WARN request handled
2026-03-04 08:22:31 INFO invalid token
2026-03-04 08:22:32 INFO user login ok
2026-03-04 08:22:33 INFO database timeout
2026-03-04 08:22:34 INFO cache hit
2026-03-04 08:22:37 INFO disk usage high
2026-03-04 08:22:38 WARN request handled
2026-03-04 08:22:41 INFO connection reset by peer
2026-03-04 08:22:42 INFO user login ok
2026-03-04 08:22:44 INFO user login ok
2026-03-04 08:22:45 INFO database timeout
2026-03-04 08:22:49 INFO disk usage high
2026-03-04 08:22:52 INFO cache hit
2026-03-04 08:22:55 INFO disk usage high
2026-03-04 08:22:59 ERROR user login ok
2026-03-04 08:23:02 INFO background job finished
2026-03-04 08:23:04 INFO user login ok
2026-03-04 08:23:05 ERROR request handled
2026-03-04 08:23:08 INFO slow query detected
2026-03-04 08:23:11 INFO cache miss
2026-03-04 08:23:15 INFO invalid token
2026-03-04 08:23:16 WARN request handled
2026-03-04 08:23:20 INFO database timeout
2026-03-04 08:23:21 INFO cache miss
2026-03-04 08:23:22 ERROR user login ok
2026-03-04 08:23:26 INFO config reloaded
2026-03-04 08:23:29 ERROR user login ok
2026-03-04 08:23:33 INFO user login ok
2026-03-04 08:23:35 INFO cache miss
2026-03-04 08:23:39 INFO user login ok
2026-03-04 08:23:41 INFO disk usage high
2026-03-04 08:23:44 INFO background job finished
2026-03-04 08:23:46 INFO request handled
2026-03-04 08:23:49 INFO slow query detected
2026-03-04 08:23:52 INFO invalid token
2026-03-04 08:23:56 INFO cache hit
2026-03-04 08:23:57 INFO user login ok
2026-03-04 08:23:58 INFO background job finished
2026-03-04 08:23:59 INFO background job finished
2026-03-04 08:24:01 INFO database timeout
2026-03-04 08:24:05 INFO user logout
2026-03-04 08:24:06 ERROR user login ok
2026-03-04 08:24:09 INFO config reloaded
2026-03-04 08:24:12 INFO config reloaded
2026-03-04 08:24:15 INFO connection reset by peer
2026-03-04 08:24:18 INFO cache miss
2026-03-04 08:24:19 INFO cache miss
2026-03-04 08:24:22 INFO slow query detected
2026-03-04 08:24:23 INFO slow query detected
2026-03-04 08:24:27 INFO user login ok
2026-03-04 08:24:31 INFO user login ok
2026-03-04 08:24:32 WARN database timeout
2026-03-04 08:24:33 INFO user login ok
2026-03-04 08:24:36 INFO user login ok
2026-03-04 08:24:39 WARN user logout
2026-03-04 08:24:40 WARN user login ok
2026-03-04 08:24:44 INFO user logout
2026-03-04 08:24:46 INFO background job finished
2026-03-04 08:24:47 INFO cache miss
2026-03-04 08:24:50 WARN cache hit
2026-03-04 08:24:53 INFO invalid token
2026-03-04 08:24:55 WARN request handled
2026-03-04 08:24:57 INFO config reloaded
2026-03-04 08:24:58 ERROR user login ok
2026-03-04 08:25:02 INFO config reloaded
2026-03-04 08:25:06 INFO user login ok
2026-03-04 08:25:07 INFO user login ok
2026-03-04 08:25:11 WARN user login ok
2026-03-04 08:25:14 INFO background job finished
2026-03-04 08:25:16 INFO config reloaded
2026-03-04 08:25:18 INFO user login ok
2026-03-04 08:25:20 INFO user login ok
2026-03-04 08:25:22 INFO user login ok
2026-03-04 08:25:25 ERROR connection reset by peer
2026-03-04 08:25:27 INFO invalid token
2026-03-04 08:25:30 INFO config reloaded
2026-03-04 08:25:33 INFO user logout
2026-03-04 08:25:36 INFO invalid token
2026-03-04 08:25:40 INFO request handled
2026-03-04 08:25:43 INFO cache miss
2026-03-04 08:25:46 INFO slow query detected
2026-03-04 08:25:50 ERROR cache hit
2026-03-04 08:25:51 INFO user login ok
2026-03-04 08:25:55 INFO request handled
2026-03-04 08:25:57 INFO cache miss
2026-03-04 08:26:01 INFO user login ok
2026-03-04 08:26:02 WARN user logout
2026-03-04 08:26:04 INFO config reloaded
2026-03-04 08:26:06 WARN connection reset by peer
2026-03-04 08:26:09 INFO cache hit
2026-03-04 08:26:10 WARN user login ok
2026-03-04 08:26:13 INFO disk usage high
2026-03-04 08:26:17 INFO user login ok
2026-03-04 08:26:18 INFO connection reset by peer
2026-03-04 08:26:19 INFO slow query detected
2026-03-04 08:26:23 WARN request handled
2026-03-04 08:26:24 WARN config reloaded
2026-03-04 08:26:28 INFO disk usage high
2026-03-04 08:26:31 INFO database timeout
2026-03-04 08:26:33 INFO cache hit
2026-03-04 08:26:34 INFO user login ok
2026-03-04 08:26:38 WARN config reloaded
2026-03-04 08:26:41 INFO cache hit
2026-03-04 08:26:45 INFO user login ok
2026-03-04 08:26:49 INFO request handled
2026-03-04 08:26:53 INFO cache hit
2026-03-04 08:26:54 ERROR slow query detected
2026-03-04 08:26:58 INFO background job finished
2026-03-04 08:27:01 WARN user login ok
2026-03-04 08:27:03 INFO config reloaded
2026-03-04 08:27:04 INFO user login ok
2026-03-04 08:27:05 INFO user login ok
2026-03-04 08:27:07 INFO disk usage high
2026-03-04 08:27:10 INFO user login ok
2026-03-04 08:27:13 INFO user logout
2026-03-04 08:27:16 INFO background job finished
2026-03-04 08:27:18 INFO slow query detected
2026-03-04 08:27:20 INFO connection reset by peer
2026-03-04 08:27:22 INFO request handled
2026-03-04 08:27:24 INFO user logout
2026-03-04 08:27:25 INFO cache miss
2026-03-04 08:27:27 INFO user logout
2026-03-04 08:27:30 INFO disk usage high
2026-03-04 08:27:33 INFO cache miss
2026-03-04 08:27:34 INFO connection reset by peer
2026-03-04 08:27:36 INFO cache miss
2026-03-04 08:27:40 INFO background job finished
2026-03-04 08:27:42 INFO connection reset by peer
2026-03-04 08:27:45 INFO connection reset by peer
2026-03-04 08:27:47 INFO user login ok
2026-03-04 08:27:48 INFO user logout
2026-03-04 08:27:49 INFO request handled
2026-03-04 08:27:53 INFO user login ok
2026-03-04 08:27:56 INFO user login ok
2026-03-04 08:28:00 INFO request handled
2026-03-04 08:28:03 INFO user login ok
2026-03-04 08:28:05 INFO connection reset by peer
2026-03-04 08:28:07 INFO config reloaded
2026-03-04 08:28:09 INFO request handled
2026-03-04 08:28:10 INFO background job finished
2026-03-04 08:28:14 INFO database timeout
2026-03-04 08:28:15 INFO user login ok
2026-03-04 08:28:16 INFO cache hit
2026-03-04 08:28:20 INFO cache hit
2026-03-04 08:28:22 INFO database timeout
2026-03-04 08:28:24 INFO user login ok
2026-03-04 08:28:28 INFO user login ok
2026-03-04 08:28:31 INFO user logout
2026-03-04 08:28:35 INFO user login ok
2026-03-04 08:28:37 INFO user login ok
2026-03-04 08:28:40 WARN connection reset by peer
2026-03-04 08:28:44 INFO user logout
2026-03-04 08:28:48 INFO user login ok
2026-03-04 08:28:49 INFO disk usage high
2026-03-04 08:28:50 WARN request handled
2026-03-04 08:28:51 INFO user login ok
2026-03-04 08:28:54 ERROR cache hit
2026-03-04 08:28:56 INFO invalid token
2026-03-04 08:29:00 INFO user logout
2026-03-04 08:29:02 INFO background job finished
2026-03-04 08:29:04 INFO cache hit
2026-03-04 08:29:06 INFO cache miss
2026-03-04 08:29:09 INFO user logout
2026-03-04 08:29:11 INFO database timeout
2026-03-04 08:29:15 INFO disk usage high
2026-03-04 08:29:16 INFO background job finished
2026-03-04 08:29:19 WARN user login ok
2026-03-04 08:29:20 INFO connection reset by peer
2026-03-04 08:29:22 INFO invalid token
2026-03-04 08:29:23 INFO user login ok
2026-03-04 08:29:27 INFO cache hit
2026-03-04 08:29:29 WARN user logout
2026-03-04 08:29:32 INFO background job finished
2026-03-04 08:29:36 INFO cache miss
2026-03-04 08:29:37 INFO user login ok
2026-03-04 08:29:39 INFO user logout
2026-03-04 08:29:41 INFO cache miss
2026-03-04 08:29:45 ERROR database timeout
### повреждённая строка ###
2026-03-04 08:29:50 INFO user logout
2026-03-04 08:29:53 INFO cache hit
2026-03-04 08:29:54 WARN connection reset by peer
2026-03-04 08:29:56 INFO disk usage high
2026-03-04 08:29:58 INFO user logout
2026-03-04 08:29:59 ERROR user logout
2026-03-04 08:30:00 INFO slow query detected
2026-03-04 08:30:01 INFO connection reset by peer
2026-03-04 08:30:04 INFO user login ok
2026-03-04 08:30:06 INFO cache hit
### повреждённая строка ###
2026-03-04 08:30:10 WARN user logout
2026-03-04 08:30:12 WARN user login ok
2026-03-04 08:30:13 WARN user logout
2026-03-04 08:30:17 ERROR disk usage high
2026-03-04 08:30:21 INFO database timeout
2026-03-04 08:30:24 INFO disk usage high
2026-03-04 08:30:27 INFO user login ok
2026-03-04 08:30:30 INFO disk usage high
2026-03-04 08:30:32 INFO user logout
2026-03-04 08:30:35 INFO background job finished
2026-03-04 08:30:37 INFO cache miss
2026-03-04 08:30:41 ERROR user login ok
2026-03-04 08:30:43 INFO background job finished
2026-03-04 08:30:47 INFO user logout
2026-03-04 08:30:48 WARN request handled
2026-03-04 08:30:52 INFO disk usage high
2026-03-04 08:30:53 INFO invalid token
2026-03-04 08:30:54 WARN user login ok
2026-03-04 08:30:55 WARN user login ok
2026-03-04 08:30:57 INFO cache hit
2026-03-04 08:30:59 INFO user login ok
2026-03-04 08:31:00 INFO cache hit
2026-03-04 08:31:03 INFO user login ok
2026-03-04 08:31:04 INFO user login ok
2026-03-04 08:31:08 INFO user logout
2026-03-04 08:31:11 INFO user login ok
2026-03-04 08:31:12 INFO slow query detected
2026-03-04 08:31:16 INFO background job finished
2026-03-04 08:31:20 INFO invalid token
2026-03-04 08:31:24 INFO cache hit
2026-03-04 08:31:28 ERROR user logout
2026-03-04 08:31:29 INFO invalid token
2026-03-04 08:31:33 INFO user login ok
2026-03-04 08:31:36 INFO user login ok
2026-03-04 08:31:40 INFO cache miss
2026-03-04 08:31:42 ERROR user login ok
2026-03-04 08:31:43 INFO config reloaded
2026-03-04 08:31:47 INFO user logout
2026-03-04 08:31:48 INFO config reloaded
2026-03-04 08:31:49 INFO user logout
2026-03-04 08:31:51 INFO cache miss
2026-03-04 08:31:52 INFO user logout
2026-03-04 08:31:56 INFO cache miss
2026-03-04 08:32:00 INFO user login ok
2026-03-04 08:32:04 INFO disk usage high
2026-03-04 08:32:06 INFO user logout
2026-03-04 08:32:07 INFO disk usage high
2026-03-04 08:32:09 INFO user logout
2026-03-04 08:32:10 INFO cache miss
### повреждённая строка ###
2026-03-04 08:32:16 INFO user login ok
2026-03-04 08:32:20 INFO user login ok
2026-03-04 08:32:23 INFO config reloaded
2026-03-04 08:32:25 INFO database timeout
2026-03-04 08:32:26 ERROR background job finished
2026-03-04 08:32:28 INFO background job finished
2026-03-04 08:32:29 INFO cache miss
2026-03-04 08:32:30 INFO cache miss
2026-03-04 08:32:32 INFO cache miss
2026-03-04 08:32:33 INFO user login ok
2026-03-04 08:32:37 INFO cache hit
2026-03-04 08:32:38 INFO user login ok
2026-03-04 08:32:39 INFO user login ok
2026-03-04 08:32:42 INFO request handled
2026-03-04 08:32:45 INFO config reloaded
2026-03-04 08:32:46 INFO user login ok
2026-03-04 08:32:49 ERROR database timeout
2026-03-04 08:32:50 ERROR disk usage high
2026-03-04 08:32:51 INFO user logout
2026-03-04 08:32:55 INFO database timeout
2026-03-04 08:32:56 INFO user login ok
2026-03-04 08:32:57 WARN user login ok
2026-03-04 08:33:00 INFO user login ok
2026-03-04 08:33:04 INFO connection reset by peer
2026-03-04 08:33:07 INFO cache hit
2026-03-04 08:33:10 INFO slow query detected
2026-03-04 08:33:11 INFO user login ok
2026-03-04 08:33:15 INFO user login ok
2026-03-04 08:33:18 WARN database timeout
2026-03-04 08:33:22 INFO request handled
2026-03-04 08:33:25 INFO cache hit
2026-03-04 08:33:26 INFO user logout
2026-03-04 08:33:30 INFO user login ok
2026-03-04 08:33:32 INFO connection reset by peer
2026-03-04 08:33:33 WARN user logout
2026-03-04 08:33:37 INFO slow query detected
2026-03-04 08:33:39 INFO request handled
2026-03-04 08:33:43 INFO background job finished
2026-03-04 08:33:45 INFO cache hit
2026-03-04 08:33:47 INFO user logout
2026-03-04 08:33:50 INFO request handled
2026-03-04 08:33:52 INFO connection reset by peer
2026-03-04 08:33:54 INFO user login ok
2026-03-04 08:33:58 INFO slow query detected
2026-03-04 08:34:02 INFO user logout
2026-03-04 08:34:06 ERROR cache miss
2026-03-04 08:34:08 INFO config reloaded
2026-03-04 08:34:09 ERROR request handled
2026-03-04 08:34:12 INFO slow query detected
2026-03-04 08:34:16 INFO cache miss
2026-03-04 08:34:19 INFO cache hit
2026-03-04 08:34:20 ERROR invalid token
2026-03-04 08:34:24 INFO background job finished
2026-03-04 08:34:26 WARN user login ok
2026-03-04 08:34:28 INFO user login ok
2026-03-04 08:34:29 INFO request handled
2026-03-04 08:34:32 INFO user login ok
2026-03-04 08:34:33 INFO cache miss
2026-03-04 08:34:36 INFO connection reset by peer
2026-03-04 08:34:37 INFO cache miss
2026-03-04 08:34:40 INFO user login ok
2026-03-04 08:34:44 INFO cache miss
2026-03-04 08:34:48 INFO background job finished
2026-03-04 08:34:50 INFO user login ok
2026-03-04 08:34:53 INFO user logout
2026-03-04 08:34:55 INFO database timeout
2026-03-04 08:34:59 INFO cache miss
2026-03-04 08:35:02 INFO background job finished
2026-03-04 08:35:05 WARN disk usage high
2026-03-04 08:35:09 INFO database timeout
2026-03-04 08:35:13 INFO cache hit
2026-03-04 08:35:15 INFO cache miss
2026-03-04 08:35:18 INFO invalid token
2026-03-04 08:35:20 INFO background job finished
2026-03-04 08:35:24 INFO slow query detected
2026-03-04 08:35:27 ERROR cache miss
2026-03-04 08:35:30 INFO user logout
2026-03-04 08:35:33 INFO invalid token
### повреждённая строка ###
2026-03-04 08:35:37 INFO user login ok
2026-03-04 08:35:38 WARN cache miss
2026-03-04 08:35:39 INFO cache miss
2026-03-04 08:35:43 INFO user login ok
2026-03-04 08:35:45 INFO user logout
2026-03-04 08:35:47 INFO connection reset by peer
2026-03-04 08:35:51 WARN user login ok
2026-03-04 08:35:54 INFO user login ok
2026-03-04 08:35:58 WARN connection reset by peer
2026-03-04 08:35:59 INFO cache hit
2026-03-04 08:36:00 INFO user login ok
2026-03-04 08:36:04 WARN slow query detected
2026-03-04 08:36:06 INFO connection reset by peer
2026-03-04 08:36:09 INFO user login ok
2026-03-04 08:36:11 ERROR invalid token
2026-03-04 08:36:12 INFO user login ok
2026-03-04 08:36:13 INFO background job finished
2026-03-04 08:36:14 INFO connection reset by peer
2026-03-04 08:36:17 WARN user logout
2026-03-04 08:36:19 ERROR user login ok
2026-03-04 08:36:22 INFO disk usage high
2026-03-04 08:36:25 INFO cache miss
2026-03-04 08:36:28 INFO background job finished
2026-03-04 08:36:29 INFO database timeout
2026-03-04 08:36:33 INFO user login ok
2026-03-04 08:36:34 INFO cache miss
2026-03-04 08:36:35 INFO user logout
2026-03-04 08:36:39 INFO user login ok
2026-03-04 08:36:42 WARN user login ok
2026-03-04 08:36:44 INFO invalid token
2026-03-04 08:36:47 INFO user login ok
2026-03-04 08:36:49 WARN user logout
2026-03-04 08:36:53 INFO disk usage high
2026-03-04 08:36:54 INFO config reloaded
2026-03-04 08:36:56 INFO user login ok
2026-03-04 08:36:59 INFO user login ok
2026-03-04 08:37:02 INFO cache hit
2026-03-04 08:37:06 WARN invalid token
2026-03-04 08:37:08 INFO invalid token
2026-03-04 08:37:10 INFO slow query detected
2026-03-04 08:37:13 INFO request handled
2026-03-04 08:37:15 INFO database timeout
2026-03-04 08:37:18 WARN user login ok
2026-03-04 08:37:19 INFO cache miss
2026-03-04 08:37:22 WARN cache miss
2026-03-04 08:37:23 WARN user logout
2026-03-04 08:37:26 INFO user login ok
2026-03-04 08:37:27 INFO cache hit
2026-03-04 08:37:28 INFO disk usage high
2026-03-04 08:37:29 INFO request handled
2026-03-04 08:37:31 INFO slow query detected
2026-03-04 08:37:32 INFO user logout
2026-03-04 08:37:34 INFO cache hit
2026-03-04 08:37:35 INFO config reloaded
2026-03-04 08:37:36 INFO disk usage high
2026-03-04 08:37:37 INFO cache hit
2026-03-04 08:37:41 INFO slow query detected
2026-03-04 08:37:44 WARN user login ok
2026-03-04 08:37:45 INFO user login ok
2026-03-04 08:37:49 INFO request handled
2026-03-04 08:37:50 INFO background job finished
2026-03-04 08:37:54 WARN config reloaded
2026-03-04 08:37:56 WARN cache hit
2026-03-04 08:37:58 INFO cache hit
2026-03-04 08:38:00 INFO connection reset by peer
2026-03-04 08:38:03 INFO request handled
2026-03-04 08:38:04 INFO slow query detected
2026-03-04 08:38:05 WARN cache hit
2026-03-04 08:38:09 WARN user login ok
2026-03-04 08:38:13 INFO user logout
2026-03-04 08:38:17 INFO connection reset by peer
2026-03-04 08:38:18 INFO cache miss
2026-03-04 08:38:22 INFO invalid token
2026-03-04 08:38:23 INFO connection reset by peer
2026-03-04 08:38:27 INFO disk usage high
2026-03-04 08:38:29 WARN slow query detected
2026-03-04 08:38:32 INFO request handled
2026-03-04 08:38:36 INFO user logout
2026-03-04 08:38:37 INFO user login ok
2026-03-04 08:38:38 INFO user login ok
2026-03-04 08:38:42 WARN invalid token
2026-03-04 08:38:43 INFO cache hit
2026-03-04 08:38:46 ERROR user logout
2026-03-04 08:38:47 INFO connection reset by peer
2026-03-04 08:38:48 ERROR invalid token
2026-03-04 08:38:51 INFO user logout
2026-03-04 08:38:55 INFO user login ok
2026-03-04 08:38:56 INFO user logout
2026-03-04 08:38:58 INFO user logout
2026-03-04 08:39:01 INFO slow query detected
2026-03-04 08:39:02 INFO disk usage high
2026-03-04 08:39:03 INFO slow query detected
2026-03-04 08:39:07 INFO user login ok
2026-03-04 08:39:08 INFO user logout
2026-03-04 08:39:10 INFO invalid token
2026-03-04 08:39:13 WARN database timeout
2026-03-04 08:39:15 INFO user login ok
2026-03-04 08:39:19 INFO user login ok
2026-03-04 08:39:21 INFO cache hit
2026-03-04 08:39:24 INFO connection reset by peer
2026-03-04 08:39:25 INFO cache hit
2026-03-04 08:39:29 INFO database timeout
2026-03-04 08:39:33 INFO user login ok
2026-03-04 08:39:36 INFO cache hit
2026-03-04 08:39:40 INFO user logout
2026-03-04 08:39:41 INFO disk usage high
2026-03-04 08:39:42 INFO user logout
2026-03-04 08:39:46 INFO cache hit
2026-03-04 08:39:48 INFO disk usage high
2026-03-04 08:39:51 INFO database timeout
2026-03-04 08:39:55 INFO background job finished
2026-03-04 08:39:59 INFO cache hit
2026-03-04 08:40:00 INFO user login ok
2026-03-04 08:40:04 INFO user logout
2026-03-04 08:40:06 WARN disk usage high
2026-03-04 08:40:07 ERROR invalid token
2026-03-04 08:40:08 INFO user login ok
2026-03-04 08:40:09 WARN connection reset by peer
2026-03-04 08:40:10 INFO user logout
2026-03-04 08:40:12 WARN config reloaded
2026-03-04 08:40:13 INFO user login ok
2026-03-04 08:40:16 INFO cache hit
2026-03-04 08:40:20 INFO user login ok
2026-03-04 08:40:23 INFO user logout
2026-03-04 08:40:24 INFO config reloaded
2026-03-04 08:40:27 INFO invalid token
2026-03-04 08:40:30 WARN user login ok
2026-03-04 08:40:33 INFO config reloaded
2026-03-04 08:40:34 INFO disk usage high
2026-03-04 08:40:36 WARN cache miss
2026-03-04 08:40:38 INFO user login ok
2026-03-04 08:40:42 ERROR slow query detected
2026-03-04 08:40:45 INFO database timeout
2026-03-04 08:40:49 INFO database timeout
2026-03-04 08:40:51 INFO database timeout
2026-03-04 08:40:54 INFO database timeout
2026-03-04 08:40:57 INFO user login ok
2026-03-04 08:41:00 INFO cache hit
2026-03-04 08:41:01 ERROR request handled
2026-03-04 08:41:02 WARN user logout
### повреждённая строка ###
2026-03-04 08:41:06 WARN user logout
2026-03-04 08:41:08 ERROR cache miss
2026-03-04 08:41:10 INFO user login ok
2026-03-04 08:41:13 INFO config reloaded
2026-03-04 08:41:16 INFO user login ok
2026-03-04 08:41:20 INFO cache hit
2026-03-04 08:41:24 INFO slow query detected
2026-03-04 08:41:27 INFO user login ok
### повреждённая строка ###
2026-03-04 08:41:33 INFO user logout
2026-03-04 08:41:34 INFO disk usage high
2026-03-04 08:41:37 INFO disk usage high
2026-03-04 08:41:40 INFO connection reset by peer
2026-03-04 08:41:42 INFO cache miss
2026-03-04 08:41:43 INFO cache miss
2026-03-04 08:41:44 INFO database timeout
2026-03-04 08:41:47 WARN user login ok
2026-03-04 08:41:49 INFO connection reset by peer
2026-03-04 08:41:53 INFO user logout
2026-03-04 08:41:55 INFO connection reset by peer
2026-03-04 08:41:57 INFO user login ok
2026-03-04 08:42:00 INFO user login ok
2026-03-04 08:42:01 INFO config reloaded
2026-03-04 08:42:05 INFO disk usage high
2026-03-04 08:42:08 INFO cache miss
2026-03-04 08:42:11 WARN user login ok
2026-03-04 08:42:12 WARN database timeout
2026-03-04 08:42:13 INFO user login ok
2026-03-04 08:42:15 WARN background job finished
2026-03-04 08:42:18 INFO config reloaded
### повреждённая строка ###
2026-03-04 08:42:20 INFO user login ok
2026-03-04 08:42:22 INFO connection reset by peer
2026-03-04 08:42:26 INFO cache hit
2026-03-04 08:42:27 INFO cache hit
2026-03-04 08:42:30 INFO slow query detected
2026-03-04 08:42:32 INFO slow query detected
2026-03-04 08:42:35 INFO slow query detected
2026-03-04 08:42:38 INFO background job finished
2026-03-04 08:42:41 INFO user login ok
2026-03-04 08:42:45 INFO cache hit
2026-03-04 08:42:46 INFO user logout
2026-03-04 08:42:48 WARN user login ok
2026-03-04 08:42:51 INFO invalid token
2026-03-04 08:42:55 INFO slow query detected
2026-03-04 08:42:56 INFO user logout
2026-03-04 08:42:58 INFO user login ok
2026-03-04 08:43:01 INFO user logout
2026-03-04 08:43:02 INFO slow query detected
2026-03-04 08:43:03 WARN slow query detected
2026-03-04 08:43:07 INFO user login ok
2026-03-04 08:43:11 INFO user login ok
2026-03-04 08:43:12 INFO connection reset by peer
2026-03-04 08:43:15 INFO user logout
2026-03-04 08:43:19 INFO database timeout
2026-03-04 08:43:22 WARN background job finished
2026-03-04 08:43:24 INFO connection reset by peer
2026-03-04 08:43:26 INFO user login ok
2026-03-04 08:43:30 INFO request handled
2026-03-04 08:43:32 INFO cache miss
2026-03-04 08:43:35 INFO user logout
2026-03-04 08:43:36 INFO user logout
2026-03-04 08:43:37 INFO request handled
2026-03-04 08:43:40 ERROR background job finished
2026-03-04 08:43:41 WARN disk usage high
2026-03-04 08:43:44 INFO slow query detected
2026-03-04 08:43:46 INFO user login ok
2026-03-04 08:43:47 INFO cache hit
2026-03-04 08:43:51 WARN disk usage high
2026-03-04 08:43:54 INFO invalid token
2026-03-04 08:43:55 WARN request handled
2026-03-04 08:43:56 INFO user login ok
2026-03-04 08:43:57 WARN user login ok
2026-03-04 08:44:00 INFO slow query detected
2026-03-04 08:44:02 INFO request handled
2026-03-04 08:44:04 INFO cache hit
2026-03-04 08:44:08 WARN connection reset by peer
2026-03-04 08:44:10 INFO cache miss
2026-03-04 08:44:11 INFO user login ok
2026-03-04 08:44:12 INFO user login ok
2026-03-04 08:44:15 INFO disk usage high
2026-03-04 08:44:17 INFO cache hit
2026-03-04 08:44:18 INFO user logout
2026-03-04 08:44:19 INFO user login ok
2026-03-04 08:44:23 INFO slow query detected
2026-03-04 08:44:24 INFO cache miss
2026-03-04 08:44:25 INFO invalid token
2026-03-04 08:44:28 INFO cache hit
2026-03-04 08:44:30 INFO user login ok
2026-03-04 08:44:33 INFO request handled
2026-03-04 08:44:35 INFO cache hit
2026-03-04 08:44:38 INFO slow query detected
2026-03-04 08:44:41 INFO database timeout
2026-03-04 08:44:43 INFO user logout
2026-03-04 08:44:45 INFO database timeout
2026-03-04 08:44:47 INFO cache hit
2026-03-04 08:44:50 INFO user logout
### повреждённая строка ###
2026-03-04 08:44:56 WARN user login ok
2026-03-04 08:45:00 INFO user login ok
2026-03-04 08:45:04 INFO background job finished
2026-03-04 08:45:07 WARN user login ok
2026-03-04 08:45:11 INFO user login ok
2026-03-04 08:45:14 WARN connection reset by peer
2026-03-04 08:45:18 INFO user login ok
2026-03-04 08:45:21 INFO cache hit
2026-03-04 08:45:24 INFO user logout
2026-03-04 08:45:25 WARN connection reset by peer
2026-03-04 08:45:27 WARN user login ok
2026-03-04 08:45:29 INFO user login ok
2026-03-04 08:45:33 INFO config reloaded
2026-03-04 08:45:36 INFO cache miss
2026-03-04 08:45:38 INFO config reloaded
2026-03-04 08:45:41 WARN cache hit
2026-03-04 08:45:45 INFO slow query detected
2026-03-04 08:45:48 INFO disk usage high
2026-03-04 08:45:51 INFO cache miss
2026-03-04 08:45:54 WARN cache hit
2026-03-04 08:45:56 INFO cache hit
2026-03-04 08:45:57 WARN user login ok
2026-03-04 08:45:59 WARN user logout
2026-03-04 08:46:00 INFO user login ok
2026-03-04 08:46:01 INFO user login ok
2026-03-04 08:46:04 INFO user login ok
2026-03-04 08:46:08 INFO background job finished
2026-03-04 08:46:12 INFO user login ok
2026-03-04 08:46:13 INFO cache hit
2026-03-04 08:46:14 INFO user login ok
2026-03-04 08:46:15 INFO user login ok
2026-03-04 08:46:19 INFO cache hit
2026-03-04 08:46:20 INFO cache miss
2026-03-04 08:46:23 WARN background job finished
2026-03-04 08:46:25 INFO background job finished
2026-03-04 08:46:26 INFO disk usage high
2026-03-04 08:46:29 INFO cache hit
2026-03-04 08:46:33 INFO disk usage high
2026-03-04 08:46:34 INFO background job finished
2026-03-04 08:46:37 INFO background job finished
2026-03-04 08:46:40 INFO request handled
2026-03-04 08:46:43 INFO user logout
2026-03-04 08:46:46 INFO user login ok
2026-03-04 08:46:48 INFO user login ok
2026-03-04 08:46:52 INFO user login ok
2026-03-04 08:46:56 INFO user login ok
2026-03-04 08:46:59 INFO connection reset by peer
2026-03-04 08:47:00 ERROR user login ok
2026-03-04 08:47:04 INFO database timeout
2026-03-04 08:47:06 INFO user logout
2026-03-04 08:47:07 WARN user logout
2026-03-04 08:47:09 INFO user login ok
2026-03-04 08:47:13 INFO user login ok
2026-03-04 08:47:15 INFO user logout
2026-03-04 08:47:18 WARN user login ok
2026-03-04 08:47:21 INFO cache hit
2026-03-04 08:47:23 INFO database timeout
2026-03-04 08:47:26 INFO slow query detected
2026-03-04 08:47:27 INFO user login ok
2026-03-04 08:47:28 INFO user login ok
2026-03-04 08:47:29 INFO disk usage high
2026-03-04 08:47:31 WARN user login ok
2026-03-04 08:47:32 INFO user logout
2026-03-04 08:47:35 INFO user login ok
2026-03-04 08:47:36 INFO user login ok
2026-03-04 08:47:39 INFO connection reset by peer
2026-03-04 08:47:40 INFO user login ok
2026-03-04 08:47:44 INFO user logout
2026-03-04 08:47:46 INFO background job finished
2026-03-04 08:47:48 INFO user login ok
2026-03-04 08:47:49 INFO user logout
2026-03-04 08:47:53 INFO slow query detected
2026-03-04 08:47:55 WARN config reloaded
2026-03-04 08:47:56 INFO connection reset by peer
2026-03-04 08:47:57 INFO background job finished
2026-03-04 08:48:00 INFO cache miss
2026-03-04 08:48:02 INFO user login ok
2026-03-04 08:48:06 INFO connection reset by peer
2026-03-04 08:48:10 WARN connection reset by peer
2026-03-04 08:48:11 INFO connection reset by peer
2026-03-04 08:48:14 INFO database timeout
2026-03-04 08:48:17 INFO user login ok
2026-03-04 08:48:21 INFO cache miss
2026-03-04 08:48:24 INFO invalid token
2026-03-04 08:48:27 INFO config reloaded
2026-03-04 08:48:31 INFO request handled
2026-03-04 08:48:33 WARN disk usage high
2026-03-04 08:48:37 INFO cache miss
2026-03-04 08:48:41 INFO user login ok
2026-03-04 08:48:42 INFO user login ok
2026-03-04 08:48:43 INFO cache hit
2026-03-04 08:48:47 INFO invalid token
2026-03-04 08:48:50 INFO cache hit
2026-03-04 08:48:54 INFO invalid token
2026-03-04 08:48:57 INFO user logout
2026-03-04 08:49:00 INFO user logout
2026-03-04 08:49:02 INFO user login ok
2026-03-04 08:49:06 WARN user login ok
2026-03-04 08:49:09 ERROR user logout
2026-03-04 08:49:13 INFO user login ok
2026-03-04 08:49:17 INFO cache miss
2026-03-04 08:49:19 INFO user login ok
2026-03-04 08:49:21 INFO background job finished
2026-03-04 08:49:22 ERROR background job finished
2026-03-04 08:49:24 INFO user login ok
2026-03-04 08:49:27 INFO invalid token
2026-03-04 08:49:30 INFO user login ok
2026-03-04 08:49:34 INFO user login ok
2026-03-04 08:49:38 WARN user login ok
2026-03-04 08:49:40 INFO user logout
2026-03-04 08:49:41 INFO request handled
2026-03-04 08:49:43 INFO cache hit
2026-03-04 08:49:46 INFO user logout
2026-03-04 08:49:48 INFO invalid token
2026-03-04 08:49:52 INFO connection reset by peer
2026-03-04 08:49:54 INFO invalid token
2026-03-04 08:49:58 INFO cache miss
2026-03-04 08:50:02 INFO cache hit
2026-03-04 08:50:05 INFO slow query detected
2026-03-04 08:50:09 WARN request handled
2026-03-04 08:50:11 INFO disk usage high
2026-03-04 08:50:13 INFO config reloaded
2026-03-04 08:50:17 WARN disk usage high
2026-03-04 08:50:19 INFO user logout
2026-03-04 08:50:20 INFO user login ok
2026-03-04 08:50:24 INFO slow query detected
2026-03-04 08:50:25 INFO request handled
2026-03-04 08:50:28 INFO user logout
2026-03-04 08:50:31 INFO database timeout
2026-03-04 08:50:33 INFO slow query detected
2026-03-04 08:50:37 WARN slow query detected
2026-03-04 08:50:38 INFO database timeout
2026-03-04 08:50:40 INFO cache miss
2026-03-04 08:50:42 INFO user logout
2026-03-04 08:50:46 INFO connection reset by peer
2026-03-04 08:50:47 INFO user login ok
2026-03-04 08:50:48 INFO background job finished
2026-03-04 08:50:52 INFO background job finished
2026-03-04 08:50:54 WARN user login ok
2026-03-04 08:50:58 INFO cache hit
2026-03-04 08:51:00 INFO cache hit
2026-03-04 08:51:01 INFO user login ok
2026-03-04 08:51:02 INFO user logout
2026-03-04 08:51:05 INFO connection reset by peer
2026-03-04 08:51:06 WARN user login ok
2026-03-04 08:51:10 WARN database timeout
2026-03-04 08:51:11 INFO invalid token
2026-03-04 08:51:13 INFO user login ok
2026-03-04 08:51:14 INFO user logout
2026-03-04 08:51:15 INFO user logout
2026-03-04 08:51:19 INFO cache miss
2026-03-04 08:51:20 WARN invalid token
2026-03-04 08:51:24 INFO slow query detected
2026-03-04 08:51:28 INFO user login ok
2026-03-04 08:51:31 INFO cache hit
2026-03-04 08:51:35 WARN request handled
2026-03-04 08:51:37 INFO disk usage high
2026-03-04 08:51:41 INFO slow query detected
2026-03-04 08:51:43 WARN background job finished
2026-03-04 08:51:46 WARN config reloaded
2026-03-04 08:51:47 INFO user logout
2026-03-04 08:51:48 INFO connection reset by peer
2026-03-04 08:51:50 INFO slow query detected
2026-03-04 08:51:51 INFO user login ok
2026-03-04 08:51:55 INFO request handled
2026-03-04 08:51:58 INFO cache miss
2026-03-04 08:51:59 WARN background job finished
2026-03-04 08:52:00 INFO cache hit
2026-03-04 08:52:03 INFO cache miss
2026-03-04 08:52:06 INFO user login ok
2026-03-04 08:52:07 INFO user login ok
2026-03-04 08:52:10 INFO user login ok
2026-03-04 08:52:13 WARN user login ok
2026-03-04 08:52:17 INFO user login ok
2026-03-04 08:52:21 INFO cache hit
2026-03-04 08:52:24 INFO invalid token
2026-03-04 08:52:25 INFO background job finished
2026-03-04 08:52:29 INFO database timeout
2026-03-04 08:52:33 INFO request handled
2026-03-04 08:52:34 ERROR cache miss
2026-03-04 08:52:37 WARN user login ok
2026-03-04 08:52:38 WARN user login ok
2026-03-04 08:52:42 ERROR user login ok
2026-03-04 08:52:44 INFO user login ok
2026-03-04 08:52:47 INFO config reloaded
2026-03-04 08:52:50 INFO background job finished
2026-03-04 08:52:51 INFO cache hit
2026-03-04 08:52:55 INFO user login ok
2026-03-04 08:52:56 INFO config reloaded
2026-03-04 08:52:57 ERROR user login ok
2026-03-04 08:53:00 WARN request handled
2026-03-04 08:53:01 INFO cache miss
2026-03-04 08:53:03 ERROR background job finished
2026-03-04 08:53:04 ERROR user logout
2026-03-04 08:53:07 INFO user login ok
2026-03-04 08:53:11 INFO user login ok
2026-03-04 08:53:12 INFO config reloaded
2026-03-04 08:53:15 INFO disk usage high
2026-03-04 08:53:18 INFO disk usage high
2026-03-04 08:53:22 WARN user login ok
2026-03-04 08:53:24 INFO database timeout
2026-03-04 08:53:25 INFO user login ok
2026-03-04 08:53:26 INFO user login ok
2026-03-04 08:53:29 WARN user logout
2026-03-04 08:53:31 INFO user login ok
2026-03-04 08:53:34 INFO slow query detected
2026-03-04 08:53:36 INFO user logout
2026-03-04 08:53:39 INFO request handled
2026-03-04 08:53:43 INFO cache miss
2026-03-04 08:53:44 INFO slow query detected
2026-03-04 08:53:45 INFO user logout
2026-03-04 08:53:47 INFO cache hit
2026-03-04 08:53:51 INFO user logout
2026-03-04 08:53:55 WARN slow query detected
2026-03-04 08:53:59 INFO user logout
2026-03-04 08:54:02 WARN invalid token
2026-03-04 08:54:03 INFO connection reset by peer
2026-03-04 08:54:04 INFO user login ok
2026-03-04 08:54:07 INFO cache miss
2026-03-04 08:54:11 WARN user login ok
2026-03-04 08:54:15 INFO user logout
2026-03-04 08:54:16 INFO database timeout
2026-03-04 08:54:19 INFO slow query detected
2026-03-04 08:54:23 WARN cache miss
2026-03-04 08:54:24 WARN slow query detected
2026-03-04 08:54:27 INFO user login ok
2026-03-04 08:54:30 INFO config reloaded
2026-03-04 08:54:34 INFO user logout
2026-03-04 08:54:36 INFO user login ok
2026-03-04 08:54:37 INFO disk usage high
2026-03-04 08:54:41 WARN cache hit
2026-03-04 08:54:45 INFO request handled
2026-03-04 08:54:47 INFO connection reset by peer
2026-03-04 08:54:50 INFO cache hit
2026-03-04 08:54:52 WARN disk usage high
2026-03-04 08:54:54 INFO slow query detected
2026-03-04 08:54:58 INFO request handled
2026-03-04 08:55:02 INFO invalid token
2026-03-04 08:55:04 INFO cache hit
2026-03-04 08:55:06 WARN invalid token
2026-03-04 08:55:07 INFO user login ok
2026-03-04 08:55:11 INFO request handled
2026-03-04 08:55:13 INFO user login ok
2026-03-04 08:55:15 ERROR user login ok
2026-03-04 08:55:16 INFO user login ok
2026-03-04 08:55:17 INFO disk usage high
2026-03-04 08:55:21 INFO user login ok
2026-03-04 08:55:23 INFO slow query detected
2026-03-04 08:55:25 INFO cache miss
2026-03-04 08:55:29 INFO database timeout
2026-03-04 08:55:32 INFO user login ok
2026-03-04 08:55:33 INFO cache hit
2026-03-04 08:55:34 INFO request handled
2026-03-04 08:55:35 INFO database timeout
2026-03-04 08:55:36 INFO cache miss
2026-03-04 08:55:39 INFO cache hit
2026-03-04 08:55:43 INFO request handled
2026-03-04 08:55:45 INFO config reloaded
2026-03-04 08:55:46 INFO cache hit
2026-03-04 08:55:48 INFO request handled
### повреждённая строка ###
2026-03-04 08:55:51 INFO config reloaded
2026-03-04 08:55:52 INFO slow query detected
2026-03-04 08:55:55 WARN background job finished
2026-03-04 08:55:58 ERROR disk usage high
2026-03-04 08:56:00 WARN user login ok
2026-03-04 08:56:01 INFO user login ok
2026-03-04 08:56:03 INFO cache miss
2026-03-04 08:56:05 ERROR database timeout
2026-03-04 08:56:06 INFO database timeout
2026-03-04 08:56:10 WARN cache hit
2026-03-04 08:56:13 INFO disk usage high
2026-03-04 08:56:17 INFO user logout
2026-03-04 08:56:20 INFO cache miss
2026-03-04 08:56:23 INFO slow query detected
2026-03-04 08:56:26 INFO user logout
2026-03-04 08:56:27 INFO invalid token
2026-03-04 08:56:29 INFO cache hit
2026-03-04 08:56:30 INFO cache miss
2026-03-04 08:56:34 INFO request handled
2026-03-04 08:56:35 INFO user login ok
2026-03-04 08:56:36 WARN connection reset by peer
2026-03-04 08:56:37 INFO slow query detected
2026-03-04 08:56:40 INFO cache hit
2026-03-04 08:56:43 INFO config reloaded
2026-03-04 08:56:47 INFO database timeout
2026-03-04 08:56:49 INFO user login ok
2026-03-04 08:56:51 INFO slow query detected
2026-03-04 08:56:52 INFO invalid token
2026-03-04 08:56:55 INFO database timeout
2026-03-04 08:56:58 WARN cache miss
2026-03-04 08:57:01 INFO cache miss
2026-03-04 08:57:04 INFO cache hit
2026-03-04 08:57:06 INFO disk usage high
2026-03-04 08:57:10 ERROR database timeout
2026-03-04 08:57:14 INFO config reloaded
2026-03-04 08:57:17 INFO user logout
2026-03-04 08:57:20 INFO connection reset by peer
2026-03-04 08:57:22 INFO disk usage high
2026-03-04 08:57:26 INFO user login ok
2026-03-04 08:57:30 WARN user login ok
2026-03-04 08:57:31 INFO disk usage high
2026-03-04 08:57:34 ERROR config reloaded
2026-03-04 08:57:36 INFO background job finished
2026-03-04 08:57:39 ERROR invalid token
2026-03-04 08:57:40 ERROR user login ok
2026-03-04 08:57:41 INFO user logout
### повреждённая строка ###
2026-03-04 08:57:43 INFO cache miss
2026-03-04 08:57:44 INFO user logout
2026-03-04 08:57:48 INFO disk usage high
2026-03-04 08:57:51 INFO request handled
2026-03-04 08:57:52 ERROR background job finished
2026-03-04 08:57:54 INFO request handled
2026-03-04 08:57:57 INFO user login ok
2026-03-04 08:58:01 INFO user login ok
2026-03-04 08:58:02 ERROR cache hit
2026-03-04 08:58:06 INFO slow query detected
2026-03-04 08:58:10 INFO user login ok
2026-03-04 08:58:13 INFO slow query detected
2026-03-04 08:58:17 INFO slow query detected
2026-03-04 08:58:21 INFO user login ok
2026-03-04 08:58:24 INFO slow query detected
2026-03-04 08:58:27 INFO user logout
2026-03-04 08:58:28 INFO user logout
2026-03-04 08:58:30 INFO background job finished
2026-03-04 08:58:34 INFO request handled
2026-03-04 08:58:36 INFO user login ok
2026-03-04 08:58:38 INFO database timeout
2026-03-04 08:58:42 INFO user login ok
2026-03-04 08:58:44 INFO request handled
2026-03-04 08:58:48 INFO user login ok
2026-03-04 08:58:51 INFO disk usage high
2026-03-04 08:58:54 INFO user login ok
2026-03-04 08:58:56 ERROR user logout
2026-03-04 08:58:59 INFO connection reset by peer
2026-03-04 08:59:00 INFO invalid token
2026-03-04 08:59:02 INFO user login ok
2026-03-04 08:59:06 INFO background job finished
2026-03-04 08:59:08 INFO database timeout
2026-03-04 08:59:10 INFO config reloaded
2026-03-04 08:59:11 INFO connection reset by peer
2026-03-04 08:59:12 INFO user login ok
2026-03-04 08:59:15 INFO database timeout
2026-03-04 08:59:16 INFO user logout
2026-03-04 08:59:20 INFO request handled
2026-03-04 08:59:21 INFO background job finished
2026-03-04 08:59:25 INFO config reloaded
2026-03-04 08:59:27 WARN user logout
2026-03-04 08:59:30 INFO user login ok
2026-03-04 08:59:31 WARN request handled
2026-03-04 08:59:35 INFO database timeout
2026-03-04 08:59:36 WARN user login ok
2026-03-04 08:59:39 INFO background job finished
2026-03-04 08:59:43 WARN user login ok
2026-03-04 08:59:47 INFO cache miss
2026-03-04 08:59:51 INFO user login ok
2026-03-04 08:59:52 INFO invalid token
2026-03-04 08:59:54 INFO request handled
2026-03-04 08:59:56 INFO background job finished
2026-03-04 08:59:59 INFO cache hit
2026-03-04 09:00:01 INFO config reloaded
2026-03-04 09:00:05 WARN user login ok
2026-03-04 09:00:07 INFO background job finished
2026-03-04 09:00:09 INFO request handled
2026-03-04 09:00:13 INFO slow query detected
2026-03-04 09:00:16 INFO request handled
2026-03-04 09:00:19 INFO user login ok
2026-03-04 09:00:22 WARN request handled
2026-03-04 09:00:23 WARN disk usage high
2026-03-04 09:00:25 INFO slow query detected
2026-03-04 09:00:26 INFO user logout
2026-03-04 09:00:30 INFO user login ok
2026-03-04 09:00:32 INFO background job finished
2026-03-04 09:00:35 INFO request handled
2026-03-04 09:00:37 INFO user login ok
2026-03-04 09:00:39 INFO user login ok
2026-03-04 09:00:42 WARN user logout
2026-03-04 09:00:46 WARN user login ok
2026-03-04 09:00:49 INFO cache hit
2026-03-04 09:00:50 INFO cache hit
2026-03-04 09:00:54 INFO request handled
2026-03-04 09:00:57 INFO user logout
2026-03-04 09:01:00 WARN user login ok
2026-03-04 09:01:03 INFO request handled
2026-03-04 09:01:06 INFO background job finished
2026-03-04 09:01:07 WARN disk usage high
2026-03-04 09:01:10 INFO user login ok
2026-03-04 09:01:14 INFO config reloaded
2026-03-04 09:01:16 INFO cache hit
2026-03-04 09:01:18 INFO user logout
2026-03-04 09:01:22 INFO user login ok
2026-03-04 09:01:24 INFO slow query detected
2026-03-04 09:01:27 WARN user logout
2026-03-04 09:01:29 INFO disk usage high
2026-03-04 09:01:33 INFO user login ok
2026-03-04 09:01:36 INFO database timeout
2026-03-04 09:01:40 INFO connection reset by peer
2026-03-04 09:01:43 WARN invalid token
2026-03-04 09:01:45 INFO user logout
2026-03-04 09:01:48 INFO request handled
2026-03-04 09:01:49 ERROR user login ok
2026-03-04 09:01:53 INFO user login ok
2026-03-04 09:01:57 INFO request handled
2026-03-04 09:02:00 INFO request handled
2026-03-04 09:02:03 INFO request handled
2026-03-04 09:02:07 INFO invalid token
2026-03-04 09:02:09 INFO disk usage high
2026-03-04 09:02:12 INFO user logout
2026-03-04 09:02:16 WARN cache hit
2026-03-04 09:02:17 WARN disk usage high
2026-03-04 09:02:18 INFO user login ok
2026-03-04 09:02:21 INFO cache hit
2026-03-04 09:02:22 ERROR user login ok
2026-03-04 09:02:25 INFO user login ok
2026-03-04 09:02:26 INFO connection reset by peer
2026-03-04 09:02:29 INFO cache hit
2026-03-04 09:02:32 WARN connection reset by peer
2026-03-04 09:02:33 INFO user login ok
2026-03-04 09:02:36 INFO user logout
2026-03-04 09:02:40 INFO background job finished
2026-03-04 09:02:41 INFO config reloaded
2026-03-04 09:02:43 INFO user logout
2026-03-04 09:02:45 INFO background job finished
2026-03-04 09:02:49 WARN database timeout
2026-03-04 09:02:50 INFO cache hit
2026-03-04 09:02:53 WARN cache hit
2026-03-04 09:02:57 INFO user logout
2026-03-04 09:03:00 INFO connection reset by peer
2026-03-04 09:03:02 ERROR slow query detected
2026-03-04 09:03:06 INFO user logout
2026-03-04 09:03:10 ERROR background job finished
2026-03-04 09:03:12 INFO cache hit
2026-03-04 09:03:13 WARN request handled
2026-03-04 09:03:14 INFO database timeout
2026-03-04 09:03:18 INFO user logout
2026-03-04 09:03:22 INFO user logout
2026-03-04 09:03:25 INFO background job finished
2026-03-04 09:03:28 INFO invalid token
2026-03-04 09:03:29 INFO user login ok
2026-03-04 09:03:31 INFO request handled
2026-03-04 09:03:32 INFO user login ok
2026-03-04 09:03:34 INFO request handled
2026-03-04 09:03:37 WARN disk usage high
2026-03-04 09:03:39 INFO cache hit
2026-03-04 09:03:40 INFO user login ok
2026-03-04 09:03:42 INFO disk usage high
2026-03-04 09:03:43 INFO user login ok
2026-03-04 09:03:44 INFO database timeout
2026-03-04 09:03:45 WARN user login ok
2026-03-04 09:03:47 INFO config reloaded
2026-03-04 09:03:51 INFO user login ok
2026-03-04 09:03:54 ERROR slow query detected
2026-03-04 09:03:56 INFO user login ok
2026-03-04 09:04:00 INFO user login ok
2026-03-04 09:04:04 INFO request handled
2026-03-04 09:04:06 INFO user login ok
2026-03-04 09:04:09 INFO user login ok
2026-03-04 09:04:12 ERROR config reloaded
2026-03-04 09:04:15 INFO cache miss
2026-03-04 09:04:19 INFO user login ok
2026-03-04 09:04:21 INFO background job finished
2026-03-04 09:04:22 WARN cache miss
2026-03-04 09:04:23 INFO cache miss
2026-03-04 09:04:27 WARN user logout
2026-03-04 09:04:28 INFO background job finished
2026-03-04 09:04:30 INFO config reloaded
2026-03-04 09:04:31 INFO background job finished
2026-03-04 09:04:32 WARN request handled
2026-03-04 09:04:35 INFO user login ok
2026-03-04 09:04:39 INFO cache miss
2026-03-04 09:04:41 INFO user logout
2026-03-04 09:04:45 INFO user login ok
2026-03-04 09:04:48 INFO user login ok
2026-03-04 09:04:51 INFO background job finished
2026-03-04 09:04:53 INFO user logout
2026-03-04 09:04:56 INFO disk usage high
2026-03-04 09:04:58 WARN config reloaded
2026-03-04 09:04:59 INFO connection reset by peer
2026-03-04 09:05:02 INFO user login ok
2026-03-04 09:05:03 INFO user login ok
2026-03-04 09:05:06 WARN cache miss
2026-03-04 09:05:08 WARN user login ok
2026-03-04 09:05:10 INFO cache hit
2026-03-04 09:05:13 INFO cache miss
2026-03-04 09:05:17 INFO disk usage high
2026-03-04 09:05:20 INFO connection reset by peer
2026-03-04 09:05:24 INFO cache miss
2026-03-04 09:05:27 INFO cache miss
2026-03-04 09:05:30 ERROR background job finished
2026-03-04 09:05:32 INFO request handled
2026-03-04 09:05:33 WARN slow query detected
2026-03-04 09:05:36 ERROR user login ok
2026-03-04 09:05:40 INFO slow query detected
2026-03-04 09:05:44 INFO slow query detected
2026-03-04 09:05:47 INFO user login ok
2026-03-04 09:05:48 INFO request handled
2026-03-04 09:05:51 INFO user login ok
2026-03-04 09:05:52 INFO invalid token
2026-03-04 09:05:55 INFO disk usage high
2026-03-04 09:05:57 INFO user logout
2026-03-04 09:05:59 INFO user login ok
2026-03-04 09:06:01 INFO invalid token
2026-03-04 09:06:03 INFO user login ok
2026-03-04 09:06:05 INFO request handled
2026-03-04 09:06:06 WARN user logout
2026-03-04 09:06:10 INFO user login ok
2026-03-04 09:06:13 INFO connection reset by peer
2026-03-04 09:06:16 ERROR slow query detected
2026-03-04 09:06:18 INFO database timeout
2026-03-04 09:06:21 INFO user login ok
2026-03-04 09:06:22 INFO cache hit
2026-03-04 09:06:24 INFO cache miss
2026-03-04 09:06:28 INFO request handled
2026-03-04 09:06:30 INFO slow query detected
2026-03-04 09:06:31 INFO user logout
2026-03-04 09:06:33 INFO cache hit
2026-03-04 09:06:34 INFO cache hit
2026-03-04 09:06:37 INFO cache hit
2026-03-04 09:06:38 INFO connection reset by peer
2026-03-04 09:06:42 INFO user login ok
2026-03-04 09:06:45 INFO user login ok
2026-03-04 09:06:47 WARN user logout
2026-03-04 09:06:50 INFO background job finished
2026-03-04 09:06:52 INFO user login ok
2026-03-04 09:06:53 INFO user login ok
2026-03-04 09:06:54 INFO request handled
2026-03-04 09:06:56 INFO user login ok
2026-03-04 09:06:58 INFO connection reset by peer
2026-03-04 09:06:59 INFO user login ok
2026-03-04 09:07:00 INFO invalid token
2026-03-04 09:07:04 INFO user login ok
2026-03-04 09:07:07 WARN cache miss
2026-03-04 09:07:10 WARN disk usage high
2026-03-04 09:07:14 INFO user logout
2026-03-04 09:07:17 INFO disk usage high
2026-03-04 09:07:19 INFO slow query detected
2026-03-04 09:07:20 INFO cache miss
2026-03-04 09:07:23 INFO request handled
2026-03-04 09:07:25 INFO disk usage high
2026-03-04 09:07:27 INFO connection reset by peer
2026-03-04 09:07:28 INFO cache hit
2026-03-04 09:07:31 INFO user login ok
2026-03-04 09:07:35 INFO user login ok
2026-03-04 09:07:37 INFO user logout
2026-03-04 09:07:38 INFO user logout
2026-03-04 09:07:42 INFO background job finished
2026-03-04 09:07:43 INFO disk usage high
2026-03-04 09:07:44 INFO disk usage high
2026-03-04 09:07:45 INFO slow query detected
2026-03-04 09:07:47 INFO slow query detected
2026-03-04 09:07:50 WARN background job finished
2026-03-04 09:07:53 INFO request handled
2026-03-04 09:07:55 INFO user login ok
2026-03-04 09:07:56 WARN background job finished
2026-03-04 09:07:57 INFO cache miss
2026-03-04 09:07:58 INFO cache miss
2026-03-04 09:08:02 INFO cache hit
2026-03-04 09:08:04 INFO disk usage high
2026-03-04 09:08:05 INFO user login ok
### повреждённая строка ###
2026-03-04 09:08:11 INFO user login ok
2026-03-04 09:08:13 ERROR connection reset by peer
2026-03-04 09:08:14 INFO disk usage high
2026-03-04 09:08:18 INFO user logout
2026-03-04 09:08:20 WARN user login ok
2026-03-04 09:08:22 INFO cache miss
2026-03-04 09:08:24 WARN cache miss
2026-03-04 09:08:25 INFO invalid token
### повреждённая строка ###
2026-03-04 09:08:29 INFO background job finished
2026-03-04 09:08:33 INFO slow query detected
2026-03-04 09:08:34 INFO user login ok
2026-03-04 09:08:37 ERROR user login ok
2026-03-04 09:08:41 INFO user logout
2026-03-04 09:08:45 INFO user login ok
2026-03-04 09:08:47 INFO cache miss
2026-03-04 09:08:50 INFO request handled
2026-03-04 09:08:54 INFO user login ok
2026-03-04 09:08:56 INFO user login ok
2026-03-04 09:08:58 INFO cache hit
2026-03-04 09:09:02 INFO slow query detected
2026-03-04 09:09:03 INFO request handled
2026-03-04 09:09:06 INFO user login ok
2026-03-04 09:09:07 INFO user logout
2026-03-04 09:09:08 INFO user login ok
2026-03-04 09:09:11 WARN connection reset by peer
2026-03-04 09:09:13 INFO user login ok
2026-03-04 09:09:16 INFO config reloaded
2026-03-04 09:09:18 INFO user login ok
2026-03-04 09:09:21 INFO request handled
2026-03-04 09:09:22 WARN user login ok
2026-03-04 09:09:25 WARN disk usage high
2026-03-04 09:09:27 INFO slow query detected
2026-03-04 09:09:29 INFO cache miss
2026-03-04 09:09:33 INFO user login ok
2026-03-04 09:09:34 INFO user login ok
2026-03-04 09:09:38 INFO user login ok
2026-03-04 09:09:39 WARN request handled
2026-03-04 09:09:40 INFO disk usage high
2026-03-04 09:09:42 INFO user logout
2026-03-04 09:09:43 INFO user logout
2026-03-04 09:09:45 INFO background job finished
2026-03-04 09:09:48 WARN slow query detected
2026-03-04 09:09:49 INFO user login ok
2026-03-04 09:09:53 INFO slow query detected
2026-03-04 09:09:56 INFO user login ok
2026-03-04 09:10:00 INFO user login ok
2026-03-04 09:10:04 INFO user login ok
2026-03-04 09:10:05 INFO cache miss
2026-03-04 09:10:07 INFO user login ok
2026-03-04 09:10:11 ERROR user logout
2026-03-04 09:10:15 INFO invalid token
2026-03-04 09:10:18 INFO cache hit
2026-03-04 09:10:20 INFO slow query detected
2026-03-04 09:10:23 INFO request handled
2026-03-04 09:10:24 INFO user login ok
2026-03-04 09:10:27 INFO cache hit
2026-03-04 09:10:28 INFO cache hit
2026-03-04 09:10:32 INFO user login ok
2026-03-04 09:10:35 WARN database timeout
2026-03-04 09:10:37 WARN request handled
2026-03-04 09:10:40 INFO user login ok
2026-03-04 09:10:44 INFO connection reset by peer
2026-03-04 09:10:45 INFO request handled
2026-03-04 09:10:49 INFO background job finished
2026-03-04 09:10:51 INFO cache hit
2026-03-04 09:10:54 INFO slow query detected
2026-03-04 09:10:58 INFO cache miss
2026-03-04 09:11:01 INFO user logout
2026-03-04 09:11:02 WARN user login ok
2026-03-04 09:11:05 INFO user logout
2026-03-04 09:11:09 INFO user login ok
2026-03-04 09:11:10 INFO disk usage high
2026-03-04 09:11:13 ERROR user logout
2026-03-04 09:11:15 WARN user login ok
2026-03-04 09:11:17 INFO cache miss
2026-03-04 09:11:21 INFO request handled
2026-03-04 09:11:23 INFO user logout
2026-03-04 09:11:24 WARN user login ok
2026-03-04 09:11:28 WARN disk usage high
2026-03-04 09:11:32 ERROR request handled
2026-03-04 09:11:34 WARN slow query detected
2026-03-04 09:11:36 INFO cache hit
2026-03-04 09:11:37 INFO request handled
2026-03-04 09:11:39 INFO user logout
2026-03-04 09:11:40 ERROR user login ok
2026-03-04 09:11:42 INFO user login ok
2026-03-04 09:11:45 INFO user login ok
2026-03-04 09:11:48 INFO user logout
2026-03-04 09:11:49 INFO request handled
2026-03-04 09:11:53 INFO user logout
2026-03-04 09:11:56 ERROR user logout
2026-03-04 09:11:57 WARN invalid token
2026-03-04 09:11:59 INFO cache miss
2026-03-04 09:12:03 INFO cache hit
2026-03-04 09:12:05 INFO user login ok
2026-03-04 09:12:07 INFO connection reset by peer
2026-03-04 09:12:09 INFO invalid token
2026-03-04 09:12:10 INFO slow query detected
2026-03-04 09:12:11 INFO user login ok
2026-03-04 09:12:12 INFO user login ok
2026-03-04 09:12:14 WARN cache hit
2026-03-04 09:12:18 INFO request handled
2026-03-04 09:12:22 INFO user login ok
2026-03-04 09:12:24 INFO user login ok
### повреждённая строка ###
2026-03-04 09:12:28 INFO cache hit
2026-03-04 09:12:32 INFO disk usage high
2026-03-04 09:12:34 INFO user login ok
2026-03-04 09:12:35 INFO user login ok
2026-03-04 09:12:36 INFO user login ok
2026-03-04 09:12:40 INFO user logout
2026-03-04 09:12:43 WARN background job finished
2026-03-04 09:12:47 INFO user login ok
2026-03-04 09:12:48 INFO user login ok
2026-03-04 09:12:50 INFO slow query detected
### повреждённая строка ###
2026-03-04 09:12:55 WARN invalid token
2026-03-04 09:12:59 ERROR cache hit
2026-03-04 09:13:02 INFO database timeout
2026-03-04 09:13:03 INFO cache hit
2026-03-04 09:13:05 WARN user login ok
2026-03-04 09:13:07 INFO invalid token
2026-03-04 09:13:10 INFO invalid token
2026-03-04 09:13:11 INFO user logout
2026-03-04 09:13:13 INFO cache hit
2026-03-04 09:13:15 INFO slow query detected
2026-03-04 09:13:19 WARN config reloaded
2026-03-04 09:13:21 INFO user logout
2026-03-04 09:13:23 INFO background job finished
2026-03-04 09:13:26 INFO request handled
2026-03-04 09:13:27 INFO user login ok
2026-03-04 09:13:30 WARN database timeout
2026-03-04 09:13:33 INFO cache hit
2026-03-04 09:13:37 WARN connection reset by peer
2026-03-04 09:13:40 INFO cache miss
2026-03-04 09:13:42 WARN slow query detected
2026-03-04 09:13:43 INFO user logout
2026-03-04 09:13:46 INFO slow query detected
2026-03-04 09:13:49 INFO request handled
2026-03-04 09:13:51 INFO slow query detected
2026-03-04 09:13:54 INFO cache hit
2026-03-04 09:13:56 INFO slow query detected
2026-03-04 09:13:58 WARN background job finished
2026-03-04 09:14:01 INFO user login ok
2026-03-04 09:14:05 INFO background job finished
2026-03-04 09:14:09 ERROR cache miss
2026-03-04 09:14:10 INFO connection reset by peer
2026-03-04 09:14:14 ERROR user login ok
2026-03-04 09:14:16 INFO user login ok
2026-03-04 09:14:17 ERROR invalid token
2026-03-04 09:14:20 INFO database timeout
2026-03-04 09:14:22 INFO cache miss
2026-03-04 09:14:25 WARN cache hit
2026-03-04 09:14:28 WARN cache miss
2026-03-04 09:14:31 INFO invalid token
2026-03-04 09:14:34 WARN user login ok
2026-03-04 09:14:35 INFO invalid token
2026-03-04 09:14:38 INFO cache miss
2026-03-04 09:14:42 WARN user login ok
2026-03-04 09:14:45 INFO user login ok
2026-03-04 09:14:49 INFO database timeout
2026-03-04 09:14:51 INFO user login ok
2026-03-04 09:14:54 INFO user login ok
2026-03-04 09:14:58 INFO connection reset by peer
2026-03-04 09:15:02 WARN request handled
2026-03-04 09:15:04 WARN database timeout
2026-03-04 09:15:05 INFO cache hit
2026-03-04 09:15:07 INFO user logout
2026-03-04 09:15:10 INFO background job finished
2026-03-04 09:15:11 WARN cache miss
2026-03-04 09:15:13 WARN slow query detected
2026-03-04 09:15:16 INFO user login ok
2026-03-04 09:15:17 INFO user logout
2026-03-04 09:15:19 INFO connection reset by peer
2026-03-04 09:15:23 INFO request handled
2026-03-04 09:15:24 INFO slow query detected
2026-03-04 09:15:28 INFO user login ok
2026-03-04 09:15:31 INFO cache miss
2026-03-04 09:15:33 INFO user login ok
2026-03-04 09:15:34 INFO invalid token
2026-03-04 09:15:38 INFO background job finished
2026-03-04 09:15:42 WARN cache hit
2026-03-04 09:15:44 INFO request handled
2026-03-04 09:15:47 INFO user login ok
2026-03-04 09:15:48 WARN invalid token
2026-03-04 09:15:49 INFO user logout
2026-03-04 09:15:51 INFO database timeout
2026-03-04 09:15:52 INFO disk usage high
2026-03-04 09:15:55 INFO cache miss
2026-03-04 09:15:56 INFO user logout
2026-03-04 09:15:57 INFO user logout
2026-03-04 09:15:59 INFO user logout
2026-03-04 09:16:02 INFO cache hit
2026-03-04 09:16:05 INFO user logout
2026-03-04 09:16:07 INFO connection reset by peer
2026-03-04 09:16:10 ERROR user logout
2026-03-04 09:16:11 WARN user logout
2026-03-04 09:16:14 INFO request handled
2026-03-04 09:16:17 INFO user logout
2026-03-04 09:16:20 INFO user login ok
2026-03-04 09:16:23 INFO user logout
2026-03-04 09:16:25 WARN user login ok
2026-03-04 09:16:28 WARN invalid token
2026-03-04 09:16:31 INFO user login ok
2026-03-04 09:16:33 INFO cache hit
2026-03-04 09:16:36 INFO cache hit
2026-03-04 09:16:37 INFO user login ok
2026-03-04 09:16:41 INFO database timeout
2026-03-04 09:16:43 INFO user login ok
2026-03-04 09:16:45 INFO user login ok
2026-03-04 09:16:49 INFO connection reset by peer
2026-03-04 09:16:50 INFO user logout
2026-03-04 09:16:52 INFO user logout
### повреждённая строка ###
2026-03-04 09:16:56 INFO invalid token
2026-03-04 09:17:00 INFO user login ok
2026-03-04 09:17:03 INFO database timeout
2026-03-04 09:17:04 INFO invalid token
2026-03-04 09:17:08 INFO cache miss
2026-03-04 09:17:10 INFO user login ok
2026-03-04 09:17:12 WARN user login ok
2026-03-04 09:17:15 INFO config reloaded
2026-03-04 09:17:16 INFO cache hit
2026-03-04 09:17:17 INFO config reloaded
2026-03-04 09:17:19 INFO user logout
2026-03-04 09:17:23 INFO user login ok
2026-03-04 09:17:24 WARN user login ok
2026-03-04 09:17:25 WARN slow query detected
2026-03-04 09:17:28 INFO cache hit
2026-03-04 09:17:32 INFO cache hit
2026-03-04 09:17:34 WARN user login ok
2026-03-04 09:17:36 WARN user login ok
2026-03-04 09:17:37 INFO user login ok
2026-03-04 09:17:39 WARN user login ok
2026-03-04 09:17:43 INFO cache hit
2026-03-04 09:17:46 INFO slow query detected
2026-03-04 09:17:49 INFO background job finished
2026-03-04 09:17:52 INFO database timeout
2026-03-04 09:17:55 INFO user login ok
2026-03-04 09:17:56 ERROR user logout
2026-03-04 09:17:59 INFO slow query detected
2026-03-04 09:18:03 INFO background job finished
2026-03-04 09:18:07 INFO user login ok
2026-03-04 09:18:10 INFO background job finished
2026-03-04 09:18:11 WARN connection reset by peer
2026-03-04 09:18:15 INFO slow query detected
### повреждённая строка ###
2026-03-04 09:18:17 WARN cache miss
2026-03-04 09:18:18 INFO user login ok
2026-03-04 09:18:22 INFO config reloaded
2026-03-04 09:18:26 INFO user login ok
2026-03-04 09:18:28 INFO cache hit
2026-03-04 09:18:31 INFO connection reset by peer
2026-03-04 09:18:32 INFO user login ok
2026-03-04 09:18:33 INFO user login ok
2026-03-04 09:18:35 INFO user login ok
2026-03-04 09:18:37 INFO invalid token
2026-03-04 09:18:38 INFO user login ok
2026-03-04 09:18:39 INFO disk usage high
2026-03-04 09:18:42 WARN invalid token
2026-03-04 09:18:44 INFO user login ok
2026-03-04 09:18:48 INFO cache hit
2026-03-04 09:18:49 INFO user login ok
2026-03-04 09:18:52 ERROR cache hit
2026-03-04 09:18:56 INFO disk usage high
2026-03-04 09:18:57 INFO slow query detected
2026-03-04 09:19:01 INFO cache miss
2026-03-04 09:19:03 INFO user login ok
2026-03-04 09:19:07 WARN database timeout
2026-03-04 09:19:10 INFO user login ok
2026-03-04 09:19:13 WARN background job finished
2026-03-04 09:19:16 WARN user login ok
2026-03-04 09:19:19 INFO user login ok
2026-03-04 09:19:20 INFO user login ok
2026-03-04 09:19:22 WARN user logout
2026-03-04 09:19:23 INFO user logout
2026-03-04 09:19:25 INFO slow query detected
2026-03-04 09:19:28 ERROR user login ok
2026-03-04 09:19:32 INFO user login ok
2026-03-04 09:19:35 INFO cache hit
2026-03-04 09:19:36 INFO background job finished
2026-03-04 09:19:40 INFO background job finished
2026-03-04 09:19:43 INFO user login ok
2026-03-04 09:19:46 INFO user login ok
2026-03-04 09:19:48 ERROR user logout
2026-03-04 09:19:51 INFO user login ok
2026-03-04 09:19:52 INFO cache hit
2026-03-04 09:19:53 INFO invalid token
2026-03-04 09:19:55 ERROR database timeout
2026-03-04 09:19:59 INFO user logout
2026-03-04 09:20:02 INFO disk usage high
2026-03-04 09:20:06 INFO cache hit
2026-03-04 09:20:09 INFO user login ok
2026-03-04 09:20:13 INFO user login ok
2026-03-04 09:20:17 WARN request handled
2026-03-04 09:20:19 WARN cache hit
2026-03-04 09:20:22 INFO user login ok
2026-03-04 09:20:24 INFO user logout
2026-03-04 09:20:27 INFO user logout
2026-03-04 09:20:28 WARN database timeout
2026-03-04 09:20:29 INFO cache hit
2026-03-04 09:20:32 ERROR user login ok
2026-03-04 09:20:34 INFO user login ok
2026-03-04 09:20:37 INFO request handled
2026-03-04 09:20:39 INFO cache miss
2026-03-04 09:20:42 INFO user logout
2026-03-04 09:20:45 INFO user login ok
2026-03-04 09:20:46 INFO user login ok
2026-03-04 09:20:50 ERROR user login ok
2026-03-04 09:20:51 INFO database timeout
2026-03-04 09:20:52 INFO slow query detected
2026-03-04 09:20:53 WARN background job finished
2026-03-04 09:20:57 INFO connection reset by peer
2026-03-04 09:20:59 INFO cache hit
2026-03-04 09:21:02 INFO database timeout
2026-03-04 09:21:06 WARN cache hit
2026-03-04 09:21:09 INFO cache miss
2026-03-04 09:21:11 INFO database timeout
2026-03-04 09:21:14 INFO config reloaded
2026-03-04 09:21:15 INFO user logout
2026-03-04 09:21:16 INFO config reloaded
2026-03-04 09:21:19 INFO user logout
2026-03-04 09:21:23 INFO database timeout
2026-03-04 09:21:25 INFO disk usage high
2026-03-04 09:21:28 INFO user login ok
2026-03-04 09:21:29 INFO user login ok
2026-03-04 09:21:33 INFO slow query detected
2026-03-04 09:21:36 INFO user login ok
2026-03-04 09:21:37 INFO user login ok
2026-03-04 09:21:39 WARN disk usage high
2026-03-04 09:21:42 INFO user logout
2026-03-04 09:21:46 ERROR user login ok
2026-03-04 09:21:48 INFO cache miss
2026-03-04 09:21:52 INFO database timeout
2026-03-04 09:21:54 INFO background job finished
2026-03-04 09:21:56 WARN cache miss
2026-03-04 09:21:58 ERROR invalid token
2026-03-04 09:22:01 INFO connection reset by peer
2026-03-04 09:22:02 INFO config reloaded
2026-03-04 09:22:05 INFO user login ok
2026-03-04 09:22:06 INFO user logout
2026-03-04 09:22:09 INFO slow query detected
2026-03-04 09:22:10 INFO user login ok
2026-03-04 09:22:14 INFO user login ok
2026-03-04 09:22:17 INFO disk usage high
2026-03-04 09:22:19 ERROR background job finished
2026-03-04 09:22:23 INFO cache hit
2026-03-04 09:22:24 ERROR user logout
2026-03-04 09:22:27 INFO connection reset by peer
2026-03-04 09:22:29 INFO invalid token
2026-03-04 09:22:32 INFO background job finished
2026-03-04 09:22:35 INFO user login ok
2026-03-04 09:22:37 INFO cache miss
2026-03-04 09:22:41 INFO invalid token
2026-03-04 09:22:45 INFO user login ok
2026-03-04 09:22:48 INFO user login ok
2026-03-04 09:22:50 INFO cache hit
2026-03-04 09:22:54 INFO background job finished
2026-03-04 09:22:58 ERROR disk usage high
2026-03-04 09:23:02 WARN background job finished
2026-03-04 09:23:04 INFO connection reset by peer
2026-03-04 09:23:08 INFO invalid token
2026-03-04 09:23:11 INFO user logout
2026-03-04 09:23:15 INFO connection reset by peer
2026-03-04 09:23:19 INFO disk usage high
2026-03-04 09:23:20 INFO connection reset by peer
2026-03-04 09:23:22 INFO user login ok
2026-03-04 09:23:25 INFO database timeout
2026-03-04 09:23:27 WARN user login ok
2026-03-04 09:23:30 INFO request handled
2026-03-04 09:23:33 INFO user login ok
2026-03-04 09:23:34 WARN user logout
2026-03-04 09:23:35 INFO cache hit
2026-03-04 09:23:38 INFO user login ok
2026-03-04 09:23:40 ERROR disk usage high
2026-03-04 09:23:41 ERROR user logout
2026-03-04 09:23:42 INFO user login ok
2026-03-04 09:23:46 INFO user login ok
2026-03-04 09:23:49 INFO disk usage high
2026-03-04 09:23:50 INFO user logout
2026-03-04 09:23:53 INFO cache miss
2026-03-04 09:23:55 INFO cache hit
2026-03-04 09:23:59 INFO connection reset by peer
2026-03-04 09:24:02 INFO cache hit
2026-03-04 09:24:06 INFO disk usage high
2026-03-04 09:24:08 INFO user logout
2026-03-04 09:24:11 INFO user login ok
2026-03-04 09:24:12 INFO user login ok
2026-03-04 09:24:15 INFO user login ok
2026-03-04 09:24:19 WARN invalid token
2026-03-04 09:24:21 INFO user login ok
2026-03-04 09:24:22 INFO connection reset by peer
2026-03-04 09:24:26 INFO cache hit
2026-03-04 09:24:28 INFO user login ok
2026-03-04 09:24:29 INFO cache hit
2026-03-04 09:24:32 INFO user login ok
2026-03-04 09:24:36 WARN cache hit
2026-03-04 09:24:40 WARN user logout
2026-03-04 09:24:43 INFO user logout
2026-03-04 09:24:44 INFO cache hit
2026-03-04 09:24:45 INFO slow query detected
2026-03-04 09:24:49 INFO request handled
2026-03-04 09:24:52 INFO connection reset by peer
2026-03-04 09:24:55 INFO user logout
2026-03-04 09:24:58 INFO cache hit
2026-03-04 09:25:00 INFO cache hit
2026-03-04 09:25:02 INFO invalid token
2026-03-04 09:25:06 INFO user login ok
2026-03-04 09:25:09 WARN cache hit
2026-03-04 09:25:13 ERROR user login ok
2026-03-04 09:25:16 INFO user login ok
2026-03-04 09:25:20 INFO user login ok
2026-03-04 09:25:24 INFO user login ok
2026-03-04 09:25:27 INFO user login ok
2026-03-04 09:25:30 INFO user logout
2026-03-04 09:25:33 ERROR cache hit
2026-03-04 09:25:36 INFO background job finished
2026-03-04 09:25:38 INFO database timeout
2026-03-04 09:25:39 INFO invalid token
2026-03-04 09:25:43 INFO slow query detected
2026-03-04 09:25:46 INFO request handled
2026-03-04 09:25:48 INFO user login ok
2026-03-04 09:25:51 INFO cache miss
2026-03-04 09:25:53 WARN cache hit
2026-03-04 09:25:54 INFO background job finished
2026-03-04 09:25:57 INFO config reloaded
2026-03-04 09:25:58 INFO config reloaded
2026-03-04 09:26:00 INFO config reloaded
2026-03-04 09:26:04 INFO cache hit
2026-03-04 09:26:08 INFO slow query detected
2026-03-04 09:26:09 INFO user login ok
2026-03-04 09:26:13 WARN cache miss
2026-03-04 09:26:16 WARN background job finished
2026-03-04 09:26:18 INFO connection reset by peer
2026-03-04 09:26:20 INFO user login ok
2026-03-04 09:26:23 WARN cache hit
2026-03-04 09:26:24 INFO user login ok
2026-03-04 09:26:27 INFO cache hit
2026-03-04 09:26:30 INFO user logout
2026-03-04 09:26:33 INFO user login ok
2026-03-04 09:26:35 INFO user logout
2026-03-04 09:26:38 INFO cache hit
2026-03-04 09:26:40 INFO user login ok
2026-03-04 09:26:41 INFO cache hit
2026-03-04 09:26:45 WARN user logout
2026-03-04 09:26:48 WARN user login ok
2026-03-04 09:26:52 INFO cache miss
2026-03-04 09:26:53 WARN user login ok
2026-03-04 09:26:57 INFO user login ok
2026-03-04 09:27:00 WARN invalid token
2026-03-04 09:27:01 WARN user login ok
2026-03-04 09:27:05 WARN user login ok
2026-03-04 09:27:08 INFO cache hit
2026-03-04 09:27:12 INFO cache miss
2026-03-04 09:27:13 INFO invalid token
2026-03-04 09:27:17 INFO user login ok
2026-03-04 09:27:19 INFO slow query detected
2026-03-04 09:27:22 ERROR user login ok
2026-03-04 09:27:25 INFO user login ok
2026-03-04 09:27:28 INFO invalid token
2026-03-04 09:27:31 INFO connection reset by peer
2026-03-04 09:27:33 INFO config reloaded
2026-03-04 09:27:37 INFO user login ok
2026-03-04 09:27:39 INFO background job finished
2026-03-04 09:27:41 INFO disk usage high
2026-03-04 09:27:45 INFO user logout
2026-03-04 09:27:48 INFO invalid token
2026-03-04 09:27:52 WARN background job finished
2026-03-04 09:27:55 INFO cache hit
2026-03-04 09:27:57 INFO background job finished
### повреждённая строка ###
2026-03-04 09:28:02 INFO connection reset by peer
2026-03-04 09:28:05 INFO user login ok
2026-03-04 09:28:08 WARN background job finished
2026-03-04 09:28:12 INFO user login ok
2026-03-04 09:28:16 INFO database timeout
2026-03-04 09:28:20 INFO database timeout
### повреждённая строка ###
2026-03-04 09:28:24 INFO user login ok
2026-03-04 09:28:26 INFO background job finished
2026-03-04 09:28:30 INFO cache hit
2026-03-04 09:28:32 INFO config reloaded
2026-03-04 09:28:35 INFO user logout
2026-03-04 09:28:38 INFO cache hit
2026-03-04 09:28:39 WARN slow query detected
2026-03-04 09:28:43 INFO user login ok
2026-03-04 09:28:44 INFO disk usage high
2026-03-04 09:28:45 WARN cache miss
2026-03-04 09:28:49 INFO user login ok
2026-03-04 09:28:51 INFO cache hit
2026-03-04 09:28:54 INFO config reloaded
2026-03-04 09:28:58 INFO cache miss
2026-03-04 09:28:59 INFO user logout
2026-03-04 09:29:00 INFO cache hit
2026-03-04 09:29:01 WARN background job finished
2026-03-04 09:29:02 INFO user login ok
2026-03-04 09:29:04 INFO user login ok
2026-03-04 09:29:07 INFO user login ok
2026-03-04 09:29:09 WARN slow query detected
2026-03-04 09:29:10 INFO user login ok
2026-03-04 09:29:12 INFO cache hit
2026-03-04 09:29:16 INFO background job finished
2026-03-04 09:29:17 INFO user login ok
2026-03-04 09:29:18 INFO user logout
2026-03-04 09:29:21 INFO user login ok
2026-03-04 09:29:25 INFO user logout
2026-03-04 09:29:28 WARN cache hit
2026-03-04 09:29:32 INFO cache miss
2026-03-04 09:29:36 ERROR connection reset by peer
2026-03-04 09:29:40 INFO user login ok
2026-03-04 09:29:42 INFO database timeout
2026-03-04 09:29:46 WARN slow query detected
2026-03-04 09:29:49 INFO disk usage high
2026-03-04 09:29:52 WARN user login ok
2026-03-04 09:29:53 INFO user login ok
2026-03-04 09:29:57 INFO cache hit
2026-03-04 09:29:58 INFO user login ok
2026-03-04 09:30:00 INFO invalid token
2026-03-04 09:30:03 INFO user login ok
2026-03-04 09:30:06 WARN request handled
2026-03-04 09:30:09 WARN database timeout
2026-03-04 09:30:13 INFO user login ok
2026-03-04 09:30:17 INFO config reloaded
2026-03-04 09:30:20 INFO cache hit
2026-03-04 09:30:21 INFO config reloaded
2026-03-04 09:30:23 INFO disk usage high
2026-03-04 09:30:25 INFO background job finished
2026-03-04 09:30:26 INFO user login ok
2026-03-04 09:30:30 INFO user logout
2026-03-04 09:30:31 INFO request handled
2026-03-04 09:30:34 INFO cache miss
2026-03-04 09:30:37 INFO user login ok
2026-03-04 09:30:38 INFO user logout
2026-03-04 09:30:40 WARN connection reset by peer
2026-03-04 09:30:43 INFO user logout
2026-03-04 09:30:45 INFO user login ok
2026-03-04 09:30:46 INFO invalid token
2026-03-04 09:30:50 WARN user login ok
2026-03-04 09:30:51 INFO invalid token
2026-03-04 09:30:55 INFO request handled
2026-03-04 09:30:59 INFO user login ok
2026-03-04 09:31:01 WARN cache hit
2026-03-04 09:31:03 INFO database timeout
2026-03-04 09:31:06 INFO request handled
2026-03-04 09:31:07 INFO cache hit
2026-03-04 09:31:10 INFO user logout
2026-03-04 09:31:11 INFO user login ok
2026-03-04 09:31:12 INFO user login ok
2026-03-04 09:31:16 INFO user login ok
2026-03-04 09:31:19 WARN cache miss
2026-03-04 09:31:23 INFO request handled
2026-03-04 09:31:26 INFO user logout
2026-03-04 09:31:29 WARN invalid token
2026-03-04 09:31:33 INFO connection reset by peer
2026-03-04 09:31:34 WARN slow query detected
2026-03-04 09:31:36 INFO user logout
2026-03-04 09:31:38 INFO user logout
2026-03-04 09:31:41 INFO config reloaded
2026-03-04 09:31:44 INFO user login ok
2026-03-04 09:31:48 INFO request handled
2026-03-04 09:31:49 WARN user login ok
2026-03-04 09:31:52 INFO database timeout
2026-03-04 09:31:53 INFO config reloaded
2026-03-04 09:31:57 WARN user login ok
2026-03-04 09:32:00 INFO user login ok
2026-03-04 09:32:02 INFO cache hit
2026-03-04 09:32:05 ERROR user login ok
2026-03-04 09:32:08 INFO user logout
2026-03-04 09:32:12 INFO background job finished
2026-03-04 09:32:16 INFO cache hit
2026-03-04 09:32:17 INFO request handled
2026-03-04 09:32:21 INFO user login ok
2026-03-04 09:32:22 INFO slow query detected
2026-03-04 09:32:26 INFO cache miss
2026-03-04 09:32:29 INFO user logout
2026-03-04 09:32:30 INFO user login ok
2026-03-04 09:32:32 INFO cache hit
2026-03-04 09:32:33 INFO user logout
2026-03-04 09:32:37 INFO user logout
2026-03-04 09:32:41 ERROR config reloaded
2026-03-04 09:32:42 INFO user login ok
2026-03-04 09:32:44 INFO config reloaded
2026-03-04 09:32:46 INFO user login ok
2026-03-04 09:32:49 INFO user login ok
2026-03-04 09:32:52 INFO disk usage high
2026-03-04 09:32:56 INFO user logout
2026-03-04 09:32:59 WARN cache miss
2026-03-04 09:33:01 INFO user login ok
2026-03-04 09:33:04 INFO user login ok
2026-03-04 09:33:06 INFO user login ok
2026-03-04 09:33:09 INFO database timeout
2026-03-04 09:33:13 ERROR user login ok
2026-03-04 09:33:17 INFO user login ok
2026-03-04 09:33:21 INFO user login ok
2026-03-04 09:33:22 INFO database timeout
2026-03-04 09:33:26 INFO invalid token
2026-03-04 09:33:29 INFO user login ok
2026-03-04 09:33:33 INFO user login ok
2026-03-04 09:33:35 INFO cache miss
2026-03-04 09:33:38 INFO slow query detected
2026-03-04 09:33:40 INFO background job finished
2026-03-04 09:33:41 INFO cache hit
2026-03-04 09:33:44 INFO user login ok
2026-03-04 09:33:48 INFO config reloaded
2026-03-04 09:33:52 INFO user login ok
2026-03-04 09:33:56 WARN connection reset by peer
2026-03-04 09:34:00 INFO connection reset by peer
2026-03-04 09:34:03 INFO cache miss
2026-03-04 09:34:05 WARN cache miss
2026-03-04 09:34:09 INFO user login ok
2026-03-04 09:34:12 INFO user logout
2026-03-04 09:34:14 INFO user login ok
2026-03-04 09:34:18 INFO user logout
2026-03-04 09:34:22 INFO cache miss
2026-03-04 09:34:24 WARN user login ok
2026-03-04 09:34:27 INFO user login ok
2026-03-04 09:34:30 ERROR user login ok
2026-03-04 09:34:33 INFO config reloaded
2026-03-04 09:34:37 INFO user login ok
2026-03-04 09:34:41 INFO database timeout
2026-03-04 09:34:43 INFO user login ok
2026-03-04 09:34:44 INFO user logout
2026-03-04 09:34:45 ERROR user login ok
2026-03-04 09:34:48 INFO disk usage high
2026-03-04 09:34:52 INFO user login ok
2026-03-04 09:34:55 INFO user login ok
2026-03-04 09:34:58 INFO connection reset by peer
2026-03-04 09:35:02 INFO user login ok
2026-03-04 09:35:03 INFO user login ok
2026-03-04 09:35:06 INFO user login ok
2026-03-04 09:35:09 INFO user login ok
2026-03-04 09:35:13 INFO user login ok
2026-03-04 09:35:15 INFO user login ok
2026-03-04 09:35:16 INFO cache hit
2026-03-04 09:35:19 INFO invalid token
2026-03-04 09:35:22 ERROR background job finished
2026-03-04 09:35:23 INFO cache miss
2026-03-04 09:35:27 INFO user login ok
2026-03-04 09:35:28 INFO request handled
2026-03-04 09:35:29 INFO request handled
2026-03-04 09:35:32 WARN user login ok
2026-03-04 09:35:34 INFO user login ok
2026-03-04 09:35:37 INFO background job finished
2026-03-04 09:35:41 INFO user logout
2026-03-04 09:35:45 WARN config reloaded
2026-03-04 09:35:49 INFO cache miss
2026-03-04 09:35:53 WARN request handled
2026-03-04 09:35:57 ERROR cache miss
2026-03-04 09:36:01 INFO user login ok
2026-03-04 09:36:04 ERROR user login ok
2026-03-04 09:36:06 INFO cache hit
2026-03-04 09:36:08 INFO user login ok
2026-03-04 09:36:12 INFO user logout
2026-03-04 09:36:13 INFO user login ok
2026-03-04 09:36:16 INFO cache hit
2026-03-04 09:36:17 INFO slow query detected
2026-03-04 09:36:18 INFO disk usage high
2026-03-04 09:36:22 WARN user login ok
2026-03-04 09:36:26 INFO background job finished
2026-03-04 09:36:29 ERROR user login ok
2026-03-04 09:36:31 INFO user login ok
2026-03-04 09:36:32 INFO disk usage high
2026-03-04 09:36:36 INFO cache hit
2026-03-04 09:36:40 INFO slow query detected
2026-03-04 09:36:41 INFO user login ok
2026-03-04 09:36:43 INFO cache hit
2026-03-04 09:36:45 INFO slow query detected
2026-03-04 09:36:47 INFO request handled
2026-03-04 09:36:49 INFO user logout
2026-03-04 09:36:50 INFO disk usage high
2026-03-04 09:36:51 INFO connection reset by peer
2026-03-04 09:36:54 INFO user login ok
2026-03-04 09:36:57 ERROR request handled
2026-03-04 09:37:00 INFO config reloaded
2026-03-04 09:37:03 INFO user login ok
2026-03-04 09:37:05 INFO connection reset by peer
2026-03-04 09:37:09 WARN disk usage high
2026-03-04 09:37:12 ERROR user login ok
2026-03-04 09:37:13 WARN background job finished
2026-03-04 09:37:15 INFO user logout
2026-03-04 09:37:17 INFO cache miss
2026-03-04 09:37:19 ERROR user login ok
2026-03-04 09:37:21 INFO user logout
2026-03-04 09:37:25 INFO disk usage high
2026-03-04 09:37:29 WARN cache hit
2026-03-04 09:37:30 ERROR user login ok
2026-03-04 09:37:31 INFO background job finished
2026-03-04 09:37:33 INFO invalid token
2026-03-04 09:37:36 INFO connection reset by peer
2026-03-04 09:37:39 INFO invalid token
2026-03-04 09:37:41 WARN request handled
2026-03-04 09:37:44 INFO connection reset by peer
2026-03-04 09:37:47 INFO cache hit
2026-03-04 09:37:49 INFO slow query detected
2026-03-04 09:37:51 INFO user login ok
2026-03-04 09:37:55 INFO disk usage high
2026-03-04 09:37:58 INFO user login ok
2026-03-04 09:37:59 INFO slow query detected
2026-03-04 09:38:03 INFO slow query detected
2026-03-04 09:38:07 WARN user logout
2026-03-04 09:38:08 INFO request handled
2026-03-04 09:38:10 INFO user login ok
2026-03-04 09:38:11 INFO slow query detected
2026-03-04 09:38:13 INFO connection reset by peer
2026-03-04 09:38:17 INFO background job finished
2026-03-04 09:38:19 INFO config reloaded
2026-03-04 09:38:21 INFO database timeout
2026-03-04 09:38:25 INFO user login ok
2026-03-04 09:38:26 INFO user login ok
2026-03-04 09:38:28 INFO user login ok
2026-03-04 09:38:29 INFO slow query detected
2026-03-04 09:38:32 WARN request handled
2026-03-04 09:38:35 INFO user login ok
2026-03-04 09:38:39 WARN disk usage high
2026-03-04 09:38:42 INFO config reloaded
2026-03-04 09:38:43 INFO slow query detected
2026-03-04 09:38:44 INFO user logout
2026-03-04 09:38:47 INFO request handled
2026-03-04 09:38:48 INFO user login ok
2026-03-04 09:38:50 WARN cache miss
2026-03-04 09:38:54 INFO database timeout
2026-03-04 09:38:57 INFO slow query detected
2026-03-04 09:38:59 INFO disk usage high
2026-03-04 09:39:02 ERROR disk usage high
2026-03-04 09:39:06 INFO user login ok
2026-03-04 09:39:08 INFO config reloaded
2026-03-04 09:39:12 INFO connection reset by peer
2026-03-04 09:39:15 INFO disk usage high
2026-03-04 09:39:19 WARN user login ok
2026-03-04 09:39:21 INFO config reloaded
2026-03-04 09:39:22 INFO user logout
2026-03-04 09:39:25 INFO user login ok
2026-03-04 09:39:29 INFO config reloaded
2026-03-04 09:39:31 INFO request handled
2026-03-04 09:39:33 INFO database timeout
2026-03-04 09:39:34 INFO config reloaded
2026-03-04 09:39:37 INFO user login ok
2026-03-04 09:39:38 INFO user login ok
2026-03-04 09:39:40 INFO user logout
### повреждённая строка ###
2026-03-04 09:39:46 INFO cache hit
2026-03-04 09:39:47 INFO connection reset by peer
2026-03-04 09:39:51 INFO cache miss
2026-03-04 09:39:52 INFO user logout
2026-03-04 09:39:54 INFO database timeout
### повреждённая строка ###
2026-03-04 09:39:59 INFO config reloaded
2026-03-04 09:40:01 INFO request handled
2026-03-04 09:40:05 INFO database timeout
2026-03-04 09:40:08 INFO cache hit
2026-03-04 09:40:09 ERROR user login ok
2026-03-04 09:40:13 INFO user login ok
2026-03-04 09:40:17 INFO connection reset by peer
2026-03-04 09:40:20 INFO connection reset by peer
### повреждённая строка ###
2026-03-04 09:40:25 INFO user login ok
2026-03-04 09:40:28 INFO user login ok
2026-03-04 09:40:32 INFO connection reset by peer
2026-03-04 09:40:33 INFO user login ok
2026-03-04 09:40:37 INFO user login ok
2026-03-04 09:40:40 INFO database timeout
2026-03-04 09:40:44 INFO cache miss
2026-03-04 09:40:47 INFO config reloaded
2026-03-04 09:40:51 INFO cache hit
2026-03-04 09:40:52 INFO user login ok
2026-03-04 09:40:53 INFO user login ok
2026-03-04 09:40:54 INFO database timeout
2026-03-04 09:40:55 INFO user logout
2026-03-04 09:40:59 INFO user login ok
2026-03-04 09:41:02 INFO user logout
2026-03-04 09:41:03 INFO connection reset by peer
2026-03-04 09:41:06 INFO user login ok
2026-03-04 09:41:09 INFO user login ok
2026-03-04 09:41:11 INFO user login ok
2026-03-04 09:41:12 WARN user login ok
2026-03-04 09:41:14 INFO user login ok
2026-03-04 09:41:18 INFO user logout
2026-03-04 09:41:21 INFO request handled
2026-03-04 09:41:22 INFO database timeout
2026-03-04 09:41:25 INFO background job finished
2026-03-04 09:41:27 INFO cache miss
2026-03-04 09:41:29 INFO cache hit
2026-03-04 09:41:31 INFO connection reset by peer
2026-03-04 09:41:34 INFO user logout
2026-03-04 09:41:35 WARN connection reset by peer
2026-03-04 09:41:37 INFO user login ok
2026-03-04 09:41:41 INFO invalid token
2026-03-04 09:41:43 WARN config reloaded
2026-03-04 09:41:46 INFO user login ok
2026-03-04 09:41:49 INFO connection reset by peer
2026-03-04 09:41:50 INFO disk usage high
2026-03-04 09:41:51 INFO cache hit
2026-03-04 09:41:54 WARN request handled
2026-03-04 09:41:55 WARN user login ok
2026-03-04 09:41:59 INFO user logout
2026-03-04 09:42:00 INFO connection reset by peer
2026-03-04 09:42:04 INFO user login ok
2026-03-04 09:42:07 ERROR user logout
2026-03-04 09:42:10 INFO background job finished
2026-03-04 09:42:13 INFO cache hit
2026-03-04 09:42:14 INFO cache hit
2026-03-04 09:42:17 WARN user login ok
2026-03-04 09:42:21 WARN user login ok
2026-03-04 09:42:24 INFO request handled
2026-03-04 09:42:28 INFO config reloaded
2026-03-04 09:42:31 INFO invalid token
2026-03-04 09:42:33 INFO invalid token
2026-03-04 09:42:36 INFO request handled
2026-03-04 09:42:38 WARN config reloaded
2026-03-04 09:42:39 INFO user login ok
2026-03-04 09:42:40 WARN slow query detected
2026-03-04 09:42:43 INFO request handled
2026-03-04 09:42:44 INFO connection reset by peer
2026-03-04 09:42:48 INFO background job finished
2026-03-04 09:42:51 INFO user login ok
2026-03-04 09:42:52 WARN cache hit
2026-03-04 09:42:53 INFO user login ok
2026-03-04 09:42:54 WARN user login ok
2026-03-04 09:42:56 INFO database timeout
2026-03-04 09:43:00 INFO cache hit
2026-03-04 09:43:01 INFO database timeout
2026-03-04 09:43:03 INFO request handled
2026-03-04 09:43:07 INFO config reloaded
2026-03-04 09:43:10 INFO cache miss
2026-03-04 09:43:11 INFO cache miss
2026-03-04 09:43:13 INFO cache miss
2026-03-04 09:43:14 INFO user logout
2026-03-04 09:43:16 INFO user login ok
2026-03-04 09:43:17 INFO database timeout
2026-03-04 09:43:18 INFO disk usage high
2026-03-04 09:43:20 INFO cache hit
2026-03-04 09:43:24 WARN user login ok
2026-03-04 09:43:25 INFO disk usage high
2026-03-04 09:43:27 INFO user login ok
2026-03-04 09:43:28 INFO cache miss
2026-03-04 09:43:31 ERROR cache hit
2026-03-04 09:43:32 ERROR config reloaded
2026-03-04 09:43:35 INFO user logout
2026-03-04 09:43:39 ERROR slow query detected
2026-03-04 09:43:42 INFO user login ok
2026-03-04 09:43:43 INFO user login ok
2026-03-04 09:43:44 INFO slow query detected
2026-03-04 09:43:48 INFO user login ok
2026-03-04 09:43:50 INFO slow query detected
2026-03-04 09:43:51 INFO cache hit
2026-03-04 09:43:52 INFO cache miss
2026-03-04 09:43:56 INFO slow query detected
2026-03-04 09:44:00 INFO user logout
2026-03-04 09:44:02 INFO user login ok
2026-03-04 09:44:03 INFO user login ok
2026-03-04 09:44:07 INFO disk usage high
2026-03-04 09:44:10 INFO request handled
2026-03-04 09:44:11 INFO user login ok
2026-03-04 09:44:15 INFO user login ok
2026-03-04 09:44:18 INFO cache hit
### повреждённая строка ###
2026-03-04 09:44:25 INFO cache hit
2026-03-04 09:44:28 INFO background job finished
2026-03-04 09:44:29 INFO user login ok
2026-03-04 09:44:33 INFO cache hit
2026-03-04 09:44:34 INFO request handled
2026-03-04 09:44:36 WARN cache hit
2026-03-04 09:44:39 INFO slow query detected
2026-03-04 09:44:43 WARN connection reset by peer
2026-03-04 09:44:46 INFO user logout
2026-03-04 09:44:47 INFO cache hit
2026-03-04 09:44:49 INFO user login ok
2026-03-04 09:44:50 INFO slow query detected
2026-03-04 09:44:52 WARN database timeout
2026-03-04 09:44:54 INFO user logout
2026-03-04 09:44:58 INFO cache hit
2026-03-04 09:45:01 WARN connection reset by peer
2026-03-04 09:45:05 INFO slow query detected
2026-03-04 09:45:07 INFO cache hit
2026-03-04 09:45:08 INFO user login ok
2026-03-04 09:45:12 WARN cache miss
2026-03-04 09:45:13 INFO user login ok
2026-03-04 09:45:17 INFO disk usage high
2026-03-04 09:45:20 INFO user logout
2026-03-04 09:45:21 INFO disk usage high
2026-03-04 09:45:22 INFO user logout
2026-03-04 09:45:23 INFO user logout
2026-03-04 09:45:27 INFO user login ok
2026-03-04 09:45:30 INFO user login ok
2026-03-04 09:45:32 WARN config reloaded
2026-03-04 09:45:34 INFO user login ok
2026-03-04 09:45:35 INFO user login ok
2026-03-04 09:45:37 INFO background job finished
2026-03-04 09:45:41 WARN cache miss
2026-03-04 09:45:44 WARN disk usage high
2026-03-04 09:45:47 INFO config reloaded
2026-03-04 09:45:50 INFO invalid token
2026-03-04 09:45:51 INFO user logout
2026-03-04 09:45:55 WARN database timeout
2026-03-04 09:45:58 INFO user login ok
2026-03-04 09:46:01 INFO user login ok
2026-03-04 09:46:02 INFO background job finished
2026-03-04 09:46:05 INFO disk usage high
2026-03-04 09:46:07 INFO user logout
### повреждённая строка ###
2026-03-04 09:46:11 INFO user login ok
2026-03-04 09:46:14 INFO disk usage high
2026-03-04 09:46:18 INFO user login ok
2026-03-04 09:46:20 INFO disk usage high
2026-03-04 09:46:22 INFO user login ok
2026-03-04 09:46:23 WARN slow query detected
2026-03-04 09:46:27 INFO background job finished
2026-03-04 09:46:29 INFO cache miss
### повреждённая строка ###
2026-03-04 09:46:34 INFO request handled
2026-03-04 09:46:37 WARN background job finished
2026-03-04 09:46:38 INFO cache hit
2026-03-04 09:46:41 INFO disk usage high
2026-03-04 09:46:42 INFO config reloaded
2026-03-04 09:46:43 INFO user login ok
2026-03-04 09:46:44 INFO user login ok
2026-03-04 09:46:48 INFO disk usage high
2026-03-04 09:46:49 WARN user logout
2026-03-04 09:46:52 INFO connection reset by peer
2026-03-04 09:46:54 INFO cache hit
2026-03-04 09:46:58 INFO config reloaded
2026-03-04 09:47:00 INFO user login ok
2026-03-04 09:47:01 INFO slow query detected
2026-03-04 09:47:02 WARN request handled
2026-03-04 09:47:03 INFO request handled
2026-03-04 09:47:05 WARN request handled
2026-03-04 09:47:06 WARN disk usage high
2026-03-04 09:47:09 INFO slow query detected
2026-03-04 09:47:11 WARN cache miss
2026-03-04 09:47:14 INFO user logout
2026-03-04 09:47:16 WARN user logout
2026-03-04 09:47:19 INFO user login ok
2026-03-04 09:47:20 INFO cache hit
2026-03-04 09:47:21 INFO user login ok
2026-03-04 09:47:22 WARN database timeout
2026-03-04 09:47:24 INFO cache miss
2026-03-04 09:47:25 INFO disk usage high
2026-03-04 09:47:26 WARN user logout
2026-03-04 09:47:30 INFO config reloaded
2026-03-04 09:47:34 INFO request handled
2026-03-04 09:47:37 INFO user login ok
2026-03-04 09:47:41 INFO database timeout
2026-03-04 09:47:45 INFO disk usage high
2026-03-04 09:47:46 WARN user logout
2026-03-04 09:47:48 INFO user login ok
2026-03-04 09:47:52 INFO disk usage high
2026-03-04 09:47:55 WARN user login ok
2026-03-04 09:47:59 INFO request handled
2026-03-04 09:48:03 INFO invalid token
2026-03-04 09:48:05 WARN cache miss
2026-03-04 09:48:08 WARN slow query detected
2026-03-04 09:48:10 WARN disk usage high
2026-03-04 09:48:14 INFO user login ok
2026-03-04 09:48:17 WARN cache hit
2026-03-04 09:48:21 INFO user login ok
2026-03-04 09:48:22 INFO config reloaded
2026-03-04 09:48:24 INFO invalid token
2026-03-04 09:48:27 INFO config reloaded
2026-03-04 09:48:29 INFO user login ok
2026-03-04 09:48:32 INFO cache miss
2026-03-04 09:48:35 INFO user logout
2026-03-04 09:48:38 INFO cache miss
2026-03-04 09:48:42 INFO user logout
2026-03-04 09:48:45 WARN connection reset by peer
2026-03-04 09:48:47 INFO request handled
2026-03-04 09:48:50 INFO user login ok
2026-03-04 09:48:51 INFO cache hit
2026-03-04 09:48:52 INFO user login ok
2026-03-04 09:48:54 INFO connection reset by peer
2026-03-04 09:48:57 INFO user logout
2026-03-04 09:49:01 INFO user login ok
2026-03-04 09:49:03 INFO cache hit
2026-03-04 09:49:04 INFO user login ok
2026-03-04 09:49:05 INFO background job finished
2026-03-04 09:49:08 WARN user logout
2026-03-04 09:49:09 WARN connection reset by peer
2026-03-04 09:49:13 INFO user login ok
2026-03-04 09:49:17 INFO slow query detected
2026-03-04 09:49:19 INFO request handled
2026-03-04 09:49:20 INFO user login ok
2026-03-04 09:49:23 INFO user logout
2026-03-04 09:49:26 INFO user login ok
2026-03-04 09:49:27 INFO connection reset by peer
2026-03-04 09:49:28 ERROR background job finished
2026-03-04 09:49:29 INFO cache hit
2026-03-04 09:49:30 WARN slow query detected
2026-03-04 09:49:34 INFO user logout
2026-03-04 09:49:36 INFO user login ok
2026-03-04 09:49:37 INFO user logout
2026-03-04 09:49:40 WARN user login ok
2026-03-04 09:49:42 INFO user login ok
2026-03-04 09:49:46 INFO disk usage high
2026-03-04 09:49:48 INFO background job finished
2026-03-04 09:49:50 INFO user logout
2026-03-04 09:49:51 INFO user login ok
2026-03-04 09:49:52 ERROR user logout
2026-03-04 09:49:54 INFO cache miss
2026-03-04 09:49:55 INFO user logout
2026-03-04 09:49:59 INFO cache hit
2026-03-04 09:50:02 INFO user login ok
2026-03-04 09:50:05 INFO cache hit
2026-03-04 09:50:09 INFO invalid token
2026-03-04 09:50:11 INFO cache hit
2026-03-04 09:50:14 INFO user login ok
2026-03-04 09:50:18 INFO cache hit
2026-03-04 09:50:21 WARN connection reset by peer
2026-03-04 09:50:25 INFO user login ok
2026-03-04 09:50:29 WARN user login ok
2026-03-04 09:50:32 INFO request handled
2026-03-04 09:50:35 INFO user login ok
2026-03-04 09:50:36 INFO cache miss
2026-03-04 09:50:40 WARN user login ok
2026-03-04 09:50:43 WARN user login ok
2026-03-04 09:50:47 INFO user logout
2026-03-04 09:50:50 INFO user logout
2026-03-04 09:50:53 INFO user login ok
2026-03-04 09:50:57 ERROR cache miss
2026-03-04 09:50:58 WARN config reloaded
2026-03-04 09:51:00 INFO slow query detected
2026-03-04 09:51:01 WARN slow query detected
2026-03-04 09:51:04 INFO user login ok
2026-03-04 09:51:05 INFO cache hit
2026-03-04 09:51:06 INFO cache hit
2026-03-04 09:51:10 INFO user logout
2026-03-04 09:51:14 WARN user login ok
2026-03-04 09:51:18 INFO slow query detected
2026-03-04 09:51:22 INFO user login ok
2026-03-04 09:51:26 INFO disk usage high
2026-03-04 09:51:28 INFO disk usage high
2026-03-04 09:51:29 WARN cache hit
2026-03-04 09:51:31 WARN cache hit
2026-03-04 09:51:34 INFO cache hit
2026-03-04 09:51:36 INFO user logout
2026-03-04 09:51:39 INFO slow query detected
2026-03-04 09:51:42 INFO user login ok
2026-03-04 09:51:45 INFO user login ok
2026-03-04 09:51:46 INFO cache miss
2026-03-04 09:51:47 WARN user logout
2026-03-04 09:51:49 WARN slow query detected
2026-03-04 09:51:53 WARN cache miss
2026-03-04 09:51:54 INFO user login ok
2026-03-04 09:51:58 INFO invalid token
2026-03-04 09:52:02 ERROR invalid token
2026-03-04 09:52:04 INFO user login ok
2026-03-04 09:52:05 INFO cache hit
2026-03-04 09:52:08 WARN cache miss
2026-03-04 09:52:12 INFO disk usage high
2026-03-04 09:52:15 WARN database timeout
2026-03-04 09:52:19 INFO connection reset by peer
2026-03-04 09:52:22 INFO user logout
2026-03-04 09:52:23 INFO user login ok
2026-03-04 09:52:26 INFO slow query detected
2026-03-04 09:52:29 INFO cache miss
2026-03-04 09:52:31 INFO user login ok
2026-03-04 09:52:33 INFO slow query detected
2026-03-04 09:52:35 INFO user login ok
2026-03-04 09:52:38 INFO request handled
2026-03-04 09:52:42 WARN invalid token
2026-03-04 09:52:45 INFO slow query detected
2026-03-04 09:52:46 WARN user logout
2026-03-04 09:52:50 WARN slow query detected
2026-03-04 09:52:51 INFO config reloaded
2026-03-04 09:52:52 WARN cache miss
2026-03-04 09:52:54 INFO disk usage high
2026-03-04 09:52:58 INFO config reloaded
2026-03-04 09:53:01 INFO invalid token
2026-03-04 09:53:05 INFO user login ok
2026-03-04 09:53:08 INFO user logout
2026-03-04 09:53:12 INFO background job finished
2026-03-04 09:53:13 INFO slow query detected
2026-03-04 09:53:17 INFO user logout
2026-03-04 09:53:19 ERROR user logout
2026-03-04 09:53:21 WARN database timeout
2026-03-04 09:53:23 INFO invalid token
2026-03-04 09:53:27 WARN cache miss
2026-03-04 09:53:28 INFO user login ok
2026-03-04 09:53:30 WARN user login ok
2026-03-04 09:53:31 INFO user login ok
2026-03-04 09:53:35 ERROR disk usage high
2026-03-04 09:53:39 INFO user login ok
2026-03-04 09:53:42 INFO user logout
2026-03-04 09:53:44 INFO user login ok
2026-03-04 09:53:46 INFO user login ok
2026-03-04 09:53:50 INFO connection reset by peer
2026-03-04 09:53:51 INFO background job finished
2026-03-04 09:53:54 WARN user login ok
2026-03-04 09:53:55 INFO cache hit
2026-03-04 09:53:59 INFO slow query detected
2026-03-04 09:54:02 INFO user login ok
2026-03-04 09:54:05 INFO request handled
2026-03-04 09:54:06 ERROR user login ok
2026-03-04 09:54:08 INFO connection reset by peer
2026-03-04 09:54:11 WARN disk usage high
2026-03-04 09:54:12 INFO cache miss
2026-03-04 09:54:15 INFO connection reset by peer
2026-03-04 09:54:19 ERROR request handled
2026-03-04 09:54:22 INFO config reloaded
2026-03-04 09:54:23 INFO disk usage high
2026-03-04 09:54:25 WARN database timeout
2026-03-04 09:54:28 INFO user logout
2026-03-04 09:54:31 INFO config reloaded
2026-03-04 09:54:33 INFO connection reset by peer
2026-03-04 09:54:35 INFO user login ok
2026-03-04 09:54:38 INFO user login ok
2026-03-04 09:54:40 INFO cache hit
2026-03-04 09:54:44 INFO cache hit
2026-03-04 09:54:45 WARN user login ok
2026-03-04 09:54:46 WARN background job finished
2026-03-04 09:54:47 INFO user login ok
2026-03-04 09:54:50 INFO user login ok
2026-03-04 09:54:51 INFO invalid token
2026-03-04 09:54:55 INFO user login ok
2026-03-04 09:54:59 INFO disk usage high
2026-03-04 09:55:01 INFO user login ok
2026-03-04 09:55:03 INFO request handled
2026-03-04 09:55:04 WARN database timeout
2026-03-04 09:55:08 INFO user logout
2026-03-04 09:55:12 INFO slow query detected
2026-03-04 09:55:15 INFO cache miss
2026-03-04 09:55:18 INFO user login ok
2026-03-04 09:55:19 INFO cache hit
2026-03-04 09:55:20 INFO user logout
2026-03-04 09:55:23 WARN cache hit
2026-03-04 09:55:25 INFO user login ok
2026-03-04 09:55:27 INFO user login ok
2026-03-04 09:55:29 INFO invalid token
2026-03-04 09:55:32 ERROR slow query detected
2026-03-04 09:55:35 INFO user login ok
2026-03-04 09:55:39 INFO user login ok
2026-03-04 09:55:41 INFO cache hit
2026-03-04 09:55:45 WARN connection reset by peer
2026-03-04 09:55:47 INFO user logout
2026-03-04 09:55:49 INFO config reloaded
### повреждённая строка ###
2026-03-04 09:55:55 WARN user logout
2026-03-04 09:55:57 INFO cache miss
2026-03-04 09:55:59 INFO connection reset by peer
2026-03-04 09:56:01 INFO user login ok
2026-03-04 09:56:03 WARN connection reset by peer
2026-03-04 09:56:06 INFO user login ok
2026-03-04 09:56:07 INFO user login ok
2026-03-04 09:56:09 INFO slow query detected
2026-03-04 09:56:12 INFO user login ok
2026-03-04 09:56:15 WARN background job finished
2026-03-04 09:56:19 INFO user logout
2026-03-04 09:56:21 INFO user login ok
2026-03-04 09:56:25 INFO database timeout
2026-03-04 09:56:28 INFO user login ok
2026-03-04 09:56:29 INFO user login ok
2026-03-04 09:56:30 INFO user login ok
2026-03-04 09:56:31 INFO cache hit
2026-03-04 09:56:35 INFO background job finished
2026-03-04 09:56:39 INFO request handled
2026-03-04 09:56:41 INFO cache miss
2026-03-04 09:56:42 WARN cache miss
2026-03-04 09:56:46 INFO background job finished
2026-03-04 09:56:50 WARN invalid token
2026-03-04 09:56:54 INFO cache miss
2026-03-04 09:56:55 INFO user login ok
2026-03-04 09:56:57 INFO request handled
2026-03-04 09:57:01 INFO user logout
2026-03-04 09:57:03 INFO user login ok
2026-03-04 09:57:07 INFO user login ok
2026-03-04 09:57:09 INFO disk usage high
2026-03-04 09:57:11 INFO user login ok
2026-03-04 09:57:13 WARN user login ok
2026-03-04 09:57:16 INFO user login ok
2026-03-04 09:57:19 INFO request handled
2026-03-04 09:57:23 INFO user login ok
2026-03-04 09:57:24 ERROR database timeout
2026-03-04 09:57:26 INFO cache hit
2026-03-04 09:57:28 WARN slow query detected
2026-03-04 09:57:30 INFO user login ok
2026-03-04 09:57:32 WARN cache hit
2026-03-04 09:57:36 INFO user login ok
2026-03-04 09:57:38 INFO cache hit
2026-03-04 09:57:40 INFO user login ok
2026-03-04 09:57:44 INFO user login ok
2026-03-04 09:57:45 WARN disk usage high
2026-03-04 09:57:49 INFO config reloaded
2026-03-04 09:57:52 INFO user login ok
2026-03-04 09:57:54 INFO cache hit
2026-03-04 09:57:55 WARN user login ok
2026-03-04 09:57:56 INFO user login ok
2026-03-04 09:58:00 INFO user logout
2026-03-04 09:58:04 INFO config reloaded
2026-03-04 09:58:06 INFO cache miss
2026-03-04 09:58:08 INFO user login ok
2026-03-04 09:58:11 INFO user logout
2026-03-04 09:58:14 WARN connection reset by peer
2026-03-04 09:58:15 INFO slow query detected
2026-03-04 09:58:18 WARN background job finished
2026-03-04 09:58:19 INFO user login ok
2026-03-04 09:58:23 INFO user logout
2026-03-04 09:58:27 INFO request handled
2026-03-04 09:58:30 INFO user login ok
2026-03-04 09:58:34 INFO disk usage high
2026-03-04 09:58:38 INFO cache miss
2026-03-04 09:58:39 ERROR config reloaded
2026-03-04 09:58:41 WARN config reloaded
2026-03-04 09:58:42 INFO cache hit
2026-03-04 09:58:45 INFO user login ok
2026-03-04 09:58:46 INFO invalid token
2026-03-04 09:58:47 WARN user login ok
2026-03-04 09:58:51 INFO disk usage high
2026-03-04 09:58:55 INFO cache hit
2026-03-04 09:58:56 INFO background job finished
2026-03-04 09:58:57 INFO connection reset by peer
2026-03-04 09:59:00 INFO cache miss
2026-03-04 09:59:03 INFO cache miss
2026-03-04 09:59:04 INFO slow query detected
2026-03-04 09:59:08 INFO user login ok
### повреждённая строка ###
2026-03-04 09:59:16 INFO database timeout
2026-03-04 09:59:19 INFO request handled
2026-03-04 09:59:20 INFO user login ok
2026-03-04 09:59:22 INFO disk usage high
2026-03-04 09:59:25 INFO user login ok
2026-03-04 09:59:28 INFO user logout
2026-03-04 09:59:32 INFO invalid token
2026-03-04 09:59:36 INFO background job finished
2026-03-04 09:59:37 INFO invalid token
2026-03-04 09:59:41 ERROR cache hit
2026-03-04 09:59:45 WARN config reloaded
2026-03-04 09:59:49 INFO request handled
2026-03-04 09:59:52 INFO cache miss
2026-03-04 09:59:55 INFO user logout
2026-03-04 09:59:59 INFO connection reset by peer
2026-03-04 10:00:02 WARN background job finished
2026-03-04 10:00:04 INFO user login ok
2026-03-04 10:00:08 WARN slow query detected
2026-03-04 10:00:11 INFO user login ok
2026-03-04 10:00:12 INFO user logout
2026-03-04 10:00:14 INFO user login ok
2026-03-04 10:00:15 INFO user login ok
2026-03-04 10:00:19 INFO user logout
2026-03-04 10:00:20 INFO disk usage high
2026-03-04 10:00:24 ERROR background job finished
2026-03-04 10:00:26 INFO request handled
2026-03-04 10:00:28 INFO request handled
2026-03-04 10:00:32 INFO user logout
2026-03-04 10:00:35 INFO cache hit
2026-03-04 10:00:37 INFO slow query detected
2026-03-04 10:00:39 INFO cache miss
2026-03-04 10:00:41 WARN database timeout
2026-03-04 10:00:44 ERROR user logout
2026-03-04 10:00:47 WARN user login ok
2026-03-04 10:00:50 INFO cache hit
2026-03-04 10:00:53 INFO user login ok
2026-03-04 10:00:55 INFO invalid token
2026-03-04 10:00:57 INFO user login ok
2026-03-04 10:01:00 INFO connection reset by peer
2026-03-04 10:01:02 WARN invalid token
2026-03-04 10:01:03 INFO request handled
2026-03-04 10:01:05 WARN background job finished
2026-03-04 10:01:09 INFO user login ok
2026-03-04 10:01:11 INFO user login ok
2026-03-04 10:01:12 INFO user login ok
2026-03-04 10:01:15 INFO user login ok
2026-03-04 10:01:17 INFO cache hit
2026-03-04 10:01:21 INFO invalid token
2026-03-04 10:01:25 INFO cache hit
2026-03-04 10:01:28 WARN config reloaded
2026-03-04 10:01:30 WARN user logout
2026-03-04 10:01:31 INFO user login ok
2026-03-04 10:01:32 INFO user login ok
2026-03-04 10:01:35 INFO cache miss
2026-03-04 10:01:37 INFO invalid token
2026-03-04 10:01:38 ERROR disk usage high
2026-03-04 10:01:39 WARN cache hit
2026-03-04 10:01:43 ERROR cache miss
2026-03-04 10:01:46 ERROR cache miss
2026-03-04 10:01:47 INFO database timeout
2026-03-04 10:01:49 INFO cache hit
2026-03-04 10:01:51 WARN slow query detected
2026-03-04 10:01:52 INFO cache miss
2026-03-04 10:01:53 INFO background job finished
2026-03-04 10:01:56 INFO invalid token
2026-03-04 10:02:00 INFO user logout
2026-03-04 10:02:01 INFO user login ok
2026-03-04 10:02:05 INFO config reloaded
2026-03-04 10:02:08 INFO cache hit
2026-03-04 10:02:12 WARN database timeout
2026-03-04 10:02:14 INFO slow query detected
2026-03-04 10:02:15 INFO user logout
2026-03-04 10:02:19 WARN background job finished
2026-03-04 10:02:23 WARN slow query detected
2026-03-04 10:02:27 WARN cache hit
2026-03-04 10:02:28 INFO cache miss
2026-03-04 10:02:30 INFO connection reset by peer
2026-03-04 10:02:34 INFO request handled
2026-03-04 10:02:36 INFO user login ok
2026-03-04 10:02:37 INFO user login ok
2026-03-04 10:02:39 WARN user logout
2026-03-04 10:02:40 INFO user logout
2026-03-04 10:02:44 INFO cache miss
2026-03-04 10:02:48 INFO config reloaded
2026-03-04 10:02:51 INFO cache miss
2026-03-04 10:02:52 WARN user login ok
2026-03-04 10:02:54 INFO user login ok
2026-03-04 10:02:57 INFO background job finished
2026-03-04 10:02:59 INFO user login ok
2026-03-04 10:03:02 INFO user logout
2026-03-04 10:03:03 INFO user logout
2026-03-04 10:03:06 INFO cache hit
2026-03-04 10:03:10 INFO database timeout
2026-03-04 10:03:14 WARN slow query detected
2026-03-04 10:03:17 INFO user logout
2026-03-04 10:03:18 INFO user login ok
2026-03-04 10:03:19 INFO user login ok
2026-03-04 10:03:21 INFO request handled
2026-03-04 10:03:24 INFO config reloaded
2026-03-04 10:03:26 INFO database timeout
2026-03-04 10:03:27 INFO user login ok
2026-03-04 10:03:31 INFO invalid token
2026-03-04 10:03:33 WARN cache miss
2026-03-04 10:03:37 INFO user login ok
2026-03-04 10:03:39 INFO user login ok
2026-03-04 10:03:41 INFO user login ok
2026-03-04 10:03:44 ERROR user login ok
2026-03-04 10:03:48 WARN slow query detected
2026-03-04 10:03:49 INFO disk usage high
2026-03-04 10:03:50 INFO user login ok
2026-03-04 10:03:52 INFO user login ok
2026-03-04 10:03:56 INFO connection reset by peer
2026-03-04 10:03:57 INFO user login ok
2026-03-04 10:04:00 WARN user logout
2026-03-04 10:04:02 INFO user logout
2026-03-04 10:04:06 INFO cache hit
2026-03-04 10:04:10 WARN cache miss
2026-03-04 10:04:13 INFO user login ok
2026-03-04 10:04:17 INFO database timeout
2026-03-04 10:04:20 WARN cache miss
2026-03-04 10:04:21 ERROR user login ok
2026-03-04 10:04:22 INFO user login ok
2026-03-04 10:04:24 INFO connection reset by peer
2026-03-04 10:04:27 INFO cache miss
2026-03-04 10:04:30 INFO user logout
2026-03-04 10:04:32 INFO connection reset by peer
2026-03-04 10:04:36 INFO cache hit
2026-03-04 10:04:37 INFO user logout
2026-03-04 10:04:40 INFO slow query detected
2026-03-04 10:04:41 INFO user login ok
2026-03-04 10:04:42 WARN cache miss
2026-03-04 10:04:45 INFO config reloaded
2026-03-04 10:04:48 INFO user logout
2026-03-04 10:04:51 INFO user login ok
2026-03-04 10:04:55 INFO slow query detected
2026-03-04 10:04:56 INFO user login ok
2026-03-04 10:04:59 INFO cache hit
2026-03-04 10:05:01 INFO cache hit
### повреждённая строка ###
2026-03-04 10:05:05 INFO cache hit
2026-03-04 10:05:07 WARN user login ok
2026-03-04 10:05:11 INFO database timeout
2026-03-04 10:05:12 INFO cache hit
2026-03-04 10:05:15 INFO user login ok
2026-03-04 10:05:18 INFO cache miss
2026-03-04 10:05:19 INFO user login ok
2026-03-04 10:05:21 ERROR user login ok
2026-03-04 10:05:23 INFO cache miss
2026-03-04 10:05:25 INFO user logout
2026-03-04 10:05:26 INFO config reloaded
2026-03-04 10:05:27 INFO cache hit
2026-03-04 10:05:29 INFO user login ok
2026-03-04 10:05:33 ERROR user login ok
2026-03-04 10:05:35 INFO user login ok
2026-03-04 10:05:37 INFO config reloaded
### повреждённая строка ###
2026-03-04 10:05:44 INFO background job finished
2026-03-04 10:05:45 INFO cache miss
2026-03-04 10:05:48 INFO invalid token
2026-03-04 10:05:51 INFO user logout
2026-03-04 10:05:54 WARN user logout
2026-03-04 10:05:55 INFO user login ok
2026-03-04 10:05:56 WARN connection reset by peer
2026-03-04 10:06:00 INFO background job finished
2026-03-04 10:06:01 INFO user login ok
2026-03-04 10:06:03 WARN background job finished
2026-03-04 10:06:05 INFO slow query detected
2026-03-04 10:06:07 INFO user login ok
2026-03-04 10:06:09 INFO slow query detected
2026-03-04 10:06:11 WARN cache hit
2026-03-04 10:06:14 INFO slow query detected
2026-03-04 10:06:16 INFO invalid token
2026-03-04 10:06:19 INFO config reloaded
2026-03-04 10:06:20 INFO connection reset by peer
2026-03-04 10:06:24 INFO database timeout
2026-03-04 10:06:26 INFO user login ok
2026-03-04 10:06:29 INFO request handled
2026-03-04 10:06:32 INFO slow query detected
2026-03-04 10:06:33 INFO user logout
2026-03-04 10:06:34 INFO user login ok
2026-03-04 10:06:38 WARN user login ok
2026-03-04 10:06:42 WARN disk usage high
2026-03-04 10:06:45 INFO cache hit
2026-03-04 10:06:49 INFO user login ok
2026-03-04 10:06:50 INFO slow query detected
2026-03-04 10:06:54 INFO config reloaded
2026-03-04 10:06:55 INFO cache hit
2026-03-04 10:06:56 INFO user login ok
2026-03-04 10:07:00 INFO user login ok
2026-03-04 10:07:02 INFO user login ok
2026-03-04 10:07:05 INFO user login ok
2026-03-04 10:07:08 INFO user logout
2026-03-04 10:07:12 INFO cache miss
2026-03-04 10:07:14 INFO user login ok
2026-03-04 10:07:18 INFO config reloaded
2026-03-04 10:07:20 INFO user login ok
2026-03-04 10:07:23 INFO request handled
2026-03-04 10:07:25 INFO connection reset by peer
2026-03-04 10:07:28 ERROR user logout
2026-03-04 10:07:29 INFO user logout
2026-03-04 10:07:30 INFO cache hit
2026-03-04 10:07:32 INFO database timeout
2026-03-04 10:07:33 INFO config reloaded
2026-03-04 10:07:34 INFO user logout
2026-03-04 10:07:36 WARN config reloaded
2026-03-04 10:07:37 INFO user login ok
2026-03-04 10:07:39 WARN user logout
2026-03-04 10:07:43 INFO user login ok
2026-03-04 10:07:45 INFO request handled
2026-03-04 10:07:48 INFO slow query detected
2026-03-04 10:07:50 INFO user login ok
2026-03-04 10:07:51 WARN user login ok
2026-03-04 10:07:53 ERROR user logout
2026-03-04 10:07:57 INFO config reloaded
2026-03-04 10:07:59 INFO config reloaded
2026-03-04 10:08:02 INFO user login ok
2026-03-04 10:08:03 INFO database timeout
2026-03-04 10:08:06 INFO user logout
2026-03-04 10:08:07 INFO user logout
2026-03-04 10:08:10 INFO user login ok
2026-03-04 10:08:11 INFO user login ok
2026-03-04 10:08:12 INFO cache miss
2026-03-04 10:08:15 INFO cache hit
2026-03-04 10:08:17 INFO cache miss
2026-03-04 10:08:20 INFO slow query detected
2026-03-04 10:08:21 INFO cache hit
2026-03-04 10:08:22 INFO connection reset by peer
2026-03-04 10:08:24 INFO user login ok
2026-03-04 10:08:26 INFO user logout
2026-03-04 10:08:30 INFO user login ok
2026-03-04 10:08:34 INFO user login ok
2026-03-04 10:08:38 INFO user logout
2026-03-04 10:08:42 INFO cache hit
2026-03-04 10:08:45 ERROR request handled
2026-03-04 10:08:46 INFO invalid token
2026-03-04 10:08:47 INFO request handled
2026-03-04 10:08:50 INFO user login ok
2026-03-04 10:08:52 INFO connection reset by peer
2026-03-04 10:08:54 INFO cache hit
2026-03-04 10:08:56 INFO user logout
2026-03-04 10:08:58 INFO user login ok
2026-03-04 10:09:01 INFO config reloaded
2026-03-04 10:09:02 INFO cache miss
2026-03-04 10:09:04 INFO database timeout
2026-03-04 10:09:08 INFO user login ok
2026-03-04 10:09:09 INFO user logout
2026-03-04 10:09:10 INFO cache miss
2026-03-04 10:09:13 INFO config reloaded
2026-03-04 10:09:17 INFO cache hit
2026-03-04 10:09:18 INFO user login ok
2026-03-04 10:09:22 WARN invalid token
2026-03-04 10:09:26 INFO cache hit
2026-03-04 10:09:28 WARN slow query detected
2026-03-04 10:09:29 INFO slow query detected
2026-03-04 10:09:32 INFO cache miss
2026-03-04 10:09:34 INFO background job finished
2026-03-04 10:09:36 INFO user login ok
2026-03-04 10:09:39 INFO user login ok
2026-03-04 10:09:42 INFO config reloaded
2026-03-04 10:09:45 INFO user login ok
2026-03-04 10:09:46 INFO cache hit
2026-03-04 10:09:47 INFO background job finished
2026-03-04 10:09:48 ERROR user login ok
2026-03-04 10:09:50 INFO config reloaded
2026-03-04 10:09:53 INFO user login ok
2026-03-04 10:09:55 INFO background job finished
2026-03-04 10:09:57 WARN user logout
2026-03-04 10:10:01 INFO config reloaded
2026-03-04 10:10:04 WARN cache hit
2026-03-04 10:10:08 INFO user login ok
2026-03-04 10:10:11 INFO request handled
2026-03-04 10:10:14 INFO user login ok
2026-03-04 10:10:15 INFO user logout
2026-03-04 10:10:19 INFO cache hit
2026-03-04 10:10:23 WARN disk usage high
2026-03-04 10:10:26 INFO cache hit
### повреждённая строка ###
2026-03-04 10:10:32 WARN cache hit
2026-03-04 10:10:36 INFO user login ok
2026-03-04 10:10:40 WARN user logout
2026-03-04 10:10:43 INFO cache hit
2026-03-04 10:10:46 INFO cache hit
2026-03-04 10:10:47 WARN user login ok
2026-03-04 10:10:49 INFO request handled
2026-03-04 10:10:51 INFO database timeout
2026-03-04 10:10:55 INFO request handled
2026-03-04 10:10:58 INFO cache hit
2026-03-04 10:11:01 INFO connection reset by peer
2026-03-04 10:11:02 INFO background job finished
2026-03-04 10:11:03 INFO cache miss
2026-03-04 10:11:05 INFO user login ok
2026-03-04 10:11:08 INFO user logout
2026-03-04 10:11:09 INFO user login ok
2026-03-04 10:11:10 INFO user login ok
2026-03-04 10:11:11 INFO cache hit
2026-03-04 10:11:15 INFO user login ok
2026-03-04 10:11:19 INFO user login ok
2026-03-04 10:11:23 WARN user logout
2026-03-04 10:11:26 INFO user login ok
2026-03-04 10:11:30 ERROR config reloaded
2026-03-04 10:11:33 INFO background job finished
2026-03-04 10:11:34 WARN user login ok
2026-03-04 10:11:35 INFO cache hit
2026-03-04 10:11:39 ERROR user login ok
2026-03-04 10:11:42 INFO user login ok
2026-03-04 10:11:46 INFO user logout
2026-03-04 10:11:50 INFO config reloaded
2026-03-04 10:11:52 INFO slow query detected
2026-03-04 10:11:53 INFO cache miss
2026-03-04 10:11:56 INFO config reloaded
2026-03-04 10:12:00 WARN user logout
### повреждённая строка ###
2026-03-04 10:12:04 INFO user login ok
2026-03-04 10:12:05 INFO cache miss
2026-03-04 10:12:06 INFO cache miss
2026-03-04 10:12:08 INFO config reloaded
2026-03-04 10:12:11 INFO config reloaded
2026-03-04 10:12:14 INFO database timeout
2026-03-04 10:12:15 INFO config reloaded
2026-03-04 10:12:18 INFO connection reset by peer
2026-03-04 10:12:20 INFO user logout
2026-03-04 10:12:24 INFO user logout
2026-03-04 10:12:28 INFO user login ok
2026-03-04 10:12:32 INFO request handled
2026-03-04 10:12:36 WARN user login ok
2026-03-04 10:12:39 INFO slow query detected
2026-03-04 10:12:43 INFO disk usage high
2026-03-04 10:12:46 INFO disk usage high
2026-03-04 10:12:49 WARN request handled
2026-03-04 10:12:51 INFO user login ok
2026-03-04 10:12:54 WARN request handled
2026-03-04 10:12:55 INFO user login ok
2026-03-04 10:12:59 INFO user logout
2026-03-04 10:13:01 INFO user logout
2026-03-04 10:13:02 INFO user login ok
2026-03-04 10:13:05 INFO user logout
2026-03-04 10:13:06 INFO user logout
2026-03-04 10:13:08 INFO config reloaded
2026-03-04 10:13:11 INFO slow query detected
2026-03-04 10:13:13 INFO config reloaded
2026-03-04 10:13:14 INFO database timeout
2026-03-04 10:13:16 INFO config reloaded
2026-03-04 10:13:20 INFO config reloaded
2026-03-04 10:13:24 ERROR user login ok
2026-03-04 10:13:28 INFO background job finished
2026-03-04 10:13:32 INFO user login ok
2026-03-04 10:13:34 INFO user login ok
2026-03-04 10:13:35 INFO user logout
2026-03-04 10:13:38 INFO database timeout
2026-03-04 10:13:41 INFO config reloaded
2026-03-04 10:13:43 INFO database timeout
2026-03-04 10:13:45 INFO request handled
2026-03-04 10:13:49 INFO request handled
2026-03-04 10:13:51 WARN user login ok
2026-03-04 10:13:54 WARN database timeout
2026-03-04 10:13:57 INFO config reloaded
2026-03-04 10:13:58 INFO slow query detected
2026-03-04 10:14:01 INFO user logout
2026-03-04 10:14:02 WARN user logout
2026-03-04 10:14:05 WARN user login ok
2026-03-04 10:14:09 INFO user logout
2026-03-04 10:14:12 INFO cache miss
2026-03-04 10:14:13 INFO user login ok
2026-03-04 10:14:15 INFO config reloaded
2026-03-04 10:14:17 INFO cache miss
2026-03-04 10:14:21 INFO disk usage high
2026-03-04 10:14:23 INFO disk usage high
2026-03-04 10:14:26 INFO cache hit
2026-03-04 10:14:27 INFO user login ok
2026-03-04 10:14:29 INFO user login ok
2026-03-04 10:14:31 WARN user login ok
2026-03-04 10:14:35 INFO user login ok
2026-03-04 10:14:39 INFO database timeout
2026-03-04 10:14:40 INFO user logout
2026-03-04 10:14:43 INFO user logout
2026-03-04 10:14:47 INFO cache hit
2026-03-04 10:14:48 INFO user login ok
2026-03-04 10:14:49 INFO request handled
### повреждённая строка ###
2026-03-04 10:14:57 INFO user login ok
2026-03-04 10:14:59 WARN connection reset by peer
### повреждённая строка ###
2026-03-04 10:15:03 INFO cache hit
2026-03-04 10:15:04 INFO user login ok
2026-03-04 10:15:07 INFO disk usage high
2026-03-04 10:15:09 INFO user logout
2026-03-04 10:15:11 INFO connection reset by peer
2026-03-04 10:15:15 INFO cache hit
2026-03-04 10:15:19 WARN connection reset by peer
2026-03-04 10:15:22 INFO request handled
2026-03-04 10:15:23 INFO user login ok
2026-03-04 10:15:25 INFO cache hit
2026-03-04 10:15:29 INFO request handled
2026-03-04 10:15:32 INFO slow query detected
2026-03-04 10:15:35 INFO cache hit
2026-03-04 10:15:37 WARN request handled
2026-03-04 10:15:38 INFO invalid token
2026-03-04 10:15:40 INFO request handled
2026-03-04 10:15:41 INFO user login ok
2026-03-04 10:15:42 WARN background job finished
2026-03-04 10:15:46 INFO disk usage high
2026-03-04 10:15:47 INFO user login ok
2026-03-04 10:15:49 INFO user logout
2026-03-04 10:15:50 INFO cache miss
2026-03-04 10:15:51 INFO request handled
2026-03-04 10:15:52 INFO user login ok
2026-03-04 10:15:55 INFO user logout
2026-03-04 10:15:57 INFO user login ok
2026-03-04 10:16:01 WARN user login ok
2026-03-04 10:16:02 INFO disk usage high
2026-03-04 10:16:04 INFO user login ok
2026-03-04 10:16:05 ERROR user logout
2026-03-04 10:16:08 INFO disk usage high
2026-03-04 10:16:10 INFO user login ok
2026-03-04 10:16:12 INFO user login ok
2026-03-04 10:16:13 INFO database timeout
2026-03-04 10:16:14 INFO cache hit
2026-03-04 10:16:18 INFO user logout
2026-03-04 10:16:21 WARN user login ok
2026-03-04 10:16:24 INFO disk usage high
2026-03-04 10:16:26 WARN user logout
2026-03-04 10:16:30 INFO config reloaded
2026-03-04 10:16:32 WARN config reloaded
2026-03-04 10:16:36 WARN user login ok
2026-03-04 10:16:37 INFO background job finished
2026-03-04 10:16:38 WARN user login ok
2026-03-04 10:16:42 INFO database timeout
2026-03-04 10:16:46 WARN user login ok
2026-03-04 10:16:50 WARN cache hit
2026-03-04 10:16:54 INFO database timeout
2026-03-04 10:16:55 WARN user login ok
2026-03-04 10:16:59 INFO cache hit
2026-03-04 10:17:02 INFO connection reset by peer
2026-03-04 10:17:06 WARN invalid token
2026-03-04 10:17:08 INFO user login ok
2026-03-04 10:17:11 INFO request handled
2026-03-04 10:17:15 INFO cache miss
2026-03-04 10:17:18 WARN invalid token
2026-03-04 10:17:19 INFO user login ok
2026-03-04 10:17:22 INFO user login ok
2026-03-04 10:17:24 INFO user login ok
2026-03-04 10:17:27 INFO disk usage high
2026-03-04 10:17:31 WARN request handled
2026-03-04 10:17:34 ERROR user login ok
2026-03-04 10:17:35 INFO user login ok
2026-03-04 10:17:36 INFO cache hit
2026-03-04 10:17:40 INFO config reloaded
2026-03-04 10:17:41 INFO user login ok
2026-03-04 10:17:43 INFO user logout
2026-03-04 10:17:47 INFO cache miss
2026-03-04 10:17:50 INFO database timeout
2026-03-04 10:17:53 WARN invalid token
2026-03-04 10:17:54 INFO user login ok
2026-03-04 10:17:55 INFO cache miss
2026-03-04 10:17:57 INFO request handled
2026-03-04 10:17:59 INFO cache hit
2026-03-04 10:18:02 INFO user logout
2026-03-04 10:18:03 INFO cache miss
2026-03-04 10:18:06 WARN cache miss
2026-03-04 10:18:07 INFO database timeout
2026-03-04 10:18:11 INFO connection reset by peer
2026-03-04 10:18:15 INFO user login ok
2026-03-04 10:18:17 WARN slow query detected
2026-03-04 10:18:20 INFO user login ok
2026-03-04 10:18:24 WARN background job finished
2026-03-04 10:18:27 INFO user logout
2026-03-04 10:18:30 INFO user login ok
2026-03-04 10:18:32 INFO user login ok
2026-03-04 10:18:36 INFO user login ok
2026-03-04 10:18:37 INFO user logout
2026-03-04 10:18:40 INFO user login ok
2026-03-04 10:18:44 WARN user login ok
2026-03-04 10:18:47 INFO user logout
2026-03-04 10:18:51 WARN database timeout
2026-03-04 10:18:55 INFO connection reset by peer
2026-03-04 10:18:59 INFO config reloaded
2026-03-04 10:19:03 INFO invalid token
2026-03-04 10:19:05 INFO user login ok
2026-03-04 10:19:08 INFO user login ok
2026-03-04 10:19:11 INFO cache miss
2026-03-04 10:19:13 WARN user logout
2026-03-04 10:19:17 INFO user login ok
### повреждённая строка ###
2026-03-04 10:19:22 INFO user logout
2026-03-04 10:19:26 INFO request handled
2026-03-04 10:19:29 INFO user login ok
2026-03-04 10:19:32 INFO cache hit
2026-03-04 10:19:36 INFO user logout
2026-03-04 10:19:40 INFO user login ok
2026-03-04 10:19:44 INFO cache miss
2026-03-04 10:19:47 INFO config reloaded
2026-03-04 10:19:49 INFO cache miss
2026-03-04 10:19:53 WARN user logout
2026-03-04 10:19:56 INFO user login ok
2026-03-04 10:19:59 WARN user login ok
2026-03-04 10:20:03 WARN user login ok
2026-03-04 10:20:07 INFO background job finished
2026-03-04 10:20:08 INFO user login ok
2026-03-04 10:20:09 INFO cache hit
2026-03-04 10:20:13 INFO user login ok
2026-03-04 10:20:16 INFO user login ok
2026-03-04 10:20:18 INFO cache hit
2026-03-04 10:20:21 INFO cache hit
2026-03-04 10:20:24 INFO user logout
2026-03-04 10:20:27 INFO disk usage high
2026-03-04 10:20:31 INFO cache hit
2026-03-04 10:20:35 WARN user logout
2026-03-04 10:20:39 INFO cache miss
2026-03-04 10:20:42 INFO connection reset by peer
2026-03-04 10:20:44 WARN invalid token
2026-03-04 10:20:47 INFO config reloaded
2026-03-04 10:20:48 INFO config reloaded
2026-03-04 10:20:51 INFO cache miss
2026-03-04 10:20:54 WARN slow query detected
2026-03-04 10:20:57 INFO cache hit
2026-03-04 10:21:00 WARN cache hit
2026-03-04 10:21:03 INFO config reloaded
2026-03-04 10:21:06 INFO config reloaded
2026-03-04 10:21:07 INFO user logout
2026-03-04 10:21:08 INFO cache miss
2026-03-04 10:21:11 INFO invalid token
2026-03-04 10:21:13 INFO database timeout
2026-03-04 10:21:17 INFO request handled
2026-03-04 10:21:21 INFO user login ok
2026-03-04 10:21:24 INFO user logout
2026-03-04 10:21:28 INFO user login ok
2026-03-04 10:21:32 INFO config reloaded
2026-03-04 10:21:33 INFO slow query detected
2026-03-04 10:21:36 INFO cache miss
2026-03-04 10:21:40 WARN user login ok
2026-03-04 10:21:43 INFO request handled
2026-03-04 10:21:47 INFO request handled
2026-03-04 10:21:48 INFO user logout
2026-03-04 10:21:52 INFO disk usage high
2026-03-04 10:21:55 WARN slow query detected
2026-03-04 10:21:59 INFO slow query detected
2026-03-04 10:22:01 INFO slow query detected
2026-03-04 10:22:02 INFO config reloaded
2026-03-04 10:22:03 INFO user login ok
2026-03-04 10:22:06 INFO cache hit
2026-03-04 10:22:09 INFO user login ok
2026-03-04 10:22:10 INFO user login ok
2026-03-04 10:22:14 INFO cache hit
2026-03-04 10:22:15 INFO cache hit
2026-03-04 10:22:17 INFO user logout
2026-03-04 10:22:21 WARN slow query detected
2026-03-04 10:22:25 ERROR slow query detected
2026-03-04 10:22:28 INFO cache miss
2026-03-04 10:22:29 INFO config reloaded
2026-03-04 10:22:30 INFO connection reset by peer
2026-03-04 10:22:34 INFO user logout
2026-03-04 10:22:37 ERROR user login ok
2026-03-04 10:22:39 INFO invalid token
2026-03-04 10:22:40 INFO user login ok
2026-03-04 10:22:41 WARN cache miss
2026-03-04 10:22:43 INFO connection reset by peer
2026-03-04 10:22:45 INFO slow query detected
2026-03-04 10:22:46 INFO cache miss
2026-03-04 10:22:50 INFO request handled
2026-03-04 10:22:52 WARN cache hit
2026-03-04 10:22:55 INFO cache hit
2026-03-04 10:22:56 INFO user logout
2026-03-04 10:22:59 INFO request handled
2026-03-04 10:23:01 WARN user login ok
2026-03-04 10:23:02 INFO disk usage high
2026-03-04 10:23:05 INFO database timeout
2026-03-04 10:23:08 INFO user login ok
2026-03-04 10:23:11 INFO slow query detected
2026-03-04 10:23:12 INFO cache miss
2026-03-04 10:23:15 INFO slow query detected
2026-03-04 10:23:18 ERROR cache miss
2026-03-04 10:23:19 INFO config reloaded
2026-03-04 10:23:22 INFO invalid token
### повреждённая строка ###
2026-03-04 10:23:24 WARN user logout
2026-03-04 10:23:28 INFO config reloaded
2026-03-04 10:23:31 INFO user login ok
2026-03-04 10:23:33 INFO user login ok
2026-03-04 10:23:34 WARN user logout
2026-03-04 10:23:36 WARN cache miss
2026-03-04 10:23:40 INFO user logout
2026-03-04 10:23:44 INFO user logout
2026-03-04 10:23:47 INFO cache miss
2026-03-04 10:23:49 INFO user login ok
2026-03-04 10:23:51 INFO connection reset by peer
2026-03-04 10:23:54 INFO request handled
2026-03-04 10:23:55 INFO user login ok
2026-03-04 10:23:58 WARN user login ok
2026-03-04 10:24:02 INFO cache hit
2026-03-04 10:24:04 INFO slow query detected
2026-03-04 10:24:05 INFO user login ok
2026-03-04 10:24:07 WARN user login ok
2026-03-04 10:24:09 INFO user login ok
2026-03-04 10:24:11 INFO slow query detected
2026-03-04 10:24:13 INFO connection reset by peer
2026-03-04 10:24:17 ERROR user login ok
2026-03-04 10:24:19 INFO database timeout
2026-03-04 10:24:21 INFO cache hit
2026-03-04 10:24:24 INFO connection reset by peer
2026-03-04 10:24:26 WARN user login ok
2026-03-04 10:24:28 WARN background job finished
2026-03-04 10:24:30 INFO user logout
2026-03-04 10:24:33 INFO cache hit
2026-03-04 10:24:35 INFO invalid token
2026-03-04 10:24:36 INFO user logout
2026-03-04 10:24:40 WARN user logout
2026-03-04 10:24:41 INFO cache miss
2026-03-04 10:24:43 INFO request handled
2026-03-04 10:24:46 INFO invalid token
2026-03-04 10:24:50 INFO slow query detected
2026-03-04 10:24:52 INFO invalid token
2026-03-04 10:24:56 WARN request handled
2026-03-04 10:25:00 WARN config reloaded
2026-03-04 10:25:03 INFO background job finished
2026-03-04 10:25:07 INFO user logout
2026-03-04 10:25:08 WARN request handled
2026-03-04 10:25:09 INFO user login ok
2026-03-04 10:25:11 INFO config reloaded
2026-03-04 10:25:13 INFO config reloaded
2026-03-04 10:25:15 WARN cache hit
2026-03-04 10:25:19 INFO user logout
2026-03-04 10:25:22 INFO connection reset by peer
2026-03-04 10:25:23 INFO user login ok
2026-03-04 10:25:27 INFO slow query detected
2026-03-04 10:25:28 ERROR connection reset by peer
2026-03-04 10:25:32 WARN cache miss
2026-03-04 10:25:33 INFO user login ok
2026-03-04 10:25:35 WARN user login ok
2026-03-04 10:25:37 INFO user login ok
2026-03-04 10:25:38 WARN user login ok
2026-03-04 10:25:41 INFO invalid token
2026-03-04 10:25:42 INFO connection reset by peer
2026-03-04 10:25:45 INFO user login ok
2026-03-04 10:25:49 WARN config reloaded
2026-03-04 10:25:51 ERROR user logout
2026-03-04 10:25:52 INFO cache hit
2026-03-04 10:25:56 INFO cache miss
2026-03-04 10:26:00 INFO user login ok
2026-03-04 10:26:04 INFO user login ok
2026-03-04 10:26:06 INFO cache hit
