2026-03-03 00:00:04 INFO cache hit
2026-03-03 00:00:05 INFO user logout
2026-03-03 00:00:07 INFO slow query detected
2026-03-03 00:00:09 ERROR user logout
2026-03-03 00:00:12 WARN cache miss
2026-03-03 00:00:16 WARN user login ok
2026-03-03 00:00:18 INFO user logout
2026-03-03 00:00:20 INFO background job finished
2026-03-03 00:00:22 INFO background job finished
2026-03-03 00:00:26 INFO background job finished
2026-03-03 00:00:29 WARN user login ok
2026-03-03 00:00:33 INFO connection reset by peer
2026-03-03 00:00:37 INFO user logout
2026-03-03 00:00:41 INFO user logout
2026-03-03 00:00:44 INFO config reloaded
2026-03-03 00:00:48 INFO user login ok
2026-03-03 00:00:50 ERROR user login ok
2026-03-03 00:00:52 INFO user login ok
2026-03-03 00:00:56 INFO connection reset by peer
2026-03-03 00:00:59 ERROR config reloaded
2026-03-03 00:01:01 INFO disk usage high
2026-03-03 00:01:05 INFO disk usage high
2026-03-03 00:01:07 INFO user logout
2026-03-03 00:01:09 INFO database timeout
2026-03-03 00:01:13 INFO background job finished
2026-03-03 00:01:17 INFO request handled
2026-03-03 00:01:19 INFO user login ok
2026-03-03 00:01:21 WARN database timeout
2026-03-03 00:01:23 INFO config reloaded
2026-03-03 00:01:26 INFO user logout
2026-03-03 00:01:28 INFO user login ok
2026-03-03 00:01:30 INFO user login ok
2026-03-03 00:01:33 INFO invalid token
### повреждённая строка ###
2026-03-03 00:01:39 INFO user login ok
2026-03-03 00:01:41 INFO cache hit
2026-03-03 00:01:45 INFO user logout
2026-03-03 00:01:48 ERROR user login ok
2026-03-03 00:01:49 INFO user login ok
2026-03-03 00:01:52 INFO user login ok
2026-03-03 00:01:56 INFO user logout
2026-03-03 00:01:59 INFO user logout
2026-03-03 00:02:02 WARN slow query detected
2026-03-03 00:02:06 INFO user login ok
2026-03-03 00:02:10 INFO background job finished
2026-03-03 00:02:12 INFO invalid token
2026-03-03 00:02:13 INFO user login ok
2026-03-03 00:02:14 WARN cache hit
2026-03-03 00:02:17 INFO user logout
2026-03-03 00:02:18 INFO user login ok
2026-03-03 00:02:21 INFO database timeout
2026-03-03 00:02:22 ERROR connection reset by peer
2026-03-03 00:02:26 INFO user login ok
2026-03-03 00:02:30 INFO database timeout
2026-03-03 00:02:31 INFO request handled
2026-03-03 00:02:34 INFO invalid token
2026-03-03 00:02:35 ERROR user login ok
2026-03-03 00:02:38 INFO disk usage high
2026-03-03 00:02:41 INFO user login ok
2026-03-03 00:02:43 ERROR user login ok
2026-03-03 00:02:46 INFO background job finished
2026-03-03 00:02:49 INFO user login ok
2026-03-03 00:02:53 INFO connection reset by peer
2026-03-03 00:02:55 INFO user login ok
2026-03-03 00:02:56 INFO invalid token
2026-03-03 00:03:00 INFO user login ok
2026-03-03 00:03:03 INFO cache hit
2026-03-03 00:03:06 INFO database timeout
2026-03-03 00:03:10 ERROR user login ok
2026-03-03 00:03:11 INFO user logout
2026-03-03 00:03:15 INFO slow query detected
2026-03-03 00:03:16 INFO cache miss
2026-03-03 00:03:20 INFO background job finished
2026-03-03 00:03:22 INFO cache miss
2026-03-03 00:03:23 ERROR user logout
2026-03-03 00:03:24 INFO cache hit
2026-03-03 00:03:28 WARN cache miss
2026-03-03 00:03:29 WARN connection reset by peer
2026-03-03 00:03:30 INFO user login ok
2026-03-03 00:03:31 WARN connection reset by peer
2026-03-03 00:03:34 ERROR user login ok
2026-03-03 00:03:37 ERROR cache hit
2026-03-03 00:03:40 WARN disk usage high
2026-03-03 00:03:41 INFO disk usage high
2026-03-03 00:03:44 ERROR cache miss
2026-03-03 00:03:46 WARN cache hit
2026-03-03 00:03:49 INFO background job finished
2026-03-03 00:03:50 INFO slow query detected
2026-03-03 00:03:52 INFO cache hit
2026-03-03 00:03:54 INFO cache hit
2026-03-03 00:03:57 INFO user login ok
2026-03-03 00:04:01 INFO request handled
2026-03-03 00:04:02 INFO database timeout
2026-03-03 00:04:05 INFO user login ok
2026-03-03 00:04:06 WARN user login ok
2026-03-03 00:04:09 INFO user login ok
2026-03-03 00:04:10 INFO cache hit
2026-03-03 00:04:11 INFO user logout
2026-03-03 00:04:15 INFO user login ok
2026-03-03 00:04:19 ERROR request handled
2026-03-03 00:04:21 WARN disk usage high
2026-03-03 00:04:25 INFO user login ok
2026-03-03 00:04:27 INFO user login ok
2026-03-03 00:04:28 WARN user logout
2026-03-03 00:04:32 INFO cache hit
2026-03-03 00:04:36 WARN cache miss
2026-03-03 00:04:37 INFO background job finished
2026-03-03 00:04:41 INFO user logout
2026-03-03 00:04:44 INFO connection reset by peer
2026-03-03 00:04:46 INFO request handled
2026-03-03 00:04:48 INFO slow query detected
2026-03-03 00:04:50 INFO user login ok
2026-03-03 00:04:52 INFO slow query detected
2026-03-03 00:04:54 INFO invalid token
2026-03-03 00:04:55 WARN background job finished
2026-03-03 00:04:57 WARN user logout
2026-03-03 00:04:59 INFO user login ok
2026-03-03 00:05:01 INFO user logout
2026-03-03 00:05:05 INFO database timeout
2026-03-03 00:05:08 INFO slow query detected
2026-03-03 00:05:10 INFO cache hit
2026-03-03 00:05:14 INFO user login ok
2026-03-03 00:05:17 INFO slow query detected
2026-03-03 00:05:21 INFO config reloaded
2026-03-03 00:05:23 INFO cache miss
### повреждённая строка ###
2026-03-03 00:05:28 INFO slow query detected
2026-03-03 00:05:31 INFO database timeout
2026-03-03 00:05:32 INFO background job finished
2026-03-03 00:05:33 WARN user login ok
2026-03-03 00:05:35 INFO cache miss
2026-03-03 00:05:38 ERROR slow query detected
2026-03-03 00:05:39 INFO user logout
2026-03-03 00:05:42 INFO user login ok
2026-03-03 00:05:43 INFO background job finished
2026-03-03 00:05:46 INFO user login ok
2026-03-03 00:05:49 INFO user login ok
2026-03-03 00:05:53 INFO user login ok
2026-03-03 00:05:55 INFO config reloaded
2026-03-03 00:05:57 WARN invalid token
2026-03-03 00:06:01 INFO background job finished
2026-03-03 00:06:02 INFO invalid token
### повреждённая строка ###
2026-03-03 00:06:10 WARN disk usage high
2026-03-03 00:06:12 ERROR user login ok
2026-03-03 00:06:16 INFO cache miss
2026-03-03 00:06:19 INFO cache hit
2026-03-03 00:06:20 INFO background job finished
2026-03-03 00:06:23 INFO disk usage high
2026-03-03 00:06:26 INFO user login ok
2026-03-03 00:06:30 INFO config reloaded
2026-03-03 00:06:31 INFO cache miss
2026-03-03 00:06:35 WARN disk usage high
2026-03-03 00:06:38 WARN config reloaded
2026-03-03 00:06:39 WARN user login ok
2026-03-03 00:06:43 INFO request handled
2026-03-03 00:06:46 INFO user login ok
2026-03-03 00:06:47 INFO cache hit
2026-03-03 00:06:48 INFO cache hit
2026-03-03 00:06:49 INFO user login ok
2026-03-03 00:06:50 WARN user logout
2026-03-03 00:06:52 INFO config reloaded
2026-03-03 00:06:54 INFO connection reset by peer
2026-03-03 00:06:58 INFO connection reset by peer
2026-03-03 00:06:59 INFO connection reset by peer
2026-03-03 00:07:03 INFO background job finished
2026-03-03 00:07:07 INFO database timeout
2026-03-03 00:07:10 WARN user login ok
2026-03-03 00:07:12 INFO disk usage high
2026-03-03 00:07:14 WARN cache hit
2026-03-03 00:07:15 INFO user login ok
2026-03-03 00:07:16 INFO cache miss
2026-03-03 00:07:18 INFO request handled
2026-03-03 00:07:19 INFO user logout
2026-03-03 00:07:23 INFO cache miss
2026-03-03 00:07:27 INFO user login ok
2026-03-03 00:07:30 INFO request handled
2026-03-03 00:07:32 INFO user logout
2026-03-03 00:07:35 INFO cache hit
2026-03-03 00:07:37 INFO cache miss
2026-03-03 00:07:39 INFO user logout
2026-03-03 00:07:40 INFO cache miss
2026-03-03 00:07:41 INFO user login ok
2026-03-03 00:07:42 INFO connection reset by peer
2026-03-03 00:07:44 INFO connection reset by peer
2026-03-03 00:07:48 INFO user login ok
2026-03-03 00:07:49 INFO user login ok
2026-03-03 00:07:50 INFO user login ok
2026-03-03 00:07:54 INFO user login ok
2026-03-03 00:07:55 INFO user login ok
2026-03-03 00:07:59 WARN user logout
2026-03-03 00:08:03 INFO cache hit
2026-03-03 00:08:04 INFO user login ok
2026-03-03 00:08:08 INFO user logout
2026-03-03 00:08:12 INFO disk usage high
2026-03-03 00:08:13 INFO request handled
2026-03-03 00:08:16 ERROR cache miss
2026-03-03 00:08:18 INFO cache miss
2026-03-03 00:08:20 INFO request handled
2026-03-03 00:08:22 INFO user login ok
2026-03-03 00:08:23 INFO cache hit
2026-03-03 00:08:25 INFO user logout
2026-03-03 00:08:26 INFO slow query detected
2026-03-03 00:08:27 ERROR invalid token
2026-03-03 00:08:29 WARN background job finished
2026-03-03 00:08:33 INFO user login ok
2026-03-03 00:08:37 INFO user logout
2026-03-03 00:08:41 INFO slow query detected
2026-03-03 00:08:43 INFO user login ok
2026-03-03 00:08:46 INFO cache hit
2026-03-03 00:08:49 INFO database timeout
2026-03-03 00:08:50 INFO user login ok
2026-03-03 00:08:52 INFO user login ok
2026-03-03 00:08:53 ERROR user login ok
2026-03-03 00:08:57 WARN user login ok
2026-03-03 00:08:58 INFO connection reset by peer
2026-03-03 00:09:02 INFO request handled
2026-03-03 00:09:05 INFO request handled
2026-03-03 00:09:09 INFO user login ok
2026-03-03 00:09:12 WARN disk usage high
2026-03-03 00:09:13 WARN user login ok
2026-03-03 00:09:15 INFO request handled
2026-03-03 00:09:18 INFO cache hit
2026-03-03 00:09:22 INFO request handled
2026-03-03 00:09:24 INFO user login ok
2026-03-03 00:09:26 ERROR user login ok
2026-03-03 00:09:29 INFO invalid token
2026-03-03 00:09:31 INFO user logout
2026-03-03 00:09:33 INFO disk usage high
2026-03-03 00:09:37 INFO slow query detected
2026-03-03 00:09:41 INFO user logout
2026-03-03 00:09:43 INFO user login ok
2026-03-03 00:09:47 ERROR config reloaded
2026-03-03 00:09:49 INFO disk usage high
2026-03-03 00:09:53 INFO user login ok
2026-03-03 00:09:54 INFO user login ok
2026-03-03 00:09:57 INFO config reloaded
2026-03-03 00:10:00 INFO background job finished
2026-03-03 00:10:01 INFO user login ok
2026-03-03 00:10:04 WARN user login ok
2026-03-03 00:10:08 INFO user login ok
2026-03-03 00:10:11 INFO cache miss
2026-03-03 00:10:12 INFO cache hit
### повреждённая строка ###
2026-03-03 00:10:18 INFO user login ok
2026-03-03 00:10:20 WARN config reloaded
2026-03-03 00:10:24 ERROR user login ok
2026-03-03 00:10:28 INFO cache hit
2026-03-03 00:10:29 INFO cache hit
2026-03-03 00:10:32 WARN slow query detected
2026-03-03 00:10:35 WARN cache miss
2026-03-03 00:10:39 INFO request handled
2026-03-03 00:10:43 WARN user login ok
2026-03-03 00:10:44 INFO disk usage high
2026-03-03 00:10:46 WARN cache hit
2026-03-03 00:10:50 INFO disk usage high
2026-03-03 00:10:52 WARN database timeout
2026-03-03 00:10:53 ERROR connection reset by peer
2026-03-03 00:10:55 INFO config reloaded
2026-03-03 00:10:58 INFO user login ok
2026-03-03 00:11:02 INFO slow query detected
2026-03-03 00:11:06 INFO disk usage high
2026-03-03 00:11:08 INFO request handled
2026-03-03 00:11:09 INFO user login ok
2026-03-03 00:11:11 WARN config reloaded
2026-03-03 00:11:15 INFO user logout
2026-03-03 00:11:17 INFO user login ok
2026-03-03 00:11:19 INFO user logout
2026-03-03 00:11:21 INFO config reloaded
2026-03-03 00:11:24 INFO user logout
2026-03-03 00:11:26 INFO disk usage high
2026-03-03 00:11:28 INFO request handled
2026-03-03 00:11:32 INFO user login ok
2026-03-03 00:11:34 ERROR user login ok
2026-03-03 00:11:37 INFO config reloaded
2026-03-03 00:11:41 INFO background job finished
2026-03-03 00:11:43 INFO user login ok
2026-03-03 00:11:44 INFO request handled
2026-03-03 00:11:46 INFO database timeout
2026-03-03 00:11:50 WARN user login ok
2026-03-03 00:11:53 INFO disk usage high
2026-03-03 00:11:57 WARN disk usage high
2026-03-03 00:12:00 INFO cache miss
2026-03-03 00:12:02 INFO invalid token
2026-03-03 00:12:04 WARN cache hit
2026-03-03 00:12:07 INFO user login ok
2026-03-03 00:12:10 INFO user login ok
2026-03-03 00:12:11 INFO user login ok
2026-03-03 00:12:15 INFO slow query detected
2026-03-03 00:12:16 INFO user login ok
2026-03-03 00:12:18 INFO user logout
2026-03-03 00:12:22 INFO user login ok
2026-03-03 00:12:26 WARN cache hit
2026-03-03 00:12:30 INFO config reloaded
2026-03-03 00:12:32 INFO request handled
2026-03-03 00:12:34 WARN request handled
2026-03-03 00:12:37 INFO request handled
2026-03-03 00:12:40 WARN user login ok
2026-03-03 00:12:44 INFO user logout
2026-03-03 00:12:47 INFO config reloaded
2026-03-03 00:12:49 INFO slow query detected
2026-03-03 00:12:50 INFO user logout
2026-03-03 00:12:54 WARN user login ok
2026-03-03 00:12:58 INFO request handled
2026-03-03 00:13:02 INFO user login ok
2026-03-03 00:13:04 INFO user login ok
2026-03-03 00:13:05 INFO disk usage high
2026-03-03 00:13:09 INFO request handled
2026-03-03 00:13:13 INFO slow query detected
2026-03-03 00:13:15 WARN request handled
2026-03-03 00:13:19 WARN user login ok
2026-03-03 00:13:23 INFO background job finished
2026-03-03 00:13:25 INFO user login ok
2026-03-03 00:13:29 ERROR cache miss
2026-03-03 00:13:32 INFO user login ok
2026-03-03 00:13:35 INFO background job finished
2026-03-03 00:13:38 INFO user logout
2026-03-03 00:13:40 WARN cache hit
2026-03-03 00:13:41 INFO user logout
2026-03-03 00:13:45 INFO user login ok
2026-03-03 00:13:46 WARN user logout
2026-03-03 00:13:50 INFO user logout
2026-03-03 00:13:54 INFO cache miss
2026-03-03 00:13:56 INFO config reloaded
2026-03-03 00:13:57 WARN connection reset by peer
2026-03-03 00:13:58 INFO disk usage high
2026-03-03 00:14:01 INFO user login ok
2026-03-03 00:14:05 INFO cache miss
2026-03-03 00:14:08 INFO request handled
2026-03-03 00:14:11 INFO slow query detected
2026-03-03 00:14:14 INFO cache miss
2026-03-03 00:14:16 INFO user login ok
2026-03-03 00:14:17 INFO user logout
### повреждённая строка ###
2026-03-03 00:14:20 INFO disk usage high
2026-03-03 00:14:21 INFO user login ok
2026-03-03 00:14:22 ERROR cache hit
2026-03-03 00:14:24 INFO slow query detected
2026-03-03 00:14:25 INFO request handled
2026-03-03 00:14:28 INFO user logout
2026-03-03 00:14:31 INFO background job finished
2026-03-03 00:14:35 INFO slow query detected
2026-03-03 00:14:39 INFO cache miss
2026-03-03 00:14:42 INFO cache miss
2026-03-03 00:14:44 INFO request handled
2026-03-03 00:14:47 INFO background job finished
2026-03-03 00:14:48 INFO user login ok
2026-03-03 00:14:52 INFO connection reset by peer
2026-03-03 00:14:53 INFO disk usage high
2026-03-03 00:14:56 INFO cache hit
2026-03-03 00:14:57 INFO user login ok
2026-03-03 00:15:01 INFO disk usage high
2026-03-03 00:15:03 WARN cache hit
2026-03-03 00:15:06 WARN slow query detected
2026-03-03 00:15:07 INFO cache miss
2026-03-03 00:15:09 INFO user login ok
2026-03-03 00:15:12 INFO cache miss
2026-03-03 00:15:14 INFO user logout
2026-03-03 00:15:15 INFO user login ok
2026-03-03 00:15:16 INFO cache hit
2026-03-03 00:15:18 INFO cache hit
2026-03-03 00:15:22 INFO user login ok
2026-03-03 00:15:25 INFO config reloaded
2026-03-03 00:15:27 INFO cache hit
2026-03-03 00:15:30 INFO background job finished
2026-03-03 00:15:32 INFO user login ok
2026-03-03 00:15:34 INFO cache miss
2026-03-03 00:15:37 INFO user logout
2026-03-03 00:15:39 INFO cache hit
2026-03-03 00:15:43 INFO invalid token
2026-03-03 00:15:44 INFO user login ok
2026-03-03 00:15:46 INFO background job finished
2026-03-03 00:15:49 WARN slow query detected
2026-03-03 00:15:52 INFO slow query detected
2026-03-03 00:15:53 INFO user login ok
2026-03-03 00:15:55 INFO request handled
2026-03-03 00:15:58 INFO disk usage high
2026-03-03 00:16:01 INFO user login ok
2026-03-03 00:16:02 INFO user login ok
2026-03-03 00:16:05 INFO user login ok
2026-03-03 00:16:08 INFO cache hit
2026-03-03 00:16:10 INFO cache hit
2026-03-03 00:16:14 WARN connection reset by peer
2026-03-03 00:16:17 WARN user login ok
2026-03-03 00:16:19 INFO cache hit
2026-03-03 00:16:23 INFO connection reset by peer
2026-03-03 00:16:24 WARN connection reset by peer
2026-03-03 00:16:26 INFO connection reset by peer
2026-03-03 00:16:29 INFO connection reset by peer
2026-03-03 00:16:31 INFO connection reset by peer
2026-03-03 00:16:32 INFO cache hit
2026-03-03 00:16:33 INFO user login ok
2026-03-03 00:16:34 INFO user login ok
2026-03-03 00:16:38 INFO config reloaded
2026-03-03 00:16:41 INFO cache hit
2026-03-03 00:16:44 INFO user login ok
2026-03-03 00:16:48 INFO cache hit
2026-03-03 00:16:49 INFO request handled
### повреждённая строка ###
2026-03-03 00:16:51 INFO user login ok
2026-03-03 00:16:54 INFO user login ok
2026-03-03 00:16:57 INFO background job finished
2026-03-03 00:16:58 INFO request handled
2026-03-03 00:17:01 INFO config reloaded
2026-03-03 00:17:05 INFO user logout
2026-03-03 00:17:09 WARN user login ok
2026-03-03 00:17:12 INFO cache hit
2026-03-03 00:17:15 INFO cache miss
2026-03-03 00:17:18 INFO user login ok
2026-03-03 00:17:21 WARN cache miss
2026-03-03 00:17:23 INFO user login ok
2026-03-03 00:17:27 INFO config reloaded
2026-03-03 00:17:28 INFO cache miss
2026-03-03 00:17:30 INFO user logout
2026-03-03 00:17:34 INFO connection reset by peer
### повреждённая строка ###
2026-03-03 00:17:36 INFO cache hit
2026-03-03 00:17:40 INFO connection reset by peer
2026-03-03 00:17:42 INFO user logout
2026-03-03 00:17:43 INFO connection reset by peer
2026-03-03 00:17:47 INFO user login ok
2026-03-03 00:17:48 INFO user login ok
2026-03-03 00:17:52 INFO cache miss
2026-03-03 00:17:55 INFO user login ok
2026-03-03 00:17:59 INFO cache miss
2026-03-03 00:18:03 INFO cache miss
2026-03-03 00:18:05 INFO user login ok
2026-03-03 00:18:08 INFO user login ok
2026-03-03 00:18:09 INFO request handled
2026-03-03 00:18:12 ERROR cache miss
2026-03-03 00:18:14 INFO database timeout
2026-03-03 00:18:18 INFO slow query detected
2026-03-03 00:18:22 INFO disk usage high
2026-03-03 00:18:26 INFO user logout
2026-03-03 00:18:27 INFO user login ok
2026-03-03 00:18:30 INFO disk usage high
2026-03-03 00:18:34 INFO user logout
2026-03-03 00:18:35 ERROR disk usage high
2026-03-03 00:18:39 INFO user login ok
2026-03-03 00:18:42 INFO background job finished
2026-03-03 00:18:44 INFO request handled
2026-03-03 00:18:46 ERROR user logout
2026-03-03 00:18:50 INFO user login ok
2026-03-03 00:18:51 INFO background job finished
2026-03-03 00:18:53 INFO connection reset by peer
2026-03-03 00:18:55 INFO user login ok
2026-03-03 00:18:59 INFO cache hit
2026-03-03 00:19:00 INFO user login ok
2026-03-03 00:19:02 INFO user login ok
2026-03-03 00:19:04 INFO user login ok
2026-03-03 00:19:08 INFO slow query detected
2026-03-03 00:19:12 INFO database timeout
2026-03-03 00:19:16 INFO user logout
2026-03-03 00:19:18 ERROR disk usage high
2026-03-03 00:19:21 INFO database timeout
2026-03-03 00:19:23 ERROR disk usage high
2026-03-03 00:19:26 INFO user logout
2026-03-03 00:19:28 INFO user logout
2026-03-03 00:19:31 INFO user login ok
2026-03-03 00:19:32 INFO user logout
2026-03-03 00:19:36 INFO user login ok
2026-03-03 00:19:38 INFO invalid token
2026-03-03 00:19:41 INFO user login ok
2026-03-03 00:19:42 INFO user logout
2026-03-03 00:19:45 INFO database timeout
2026-03-03 00:19:47 INFO user login ok
2026-03-03 00:19:51 WARN user logout
2026-03-03 00:19:53 INFO user logout
2026-03-03 00:19:55 INFO slow query detected
2026-03-03 00:19:56 WARN cache miss
2026-03-03 00:20:00 INFO request handled
2026-03-03 00:20:04 ERROR user logout
2026-03-03 00:20:06 INFO slow query detected
2026-03-03 00:20:07 INFO user logout
2026-03-03 00:20:08 INFO database timeout
2026-03-03 00:20:12 INFO user logout
2026-03-03 00:20:13 INFO background job finished
2026-03-03 00:20:15 INFO cache hit
2026-03-03 00:20:17 INFO user login ok
2026-03-03 00:20:18 INFO database timeout
2026-03-03 00:20:20 INFO user logout
2026-03-03 00:20:22 INFO user logout
2026-03-03 00:20:24 INFO disk usage high
2026-03-03 00:20:28 INFO database timeout
2026-03-03 00:20:32 ERROR cache miss
2026-03-03 00:20:33 INFO user login ok
2026-03-03 00:20:34 INFO cache hit
2026-03-03 00:20:36 INFO user logout
2026-03-03 00:20:37 INFO user logout
2026-03-03 00:20:39 WARN request handled
2026-03-03 00:20:43 ERROR user logout
2026-03-03 00:20:45 INFO user login ok
2026-03-03 00:20:49 INFO config reloaded
2026-03-03 00:20:50 INFO cache miss
2026-03-03 00:20:53 INFO user logout
2026-03-03 00:20:57 INFO request handled
2026-03-03 00:21:01 INFO user login ok
2026-03-03 00:21:04 WARN cache miss
2026-03-03 00:21:05 INFO request handled
2026-03-03 00:21:07 INFO background job finished
2026-03-03 00:21:11 INFO request handled
2026-03-03 00:21:13 WARN connection reset by peer
2026-03-03 00:21:14 INFO user login ok
2026-03-03 00:21:15 INFO user login ok
2026-03-03 00:21:17 INFO background job finished
2026-03-03 00:21:19 INFO user logout
2026-03-03 00:21:20 INFO user logout
2026-03-03 00:21:22 WARN user login ok
2026-03-03 00:21:26 INFO user login ok
2026-03-03 00:21:30 INFO connection reset by peer
2026-03-03 00:21:33 INFO cache hit
2026-03-03 00:21:35 INFO cache miss
2026-03-03 00:21:39 INFO cache miss
2026-03-03 00:21:43 INFO background job finished
2026-03-03 00:21:47 INFO cache hit
2026-03-03 00:21:49 WARN disk usage high
2026-03-03 00:21:53 INFO user login ok
2026-03-03 00:21:55 INFO slow query detected
2026-03-03 00:21:56 WARN request handled
2026-03-03 00:22:00 INFO user logout
2026-03-03 00:22:04 INFO user login ok
2026-03-03 00:22:06 WARN disk usage high
2026-03-03 00:22:08 ERROR cache miss
2026-03-03 00:22:12 INFO cache hit
2026-03-03 00:22:15 WARN request handled
2026-03-03 00:22:18 ERROR invalid token
2026-03-03 00:22:22 INFO user login ok
2026-03-03 00:22:25 INFO user login ok
2026-03-03 00:22:27 INFO connection reset by peer
2026-03-03 00:22:31 INFO slow query detected
2026-03-03 00:22:33 INFO background job finished
2026-03-03 00:22:36 INFO request handled
2026-03-03 00:22:39 INFO user login ok
2026-03-03 00:22:42 INFO cache hit
2026-03-03 00:22:43 INFO user logout
2026-03-03 00:22:44 INFO user login ok
2026-03-03 00:22:48 INFO slow query detected
2026-03-03 00:22:51 INFO request handled
2026-03-03 00:22:55 INFO user login ok
2026-03-03 00:22:58 WARN cache hit
2026-03-03 00:23:00 INFO request handled
2026-03-03 00:23:04 INFO cache hit
2026-03-03 00:23:08 INFO user login ok
2026-03-03 00:23:12 WARN user login ok
2026-03-03 00:23:14 INFO invalid token
2026-03-03 00:23:15 INFO user login ok
2026-03-03 00:23:16 INFO cache hit
2026-03-03 00:23:19 INFO database timeout
2026-03-03 00:23:22 INFO user logout
2026-03-03 00:23:23 ERROR cache miss
2026-03-03 00:23:27 INFO config reloaded
2026-03-03 00:23:30 INFO slow query detected
2026-03-03 00:23:34 INFO user login ok
2026-03-03 00:23:37 INFO cache miss
2026-03-03 00:23:39 INFO request handled
2026-03-03 00:23:43 INFO disk usage high
2026-03-03 00:23:45 INFO request handled
2026-03-03 00:23:49 INFO cache hit
2026-03-03 00:23:52 INFO request handled
2026-03-03 00:23:53 INFO user login ok
2026-03-03 00:23:56 INFO disk usage high
2026-03-03 00:23:58 INFO user logout
2026-03-03 00:23:59 INFO slow query detected
2026-03-03 00:24:03 INFO request handled
2026-03-03 00:24:07 WARN user logout
2026-03-03 00:24:11 WARN user login ok
2026-03-03 00:24:15 WARN cache miss
2026-03-03 00:24:18 INFO connection reset by peer
2026-03-03 00:24:22 INFO disk usage high
2026-03-03 00:24:26 INFO slow query detected
2026-03-03 00:24:27 INFO user logout
2026-03-03 00:24:29 INFO disk usage high
2026-03-03 00:24:32 INFO connection reset by peer
2026-03-03 00:24:35 INFO database timeout
2026-03-03 00:24:37 INFO user login ok
2026-03-03 00:24:38 ERROR disk usage high
2026-03-03 00:24:41 INFO user login ok
2026-03-03 00:24:44 ERROR background job finished
2026-03-03 00:24:47 INFO background job finished
2026-03-03 00:24:51 WARN cache miss
2026-03-03 00:24:55 INFO cache miss
2026-03-03 00:24:56 WARN request handled
2026-03-03 00:24:59 INFO cache hit
2026-03-03 00:25:00 INFO cache hit
2026-03-03 00:25:03 INFO user login ok
2026-03-03 00:25:05 WARN slow query detected
2026-03-03 00:25:06 INFO user login ok
2026-03-03 00:25:07 INFO user logout
2026-03-03 00:25:11 WARN disk usage high
2026-03-03 00:25:12 WARN disk usage high
2026-03-03 00:25:16 INFO slow query detected
2026-03-03 00:25:20 INFO user login ok
2026-03-03 00:25:24 INFO user login ok
2026-03-03 00:25:28 WARN user login ok
2026-03-03 00:25:30 INFO cache miss
2026-03-03 00:25:33 INFO user login ok
2026-03-03 00:25:35 INFO user login ok
2026-03-03 00:25:37 INFO user login ok
2026-03-03 00:25:41 INFO config reloaded
2026-03-03 00:25:42 INFO user login ok
2026-03-03 00:25:44 WARN cache miss
2026-03-03 00:25:48 INFO user login ok
2026-03-03 00:25:51 INFO user logout
2026-03-03 00:25:54 INFO user login ok
2026-03-03 00:25:58 WARN user login ok
2026-03-03 00:26:01 INFO user logout
2026-03-03 00:26:04 INFO connection reset by peer
2026-03-03 00:26:05 WARN disk usage high
2026-03-03 00:26:07 WARN disk usage high
2026-03-03 00:26:08 INFO user logout
2026-03-03 00:26:11 ERROR user login ok
2026-03-03 00:26:12 INFO cache hit
2026-03-03 00:26:15 INFO user login ok
2026-03-03 00:26:16 INFO invalid token
2026-03-03 00:26:18 INFO user login ok
2026-03-03 00:26:20 INFO user login ok
2026-03-03 00:26:23 INFO config reloaded
2026-03-03 00:26:27 INFO request handled
2026-03-03 00:26:31 WARN user login ok
2026-03-03 00:26:35 INFO user login ok
2026-03-03 00:26:38 INFO user login ok
2026-03-03 00:26:41 INFO connection reset by peer
2026-03-03 00:26:42 WARN slow query detected
2026-03-03 00:26:44 INFO user login ok
2026-03-03 00:26:48 INFO request handled
2026-03-03 00:26:49 INFO user logout
2026-03-03 00:26:50 ERROR user login ok
2026-03-03 00:26:53 INFO cache hit
2026-03-03 00:26:56 INFO user login ok
2026-03-03 00:26:59 INFO user logout
2026-03-03 00:27:01 INFO cache hit
2026-03-03 00:27:02 INFO connection reset by peer
2026-03-03 00:27:03 INFO request handled
2026-03-03 00:27:07 INFO connection reset by peer
2026-03-03 00:27:11 INFO user logout
2026-03-03 00:27:12 WARN slow query detected
2026-03-03 00:27:16 INFO invalid token
2026-03-03 00:27:17 INFO request handled
2026-03-03 00:27:19 INFO cache hit
2026-03-03 00:27:22 INFO user logout
2026-03-03 00:27:24 INFO config reloaded
2026-03-03 00:27:27 INFO request handled
2026-03-03 00:27:28 INFO slow query detected
2026-03-03 00:27:31 WARN connection reset by peer
2026-03-03 00:27:33 INFO request handled
2026-03-03 00:27:35 INFO database timeout
2026-03-03 00:27:38 INFO background job finished
2026-03-03 00:27:41 ERROR cache miss
2026-03-03 00:27:45 INFO disk usage high
2026-03-03 00:27:48 INFO user login ok
2026-03-03 00:27:51 INFO user login ok
2026-03-03 00:27:55 INFO background job finished
2026-03-03 00:27:57 INFO user login ok
2026-03-03 00:28:01 INFO background job finished
2026-03-03 00:28:04 INFO slow query detected
2026-03-03 00:28:08 WARN user logout
2026-03-03 00:28:09 ERROR user logout
2026-03-03 00:28:10 INFO request handled
2026-03-03 00:28:14 WARN slow query detected
2026-03-03 00:28:16 INFO request handled
2026-03-03 00:28:19 INFO user logout
2026-03-03 00:28:21 INFO user logout
2026-03-03 00:28:25 INFO database timeout
2026-03-03 00:28:26 INFO disk usage high
2026-03-03 00:28:28 INFO user logout
2026-03-03 00:28:32 WARN user logout
2026-03-03 00:28:35 WARN config reloaded
2026-03-03 00:28:37 INFO disk usage high
2026-03-03 00:28:39 INFO cache hit
2026-03-03 00:28:41 INFO cache hit
2026-03-03 00:28:45 WARN database timeout
2026-03-03 00:28:49 INFO cache hit
2026-03-03 00:28:50 WARN user logout
2026-03-03 00:28:54 INFO config reloaded
2026-03-03 00:28:55 INFO background job finished
2026-03-03 00:28:58 INFO config reloaded
2026-03-03 00:29:02 INFO user login ok
2026-03-03 00:29:06 WARN config reloaded
2026-03-03 00:29:10 INFO user logout
2026-03-03 00:29:13 INFO user logout
2026-03-03 00:29:15 INFO user logout
2026-03-03 00:29:17 INFO invalid token
2026-03-03 00:29:19 INFO user logout
2026-03-03 00:29:21 INFO user logout
2026-03-03 00:29:22 WARN slow query detected
2026-03-03 00:29:24 INFO user login ok
2026-03-03 00:29:28 INFO connection reset by peer
2026-03-03 00:29:29 INFO cache miss
2026-03-03 00:29:32 INFO slow query detected
2026-03-03 00:29:36 INFO user login ok
2026-03-03 00:29:39 INFO user logout
2026-03-03 00:29:41 INFO cache miss
2026-03-03 00:29:45 INFO slow query detected
2026-03-03 00:29:46 INFO user login ok
2026-03-03 00:29:48 INFO slow query detected
2026-03-03 00:29:50 INFO database timeout
2026-03-03 00:29:53 INFO cache hit
2026-03-03 00:29:55 INFO slow query detected
2026-03-03 00:29:59 INFO user login ok
2026-03-03 00:30:03 INFO user login ok
2026-03-03 00:30:07 WARN config reloaded
2026-03-03 00:30:08 INFO config reloaded
2026-03-03 00:30:11 INFO slow query detected
2026-03-03 00:30:14 INFO invalid token
2026-03-03 00:30:16 WARN disk usage high
2026-03-03 00:30:17 WARN request handled
2026-03-03 00:30:20 WARN config reloaded
2026-03-03 00:30:23 INFO user login ok
2026-03-03 00:30:26 INFO request handled
2026-03-03 00:30:27 INFO cache miss
2026-03-03 00:30:28 INFO connection reset by peer
2026-03-03 00:30:30 INFO user login ok
2026-03-03 00:30:33 INFO cache miss
2026-03-03 00:30:37 INFO user login ok
2026-03-03 00:30:39 INFO user login ok
2026-03-03 00:30:41 WARN user login ok
2026-03-03 00:30:42 INFO cache miss
2026-03-03 00:30:44 INFO cache hit
2026-03-03 00:30:47 ERROR user login ok
2026-03-03 00:30:49 INFO cache hit
2026-03-03 00:30:52 INFO user logout
2026-03-03 00:30:53 WARN user logout
2026-03-03 00:30:56 WARN config reloaded
2026-03-03 00:30:59 INFO user login ok
2026-03-03 00:31:02 INFO config reloaded
2026-03-03 00:31:06 WARN invalid token
2026-03-03 00:31:09 INFO cache hit
2026-03-03 00:31:13 INFO cache miss
2026-03-03 00:31:14 INFO request handled
2026-03-03 00:31:15 INFO request handled
2026-03-03 00:31:17 INFO request handled
2026-03-03 00:31:20 ERROR cache miss
2026-03-03 00:31:23 INFO user logout
2026-03-03 00:31:25 INFO connection reset by peer
2026-03-03 00:31:29 INFO database timeout
2026-03-03 00:31:33 INFO user login ok
2026-03-03 00:31:34 INFO user logout
2026-03-03 00:31:38 INFO user logout
2026-03-03 00:31:42 INFO user login ok
2026-03-03 00:31:44 INFO user login ok
2026-03-03 00:31:46 INFO user logout
2026-03-03 00:31:48 INFO connection reset by peer
2026-03-03 00:31:52 WARN slow query detected
2026-03-03 00:31:53 INFO user login ok
2026-03-03 00:31:55 INFO user logout
2026-03-03 00:31:59 ERROR user login ok
2026-03-03 00:32:01 INFO user login ok
2026-03-03 00:32:04 INFO user login ok
2026-03-03 00:32:07 INFO user logout
2026-03-03 00:32:11 INFO user logout
2026-03-03 00:32:15 INFO user logout
2026-03-03 00:32:17 INFO user login ok
2026-03-03 00:32:18 INFO cache hit
2026-03-03 00:32:21 INFO cache hit
2026-03-03 00:32:22 INFO database timeout
2026-03-03 00:32:24 INFO slow query detected
2026-03-03 00:32:28 INFO cache hit
2026-03-03 00:32:31 INFO user logout
2026-03-03 00:32:33 INFO cache miss
2026-03-03 00:32:34 WARN user logout
2026-03-03 00:32:36 INFO slow query detected
2026-03-03 00:32:40 INFO cache hit
2026-03-03 00:32:42 INFO database timeout
2026-03-03 00:32:45 INFO user login ok
2026-03-03 00:32:46 INFO background job finished
2026-03-03 00:32:50 INFO database timeout
2026-03-03 00:32:51 INFO cache hit
2026-03-03 00:32:54 INFO user login ok
2026-03-03 00:32:55 INFO cache miss
2026-03-03 00:32:59 INFO slow query detected
2026-03-03 00:33:02 INFO connection reset by peer
2026-03-03 00:33:03 INFO request handled
2026-03-03 00:33:05 INFO user login ok
2026-03-03 00:33:09 INFO cache miss
2026-03-03 00:33:12 INFO user login ok
2026-03-03 00:33:16 INFO user login ok
2026-03-03 00:33:17 INFO user login ok
2026-03-03 00:33:20 INFO user logout
2026-03-03 00:33:22 INFO disk usage high
2026-03-03 00:33:23 INFO user logout
2026-03-03 00:33:27 INFO cache miss
2026-03-03 00:33:29 WARN user logout
2026-03-03 00:33:31 INFO slow query detected
2026-03-03 00:33:32 INFO user logout
2026-03-03 00:33:34 INFO user login ok
2026-03-03 00:33:37 INFO background job finished
2026-03-03 00:33:40 INFO user login ok
2026-03-03 00:33:42 INFO config reloaded
2026-03-03 00:33:43 WARN user login ok
2026-03-03 00:33:47 INFO cache miss
2026-03-03 00:33:51 INFO user login ok
2026-03-03 00:33:53 INFO slow query detected
2026-03-03 00:33:55 INFO user logout
2026-03-03 00:33:59 INFO user logout
2026-03-03 00:34:03 INFO user login ok
2026-03-03 00:34:06 INFO request handled
2026-03-03 00:34:10 INFO database timeout
2026-03-03 00:34:14 WARN user login ok
2026-03-03 00:34:16 WARN request handled
2026-03-03 00:34:18 INFO background job finished
2026-03-03 00:34:21 INFO database timeout
2026-03-03 00:34:23 INFO cache hit
2026-03-03 00:34:26 INFO cache hit
2026-03-03 00:34:30 INFO request handled
2026-03-03 00:34:32 INFO cache hit
2026-03-03 00:34:36 INFO background job finished
2026-03-03 00:34:40 ERROR user login ok
2026-03-03 00:34:43 INFO request handled
2026-03-03 00:34:44 INFO cache hit
2026-03-03 00:34:47 INFO request handled
2026-03-03 00:34:49 INFO user logout
2026-03-03 00:34:51 INFO cache hit
2026-03-03 00:34:55 WARN user login ok
2026-03-03 00:34:56 INFO user logout
2026-03-03 00:34:57 INFO cache hit
2026-03-03 00:35:01 INFO user login ok
2026-03-03 00:35:02 INFO cache hit
2026-03-03 00:35:05 INFO user login ok
2026-03-03 00:35:09 INFO config reloaded
2026-03-03 00:35:13 INFO user logout
2026-03-03 00:35:16 INFO request handled
2026-03-03 00:35:19 INFO cache hit
2026-03-03 00:35:22 INFO cache hit
### повреждённая строка ###
2026-03-03 00:35:30 INFO background job finished
2026-03-03 00:35:33 INFO user logout
2026-03-03 00:35:34 INFO invalid token
2026-03-03 00:35:37 INFO cache hit
2026-03-03 00:35:41 INFO cache hit
2026-03-03 00:35:44 INFO cache hit
2026-03-03 00:35:45 INFO user login ok
2026-03-03 00:35:46 INFO cache hit
2026-03-03 00:35:49 INFO connection reset by peer
2026-03-03 00:35:50 INFO cache hit
2026-03-03 00:35:51 INFO user login ok
2026-03-03 00:35:53 INFO slow query detected
2026-03-03 00:35:55 INFO invalid token
2026-03-03 00:35:59 WARN cache miss
2026-03-03 00:36:03 WARN config reloaded
2026-03-03 00:36:05 INFO user login ok
2026-03-03 00:36:07 INFO user logout
2026-03-03 00:36:10 WARN user logout
2026-03-03 00:36:12 WARN connection reset by peer
2026-03-03 00:36:13 INFO user logout
2026-03-03 00:36:14 INFO cache miss
2026-03-03 00:36:15 INFO user logout
2026-03-03 00:36:17 INFO user login ok
2026-03-03 00:36:19 INFO user logout
2026-03-03 00:36:22 INFO connection reset by peer
2026-03-03 00:36:25 INFO disk usage high
2026-03-03 00:36:26 INFO user login ok
2026-03-03 00:36:29 INFO request handled
2026-03-03 00:36:30 INFO cache hit
2026-03-03 00:36:32 INFO cache hit
2026-03-03 00:36:36 INFO user login ok
2026-03-03 00:36:39 INFO user login ok
2026-03-03 00:36:42 INFO connection reset by peer
2026-03-03 00:36:44 INFO user logout
2026-03-03 00:36:46 INFO slow query detected
2026-03-03 00:36:49 ERROR background job finished
2026-03-03 00:36:53 INFO slow query detected
2026-03-03 00:36:55 INFO slow query detected
2026-03-03 00:36:59 INFO request handled
2026-03-03 00:37:01 INFO connection reset by peer
2026-03-03 00:37:02 INFO user logout
2026-03-03 00:37:03 INFO cache hit
2026-03-03 00:37:06 INFO connection reset by peer
2026-03-03 00:37:09 INFO background job finished
2026-03-03 00:37:11 INFO user logout
2026-03-03 00:37:13 INFO config reloaded
2026-03-03 00:37:16 WARN invalid token
2026-03-03 00:37:19 INFO user logout
2026-03-03 00:37:20 INFO user login ok
2026-03-03 00:37:23 INFO user login ok
2026-03-03 00:37:25 INFO request handled
2026-03-03 00:37:27 WARN slow query detected
2026-03-03 00:37:30 INFO background job finished
2026-03-03 00:37:32 INFO database timeout
2026-03-03 00:37:35 WARN user login ok
2026-03-03 00:37:38 WARN user login ok
2026-03-03 00:37:42 INFO config reloaded
2026-03-03 00:37:44 INFO request handled
2026-03-03 00:37:47 WARN cache hit
2026-03-03 00:37:51 INFO request handled
2026-03-03 00:37:55 INFO connection reset by peer
2026-03-03 00:37:58 INFO database timeout
2026-03-03 00:38:02 INFO background job finished
2026-03-03 00:38:03 INFO user login ok
2026-03-03 00:38:07 WARN disk usage high
2026-03-03 00:38:11 INFO cache hit
2026-03-03 00:38:13 INFO user logout
2026-03-03 00:38:14 INFO user login ok
2026-03-03 00:38:16 INFO request handled
2026-03-03 00:38:20 WARN cache hit
2026-03-03 00:38:21 ERROR user login ok
2026-03-03 00:38:24 INFO cache hit
2026-03-03 00:38:28 INFO user login ok
2026-03-03 00:38:32 INFO connection reset by peer
2026-03-03 00:38:35 INFO config reloaded
2026-03-03 00:38:39 INFO user login ok
2026-03-03 00:38:42 INFO disk usage high
2026-03-03 00:38:44 INFO user logout
2026-03-03 00:38:45 INFO cache miss
2026-03-03 00:38:48 INFO cache hit
2026-03-03 00:38:52 INFO slow query detected
2026-03-03 00:38:56 INFO user login ok
2026-03-03 00:39:00 INFO user logout
2026-03-03 00:39:03 INFO cache hit
2026-03-03 00:39:07 INFO user login ok
2026-03-03 00:39:09 INFO background job finished
2026-03-03 00:39:11 INFO background job finished
2026-03-03 00:39:14 INFO user login ok
2026-03-03 00:39:15 INFO request handled
2026-03-03 00:39:17 INFO invalid token
2026-03-03 00:39:21 INFO slow query detected
2026-03-03 00:39:24 INFO slow query detected
2026-03-03 00:39:27 INFO user login ok
2026-03-03 00:39:28 INFO user login ok
2026-03-03 00:39:30 INFO connection reset by peer
2026-03-03 00:39:31 INFO user login ok
2026-03-03 00:39:35 INFO cache hit
2026-03-03 00:39:37 INFO user login ok
2026-03-03 00:39:40 INFO connection reset by peer
2026-03-03 00:39:42 INFO cache hit
2026-03-03 00:39:43 INFO config reloaded
2026-03-03 00:39:47 INFO database timeout
2026-03-03 00:39:49 WARN invalid token
2026-03-03 00:39:50 ERROR connection reset by peer
2026-03-03 00:39:52 INFO connection reset by peer
2026-03-03 00:39:55 WARN user login ok
2026-03-03 00:39:57 INFO connection reset by peer
2026-03-03 00:40:01 INFO user login ok
2026-03-03 00:40:02 INFO invalid token
2026-03-03 00:40:05 INFO disk usage high
2026-03-03 00:40:06 INFO user login ok
2026-03-03 00:40:10 INFO user logout
2026-03-03 00:40:14 ERROR disk usage high
2026-03-03 00:40:18 INFO background job finished
2026-03-03 00:40:22 WARN slow query detected
2026-03-03 00:40:24 INFO user login ok
2026-03-03 00:40:28 WARN user logout
2026-03-03 00:40:32 INFO cache hit
2026-03-03 00:40:34 INFO request handled
2026-03-03 00:40:38 INFO user login ok
2026-03-03 00:40:39 INFO invalid token
2026-03-03 00:40:42 INFO database timeout
2026-03-03 00:40:46 INFO user login ok
2026-03-03 00:40:49 WARN user logout
2026-03-03 00:40:50 INFO user login ok
2026-03-03 00:40:52 INFO user logout
2026-03-03 00:40:56 INFO request handled
2026-03-03 00:40:57 INFO user login ok
2026-03-03 00:40:59 INFO user login ok
2026-03-03 00:41:03 INFO connection reset by peer
2026-03-03 00:41:04 WARN user logout
2026-03-03 00:41:05 INFO config reloaded
2026-03-03 00:41:09 INFO cache hit
2026-03-03 00:41:13 WARN user login ok
### повреждённая строка ###
2026-03-03 00:41:18 WARN background job finished
2026-03-03 00:41:22 INFO slow query detected
2026-03-03 00:41:24 INFO user login ok
2026-03-03 00:41:27 INFO user login ok
2026-03-03 00:41:28 INFO request handled
2026-03-03 00:41:29 WARN user login ok
2026-03-03 00:41:32 INFO user login ok
2026-03-03 00:41:36 WARN background job finished
2026-03-03 00:41:40 INFO cache hit
2026-03-03 00:41:44 INFO cache miss
2026-03-03 00:41:46 WARN cache hit
2026-03-03 00:41:49 WARN config reloaded
2026-03-03 00:41:52 INFO user logout
2026-03-03 00:41:54 WARN disk usage high
2026-03-03 00:41:57 INFO request handled
2026-03-03 00:41:59 INFO user logout
2026-03-03 00:42:02 INFO user login ok
2026-03-03 00:42:06 INFO cache miss
2026-03-03 00:42:08 INFO user login ok
2026-03-03 00:42:09 INFO cache miss
2026-03-03 00:42:13 WARN database timeout
2026-03-03 00:42:17 INFO user login ok
2026-03-03 00:42:18 INFO disk usage high
2026-03-03 00:42:19 INFO slow query detected
2026-03-03 00:42:21 WARN user login ok
2026-03-03 00:42:23 INFO cache hit
2026-03-03 00:42:25 INFO connection reset by peer
2026-03-03 00:42:28 INFO cache hit
2026-03-03 00:42:29 WARN database timeout
2026-03-03 00:42:33 INFO config reloaded
2026-03-03 00:42:37 INFO user login ok
2026-03-03 00:42:41 INFO cache hit
2026-03-03 00:42:42 INFO user login ok
2026-03-03 00:42:44 INFO cache hit
2026-03-03 00:42:48 INFO user logout
2026-03-03 00:42:52 INFO cache hit
2026-03-03 00:42:55 INFO request handled
2026-03-03 00:42:57 INFO config reloaded
2026-03-03 00:43:01 INFO user login ok
2026-03-03 00:43:05 INFO config reloaded
2026-03-03 00:43:06 INFO user login ok
2026-03-03 00:43:09 INFO database timeout
2026-03-03 00:43:10 INFO user login ok
2026-03-03 00:43:12 WARN disk usage high
2026-03-03 00:43:13 INFO user login ok
2026-03-03 00:43:14 INFO user login ok
2026-03-03 00:43:15 INFO user login ok
2026-03-03 00:43:16 INFO cache hit
2026-03-03 00:43:17 INFO connection reset by peer
2026-03-03 00:43:20 INFO config reloaded
2026-03-03 00:43:24 WARN user logout
2026-03-03 00:43:27 INFO user logout
2026-03-03 00:43:30 INFO user login ok
2026-03-03 00:43:31 INFO user login ok
2026-03-03 00:43:34 INFO cache hit
2026-03-03 00:43:38 ERROR invalid token
2026-03-03 00:43:41 INFO invalid token
2026-03-03 00:43:42 INFO background job finished
2026-03-03 00:43:45 INFO user login ok
2026-03-03 00:43:47 INFO user logout
2026-03-03 00:43:51 INFO user logout
2026-03-03 00:43:53 WARN user login ok
2026-03-03 00:43:57 INFO cache hit
2026-03-03 00:44:00 INFO cache hit
2026-03-03 00:44:01 INFO cache miss
2026-03-03 00:44:02 INFO user login ok
2026-03-03 00:44:06 INFO user login ok
2026-03-03 00:44:10 INFO disk usage high
2026-03-03 00:44:14 INFO cache miss
2026-03-03 00:44:15 INFO user logout
2026-03-03 00:44:19 ERROR user logout
2026-03-03 00:44:20 INFO user login ok
2026-03-03 00:44:23 INFO user login ok
2026-03-03 00:44:24 INFO user login ok
2026-03-03 00:44:26 INFO disk usage high
2026-03-03 00:44:27 INFO user login ok
2026-03-03 00:44:29 INFO cache miss
2026-03-03 00:44:32 WARN disk usage high
2026-03-03 00:44:33 WARN disk usage high
2026-03-03 00:44:36 INFO disk usage high
2026-03-03 00:44:39 INFO invalid token
2026-03-03 00:44:42 WARN connection reset by peer
2026-03-03 00:44:44 WARN disk usage high
2026-03-03 00:44:45 INFO user login ok
2026-03-03 00:44:46 INFO user logout
2026-03-03 00:44:49 INFO request handled
2026-03-03 00:44:50 INFO request handled
2026-03-03 00:44:53 INFO cache hit
2026-03-03 00:44:56 INFO user login ok
2026-03-03 00:45:00 INFO cache miss
2026-03-03 00:45:01 WARN request handled
### повреждённая строка ###
2026-03-03 00:45:08 WARN user login ok
2026-03-03 00:45:11 INFO request handled
2026-03-03 00:45:13 INFO cache hit
2026-03-03 00:45:17 INFO cache hit
2026-03-03 00:45:21 INFO disk usage high
2026-03-03 00:45:24 INFO cache miss
2026-03-03 00:45:27 ERROR database timeout
### повреждённая строка ###
2026-03-03 00:45:34 INFO disk usage high
2026-03-03 00:45:38 INFO cache miss
2026-03-03 00:45:40 INFO connection reset by peer
2026-03-03 00:45:41 WARN disk usage high
2026-03-03 00:45:44 INFO cache miss
2026-03-03 00:45:47 INFO user login ok
2026-03-03 00:45:50 INFO slow query detected
2026-03-03 00:45:53 INFO connection reset by peer
2026-03-03 00:45:57 INFO user login ok
2026-03-03 00:45:58 WARN user login ok
2026-03-03 00:46:02 WARN slow query detected
2026-03-03 00:46:03 INFO user login ok
2026-03-03 00:46:05 INFO invalid token
2026-03-03 00:46:08 INFO request handled
2026-03-03 00:46:09 INFO user login ok
2026-03-03 00:46:11 INFO disk usage high
2026-03-03 00:46:12 INFO user login ok
2026-03-03 00:46:13 INFO request handled
### повреждённая строка ###
2026-03-03 00:46:16 INFO invalid token
2026-03-03 00:46:20 INFO connection reset by peer
2026-03-03 00:46:24 INFO connection reset by peer
2026-03-03 00:46:26 INFO connection reset by peer
2026-03-03 00:46:29 INFO cache miss
2026-03-03 00:46:33 INFO user login ok
2026-03-03 00:46:36 INFO cache miss
2026-03-03 00:46:39 INFO invalid token
2026-03-03 00:46:42 INFO config reloaded
2026-03-03 00:46:44 INFO background job finished
2026-03-03 00:46:45 INFO database timeout
2026-03-03 00:46:47 INFO user login ok
2026-03-03 00:46:49 INFO disk usage high
2026-03-03 00:46:52 INFO background job finished
2026-03-03 00:46:56 INFO cache miss
2026-03-03 00:46:57 INFO background job finished
2026-03-03 00:47:00 INFO database timeout
2026-03-03 00:47:01 INFO request handled
2026-03-03 00:47:03 WARN user login ok
2026-03-03 00:47:06 INFO user logout
2026-03-03 00:47:08 WARN cache hit
2026-03-03 00:47:10 WARN disk usage high
2026-03-03 00:47:14 INFO request handled
2026-03-03 00:47:16 WARN user login ok
2026-03-03 00:47:20 INFO slow query detected
2026-03-03 00:47:21 WARN invalid token
2026-03-03 00:47:25 INFO request handled
2026-03-03 00:47:26 INFO invalid token
2026-03-03 00:47:30 WARN user logout
2026-03-03 00:47:31 ERROR cache miss
2026-03-03 00:47:32 INFO user login ok
2026-03-03 00:47:34 INFO connection reset by peer
2026-03-03 00:47:38 INFO connection reset by peer
2026-03-03 00:47:40 INFO user login ok
2026-03-03 00:47:43 WARN invalid token
2026-03-03 00:47:44 INFO config reloaded
2026-03-03 00:47:45 INFO user logout
### повреждённая строка ###
2026-03-03 00:47:49 INFO cache hit
2026-03-03 00:47:53 WARN user logout
2026-03-03 00:47:54 INFO cache hit
2026-03-03 00:47:58 WARN user logout
2026-03-03 00:48:01 INFO user login ok
2026-03-03 00:48:04 INFO user logout
2026-03-03 00:48:07 INFO cache hit
2026-03-03 00:48:11 INFO user login ok
2026-03-03 00:48:15 INFO cache hit
2026-03-03 00:48:16 INFO disk usage high
2026-03-03 00:48:18 INFO user logout
2026-03-03 00:48:21 INFO user login ok
2026-03-03 00:48:22 INFO user login ok
2026-03-03 00:48:25 INFO cache hit
2026-03-03 00:48:28 WARN connection reset by peer
2026-03-03 00:48:30 INFO cache miss
2026-03-03 00:48:31 INFO user login ok
2026-03-03 00:48:34 INFO connection reset by peer
2026-03-03 00:48:37 INFO disk usage high
### повреждённая строка ###
2026-03-03 00:48:42 INFO user login ok
2026-03-03 00:48:46 WARN request handled
2026-03-03 00:48:49 INFO user logout
2026-03-03 00:48:53 INFO user login ok
2026-03-03 00:48:54 INFO slow query detected
2026-03-03 00:48:57 INFO slow query detected
2026-03-03 00:49:01 INFO config reloaded
2026-03-03 00:49:04 INFO connection reset by peer
2026-03-03 00:49:07 WARN user logout
2026-03-03 00:49:08 INFO slow query detected
2026-03-03 00:49:10 WARN slow query detected
2026-03-03 00:49:14 INFO slow query detected
2026-03-03 00:49:15 INFO disk usage high
2026-03-03 00:49:16 INFO config reloaded
2026-03-03 00:49:19 INFO user login ok
2026-03-03 00:49:22 INFO request handled
2026-03-03 00:49:23 INFO cache hit
2026-03-03 00:49:26 INFO connection reset by peer
2026-03-03 00:49:29 INFO user logout
2026-03-03 00:49:30 INFO user login ok
2026-03-03 00:49:33 WARN database timeout
2026-03-03 00:49:35 INFO cache hit
2026-03-03 00:49:37 INFO background job finished
2026-03-03 00:49:40 INFO background job finished
2026-03-03 00:49:44 INFO database timeout
2026-03-03 00:49:45 INFO cache miss
2026-03-03 00:49:46 INFO background job finished
2026-03-03 00:49:50 INFO invalid token
2026-03-03 00:49:52 INFO user logout
2026-03-03 00:49:53 INFO connection reset by peer
2026-03-03 00:49:56 INFO request handled
2026-03-03 00:49:58 INFO cache hit
2026-03-03 00:50:02 INFO cache miss
2026-03-03 00:50:04 INFO cache miss
2026-03-03 00:50:08 INFO cache miss
2026-03-03 00:50:12 INFO cache hit
2026-03-03 00:50:16 WARN request handled
2026-03-03 00:50:18 INFO request handled
2026-03-03 00:50:22 INFO config reloaded
2026-03-03 00:50:24 INFO cache hit
2026-03-03 00:50:28 INFO database timeout
2026-03-03 00:50:32 INFO request handled
2026-03-03 00:50:33 INFO user login ok
2026-03-03 00:50:35 WARN user logout
2026-03-03 00:50:37 INFO user login ok
2026-03-03 00:50:38 INFO cache miss
2026-03-03 00:50:39 WARN user login ok
2026-03-03 00:50:41 INFO request handled
2026-03-03 00:50:43 INFO user login ok
2026-03-03 00:50:45 INFO user login ok
2026-03-03 00:50:48 WARN background job finished
2026-03-03 00:50:50 INFO connection reset by peer
2026-03-03 00:50:53 WARN database timeout
2026-03-03 00:50:54 WARN user logout
2026-03-03 00:50:58 INFO cache hit
2026-03-03 00:51:00 INFO slow query detected
2026-03-03 00:51:01 INFO user login ok
2026-03-03 00:51:04 INFO cache miss
2026-03-03 00:51:06 INFO config reloaded
2026-03-03 00:51:10 INFO user login ok
2026-03-03 00:51:14 INFO user logout
2026-03-03 00:51:15 INFO invalid token
2026-03-03 00:51:16 WARN user login ok
2026-03-03 00:51:18 WARN database timeout
2026-03-03 00:51:19 INFO cache hit
2026-03-03 00:51:22 INFO disk usage high
2026-03-03 00:51:23 INFO user logout
2026-03-03 00:51:25 INFO invalid token
2026-03-03 00:51:26 INFO invalid token
2026-03-03 00:51:27 WARN slow query detected
2026-03-03 00:51:29 INFO user login ok
2026-03-03 00:51:33 INFO user login ok
2026-03-03 00:51:37 WARN user login ok
2026-03-03 00:51:41 INFO request handled
2026-03-03 00:51:43 INFO user logout
2026-03-03 00:51:46 INFO user logout
2026-03-03 00:51:47 INFO invalid token
2026-03-03 00:51:51 WARN user login ok
2026-03-03 00:51:53 INFO user login ok
2026-03-03 00:51:55 INFO user login ok
2026-03-03 00:51:57 INFO user logout
2026-03-03 00:52:01 INFO connection reset by peer
2026-03-03 00:52:04 INFO user logout
2026-03-03 00:52:06 INFO disk usage high
2026-03-03 00:52:10 INFO cache miss
2026-03-03 00:52:14 WARN user login ok
2026-03-03 00:52:16 INFO cache miss
2026-03-03 00:52:18 INFO user login ok
2026-03-03 00:52:22 INFO user login ok
2026-03-03 00:52:23 INFO request handled
2026-03-03 00:52:24 INFO connection reset by peer
2026-03-03 00:52:25 INFO user login ok
2026-03-03 00:52:28 INFO config reloaded
2026-03-03 00:52:29 INFO request handled
2026-03-03 00:52:33 INFO cache hit
2026-03-03 00:52:35 ERROR disk usage high
2026-03-03 00:52:36 INFO user login ok
2026-03-03 00:52:39 INFO cache miss
2026-03-03 00:52:41 INFO user login ok
2026-03-03 00:52:44 INFO connection reset by peer
2026-03-03 00:52:48 INFO user logout
2026-03-03 00:52:49 ERROR config reloaded
2026-03-03 00:52:53 INFO background job finished
2026-03-03 00:52:54 ERROR disk usage high
2026-03-03 00:52:58 INFO invalid token
2026-03-03 00:52:59 WARN connection reset by peer
2026-03-03 00:53:01 WARN connection reset by peer
2026-03-03 00:53:04 INFO user logout
2026-03-03 00:53:08 INFO user logout
2026-03-03 00:53:12 INFO user login ok
2026-03-03 00:53:15 INFO connection reset by peer
2026-03-03 00:53:19 INFO user login ok
2026-03-03 00:53:22 WARN user login ok
2026-03-03 00:53:24 WARN user login ok
2026-03-03 00:53:27 INFO user login ok
2026-03-03 00:53:31 INFO user login ok
2026-03-03 00:53:32 INFO config reloaded
2026-03-03 00:53:36 INFO connection reset by peer
2026-03-03 00:53:38 WARN user logout
2026-03-03 00:53:41 INFO disk usage high
2026-03-03 00:53:42 INFO cache hit
2026-03-03 00:53:44 INFO user login ok
2026-03-03 00:53:47 INFO cache hit
2026-03-03 00:53:51 INFO user logout
2026-03-03 00:53:54 INFO cache hit
2026-03-03 00:53:58 INFO user login ok
2026-03-03 00:54:01 INFO cache miss
2026-03-03 00:54:03 WARN cache hit
2026-03-03 00:54:04 INFO background job finished
2026-03-03 00:54:05 INFO slow query detected
2026-03-03 00:54:07 INFO user logout
2026-03-03 00:54:08 INFO user logout
2026-03-03 00:54:09 INFO user login ok
2026-03-03 00:54:13 INFO user login ok
2026-03-03 00:54:17 INFO background job finished
2026-03-03 00:54:21 INFO cache miss
2026-03-03 00:54:22 INFO slow query detected
2026-03-03 00:54:24 INFO disk usage high
2026-03-03 00:54:26 INFO database timeout
2026-03-03 00:54:30 INFO config reloaded
2026-03-03 00:54:32 INFO database timeout
2026-03-03 00:54:34 INFO user login ok
2026-03-03 00:54:38 INFO config reloaded
2026-03-03 00:54:42 ERROR disk usage high
2026-03-03 00:54:45 INFO background job finished
2026-03-03 00:54:49 INFO user login ok
2026-03-03 00:54:52 WARN database timeout
2026-03-03 00:54:55 WARN user login ok
2026-03-03 00:54:59 INFO user login ok
2026-03-03 00:55:02 INFO invalid token
2026-03-03 00:55:06 INFO cache hit
2026-03-03 00:55:09 INFO user logout
2026-03-03 00:55:13 WARN user login ok
2026-03-03 00:55:16 INFO user login ok
2026-03-03 00:55:17 INFO cache hit
2026-03-03 00:55:18 INFO user login ok
2026-03-03 00:55:19 INFO connection reset by peer
2026-03-03 00:55:22 INFO user logout
2026-03-03 00:55:26 INFO user logout
2026-03-03 00:55:29 INFO cache hit
2026-03-03 00:55:33 INFO user logout
2026-03-03 00:55:37 ERROR cache hit
2026-03-03 00:55:38 INFO background job finished
2026-03-03 00:55:41 INFO user login ok
2026-03-03 00:55:45 INFO disk usage high
2026-03-03 00:55:49 INFO invalid token
2026-03-03 00:55:52 INFO background job finished
2026-03-03 00:55:54 INFO config reloaded
2026-03-03 00:55:57 INFO cache hit
2026-03-03 00:56:00 INFO disk usage high
2026-03-03 00:56:04 ERROR cache miss
2026-03-03 00:56:06 INFO user login ok
2026-03-03 00:56:07 INFO background job finished
2026-03-03 00:56:08 WARN invalid token
2026-03-03 00:56:12 INFO user login ok
2026-03-03 00:56:16 INFO user login ok
2026-03-03 00:56:17 INFO connection reset by peer
2026-03-03 00:56:20 WARN background job finished
2026-03-03 00:56:21 INFO user login ok
2026-03-03 00:56:24 INFO user login ok
2026-03-03 00:56:28 WARN user logout
2026-03-03 00:56:29 INFO cache hit
2026-03-03 00:56:30 INFO connection reset by peer
2026-03-03 00:56:31 INFO connection reset by peer
2026-03-03 00:56:35 INFO request handled
2026-03-03 00:56:37 INFO user login ok
2026-03-03 00:56:40 WARN user logout
2026-03-03 00:56:44 INFO connection reset by peer
2026-03-03 00:56:46 INFO user logout
2026-03-03 00:56:47 INFO connection reset by peer
2026-03-03 00:56:50 INFO cache miss
2026-03-03 00:56:53 INFO user login ok
2026-03-03 00:56:54 ERROR user login ok
2026-03-03 00:56:55 INFO request handled
2026-03-03 00:56:57 INFO config reloaded
2026-03-03 00:56:59 INFO cache hit
2026-03-03 00:57:03 INFO cache hit
2026-03-03 00:57:05 INFO cache miss
2026-03-03 00:57:08 WARN user login ok
2026-03-03 00:57:09 INFO user login ok
2026-03-03 00:57:10 WARN request handled
2026-03-03 00:57:13 WARN user login ok
2026-03-03 00:57:17 INFO config reloaded
2026-03-03 00:57:21 INFO user login ok
2026-03-03 00:57:24 INFO config reloaded
2026-03-03 00:57:26 INFO request handled
2026-03-03 00:57:29 INFO background job finished
2026-03-03 00:57:33 INFO slow query detected
2026-03-03 00:57:36 INFO config reloaded
2026-03-03 00:57:39 INFO user login ok
2026-03-03 00:57:41 WARN config reloaded
2026-03-03 00:57:43 WARN user login ok
2026-03-03 00:57:44 INFO user login ok
2026-03-03 00:57:45 INFO user logout
2026-03-03 00:57:49 INFO user logout
2026-03-03 00:57:50 INFO slow query detected
2026-03-03 00:57:52 INFO user login ok
2026-03-03 00:57:53 INFO disk usage high
2026-03-03 00:57:56 INFO user login ok
2026-03-03 00:58:00 INFO request handled
2026-03-03 00:58:02 INFO user login ok
2026-03-03 00:58:06 INFO slow query detected
2026-03-03 00:58:09 WARN user login ok
2026-03-03 00:58:12 INFO slow query detected
2026-03-03 00:58:15 INFO invalid token
2026-03-03 00:58:17 WARN user login ok
2026-03-03 00:58:20 INFO cache miss
2026-03-03 00:58:21 INFO database timeout
2026-03-03 00:58:25 INFO invalid token
2026-03-03 00:58:26 INFO cache hit
2026-03-03 00:58:27 INFO config reloaded
2026-03-03 00:58:29 INFO cache hit
2026-03-03 00:58:30 INFO user logout
2026-03-03 00:58:34 INFO cache miss
2026-03-03 00:58:36 INFO user login ok
2026-03-03 00:58:40 INFO user login ok
2026-03-03 00:58:42 INFO user login ok
2026-03-03 00:58:44 INFO config reloaded
2026-03-03 00:58:47 INFO user login ok
2026-03-03 00:58:48 INFO request handled
2026-03-03 00:58:50 INFO config reloaded
2026-03-03 00:58:51 INFO database timeout
2026-03-03 00:58:55 INFO config reloaded
2026-03-03 00:58:59 INFO user login ok
2026-03-03 00:59:02 INFO disk usage high
2026-03-03 00:59:03 INFO config reloaded
2026-03-03 00:59:04 WARN invalid token
2026-03-03 00:59:05 INFO invalid token
2026-03-03 00:59:08 INFO cache miss
2026-03-03 00:59:09 INFO user login ok
2026-03-03 00:59:10 WARN slow query detected
2026-03-03 00:59:14 INFO connection reset by peer
2026-03-03 00:59:16 INFO request handled
2026-03-03 00:59:20 INFO user logout
2026-03-03 00:59:23 INFO user login ok
2026-03-03 00:59:25 INFO user login ok
2026-03-03 00:59:29 INFO user logout
2026-03-03 00:59:30 INFO connection reset by peer
2026-03-03 00:59:34 WARN user logout
2026-03-03 00:59:36 INFO cache miss
2026-03-03 00:59:40 INFO user login ok
2026-03-03 00:59:42 INFO user login ok
### повреждённая строка ###
2026-03-03 00:59:44 INFO config reloaded
2026-03-03 00:59:48 ERROR cache hit
2026-03-03 00:59:49 INFO connection reset by peer
2026-03-03 00:59:52 INFO database timeout
2026-03-03 00:59:54 INFO user login ok
2026-03-03 00:59:56 INFO invalid token
2026-03-03 00:59:58 INFO invalid token
2026-03-03 00:59:59 INFO invalid token
2026-03-03 01:00:03 INFO user logout
2026-03-03 01:00:04 INFO cache hit
2026-03-03 01:00:07 INFO cache hit
2026-03-03 01:00:11 INFO user login ok
2026-03-03 01:00:13 INFO user login ok
2026-03-03 01:00:14 INFO request handled
2026-03-03 01:00:17 INFO request handled
2026-03-03 01:00:18 INFO user login ok
2026-03-03 01:00:22 INFO user login ok
2026-03-03 01:00:23 WARN connection reset by peer
2026-03-03 01:00:26 INFO request handled
2026-03-03 01:00:29 INFO connection reset by peer
2026-03-03 01:00:32 INFO config reloaded
2026-03-03 01:00:34 INFO user logout
2026-03-03 01:00:37 ERROR database timeout
2026-03-03 01:00:41 INFO cache miss
2026-03-03 01:00:43 INFO invalid token
2026-03-03 01:00:44 INFO user logout
2026-03-03 01:00:47 INFO user login ok
2026-03-03 01:00:50 WARN disk usage high
2026-03-03 01:00:52 WARN invalid token
2026-03-03 01:00:55 WARN cache miss
2026-03-03 01:00:57 INFO cache miss
2026-03-03 01:00:58 WARN user logout
2026-03-03 01:00:59 WARN config reloaded
2026-03-03 01:01:03 INFO connection reset by peer
2026-03-03 01:01:04 INFO cache hit
2026-03-03 01:01:08 INFO user login ok
2026-03-03 01:01:09 WARN database timeout
2026-03-03 01:01:12 INFO user login ok
2026-03-03 01:01:16 ERROR user login ok
2026-03-03 01:01:18 WARN connection reset by peer
2026-03-03 01:01:21 INFO cache hit
2026-03-03 01:01:24 INFO config reloaded
2026-03-03 01:01:26 INFO invalid token
2026-03-03 01:01:27 INFO config reloaded
2026-03-03 01:01:30 INFO user login ok
2026-03-03 01:01:33 INFO invalid token
2026-03-03 01:01:34 INFO cache hit
2026-03-03 01:01:36 INFO disk usage high
2026-03-03 01:01:37 INFO user login ok
2026-03-03 01:01:38 INFO user login ok
2026-03-03 01:01:39 INFO config reloaded
2026-03-03 01:01:40 INFO cache miss
2026-03-03 01:01:43 INFO user logout
2026-03-03 01:01:47 INFO cache miss
2026-03-03 01:01:51 INFO cache hit
2026-03-03 01:01:55 ERROR user login ok
2026-03-03 01:01:58 INFO cache hit
2026-03-03 01:02:01 INFO user login ok
2026-03-03 01:02:05 INFO user login ok
2026-03-03 01:02:09 WARN user login ok
2026-03-03 01:02:13 INFO user logout
2026-03-03 01:02:15 INFO slow query detected
2026-03-03 01:02:19 INFO user login ok
2026-03-03 01:02:22 INFO cache hit
2026-03-03 01:02:23 INFO user login ok
2026-03-03 01:02:25 WARN config reloaded
2026-03-03 01:02:28 INFO request handled
2026-03-03 01:02:32 INFO background job finished
2026-03-03 01:02:34 INFO invalid token
2026-03-03 01:02:35 INFO disk usage high
2026-03-03 01:02:38 ERROR user login ok
2026-03-03 01:02:40 INFO disk usage high
2026-03-03 01:02:44 WARN request handled
2026-03-03 01:02:45 WARN config reloaded
2026-03-03 01:02:49 WARN user login ok
2026-03-03 01:02:53 ERROR user login ok
2026-03-03 01:02:56 INFO background job finished
2026-03-03 01:02:59 INFO cache miss
2026-03-03 01:03:00 INFO cache miss
2026-03-03 01:03:04 WARN user logout
2026-03-03 01:03:06 INFO invalid token
2026-03-03 01:03:09 INFO user login ok
2026-03-03 01:03:12 WARN user login ok
2026-03-03 01:03:15 ERROR user login ok
2026-03-03 01:03:17 INFO cache hit
2026-03-03 01:03:19 WARN user logout
2026-03-03 01:03:22 INFO cache miss
2026-03-03 01:03:25 INFO cache hit
2026-03-03 01:03:27 INFO slow query detected
2026-03-03 01:03:29 INFO user login ok
2026-03-03 01:03:33 INFO user login ok
2026-03-03 01:03:37 ERROR cache miss
2026-03-03 01:03:40 INFO user login ok
2026-03-03 01:03:43 INFO cache hit
2026-03-03 01:03:44 INFO disk usage high
2026-03-03 01:03:45 INFO user login ok
2026-03-03 01:03:48 INFO user login ok
2026-03-03 01:03:49 INFO user login ok
2026-03-03 01:03:53 INFO database timeout
2026-03-03 01:03:54 INFO connection reset by peer
2026-03-03 01:03:57 INFO user login ok
2026-03-03 01:03:59 INFO cache hit
2026-03-03 01:04:01 INFO cache hit
2026-03-03 01:04:05 INFO user login ok
2026-03-03 01:04:09 INFO cache hit
2026-03-03 01:04:13 INFO user logout
2026-03-03 01:04:16 ERROR slow query detected
2026-03-03 01:04:18 WARN user logout
2026-03-03 01:04:22 INFO background job finished
2026-03-03 01:04:25 INFO user login ok
2026-03-03 01:04:29 INFO cache miss
2026-03-03 01:04:33 ERROR database timeout
2026-03-03 01:04:37 INFO user login ok
2026-03-03 01:04:38 WARN user logout
2026-03-03 01:04:40 INFO config reloaded
2026-03-03 01:04:41 INFO user login ok
2026-03-03 01:04:44 ERROR user login ok
2026-03-03 01:04:45 INFO user login ok
2026-03-03 01:04:46 INFO background job finished
2026-03-03 01:04:49 INFO cache miss
2026-03-03 01:04:51 ERROR user login ok
2026-03-03 01:04:54 INFO request handled
### повреждённая строка ###
2026-03-03 01:04:59 INFO user login ok
2026-03-03 01:05:01 INFO user login ok
2026-03-03 01:05:02 ERROR slow query detected
2026-03-03 01:05:03 INFO user login ok
2026-03-03 01:05:05 WARN user login ok
2026-03-03 01:05:07 INFO user login ok
2026-03-03 01:05:11 INFO connection reset by peer
2026-03-03 01:05:13 INFO user login ok
2026-03-03 01:05:17 INFO user login ok
2026-03-03 01:05:19 INFO connection reset by peer
2026-03-03 01:05:22 INFO user logout
2026-03-03 01:05:23 INFO cache hit
2026-03-03 01:05:24 INFO connection reset by peer
2026-03-03 01:05:26 WARN cache hit
2026-03-03 01:05:30 INFO user logout
2026-03-03 01:05:31 INFO disk usage high
2026-03-03 01:05:32 INFO request handled
2026-03-03 01:05:34 INFO cache hit
2026-03-03 01:05:35 INFO disk usage high
2026-03-03 01:05:39 INFO config reloaded
2026-03-03 01:05:41 INFO cache miss
2026-03-03 01:05:45 WARN request handled
2026-03-03 01:05:46 INFO connection reset by peer
2026-03-03 01:05:47 INFO user login ok
2026-03-03 01:05:48 INFO cache miss
2026-03-03 01:05:51 INFO invalid token
2026-03-03 01:05:53 INFO config reloaded
2026-03-03 01:05:54 INFO disk usage high
2026-03-03 01:05:55 INFO user logout
2026-03-03 01:05:56 INFO user logout
2026-03-03 01:05:58 INFO cache miss
2026-03-03 01:06:02 INFO invalid token
2026-03-03 01:06:05 INFO cache hit
2026-03-03 01:06:08 INFO user logout
2026-03-03 01:06:11 INFO user logout
2026-03-03 01:06:12 INFO user logout
2026-03-03 01:06:13 INFO user logout
2026-03-03 01:06:14 INFO user login ok
2026-03-03 01:06:17 INFO database timeout
2026-03-03 01:06:21 INFO user login ok
2026-03-03 01:06:22 INFO cache hit
2026-03-03 01:06:25 INFO cache hit
2026-03-03 01:06:26 WARN cache hit
2026-03-03 01:06:30 INFO user login ok
2026-03-03 01:06:34 INFO connection reset by peer
2026-03-03 01:06:35 INFO cache hit
2026-03-03 01:06:38 INFO cache miss
2026-03-03 01:06:42 INFO database timeout
2026-03-03 01:06:45 INFO user logout
2026-03-03 01:06:46 WARN request handled
2026-03-03 01:06:47 INFO user login ok
2026-03-03 01:06:48 INFO user login ok
2026-03-03 01:06:50 INFO database timeout
### повреждённая строка ###
2026-03-03 01:06:53 INFO cache hit
2026-03-03 01:06:57 INFO user login ok
2026-03-03 01:06:58 INFO user logout
2026-03-03 01:07:00 INFO user logout
2026-03-03 01:07:03 WARN user logout
2026-03-03 01:07:05 WARN user login ok
2026-03-03 01:07:06 WARN disk usage high
2026-03-03 01:07:08 WARN user login ok
2026-03-03 01:07:09 INFO cache miss
2026-03-03 01:07:10 INFO user login ok
2026-03-03 01:07:13 INFO user login ok
2026-03-03 01:07:17 ERROR user login ok
2026-03-03 01:07:21 INFO user login ok
2026-03-03 01:07:25 INFO cache hit
2026-03-03 01:07:29 ERROR background job finished
2026-03-03 01:07:32 INFO request handled
2026-03-03 01:07:35 INFO user login ok
2026-03-03 01:07:38 INFO slow query detected
2026-03-03 01:07:40 INFO user login ok
2026-03-03 01:07:41 INFO config reloaded
2026-03-03 01:07:45 INFO user login ok
2026-03-03 01:07:49 WARN slow query detected
2026-03-03 01:07:52 INFO slow query detected
2026-03-03 01:07:55 INFO slow query detected
2026-03-03 01:07:56 INFO disk usage high
2026-03-03 01:07:58 INFO user logout
2026-03-03 01:08:01 INFO background job finished
2026-03-03 01:08:04 INFO user login ok
2026-03-03 01:08:06 WARN connection reset by peer
2026-03-03 01:08:10 ERROR user login ok
2026-03-03 01:08:12 ERROR slow query detected
2026-03-03 01:08:14 INFO database timeout
2026-03-03 01:08:15 WARN user login ok
2026-03-03 01:08:16 WARN user login ok
2026-03-03 01:08:17 INFO user login ok
2026-03-03 01:08:18 INFO user login ok
2026-03-03 01:08:19 INFO cache hit
2026-03-03 01:08:21 INFO user login ok
2026-03-03 01:08:24 INFO user logout
2026-03-03 01:08:27 INFO slow query detected
2026-03-03 01:08:29 ERROR slow query detected
2026-03-03 01:08:33 INFO user login ok
2026-03-03 01:08:35 INFO user login ok
2026-03-03 01:08:39 INFO background job finished
2026-03-03 01:08:42 WARN user logout
2026-03-03 01:08:44 WARN slow query detected
2026-03-03 01:08:48 INFO user logout
2026-03-03 01:08:50 INFO cache miss
2026-03-03 01:08:52 INFO user login ok
2026-03-03 01:08:54 INFO background job finished
2026-03-03 01:08:58 INFO connection reset by peer
2026-03-03 01:09:02 INFO user login ok
2026-03-03 01:09:03 INFO request handled
2026-03-03 01:09:05 INFO background job finished
2026-03-03 01:09:09 INFO user login ok
2026-03-03 01:09:12 INFO cache miss
2026-03-03 01:09:14 INFO slow query detected
2026-03-03 01:09:15 WARN cache hit
2026-03-03 01:09:18 INFO cache hit
2026-03-03 01:09:21 INFO slow query detected
2026-03-03 01:09:22 INFO user login ok
2026-03-03 01:09:26 ERROR connection reset by peer
2026-03-03 01:09:28 INFO request handled
### повреждённая строка ###
2026-03-03 01:09:32 WARN cache hit
2026-03-03 01:09:34 INFO cache miss
2026-03-03 01:09:35 WARN background job finished
2026-03-03 01:09:36 ERROR connection reset by peer
2026-03-03 01:09:37 INFO disk usage high
2026-03-03 01:09:40 WARN cache miss
2026-03-03 01:09:41 WARN config reloaded
2026-03-03 01:09:43 INFO user logout
2026-03-03 01:09:47 WARN cache hit
2026-03-03 01:09:51 INFO connection reset by peer
2026-03-03 01:09:53 INFO database timeout
2026-03-03 01:09:57 WARN cache miss
2026-03-03 01:09:58 INFO user login ok
2026-03-03 01:09:59 INFO cache hit
2026-03-03 01:10:00 INFO user login ok
2026-03-03 01:10:01 WARN user login ok
2026-03-03 01:10:02 INFO slow query detected
2026-03-03 01:10:04 INFO request handled
2026-03-03 01:10:08 WARN user login ok
2026-03-03 01:10:09 INFO slow query detected
2026-03-03 01:10:12 WARN user login ok
2026-03-03 01:10:14 INFO request handled
2026-03-03 01:10:17 INFO database timeout
2026-03-03 01:10:19 ERROR user login ok
2026-03-03 01:10:20 INFO cache miss
2026-03-03 01:10:22 INFO slow query detected
2026-03-03 01:10:25 INFO user login ok
2026-03-03 01:10:29 INFO user logout
2026-03-03 01:10:33 INFO user login ok
2026-03-03 01:10:37 INFO config reloaded
2026-03-03 01:10:39 INFO user login ok
2026-03-03 01:10:43 INFO user login ok
2026-03-03 01:10:44 INFO user login ok
2026-03-03 01:10:46 INFO user logout
2026-03-03 01:10:49 INFO background job finished
2026-03-03 01:10:52 WARN user login ok
2026-03-03 01:10:56 WARN disk usage high
2026-03-03 01:10:58 WARN user login ok
2026-03-03 01:11:02 INFO cache miss
2026-03-03 01:11:05 INFO user login ok
2026-03-03 01:11:06 WARN cache miss
2026-03-03 01:11:08 INFO user login ok
### повреждённая строка ###
2026-03-03 01:11:11 ERROR cache hit
2026-03-03 01:11:12 INFO user login ok
2026-03-03 01:11:15 INFO slow query detected
2026-03-03 01:11:19 INFO background job finished
2026-03-03 01:11:21 INFO user login ok
2026-03-03 01:11:23 INFO invalid token
2026-03-03 01:11:27 INFO connection reset by peer
2026-03-03 01:11:30 WARN user logout
2026-03-03 01:11:34 INFO cache miss
2026-03-03 01:11:38 INFO connection reset by peer
2026-03-03 01:11:40 INFO cache miss
2026-03-03 01:11:42 WARN invalid token
2026-03-03 01:11:44 INFO database timeout
2026-03-03 01:11:46 INFO slow query detected
2026-03-03 01:11:47 INFO cache hit
2026-03-03 01:11:49 INFO database timeout
2026-03-03 01:11:51 INFO background job finished
2026-03-03 01:11:55 INFO user login ok
2026-03-03 01:11:57 INFO slow query detected
2026-03-03 01:12:01 INFO config reloaded
2026-03-03 01:12:02 INFO request handled
2026-03-03 01:12:06 INFO user login ok
2026-03-03 01:12:09 INFO connection reset by peer
2026-03-03 01:12:12 INFO cache hit
2026-03-03 01:12:16 INFO config reloaded
2026-03-03 01:12:19 WARN user login ok
2026-03-03 01:12:20 INFO request handled
2026-03-03 01:12:22 INFO cache miss
2026-03-03 01:12:26 INFO cache hit
2026-03-03 01:12:30 WARN user logout
2026-03-03 01:12:34 INFO user logout
2026-03-03 01:12:36 INFO invalid token
2026-03-03 01:12:40 ERROR request handled
2026-03-03 01:12:44 INFO request handled
2026-03-03 01:12:46 INFO request handled
2026-03-03 01:12:48 INFO disk usage high
2026-03-03 01:12:50 INFO user login ok
2026-03-03 01:12:53 INFO slow query detected
2026-03-03 01:12:57 INFO cache hit
2026-03-03 01:13:01 WARN invalid token
2026-03-03 01:13:02 INFO cache hit
2026-03-03 01:13:06 WARN background job finished
2026-03-03 01:13:10 INFO cache hit
2026-03-03 01:13:13 INFO config reloaded
2026-03-03 01:13:16 WARN user login ok
2026-03-03 01:13:18 INFO config reloaded
2026-03-03 01:13:19 INFO invalid token
2026-03-03 01:13:20 INFO config reloaded
2026-03-03 01:13:23 INFO database timeout
### повреждённая строка ###
2026-03-03 01:13:29 INFO disk usage high
2026-03-03 01:13:31 INFO connection reset by peer
2026-03-03 01:13:33 INFO cache hit
2026-03-03 01:13:34 INFO connection reset by peer
2026-03-03 01:13:38 INFO user login ok
2026-03-03 01:13:39 INFO disk usage high
2026-03-03 01:13:42 INFO user login ok
2026-03-03 01:13:43 INFO slow query detected
2026-03-03 01:13:47 INFO background job finished
2026-03-03 01:13:51 INFO cache hit
### повреждённая строка ###
2026-03-03 01:13:54 WARN user logout
2026-03-03 01:13:56 WARN user login ok
2026-03-03 01:13:58 WARN user login ok
2026-03-03 01:14:02 ERROR user login ok
2026-03-03 01:14:06 INFO disk usage high
2026-03-03 01:14:07 ERROR disk usage high
2026-03-03 01:14:09 ERROR user login ok
2026-03-03 01:14:11 INFO request handled
2026-03-03 01:14:12 INFO slow query detected
2026-03-03 01:14:14 INFO cache hit
2026-03-03 01:14:17 INFO cache miss
2026-03-03 01:14:20 INFO user logout
2026-03-03 01:14:21 WARN invalid token
2026-03-03 01:14:22 INFO slow query detected
2026-03-03 01:14:23 INFO slow query detected
2026-03-03 01:14:26 WARN disk usage high
2026-03-03 01:14:29 INFO config reloaded
2026-03-03 01:14:30 WARN cache hit
2026-03-03 01:14:33 INFO cache miss
2026-03-03 01:14:36 ERROR slow query detected
2026-03-03 01:14:40 INFO cache hit
2026-03-03 01:14:42 INFO database timeout
2026-03-03 01:14:46 INFO user logout
2026-03-03 01:14:48 INFO user login ok
2026-03-03 01:14:49 INFO user login ok
2026-03-03 01:14:53 INFO background job finished
2026-03-03 01:14:57 ERROR user login ok
2026-03-03 01:14:58 INFO request handled
2026-03-03 01:14:59 INFO config reloaded
2026-03-03 01:15:02 INFO user login ok
2026-03-03 01:15:04 INFO cache hit
2026-03-03 01:15:08 INFO user logout
2026-03-03 01:15:11 INFO database timeout
2026-03-03 01:15:13 WARN database timeout
2026-03-03 01:15:16 INFO user logout
2026-03-03 01:15:20 INFO user login ok
2026-03-03 01:15:22 INFO user login ok
2026-03-03 01:15:26 INFO cache miss
2026-03-03 01:15:29 WARN user login ok
2026-03-03 01:15:33 WARN user logout
2026-03-03 01:15:37 INFO cache miss
2026-03-03 01:15:40 INFO background job finished
2026-03-03 01:15:42 INFO user logout
2026-03-03 01:15:44 INFO disk usage high
2026-03-03 01:15:46 INFO invalid token
2026-03-03 01:15:49 INFO invalid token
2026-03-03 01:15:51 INFO invalid token
2026-03-03 01:15:54 INFO slow query detected
2026-03-03 01:15:58 INFO disk usage high
2026-03-03 01:16:01 INFO user logout
2026-03-03 01:16:04 INFO config reloaded
2026-03-03 01:16:06 INFO user logout
2026-03-03 01:16:10 INFO user login ok
2026-03-03 01:16:12 INFO user login ok
2026-03-03 01:16:16 ERROR background job finished
2026-03-03 01:16:19 INFO cache hit
2026-03-03 01:16:20 INFO background job finished
2026-03-03 01:16:22 INFO database timeout
2026-03-03 01:16:24 WARN user logout
2026-03-03 01:16:28 INFO invalid token
2026-03-03 01:16:31 INFO user login ok
### повреждённая строка ###
2026-03-03 01:16:37 INFO cache miss
2026-03-03 01:16:41 INFO invalid token
2026-03-03 01:16:43 INFO background job finished
2026-03-03 01:16:44 INFO cache hit
2026-03-03 01:16:46 INFO connection reset by peer
2026-03-03 01:16:49 INFO user logout
2026-03-03 01:16:50 INFO cache miss
2026-03-03 01:16:51 INFO cache miss
2026-03-03 01:16:53 INFO user login ok
### повреждённая строка ###
2026-03-03 01:16:58 INFO request handled
2026-03-03 01:17:00 INFO user login ok
2026-03-03 01:17:03 INFO slow query detected
2026-03-03 01:17:06 WARN cache miss
2026-03-03 01:17:09 INFO background job finished
2026-03-03 01:17:12 INFO slow query detected
2026-03-03 01:17:14 INFO cache hit
2026-03-03 01:17:15 INFO user login ok
2026-03-03 01:17:18 INFO slow query detected
2026-03-03 01:17:22 INFO database timeout
2026-03-03 01:17:23 INFO user logout
2026-03-03 01:17:25 WARN cache miss
2026-03-03 01:17:28 INFO disk usage high
2026-03-03 01:17:32 INFO user login ok
2026-03-03 01:17:33 INFO user logout
2026-03-03 01:17:36 INFO cache miss
2026-03-03 01:17:40 INFO background job finished
2026-03-03 01:17:44 ERROR user logout
2026-03-03 01:17:48 INFO request handled
2026-03-03 01:17:49 INFO user login ok
2026-03-03 01:17:51 INFO request handled
2026-03-03 01:17:53 WARN user login ok
2026-03-03 01:17:54 INFO user login ok
2026-03-03 01:17:55 INFO config reloaded
2026-03-03 01:17:57 INFO disk usage high
2026-03-03 01:18:01 INFO request handled
2026-03-03 01:18:02 ERROR cache hit
2026-03-03 01:18:06 ERROR invalid token
2026-03-03 01:18:08 INFO database timeout
2026-03-03 01:18:10 INFO cache miss
2026-03-03 01:18:12 INFO database timeout
2026-03-03 01:18:16 INFO config reloaded
2026-03-03 01:18:18 WARN connection reset by peer
2026-03-03 01:18:20 INFO request handled
2026-03-03 01:18:23 INFO cache miss
2026-03-03 01:18:25 INFO disk usage high
2026-03-03 01:18:26 INFO user login ok
2026-03-03 01:18:28 INFO cache miss
### повреждённая строка ###
2026-03-03 01:18:34 INFO cache miss
2026-03-03 01:18:37 INFO user logout
2026-03-03 01:18:39 WARN cache hit
2026-03-03 01:18:42 INFO invalid token
2026-03-03 01:18:43 INFO user login ok
2026-03-03 01:18:46 WARN database timeout
2026-03-03 01:18:49 WARN user login ok
2026-03-03 01:18:51 INFO user logout
2026-03-03 01:18:54 WARN disk usage high
2026-03-03 01:18:58 INFO cache miss
2026-03-03 01:19:02 INFO user login ok
2026-03-03 01:19:03 INFO connection reset by peer
2026-03-03 01:19:06 INFO connection reset by peer
2026-03-03 01:19:08 INFO invalid token
2026-03-03 01:19:12 INFO user logout
2026-03-03 01:19:13 INFO invalid token
### повреждённая строка ###
2026-03-03 01:19:21 ERROR invalid token
2026-03-03 01:19:22 INFO disk usage high
2026-03-03 01:19:24 INFO cache hit
2026-03-03 01:19:27 WARN cache miss
2026-03-03 01:19:30 INFO connection reset by peer
2026-03-03 01:19:33 INFO user logout
2026-03-03 01:19:34 WARN user logout
2026-03-03 01:19:36 INFO user login ok
2026-03-03 01:19:37 WARN background job finished
2026-03-03 01:19:38 INFO cache miss
2026-03-03 01:19:39 INFO user logout
2026-03-03 01:19:41 ERROR config reloaded
2026-03-03 01:19:42 INFO config reloaded
2026-03-03 01:19:43 INFO user login ok
2026-03-03 01:19:47 INFO user login ok
2026-03-03 01:19:50 INFO disk usage high
2026-03-03 01:19:54 ERROR connection reset by peer
2026-03-03 01:19:55 INFO user logout
2026-03-03 01:19:56 INFO user logout
2026-03-03 01:19:58 INFO request handled
2026-03-03 01:20:01 WARN user login ok
2026-03-03 01:20:04 WARN user login ok
2026-03-03 01:20:06 INFO user login ok
2026-03-03 01:20:10 INFO cache miss
2026-03-03 01:20:12 INFO request handled
2026-03-03 01:20:14 INFO user logout
2026-03-03 01:20:18 INFO user login ok
2026-03-03 01:20:19 INFO user logout
2026-03-03 01:20:23 INFO user logout
2026-03-03 01:20:26 INFO cache hit
2026-03-03 01:20:28 INFO user logout
2026-03-03 01:20:32 INFO request handled
2026-03-03 01:20:35 INFO database timeout
2026-03-03 01:20:36 INFO request handled
2026-03-03 01:20:37 INFO cache miss
2026-03-03 01:20:41 INFO cache miss
2026-03-03 01:20:44 WARN database timeout
### повреждённая строка ###
2026-03-03 01:20:47 INFO database timeout
2026-03-03 01:20:50 INFO user login ok
2026-03-03 01:20:54 INFO user login ok
2026-03-03 01:20:56 INFO slow query detected
2026-03-03 01:20:59 WARN user login ok
2026-03-03 01:21:03 INFO user login ok
2026-03-03 01:21:05 INFO cache miss
2026-03-03 01:21:06 INFO cache hit
2026-03-03 01:21:10 INFO user logout
2026-03-03 01:21:11 INFO config reloaded
2026-03-03 01:21:15 INFO config reloaded
2026-03-03 01:21:17 INFO user logout
2026-03-03 01:21:20 ERROR user logout
2026-03-03 01:21:21 INFO slow query detected
2026-03-03 01:21:25 INFO request handled
2026-03-03 01:21:29 INFO user logout
2026-03-03 01:21:31 INFO user login ok
2026-03-03 01:21:33 INFO cache hit
2026-03-03 01:21:34 INFO request handled
2026-03-03 01:21:38 INFO user login ok
2026-03-03 01:21:41 INFO connection reset by peer
2026-03-03 01:21:42 INFO request handled
2026-03-03 01:21:44 WARN user login ok
2026-03-03 01:21:46 INFO slow query detected
2026-03-03 01:21:49 INFO database timeout
2026-03-03 01:21:52 INFO cache miss
2026-03-03 01:21:55 INFO invalid token
2026-03-03 01:21:56 WARN disk usage high
2026-03-03 01:21:59 INFO user logout
2026-03-03 01:22:01 ERROR user login ok
2026-03-03 01:22:03 INFO disk usage high
2026-03-03 01:22:04 INFO slow query detected
2026-03-03 01:22:08 INFO cache hit
2026-03-03 01:22:09 INFO cache miss
2026-03-03 01:22:12 ERROR database timeout
2026-03-03 01:22:16 INFO slow query detected
2026-03-03 01:22:20 INFO slow query detected
2026-03-03 01:22:22 INFO user logout
2026-03-03 01:22:24 INFO cache hit
2026-03-03 01:22:26 INFO user login ok
2026-03-03 01:22:29 INFO request handled
2026-03-03 01:22:33 WARN cache miss
2026-03-03 01:22:36 INFO user login ok
2026-03-03 01:22:37 WARN request handled
2026-03-03 01:22:40 INFO user logout
2026-03-03 01:22:44 WARN slow query detected
2026-03-03 01:22:48 INFO slow query detected
2026-03-03 01:22:49 INFO invalid token
2026-03-03 01:22:53 INFO user logout
2026-03-03 01:22:57 INFO config reloaded
2026-03-03 01:22:59 INFO request handled
2026-03-03 01:23:02 INFO cache hit
2026-03-03 01:23:03 INFO request handled
2026-03-03 01:23:04 INFO user logout
2026-03-03 01:23:06 INFO user login ok
2026-03-03 01:23:07 INFO user login ok
2026-03-03 01:23:10 INFO user login ok
2026-03-03 01:23:13 INFO user logout
2026-03-03 01:23:15 WARN slow query detected
2026-03-03 01:23:18 INFO user logout
2026-03-03 01:23:21 WARN config reloaded
2026-03-03 01:23:22 WARN background job finished
2026-03-03 01:23:26 INFO request handled
2026-03-03 01:23:28 INFO user logout
2026-03-03 01:23:29 INFO disk usage high
2026-03-03 01:23:30 INFO database timeout
2026-03-03 01:23:33 INFO config reloaded
2026-03-03 01:23:37 INFO user login ok
2026-03-03 01:23:38 INFO user login ok
2026-03-03 01:23:42 WARN slow query detected
2026-03-03 01:23:46 INFO request handled
2026-03-03 01:23:49 ERROR user login ok
2026-03-03 01:23:51 INFO user login ok
2026-03-03 01:23:54 INFO invalid token
2026-03-03 01:23:55 ERROR user login ok
2026-03-03 01:23:57 INFO background job finished
2026-03-03 01:23:58 INFO config reloaded
2026-03-03 01:24:02 INFO disk usage high
2026-03-03 01:24:04 INFO user logout
2026-03-03 01:24:07 INFO slow query detected
2026-03-03 01:24:10 ERROR request handled
2026-03-03 01:24:14 WARN connection reset by peer
2026-03-03 01:24:16 ERROR slow query detected
2026-03-03 01:24:19 WARN user login ok
2026-03-03 01:24:22 INFO slow query detected
2026-03-03 01:24:26 WARN cache miss
2026-03-03 01:24:30 INFO request handled
2026-03-03 01:24:33 WARN user logout
2026-03-03 01:24:37 INFO user login ok
2026-03-03 01:24:39 INFO cache miss
2026-03-03 01:24:40 INFO slow query detected
2026-03-03 01:24:42 INFO slow query detected
2026-03-03 01:24:46 INFO database timeout
2026-03-03 01:24:50 INFO cache hit
2026-03-03 01:24:53 INFO user logout
2026-03-03 01:24:57 WARN config reloaded
2026-03-03 01:25:00 INFO user login ok
2026-03-03 01:25:03 INFO cache hit
2026-03-03 01:25:06 INFO user login ok
2026-03-03 01:25:09 INFO disk usage high
2026-03-03 01:25:11 WARN user login ok
2026-03-03 01:25:14 INFO connection reset by peer
2026-03-03 01:25:16 INFO user logout
2026-03-03 01:25:18 INFO cache hit
2026-03-03 01:25:22 INFO slow query detected
2026-03-03 01:25:24 INFO user login ok
2026-03-03 01:25:27 INFO user logout
2026-03-03 01:25:31 INFO disk usage high
2026-03-03 01:25:34 INFO user login ok
2026-03-03 01:25:35 INFO database timeout
2026-03-03 01:25:36 INFO slow query detected
2026-03-03 01:25:37 INFO user logout
2026-03-03 01:25:39 INFO background job finished
2026-03-03 01:25:40 INFO disk usage high
2026-03-03 01:25:43 WARN request handled
2026-03-03 01:25:46 INFO user login ok
2026-03-03 01:25:49 INFO background job finished
2026-03-03 01:25:51 INFO user login ok
2026-03-03 01:25:52 INFO cache hit
2026-03-03 01:25:55 INFO cache miss
2026-03-03 01:25:59 INFO request handled
2026-03-03 01:26:01 INFO background job finished
2026-03-03 01:26:02 WARN request handled
2026-03-03 01:26:04 INFO cache miss
2026-03-03 01:26:07 INFO disk usage high
2026-03-03 01:26:08 INFO user logout
2026-03-03 01:26:09 INFO disk usage high
2026-03-03 01:26:13 INFO user logout
2026-03-03 01:26:14 INFO user login ok
2026-03-03 01:26:15 INFO user login ok
### повреждённая строка ###
2026-03-03 01:26:19 INFO connection reset by peer
2026-03-03 01:26:22 WARN connection reset by peer
2026-03-03 01:26:26 WARN slow query detected
### повреждённая строка ###
2026-03-03 01:26:31 INFO user logout
2026-03-03 01:26:32 WARN connection reset by peer
2026-03-03 01:26:36 INFO database timeout
2026-03-03 01:26:37 INFO user logout
2026-03-03 01:26:39 INFO user login ok
2026-03-03 01:26:42 INFO background job finished
2026-03-03 01:26:45 INFO slow query detected
2026-03-03 01:26:49 INFO cache hit
2026-03-03 01:26:52 INFO user login ok
2026-03-03 01:26:55 INFO user logout
2026-03-03 01:26:57 INFO user login ok
2026-03-03 01:27:01 INFO user login ok
2026-03-03 01:27:05 WARN invalid token
2026-03-03 01:27:08 INFO connection reset by peer
2026-03-03 01:27:09 INFO background job finished
2026-03-03 01:27:11 INFO disk usage high
2026-03-03 01:27:13 INFO background job finished
2026-03-03 01:27:14 INFO user login ok
2026-03-03 01:27:16 INFO slow query detected
2026-03-03 01:27:18 INFO user logout
2026-03-03 01:27:22 INFO request handled
2026-03-03 01:27:23 INFO cache hit
2026-03-03 01:27:24 INFO user login ok
2026-03-03 01:27:28 INFO config reloaded
2026-03-03 01:27:31 INFO cache miss
2026-03-03 01:27:34 INFO config reloaded
2026-03-03 01:27:35 INFO user logout
2026-03-03 01:27:39 INFO user login ok
2026-03-03 01:27:40 INFO database timeout
2026-03-03 01:27:43 INFO user login ok
2026-03-03 01:27:46 WARN disk usage high
2026-03-03 01:27:49 INFO user login ok
2026-03-03 01:27:52 INFO cache hit
2026-03-03 01:27:56 WARN config reloaded
2026-03-03 01:27:58 INFO cache miss
2026-03-03 01:28:00 INFO request handled
2026-03-03 01:28:01 WARN config reloaded
2026-03-03 01:28:04 INFO background job finished
2026-03-03 01:28:05 INFO user login ok
2026-03-03 01:28:09 INFO disk usage high
2026-03-03 01:28:11 WARN slow query detected
2026-03-03 01:28:14 INFO cache miss
2026-03-03 01:28:17 INFO cache miss
2026-03-03 01:28:19 WARN user login ok
2026-03-03 01:28:21 INFO user logout
2026-03-03 01:28:23 INFO database timeout
2026-03-03 01:28:25 INFO user logout
2026-03-03 01:28:29 INFO user logout
2026-03-03 01:28:33 INFO user logout
2026-03-03 01:28:37 INFO user logout
2026-03-03 01:28:38 INFO cache miss
2026-03-03 01:28:39 INFO config reloaded
2026-03-03 01:28:41 INFO invalid token
2026-03-03 01:28:42 INFO cache miss
2026-03-03 01:28:44 INFO user login ok
2026-03-03 01:28:47 ERROR user login ok
2026-03-03 01:28:49 INFO slow query detected
2026-03-03 01:28:51 WARN database timeout
2026-03-03 01:28:53 INFO slow query detected
2026-03-03 01:28:56 INFO cache miss
2026-03-03 01:29:00 WARN slow query detected
2026-03-03 01:29:02 INFO connection reset by peer
2026-03-03 01:29:06 INFO config reloaded
2026-03-03 01:29:08 INFO database timeout
2026-03-03 01:29:10 INFO disk usage high
2026-03-03 01:29:12 ERROR user login ok
2026-03-03 01:29:16 INFO invalid token
2026-03-03 01:29:19 INFO user login ok
2026-03-03 01:29:20 WARN config reloaded
2026-03-03 01:29:21 INFO user login ok
2026-03-03 01:29:24 ERROR request handled
2026-03-03 01:29:28 INFO user login ok
2026-03-03 01:29:31 WARN user login ok
2026-03-03 01:29:35 WARN slow query detected
2026-03-03 01:29:39 INFO cache miss
2026-03-03 01:29:40 WARN config reloaded
2026-03-03 01:29:43 INFO connection reset by peer
2026-03-03 01:29:47 INFO user login ok
2026-03-03 01:29:48 INFO cache hit
2026-03-03 01:29:49 INFO user logout
2026-03-03 01:29:53 INFO user logout
2026-03-03 01:29:54 WARN background job finished
2026-03-03 01:29:56 WARN user login ok
2026-03-03 01:29:59 ERROR config reloaded
2026-03-03 01:30:03 WARN config reloaded
2026-03-03 01:30:07 INFO request handled
2026-03-03 01:30:08 INFO invalid token
2026-03-03 01:30:10 INFO background job finished
2026-03-03 01:30:11 INFO cache miss
2026-03-03 01:30:14 ERROR user login ok
2026-03-03 01:30:15 INFO config reloaded
2026-03-03 01:30:17 INFO user login ok
2026-03-03 01:30:18 INFO user login ok
2026-03-03 01:30:22 INFO cache hit
2026-03-03 01:30:23 INFO user login ok
2026-03-03 01:30:24 INFO user login ok
2026-03-03 01:30:25 INFO user login ok
2026-03-03 01:30:28 INFO invalid token
2026-03-03 01:30:32 INFO invalid token
2026-03-03 01:30:34 INFO config reloaded
2026-03-03 01:30:35 INFO user logout
2026-03-03 01:30:36 INFO user login ok
2026-03-03 01:30:37 ERROR user login ok
2026-03-03 01:30:40 INFO user login ok
2026-03-03 01:30:44 INFO user login ok
2026-03-03 01:30:47 WARN background job finished
2026-03-03 01:30:50 INFO user logout
2026-03-03 01:30:51 INFO user logout
2026-03-03 01:30:55 INFO disk usage high
2026-03-03 01:30:58 WARN cache hit
2026-03-03 01:30:59 INFO config reloaded
2026-03-03 01:31:03 INFO cache hit
2026-03-03 01:31:05 INFO invalid token
2026-03-03 01:31:07 INFO user logout
2026-03-03 01:31:09 INFO user login ok
2026-03-03 01:31:12 INFO cache miss
2026-03-03 01:31:16 INFO invalid token
2026-03-03 01:31:18 ERROR user login ok
2026-03-03 01:31:21 INFO cache miss
2026-03-03 01:31:24 INFO database timeout
2026-03-03 01:31:27 INFO cache miss
2026-03-03 01:31:30 INFO user login ok
2026-03-03 01:31:34 INFO user login ok
2026-03-03 01:31:37 INFO connection reset by peer
2026-03-03 01:31:41 WARN slow query detected
2026-03-03 01:31:42 INFO user login ok
2026-03-03 01:31:44 INFO request handled
2026-03-03 01:31:46 INFO background job finished
2026-03-03 01:31:50 INFO user login ok
2026-03-03 01:31:52 INFO config reloaded
2026-03-03 01:31:55 INFO invalid token
2026-03-03 01:31:56 INFO request handled
2026-03-03 01:31:57 INFO user logout
2026-03-03 01:31:58 INFO user logout
2026-03-03 01:32:01 INFO cache hit
2026-03-03 01:32:02 INFO user login ok
2026-03-03 01:32:04 INFO user login ok
2026-03-03 01:32:08 INFO cache miss
2026-03-03 01:32:09 INFO user login ok
2026-03-03 01:32:11 WARN user login ok
2026-03-03 01:32:12 INFO connection reset by peer
2026-03-03 01:32:14 WARN background job finished
2026-03-03 01:32:15 INFO user logout
2026-03-03 01:32:19 INFO slow query detected
2026-03-03 01:32:21 INFO slow query detected
2026-03-03 01:32:23 INFO cache miss
2026-03-03 01:32:25 INFO user login ok
2026-03-03 01:32:29 INFO background job finished
2026-03-03 01:32:31 WARN cache miss
2026-03-03 01:32:33 INFO database timeout
2026-03-03 01:32:35 INFO invalid token
2026-03-03 01:32:39 INFO request handled
2026-03-03 01:32:41 WARN disk usage high
2026-03-03 01:32:42 INFO cache hit
2026-03-03 01:32:45 INFO disk usage high
2026-03-03 01:32:49 INFO disk usage high
2026-03-03 01:32:53 INFO cache hit
2026-03-03 01:32:55 INFO cache miss
2026-03-03 01:32:57 WARN background job finished
2026-03-03 01:32:58 INFO user logout
2026-03-03 01:32:59 INFO database timeout
2026-03-03 01:33:02 INFO slow query detected
2026-03-03 01:33:03 INFO user logout
2026-03-03 01:33:05 INFO user login ok
2026-03-03 01:33:06 INFO user logout
2026-03-03 01:33:10 INFO user login ok
2026-03-03 01:33:13 INFO user login ok
### повреждённая строка ###
2026-03-03 01:33:18 INFO user login ok
2026-03-03 01:33:22 WARN user login ok
2026-03-03 01:33:24 WARN config reloaded
2026-03-03 01:33:26 INFO cache miss
2026-03-03 01:33:29 INFO user login ok
2026-03-03 01:33:31 INFO config reloaded
2026-03-03 01:33:34 WARN invalid token
2026-03-03 01:33:38 INFO request handled
2026-03-03 01:33:40 INFO slow query detected
### повреждённая строка ###
2026-03-03 01:33:45 INFO cache hit
2026-03-03 01:33:48 WARN config reloaded
2026-03-03 01:33:49 INFO user login ok
2026-03-03 01:33:50 INFO user logout
2026-03-03 01:33:52 INFO user logout
2026-03-03 01:33:54 WARN cache miss
2026-03-03 01:33:58 INFO user login ok
2026-03-03 01:34:01 INFO user login ok
2026-03-03 01:34:04 WARN user login ok
### повреждённая строка ###
2026-03-03 01:34:09 ERROR user logout
2026-03-03 01:34:11 INFO cache miss
2026-03-03 01:34:12 INFO user login ok
2026-03-03 01:34:15 INFO user login ok
2026-03-03 01:34:16 INFO user login ok
2026-03-03 01:34:19 INFO user login ok
2026-03-03 01:34:23 INFO database timeout
2026-03-03 01:34:24 WARN request handled
2026-03-03 01:34:28 INFO cache miss
2026-03-03 01:34:31 INFO connection reset by peer
2026-03-03 01:34:34 ERROR cache hit
2026-03-03 01:34:37 INFO cache hit
2026-03-03 01:34:41 INFO user login ok
2026-03-03 01:34:42 INFO config reloaded
2026-03-03 01:34:44 INFO database timeout
2026-03-03 01:34:45 WARN config reloaded
2026-03-03 01:34:49 WARN cache hit
2026-03-03 01:34:50 INFO user login ok
2026-03-03 01:34:52 WARN cache hit
2026-03-03 01:34:54 INFO cache hit
2026-03-03 01:34:58 INFO database timeout
2026-03-03 01:35:02 WARN user logout
2026-03-03 01:35:04 WARN database timeout
2026-03-03 01:35:06 WARN connection reset by peer
2026-03-03 01:35:08 INFO user login ok
2026-03-03 01:35:09 INFO user login ok
2026-03-03 01:35:10 INFO request handled
2026-03-03 01:35:13 WARN user logout
2026-03-03 01:35:17 INFO user login ok
2026-03-03 01:35:20 INFO slow query detected
2026-03-03 01:35:23 INFO background job finished
### повреждённая строка ###
2026-03-03 01:35:27 INFO slow query detected
2026-03-03 01:35:30 WARN connection reset by peer
2026-03-03 01:35:34 INFO database timeout
2026-03-03 01:35:35 ERROR request handled
2026-03-03 01:35:38 INFO request handled
2026-03-03 01:35:41 INFO user login ok
2026-03-03 01:35:43 INFO request handled
2026-03-03 01:35:46 INFO cache miss
2026-03-03 01:35:49 INFO user login ok
2026-03-03 01:35:53 INFO connection reset by peer
2026-03-03 01:35:54 WARN user logout
2026-03-03 01:35:56 INFO slow query detected
2026-03-03 01:35:58 INFO user login ok
2026-03-03 01:36:01 ERROR cache miss
2026-03-03 01:36:05 INFO user login ok
2026-03-03 01:36:06 INFO user login ok
2026-03-03 01:36:07 INFO user logout
2026-03-03 01:36:10 INFO user login ok
2026-03-03 01:36:12 INFO user login ok
2026-03-03 01:36:14 INFO slow query detected
2026-03-03 01:36:15 WARN user login ok
2026-03-03 01:36:18 INFO user logout
2026-03-03 01:36:21 INFO cache hit
2026-03-03 01:36:23 INFO user logout
2026-03-03 01:36:27 INFO background job finished
2026-03-03 01:36:30 INFO request handled
2026-03-03 01:36:31 INFO disk usage high
2026-03-03 01:36:35 INFO user login ok
2026-03-03 01:36:39 ERROR user login ok
2026-03-03 01:36:42 INFO user login ok
2026-03-03 01:36:43 INFO user logout
2026-03-03 01:36:45 INFO user login ok
2026-03-03 01:36:48 INFO user login ok
2026-03-03 01:36:52 INFO background job finished
2026-03-03 01:36:54 WARN user login ok
2026-03-03 01:36:57 INFO disk usage high
2026-03-03 01:36:58 INFO user login ok
2026-03-03 01:37:02 INFO background job finished
2026-03-03 01:37:04 INFO user logout
2026-03-03 01:37:06 ERROR invalid token
2026-03-03 01:37:07 INFO request handled
2026-03-03 01:37:09 INFO user logout
2026-03-03 01:37:13 INFO user login ok
2026-03-03 01:37:15 INFO user login ok
2026-03-03 01:37:17 INFO background job finished
2026-03-03 01:37:21 INFO database timeout
2026-03-03 01:37:22 INFO user logout
2026-03-03 01:37:26 INFO background job finished
2026-03-03 01:37:28 WARN cache miss
2026-03-03 01:37:29 INFO cache hit
2026-03-03 01:37:33 INFO request handled
2026-03-03 01:37:35 WARN disk usage high
2026-03-03 01:37:37 INFO invalid token
2026-03-03 01:37:40 WARN disk usage high
2026-03-03 01:37:44 INFO user login ok
2026-03-03 01:37:46 INFO slow query detected
2026-03-03 01:37:50 INFO user logout
2026-03-03 01:37:54 INFO user logout
2026-03-03 01:37:58 WARN disk usage high
2026-03-03 01:37:59 WARN invalid token
2026-03-03 01:38:00 WARN cache miss
2026-03-03 01:38:04 INFO user logout
2026-03-03 01:38:08 WARN slow query detected
2026-03-03 01:38:09 INFO slow query detected
2026-03-03 01:38:13 ERROR user login ok
2026-03-03 01:38:15 WARN disk usage high
2026-03-03 01:38:19 INFO user logout
2026-03-03 01:38:23 INFO user logout
2026-03-03 01:38:27 INFO request handled
2026-03-03 01:38:29 WARN user login ok
2026-03-03 01:38:31 INFO cache hit
2026-03-03 01:38:34 INFO user login ok
2026-03-03 01:38:38 INFO connection reset by peer
2026-03-03 01:38:39 INFO user login ok
2026-03-03 01:38:42 INFO slow query detected
2026-03-03 01:38:45 INFO invalid token
2026-03-03 01:38:48 INFO user login ok
2026-03-03 01:38:50 INFO user login ok
2026-03-03 01:38:51 INFO invalid token
2026-03-03 01:38:54 INFO user login ok
2026-03-03 01:38:55 INFO request handled
2026-03-03 01:38:58 WARN user logout
2026-03-03 01:39:01 INFO user login ok
2026-03-03 01:39:05 WARN user login ok
2026-03-03 01:39:08 INFO config reloaded
2026-03-03 01:39:10 INFO config reloaded
2026-03-03 01:39:11 WARN user logout
2026-03-03 01:39:14 INFO user login ok
2026-03-03 01:39:15 INFO user login ok
2026-03-03 01:39:19 INFO cache miss
2026-03-03 01:39:23 INFO cache miss
2026-03-03 01:39:26 INFO user logout
2026-03-03 01:39:30 INFO disk usage high
2026-03-03 01:39:32 INFO user logout
2026-03-03 01:39:33 INFO disk usage high
2026-03-03 01:39:35 INFO disk usage high
2026-03-03 01:39:38 WARN config reloaded
2026-03-03 01:39:39 INFO cache hit
2026-03-03 01:39:41 INFO slow query detected
2026-03-03 01:39:45 WARN cache hit
2026-03-03 01:39:49 WARN request handled
2026-03-03 01:39:51 INFO connection reset by peer
2026-03-03 01:39:54 ERROR cache miss
2026-03-03 01:39:57 INFO user logout
2026-03-03 01:40:00 INFO user logout
2026-03-03 01:40:04 WARN connection reset by peer
2026-03-03 01:40:06 INFO user login ok
2026-03-03 01:40:07 ERROR user logout
2026-03-03 01:40:08 INFO user logout
2026-03-03 01:40:10 WARN connection reset by peer
2026-03-03 01:40:11 INFO invalid token
2026-03-03 01:40:15 INFO request handled
2026-03-03 01:40:16 INFO config reloaded
2026-03-03 01:40:17 INFO slow query detected
2026-03-03 01:40:20 INFO user login ok
2026-03-03 01:40:21 INFO database timeout
2026-03-03 01:40:23 INFO config reloaded
2026-03-03 01:40:26 INFO slow query detected
2026-03-03 01:40:30 INFO user login ok
2026-03-03 01:40:31 INFO request handled
2026-03-03 01:40:34 INFO user login ok
2026-03-03 01:40:36 INFO config reloaded
2026-03-03 01:40:39 INFO disk usage high
2026-03-03 01:40:41 INFO user logout
2026-03-03 01:40:44 INFO database timeout
2026-03-03 01:40:48 INFO cache miss
2026-03-03 01:40:51 INFO config reloaded
2026-03-03 01:40:55 ERROR cache miss
2026-03-03 01:40:58 INFO user login ok
2026-03-03 01:41:02 INFO request handled
2026-03-03 01:41:06 INFO slow query detected
2026-03-03 01:41:10 INFO cache miss
2026-03-03 01:41:12 ERROR connection reset by peer
2026-03-03 01:41:16 ERROR cache hit
2026-03-03 01:41:18 INFO request handled
2026-03-03 01:41:20 INFO database timeout
2026-03-03 01:41:22 WARN user login ok
2026-03-03 01:41:24 INFO user logout
2026-03-03 01:41:26 INFO background job finished
2026-03-03 01:41:30 INFO background job finished
2026-03-03 01:41:33 INFO slow query detected
2026-03-03 01:41:36 INFO database timeout
2026-03-03 01:41:39 INFO cache miss
2026-03-03 01:41:42 ERROR request handled
2026-03-03 01:41:46 WARN database timeout
2026-03-03 01:41:50 INFO background job finished
2026-03-03 01:41:54 INFO disk usage high
2026-03-03 01:41:58 INFO user login ok
2026-03-03 01:42:01 INFO disk usage high
2026-03-03 01:42:02 INFO user login ok
2026-03-03 01:42:04 INFO slow query detected
2026-03-03 01:42:05 INFO user login ok
2026-03-03 01:42:08 INFO user login ok
2026-03-03 01:42:10 INFO user login ok
2026-03-03 01:42:11 INFO request handled
2026-03-03 01:42:13 INFO user login ok
2026-03-03 01:42:17 INFO invalid token
2026-03-03 01:42:19 INFO config reloaded
2026-03-03 01:42:22 INFO cache hit
2026-03-03 01:42:24 INFO user login ok
2026-03-03 01:42:26 INFO slow query detected
2026-03-03 01:42:28 INFO slow query detected
2026-03-03 01:42:30 INFO cache hit
2026-03-03 01:42:31 INFO user login ok
2026-03-03 01:42:35 INFO cache miss
2026-03-03 01:42:38 WARN user login ok
2026-03-03 01:42:42 WARN user logout
2026-03-03 01:42:45 INFO user logout
2026-03-03 01:42:46 INFO request handled
2026-03-03 01:42:48 INFO user login ok
2026-03-03 01:42:50 INFO cache miss
2026-03-03 01:42:52 WARN user logout
2026-03-03 01:42:56 WARN user login ok
2026-03-03 01:42:59 INFO cache miss
2026-03-03 01:43:02 INFO user login ok
2026-03-03 01:43:03 INFO cache hit
2026-03-03 01:43:04 INFO invalid token
2026-03-03 01:43:07 INFO invalid token
2026-03-03 01:43:10 INFO user login ok
2026-03-03 01:43:14 INFO database timeout
2026-03-03 01:43:18 INFO database timeout
2026-03-03 01:43:19 INFO slow query detected
2026-03-03 01:43:22 INFO cache hit
2026-03-03 01:43:25 INFO user login ok
2026-03-03 01:43:26 ERROR config reloaded
2026-03-03 01:43:30 INFO request handled
2026-03-03 01:43:34 INFO database timeout
2026-03-03 01:43:38 INFO user login ok
2026-03-03 01:43:39 INFO user login ok
2026-03-03 01:43:41 INFO user login ok
2026-03-03 01:43:44 INFO user login ok
2026-03-03 01:43:47 INFO slow query detected
2026-03-03 01:43:51 INFO user login ok
2026-03-03 01:43:55 INFO config reloaded
2026-03-03 01:43:56 WARN user logout
2026-03-03 01:43:59 INFO slow query detected
2026-03-03 01:44:00 INFO cache hit
2026-03-03 01:44:01 INFO cache miss
2026-03-03 01:44:03 INFO user login ok
2026-03-03 01:44:07 INFO user login ok
2026-03-03 01:44:11 WARN cache miss
2026-03-03 01:44:15 INFO user logout
2026-03-03 01:44:16 INFO disk usage high
2026-03-03 01:44:20 INFO user logout
2026-03-03 01:44:24 INFO user logout
2026-03-03 01:44:26 INFO user login ok
2026-03-03 01:44:27 INFO cache hit
2026-03-03 01:44:30 INFO user logout
2026-03-03 01:44:31 INFO database timeout
2026-03-03 01:44:35 INFO user login ok
2026-03-03 01:44:36 INFO database timeout
2026-03-03 01:44:39 INFO user login ok
2026-03-03 01:44:42 INFO invalid token
2026-03-03 01:44:45 INFO background job finished
2026-03-03 01:44:46 INFO invalid token
2026-03-03 01:44:49 INFO user login ok
2026-03-03 01:44:52 INFO user login ok
2026-03-03 01:44:55 INFO slow query detected
2026-03-03 01:44:57 INFO user login ok
2026-03-03 01:44:58 INFO user logout
2026-03-03 01:44:59 INFO request handled
2026-03-03 01:45:00 INFO user login ok
2026-03-03 01:45:04 INFO user login ok
2026-03-03 01:45:08 INFO cache miss
2026-03-03 01:45:09 ERROR user login ok
2026-03-03 01:45:11 INFO cache hit
2026-03-03 01:45:13 INFO user login ok
2026-03-03 01:45:14 INFO user logout
2026-03-03 01:45:15 INFO background job finished
2026-03-03 01:45:16 INFO user login ok
2026-03-03 01:45:18 INFO user login ok
2026-03-03 01:45:19 INFO cache hit
2026-03-03 01:45:20 INFO cache miss
2026-03-03 01:45:22 INFO cache miss
2026-03-03 01:45:24 INFO user login ok
2026-03-03 01:45:27 INFO database timeout
2026-03-03 01:45:29 ERROR cache hit
2026-03-03 01:45:33 INFO cache hit
2026-03-03 01:45:37 INFO invalid token
2026-03-03 01:45:39 INFO request handled
2026-03-03 01:45:41 INFO request handled
2026-03-03 01:45:44 INFO disk usage high
2026-03-03 01:45:47 INFO user logout
2026-03-03 01:45:50 ERROR user login ok
2026-03-03 01:45:52 INFO user login ok
2026-03-03 01:45:54 ERROR cache miss
2026-03-03 01:45:55 INFO cache miss
2026-03-03 01:45:57 INFO connection reset by peer
2026-03-03 01:46:00 INFO user login ok
2026-03-03 01:46:02 INFO disk usage high
2026-03-03 01:46:06 INFO request handled
2026-03-03 01:46:07 INFO user logout
2026-03-03 01:46:09 ERROR user login ok
2026-03-03 01:46:13 INFO invalid token
2026-03-03 01:46:15 INFO user logout
2026-03-03 01:46:19 INFO user login ok
### повреждённая строка ###
2026-03-03 01:46:27 INFO user login ok
2026-03-03 01:46:30 INFO user logout
2026-03-03 01:46:32 INFO cache hit
2026-03-03 01:46:35 INFO user login ok
2026-03-03 01:46:38 INFO cache hit
2026-03-03 01:46:40 INFO request handled
2026-03-03 01:46:41 INFO cache miss
2026-03-03 01:46:45 INFO user logout
2026-03-03 01:46:48 WARN user logout
2026-03-03 01:46:51 WARN cache hit
2026-03-03 01:46:53 INFO connection reset by peer
2026-03-03 01:46:57 INFO user login ok
2026-03-03 01:46:59 INFO user login ok
2026-03-03 01:47:01 INFO disk usage high
2026-03-03 01:47:04 INFO cache hit
2026-03-03 01:47:07 ERROR user login ok
2026-03-03 01:47:08 INFO invalid token
2026-03-03 01:47:11 ERROR connection reset by peer
2026-03-03 01:47:15 INFO user login ok
2026-03-03 01:47:19 WARN request handled
2026-03-03 01:47:20 INFO database timeout
2026-03-03 01:47:23 INFO user logout
2026-03-03 01:47:27 INFO user login ok
2026-03-03 01:47:30 INFO user login ok
2026-03-03 01:47:32 INFO database timeout
2026-03-03 01:47:33 INFO user login ok
2026-03-03 01:47:34 INFO cache hit
2026-03-03 01:47:36 INFO cache miss
2026-03-03 01:47:39 ERROR user login ok
2026-03-03 01:47:42 INFO cache hit
2026-03-03 01:47:46 INFO user logout
2026-03-03 01:47:50 WARN user login ok
2026-03-03 01:47:52 INFO user login ok
2026-03-03 01:47:54 INFO cache hit
2026-03-03 01:47:56 WARN invalid token
2026-03-03 01:47:58 INFO user logout
2026-03-03 01:47:59 INFO user login ok
2026-03-03 01:48:02 INFO disk usage high
2026-03-03 01:48:04 WARN database timeout
2026-03-03 01:48:06 INFO connection reset by peer
2026-03-03 01:48:07 INFO connection reset by peer
2026-03-03 01:48:10 INFO cache hit
2026-03-03 01:48:14 INFO user login ok
2026-03-03 01:48:17 INFO user logout
2026-03-03 01:48:20 INFO invalid token
2026-03-03 01:48:21 INFO user login ok
2026-03-03 01:48:24 INFO user logout
2026-03-03 01:48:27 INFO disk usage high
2026-03-03 01:48:30 ERROR disk usage high
2026-03-03 01:48:31 ERROR database timeout
2026-03-03 01:48:35 INFO user logout
2026-03-03 01:48:37 INFO user login ok
2026-03-03 01:48:40 INFO user login ok
2026-03-03 01:48:44 INFO disk usage high
2026-03-03 01:48:48 INFO user logout
2026-03-03 01:48:50 INFO background job finished
2026-03-03 01:48:54 INFO request handled
2026-03-03 01:48:57 INFO user login ok
2026-03-03 01:49:01 INFO user login ok
2026-03-03 01:49:02 INFO user login ok
2026-03-03 01:49:05 INFO background job finished
2026-03-03 01:49:08 INFO disk usage high
2026-03-03 01:49:12 INFO user login ok
2026-03-03 01:49:16 INFO user login ok
2026-03-03 01:49:20 INFO user logout
2026-03-03 01:49:24 INFO background job finished
2026-03-03 01:49:28 INFO cache hit
2026-03-03 01:49:30 INFO user login ok
2026-03-03 01:49:34 INFO connection reset by peer
2026-03-03 01:49:35 INFO database timeout
2026-03-03 01:49:39 INFO request handled
2026-03-03 01:49:42 WARN user login ok
2026-03-03 01:49:45 INFO request handled
2026-03-03 01:49:46 INFO user login ok
2026-03-03 01:49:49 INFO user login ok
2026-03-03 01:49:51 INFO user login ok
2026-03-03 01:49:52 INFO user logout
2026-03-03 01:49:54 INFO user login ok
2026-03-03 01:49:57 INFO user login ok
2026-03-03 01:50:01 ERROR slow query detected
2026-03-03 01:50:03 ERROR invalid token
2026-03-03 01:50:06 INFO user logout
2026-03-03 01:50:09 INFO config reloaded
2026-03-03 01:50:11 INFO connection reset by peer
2026-03-03 01:50:12 INFO connection reset by peer
2026-03-03 01:50:15 INFO request handled
2026-03-03 01:50:16 INFO disk usage high
2026-03-03 01:50:20 INFO request handled
2026-03-03 01:50:23 INFO user logout
2026-03-03 01:50:24 INFO cache miss
2026-03-03 01:50:25 INFO user logout
2026-03-03 01:50:27 INFO user login ok
2026-03-03 01:50:28 INFO cache miss
2026-03-03 01:50:29 INFO user login ok
2026-03-03 01:50:32 INFO cache hit
2026-03-03 01:50:36 INFO user logout
2026-03-03 01:50:37 INFO user login ok
2026-03-03 01:50:41 WARN slow query detected
2026-03-03 01:50:43 INFO user login ok
2026-03-03 01:50:47 INFO invalid token
2026-03-03 01:50:51 INFO user login ok
2026-03-03 01:50:53 INFO slow query detected
2026-03-03 01:50:56 INFO invalid token
2026-03-03 01:50:58 INFO cache hit
2026-03-03 01:51:00 INFO slow query detected
2026-03-03 01:51:01 INFO user logout
2026-03-03 01:51:02 WARN user logout
2026-03-03 01:51:04 INFO user logout
2026-03-03 01:51:07 INFO user login ok
2026-03-03 01:51:10 INFO request handled
2026-03-03 01:51:12 INFO user logout
2026-03-03 01:51:15 INFO user login ok
2026-03-03 01:51:16 INFO invalid token
2026-03-03 01:51:20 ERROR background job finished
2026-03-03 01:51:21 INFO connection reset by peer
2026-03-03 01:51:24 ERROR user logout
2026-03-03 01:51:26 INFO slow query detected
2026-03-03 01:51:27 INFO user logout
2026-03-03 01:51:30 ERROR cache miss
2026-03-03 01:51:33 INFO user login ok
2026-03-03 01:51:37 INFO user logout
2026-03-03 01:51:40 INFO user login ok
2026-03-03 01:51:42 INFO user logout
2026-03-03 01:51:45 INFO slow query detected
2026-03-03 01:51:46 INFO disk usage high
2026-03-03 01:51:48 INFO database timeout
2026-03-03 01:51:51 INFO config reloaded
2026-03-03 01:51:55 INFO user login ok
2026-03-03 01:51:58 WARN cache miss
2026-03-03 01:51:59 ERROR user login ok
2026-03-03 01:52:00 INFO user login ok
2026-03-03 01:52:03 INFO user login ok
2026-03-03 01:52:07 INFO user login ok
2026-03-03 01:52:10 INFO user login ok
2026-03-03 01:52:12 INFO cache miss
2026-03-03 01:52:14 INFO user logout
2026-03-03 01:52:15 INFO database timeout
2026-03-03 01:52:16 INFO user login ok
2026-03-03 01:52:20 INFO user login ok
2026-03-03 01:52:21 INFO user login ok
2026-03-03 01:52:23 INFO slow query detected
2026-03-03 01:52:24 INFO slow query detected
2026-03-03 01:52:28 INFO config reloaded
2026-03-03 01:52:31 ERROR user login ok
2026-03-03 01:52:32 INFO cache hit
2026-03-03 01:52:36 INFO background job finished
2026-03-03 01:52:39 INFO database timeout
2026-03-03 01:52:42 INFO user login ok
2026-03-03 01:52:43 ERROR user login ok
2026-03-03 01:52:47 INFO cache hit
2026-03-03 01:52:48 INFO user login ok
2026-03-03 01:52:51 INFO request handled
2026-03-03 01:52:55 INFO user logout
2026-03-03 01:52:56 INFO cache miss
2026-03-03 01:52:58 ERROR cache hit
2026-03-03 01:53:00 INFO connection reset by peer
2026-03-03 01:53:01 INFO cache miss
2026-03-03 01:53:03 INFO invalid token
### повреждённая строка ###
2026-03-03 01:53:08 INFO cache miss
2026-03-03 01:53:12 INFO cache hit
2026-03-03 01:53:14 INFO config reloaded
2026-03-03 01:53:18 ERROR user login ok
2026-03-03 01:53:20 INFO cache hit
2026-03-03 01:53:23 WARN connection reset by peer
2026-03-03 01:53:26 INFO request handled
2026-03-03 01:53:30 WARN user login ok
2026-03-03 01:53:34 INFO database timeout
2026-03-03 01:53:36 INFO cache hit
2026-03-03 01:53:38 INFO cache hit
2026-03-03 01:53:39 INFO user login ok
2026-03-03 01:53:41 INFO user logout
2026-03-03 01:53:44 INFO user logout
2026-03-03 01:53:46 INFO cache hit
2026-03-03 01:53:48 INFO user logout
2026-03-03 01:53:49 INFO user login ok
2026-03-03 01:53:51 INFO config reloaded
2026-03-03 01:53:54 INFO connection reset by peer
2026-03-03 01:53:55 INFO user login ok
2026-03-03 01:53:56 WARN user logout
2026-03-03 01:53:58 INFO user login ok
2026-03-03 01:54:00 INFO request handled
2026-03-03 01:54:02 INFO user logout
2026-03-03 01:54:06 INFO user login ok
2026-03-03 01:54:10 INFO user logout
2026-03-03 01:54:11 INFO user login ok
2026-03-03 01:54:14 INFO cache hit
2026-03-03 01:54:17 WARN slow query detected
2026-03-03 01:54:21 INFO invalid token
### повреждённая строка ###
2026-03-03 01:54:27 WARN user login ok
2026-03-03 01:54:28 INFO cache miss
2026-03-03 01:54:32 WARN user login ok
2026-03-03 01:54:36 INFO cache hit
2026-03-03 01:54:38 INFO config reloaded
2026-03-03 01:54:41 INFO invalid token
2026-03-03 01:54:43 INFO user login ok
2026-03-03 01:54:46 INFO user logout
2026-03-03 01:54:49 INFO slow query detected
2026-03-03 01:54:53 INFO cache hit
2026-03-03 01:54:55 INFO cache miss
2026-03-03 01:54:58 INFO slow query detected
2026-03-03 01:55:01 INFO background job finished
2026-03-03 01:55:05 ERROR cache hit
2026-03-03 01:55:06 ERROR slow query detected
2026-03-03 01:55:07 INFO user login ok
2026-03-03 01:55:11 INFO connection reset by peer
2026-03-03 01:55:14 WARN user login ok
2026-03-03 01:55:15 INFO user logout
2026-03-03 01:55:17 INFO database timeout
2026-03-03 01:55:19 WARN user login ok
2026-03-03 01:55:23 INFO user logout
2026-03-03 01:55:24 INFO database timeout
2026-03-03 01:55:27 INFO user logout
2026-03-03 01:55:30 WARN database timeout
2026-03-03 01:55:32 INFO disk usage high
2026-03-03 01:55:35 INFO user login ok
2026-03-03 01:55:39 WARN slow query detected
2026-03-03 01:55:41 WARN cache hit
2026-03-03 01:55:43 ERROR user logout
2026-03-03 01:55:46 INFO config reloaded
2026-03-03 01:55:50 INFO disk usage high
2026-03-03 01:55:54 INFO slow query detected
2026-03-03 01:55:57 ERROR user logout
2026-03-03 01:56:01 INFO request handled
2026-03-03 01:56:02 INFO request handled
2026-03-03 01:56:06 INFO user login ok
2026-03-03 01:56:09 WARN cache miss
2026-03-03 01:56:12 WARN user login ok
2026-03-03 01:56:16 INFO cache miss
2026-03-03 01:56:17 INFO user login ok
2026-03-03 01:56:18 INFO connection reset by peer
2026-03-03 01:56:22 INFO request handled
2026-03-03 01:56:24 INFO user login ok
2026-03-03 01:56:27 INFO user logout
2026-03-03 01:56:31 INFO user login ok
2026-03-03 01:56:33 INFO user login ok
2026-03-03 01:56:36 WARN slow query detected
2026-03-03 01:56:40 INFO disk usage high
2026-03-03 01:56:43 INFO cache miss
2026-03-03 01:56:45 INFO connection reset by peer
2026-03-03 01:56:48 INFO database timeout
2026-03-03 01:56:52 INFO request handled
2026-03-03 01:56:54 ERROR disk usage high
2026-03-03 01:56:55 WARN disk usage high
2026-03-03 01:56:56 INFO user logout
2026-03-03 01:56:58 INFO slow query detected
2026-03-03 01:57:02 INFO user login ok
2026-03-03 01:57:04 WARN request handled
2026-03-03 01:57:05 INFO connection reset by peer
2026-03-03 01:57:07 WARN cache miss
2026-03-03 01:57:09 INFO connection reset by peer
2026-03-03 01:57:13 INFO user login ok
2026-03-03 01:57:15 WARN invalid token
2026-03-03 01:57:17 WARN user login ok
2026-03-03 01:57:18 INFO user login ok
2026-03-03 01:57:20 INFO user login ok
2026-03-03 01:57:22 INFO connection reset by peer
2026-03-03 01:57:23 INFO database timeout
2026-03-03 01:57:25 WARN slow query detected
2026-03-03 01:57:28 INFO user login ok
2026-03-03 01:57:30 INFO cache miss
2026-03-03 01:57:32 INFO config reloaded
2026-03-03 01:57:34 INFO user logout
2026-03-03 01:57:35 INFO cache miss
2026-03-03 01:57:39 INFO config reloaded
2026-03-03 01:57:43 INFO cache hit
2026-03-03 01:57:47 INFO cache hit
2026-03-03 01:57:48 INFO slow query detected
2026-03-03 01:57:49 INFO user login ok
2026-03-03 01:57:51 INFO config reloaded
2026-03-03 01:57:55 INFO config reloaded
2026-03-03 01:57:59 INFO cache miss
2026-03-03 01:58:03 INFO user login ok
2026-03-03 01:58:05 INFO request handled
2026-03-03 01:58:06 INFO cache miss
2026-03-03 01:58:09 INFO user logout
2026-03-03 01:58:11 INFO invalid token
2026-03-03 01:58:15 INFO user login ok
2026-03-03 01:58:19 INFO user login ok
2026-03-03 01:58:23 WARN user login ok
2026-03-03 01:58:27 INFO user login ok
2026-03-03 01:58:29 WARN slow query detected
2026-03-03 01:58:33 INFO user login ok
2026-03-03 01:58:35 INFO request handled
2026-03-03 01:58:36 INFO connection reset by peer
2026-03-03 01:58:38 INFO invalid token
2026-03-03 01:58:39 INFO cache hit
2026-03-03 01:58:43 INFO user login ok
2026-03-03 01:58:45 INFO user login ok
2026-03-03 01:58:46 INFO user login ok
2026-03-03 01:58:47 INFO user login ok
2026-03-03 01:58:48 INFO slow query detected
2026-03-03 01:58:51 INFO user login ok
2026-03-03 01:58:54 INFO request handled
2026-03-03 01:58:57 INFO slow query detected
2026-03-03 01:58:59 INFO cache hit
2026-03-03 01:59:02 INFO cache hit
2026-03-03 01:59:04 INFO user login ok
2026-03-03 01:59:06 INFO config reloaded
2026-03-03 01:59:10 INFO invalid token
2026-03-03 01:59:11 INFO config reloaded
2026-03-03 01:59:14 INFO slow query detected
2026-03-03 01:59:18 INFO cache miss
2026-03-03 01:59:21 INFO user login ok
2026-03-03 01:59:25 INFO background job finished
2026-03-03 01:59:29 WARN cache miss
2026-03-03 01:59:30 INFO user logout
2026-03-03 01:59:33 INFO config reloaded
2026-03-03 01:59:34 INFO cache hit
2026-03-03 01:59:36 INFO connection reset by peer
2026-03-03 01:59:39 INFO slow query detected
2026-03-03 01:59:41 INFO connection reset by peer
2026-03-03 01:59:43 INFO disk usage high
2026-03-03 01:59:46 INFO request handled
2026-03-03 01:59:48 INFO background job finished
2026-03-03 01:59:49 INFO user logout
2026-03-03 01:59:50 WARN connection reset by peer
2026-03-03 01:59:53 INFO user login ok
2026-03-03 01:59:57 INFO database timeout
2026-03-03 02:00:00 INFO user logout
2026-03-03 02:00:03 INFO slow query detected
2026-03-03 02:00:07 INFO connection reset by peer
2026-03-03 02:00:08 INFO user login ok
2026-03-03 02:00:09 WARN user login ok
2026-03-03 02:00:12 INFO disk usage high
2026-03-03 02:00:15 INFO cache miss
2026-03-03 02:00:17 INFO cache miss
2026-03-03 02:00:21 INFO user login ok
2026-03-03 02:00:23 INFO config reloaded
2026-03-03 02:00:26 INFO background job finished
2026-03-03 02:00:28 INFO disk usage high
2026-03-03 02:00:30 INFO invalid token
2026-03-03 02:00:32 INFO slow query detected
2026-03-03 02:00:34 INFO user login ok
2026-03-03 02:00:35 INFO request handled
2026-03-03 02:00:38 INFO connection reset by peer
2026-03-03 02:00:42 INFO background job finished
2026-03-03 02:00:44 INFO cache miss
2026-03-03 02:00:45 INFO user logout
2026-03-03 02:00:48 INFO invalid token
2026-03-03 02:00:49 INFO user login ok
2026-03-03 02:00:50 INFO invalid token
2026-03-03 02:00:51 INFO request handled
2026-03-03 02:00:54 INFO invalid token
2026-03-03 02:00:57 INFO user login ok
2026-03-03 02:01:00 INFO background job finished
2026-03-03 02:01:03 INFO request handled
2026-03-03 02:01:07 INFO invalid token
2026-03-03 02:01:09 WARN background job finished
2026-03-03 02:01:10 INFO slow query detected
2026-03-03 02:01:13 INFO invalid token
2026-03-03 02:01:14 INFO config reloaded
2026-03-03 02:01:16 INFO user login ok
2026-03-03 02:01:19 INFO user logout
2026-03-03 02:01:23 INFO user logout
2026-03-03 02:01:24 INFO cache miss
2026-03-03 02:01:27 INFO user login ok
2026-03-03 02:01:31 INFO user login ok
2026-03-03 02:01:32 INFO user login ok
### повреждённая строка ###
2026-03-03 02:01:37 INFO invalid token
2026-03-03 02:01:41 INFO user logout
2026-03-03 02:01:42 INFO request handled
2026-03-03 02:01:44 ERROR user login ok
2026-03-03 02:01:45 WARN user logout
2026-03-03 02:01:49 INFO database timeout
2026-03-03 02:01:50 INFO slow query detected
2026-03-03 02:01:52 INFO user login ok
2026-03-03 02:01:55 ERROR database timeout
2026-03-03 02:01:56 INFO slow query detected
2026-03-03 02:02:00 INFO database timeout
2026-03-03 02:02:04 INFO user login ok
2026-03-03 02:02:07 INFO user login ok
2026-03-03 02:02:08 INFO invalid token
2026-03-03 02:02:09 INFO user logout
2026-03-03 02:02:13 INFO user logout
2026-03-03 02:02:17 INFO user login ok
2026-03-03 02:02:19 INFO user login ok
2026-03-03 02:02:20 INFO invalid token
2026-03-03 02:02:22 INFO disk usage high
2026-03-03 02:02:23 INFO disk usage high
2026-03-03 02:02:26 INFO user logout
2026-03-03 02:02:30 INFO slow query detected
2026-03-03 02:02:34 WARN request handled
2026-03-03 02:02:35 INFO user login ok
2026-03-03 02:02:36 INFO slow query detected
2026-03-03 02:02:37 INFO user login ok
2026-03-03 02:02:40 INFO cache hit
2026-03-03 02:02:42 INFO background job finished
2026-03-03 02:02:46 INFO cache hit
2026-03-03 02:02:49 INFO connection reset by peer
2026-03-03 02:02:53 INFO user login ok
2026-03-03 02:02:54 INFO request handled
2026-03-03 02:02:57 INFO user login ok
2026-03-03 02:03:00 INFO database timeout
2026-03-03 02:03:02 INFO user login ok
2026-03-03 02:03:04 WARN user logout
2026-03-03 02:03:08 ERROR database timeout
2026-03-03 02:03:10 INFO user login ok
2026-03-03 02:03:14 INFO user login ok
2026-03-03 02:03:18 INFO cache miss
2026-03-03 02:03:20 INFO user login ok
2026-03-03 02:03:22 INFO user login ok
2026-03-03 02:03:26 INFO user login ok
2026-03-03 02:03:27 INFO user login ok
2026-03-03 02:03:28 INFO cache hit
2026-03-03 02:03:29 INFO disk usage high
2026-03-03 02:03:30 INFO user login ok
2026-03-03 02:03:32 INFO user logout
2026-03-03 02:03:35 INFO background job finished
2026-03-03 02:03:36 INFO disk usage high
2026-03-03 02:03:39 INFO user login ok
2026-03-03 02:03:41 INFO invalid token
2026-03-03 02:03:45 INFO user login ok
2026-03-03 02:03:47 INFO background job finished
2026-03-03 02:03:48 INFO user login ok
2026-03-03 02:03:51 INFO user login ok
2026-03-03 02:03:54 INFO cache hit
2026-03-03 02:03:58 INFO cache hit
2026-03-03 02:04:01 INFO user login ok
2026-03-03 02:04:05 INFO cache miss
2026-03-03 02:04:07 INFO request handled
2026-03-03 02:04:09 INFO request handled
2026-03-03 02:04:10 WARN user login ok
2026-03-03 02:04:14 INFO user logout
2026-03-03 02:04:18 WARN user login ok
2026-03-03 02:04:20 INFO slow query detected
2026-03-03 02:04:22 INFO user login ok
2026-03-03 02:04:23 INFO user login ok
2026-03-03 02:04:25 WARN invalid token
2026-03-03 02:04:27 INFO background job finished
2026-03-03 02:04:30 INFO user login ok
2026-03-03 02:04:32 WARN user logout
2026-03-03 02:04:34 INFO user logout
2026-03-03 02:04:36 INFO user login ok
2026-03-03 02:04:37 WARN background job finished
2026-03-03 02:04:40 INFO config reloaded
### повреждённая строка ###
2026-03-03 02:04:45 INFO user login ok
2026-03-03 02:04:46 INFO cache hit
2026-03-03 02:04:47 INFO cache miss
2026-03-03 02:04:48 INFO connection reset by peer
2026-03-03 02:04:50 INFO invalid token
2026-03-03 02:04:54 INFO slow query detected
2026-03-03 02:04:55 INFO request handled
2026-03-03 02:04:57 INFO user login ok
2026-03-03 02:04:58 INFO user login ok
2026-03-03 02:04:59 INFO slow query detected
2026-03-03 02:05:02 INFO background job finished
2026-03-03 02:05:06 INFO cache hit
2026-03-03 02:05:07 ERROR cache miss
2026-03-03 02:05:09 INFO user login ok
2026-03-03 02:05:13 WARN user login ok
2026-03-03 02:05:14 INFO invalid token
### повреждённая строка ###
2026-03-03 02:05:22 ERROR config reloaded
2026-03-03 02:05:26 INFO connection reset by peer
2026-03-03 02:05:30 INFO user logout
2026-03-03 02:05:32 INFO request handled
2026-03-03 02:05:33 INFO invalid token
2026-03-03 02:05:37 INFO user login ok
2026-03-03 02:05:40 INFO slow query detected
2026-03-03 02:05:43 INFO user login ok
2026-03-03 02:05:46 INFO user login ok
2026-03-03 02:05:49 INFO slow query detected
2026-03-03 02:05:53 INFO connection reset by peer
2026-03-03 02:05:57 INFO user login ok
2026-03-03 02:05:59 INFO user login ok
2026-03-03 02:06:01 INFO user logout
2026-03-03 02:06:04 WARN request handled
2026-03-03 02:06:06 INFO background job finished
2026-03-03 02:06:10 INFO connection reset by peer
2026-03-03 02:06:11 ERROR user logout
2026-03-03 02:06:15 INFO config reloaded
2026-03-03 02:06:19 WARN user login ok
2026-03-03 02:06:23 WARN user login ok
2026-03-03 02:06:27 INFO user login ok
2026-03-03 02:06:28 INFO cache hit
2026-03-03 02:06:30 INFO disk usage high
2026-03-03 02:06:32 INFO slow query detected
2026-03-03 02:06:35 WARN database timeout
2026-03-03 02:06:37 INFO database timeout
2026-03-03 02:06:40 WARN user login ok
2026-03-03 02:06:41 INFO connection reset by peer
2026-03-03 02:06:42 INFO cache hit
2026-03-03 02:06:44 INFO database timeout
2026-03-03 02:06:46 INFO invalid token
2026-03-03 02:06:47 WARN request handled
2026-03-03 02:06:49 INFO request handled
2026-03-03 02:06:53 INFO user login ok
2026-03-03 02:06:57 WARN background job finished
2026-03-03 02:06:59 WARN cache hit
2026-03-03 02:07:02 WARN connection reset by peer
2026-03-03 02:07:05 WARN user logout
2026-03-03 02:07:08 INFO disk usage high
2026-03-03 02:07:11 INFO connection reset by peer
2026-03-03 02:07:13 ERROR config reloaded
2026-03-03 02:07:16 INFO invalid token
2026-03-03 02:07:20 INFO user login ok
2026-03-03 02:07:23 INFO user login ok
2026-03-03 02:07:27 WARN config reloaded
2026-03-03 02:07:29 WARN cache miss
2026-03-03 02:07:33 INFO slow query detected
2026-03-03 02:07:34 INFO user login ok
2026-03-03 02:07:36 INFO invalid token
2026-03-03 02:07:39 WARN user logout
2026-03-03 02:07:42 INFO cache hit
2026-03-03 02:07:46 INFO user login ok
### повреждённая строка ###
2026-03-03 02:07:52 INFO cache hit
2026-03-03 02:07:53 ERROR user logout
2026-03-03 02:07:56 INFO user login ok
2026-03-03 02:07:57 INFO user logout
2026-03-03 02:07:58 INFO database timeout
2026-03-03 02:08:00 INFO disk usage high
2026-03-03 02:08:04 INFO user login ok
2026-03-03 02:08:07 INFO config reloaded
### повреждённая строка ###
2026-03-03 02:08:10 INFO user logout
2026-03-03 02:08:12 INFO cache miss
2026-03-03 02:08:13 WARN user login ok
2026-03-03 02:08:15 INFO connection reset by peer
2026-03-03 02:08:17 INFO user logout
2026-03-03 02:08:18 WARN user login ok
2026-03-03 02:08:21 INFO user login ok
2026-03-03 02:08:22 INFO slow query detected
2026-03-03 02:08:25 INFO request handled
2026-03-03 02:08:29 INFO user logout
2026-03-03 02:08:33 INFO user login ok
2026-03-03 02:08:35 INFO user login ok
2026-03-03 02:08:39 INFO user login ok
2026-03-03 02:08:41 INFO user login ok
2026-03-03 02:08:45 INFO database timeout
2026-03-03 02:08:46 INFO database timeout
2026-03-03 02:08:50 INFO database timeout
2026-03-03 02:08:53 INFO config reloaded
2026-03-03 02:08:55 INFO disk usage high
2026-03-03 02:08:58 INFO user login ok
2026-03-03 02:09:01 INFO user logout
2026-03-03 02:09:05 WARN invalid token
2026-03-03 02:09:07 INFO user logout
2026-03-03 02:09:10 INFO user login ok
2026-03-03 02:09:11 INFO request handled
2026-03-03 02:09:13 INFO user login ok
2026-03-03 02:09:17 INFO config reloaded
2026-03-03 02:09:20 INFO user logout
2026-03-03 02:09:23 INFO invalid token
2026-03-03 02:09:24 INFO background job finished
2026-03-03 02:09:28 INFO user logout
2026-03-03 02:09:32 WARN user logout
2026-03-03 02:09:35 INFO database timeout
2026-03-03 02:09:37 ERROR cache hit
2026-03-03 02:09:40 INFO user login ok
2026-03-03 02:09:44 INFO cache miss
2026-03-03 02:09:45 WARN database timeout
2026-03-03 02:09:49 INFO user login ok
2026-03-03 02:09:53 WARN user login ok
2026-03-03 02:09:57 INFO invalid token
2026-03-03 02:09:59 INFO user logout
2026-03-03 02:10:01 INFO slow query detected
2026-03-03 02:10:02 INFO cache hit
2026-03-03 02:10:05 WARN user login ok
2026-03-03 02:10:06 INFO background job finished
2026-03-03 02:10:10 INFO request handled
2026-03-03 02:10:13 INFO cache miss
2026-03-03 02:10:15 INFO config reloaded
2026-03-03 02:10:16 INFO request handled
2026-03-03 02:10:18 INFO user login ok
2026-03-03 02:10:19 INFO user login ok
2026-03-03 02:10:20 INFO cache hit
2026-03-03 02:10:23 INFO user logout
2026-03-03 02:10:27 INFO user login ok
2026-03-03 02:10:29 INFO cache hit
2026-03-03 02:10:33 INFO disk usage high
2026-03-03 02:10:36 INFO user logout
2026-03-03 02:10:37 ERROR cache miss
2026-03-03 02:10:39 ERROR user login ok
2026-03-03 02:10:40 INFO user login ok
2026-03-03 02:10:41 INFO cache hit
2026-03-03 02:10:43 INFO disk usage high
### повреждённая строка ###
2026-03-03 02:10:49 INFO cache hit
2026-03-03 02:10:51 WARN config reloaded
2026-03-03 02:10:52 INFO user logout
2026-03-03 02:10:54 INFO cache hit
2026-03-03 02:10:57 INFO disk usage high
2026-03-03 02:11:01 ERROR disk usage high
2026-03-03 02:11:05 ERROR slow query detected
2026-03-03 02:11:06 INFO disk usage high
2026-03-03 02:11:10 INFO config reloaded
2026-03-03 02:11:11 INFO invalid token
2026-03-03 02:11:12 INFO user login ok
2026-03-03 02:11:13 INFO user login ok
2026-03-03 02:11:16 WARN connection reset by peer
2026-03-03 02:11:18 INFO request handled
2026-03-03 02:11:20 WARN user login ok
2026-03-03 02:11:24 INFO background job finished
2026-03-03 02:11:28 INFO request handled
2026-03-03 02:11:31 INFO user logout
2026-03-03 02:11:34 INFO user logout
2026-03-03 02:11:35 INFO user logout
2026-03-03 02:11:36 INFO slow query detected
2026-03-03 02:11:38 INFO cache miss
2026-03-03 02:11:42 WARN cache miss
2026-03-03 02:11:45 ERROR cache miss
2026-03-03 02:11:46 INFO background job finished
2026-03-03 02:11:47 WARN connection reset by peer
2026-03-03 02:11:51 INFO request handled
2026-03-03 02:11:53 INFO user login ok
2026-03-03 02:11:55 INFO user login ok
2026-03-03 02:11:58 INFO user logout
2026-03-03 02:12:02 INFO cache miss
### повреждённая строка ###
2026-03-03 02:12:08 INFO database timeout
2026-03-03 02:12:12 INFO user login ok
2026-03-03 02:12:13 INFO user logout
2026-03-03 02:12:16 INFO cache miss
2026-03-03 02:12:17 INFO database timeout
2026-03-03 02:12:21 INFO background job finished
2026-03-03 02:12:25 WARN slow query detected
2026-03-03 02:12:29 INFO cache hit
2026-03-03 02:12:31 INFO user logout
2026-03-03 02:12:32 WARN cache hit
2026-03-03 02:12:36 INFO request handled
2026-03-03 02:12:38 INFO slow query detected
2026-03-03 02:12:41 INFO user login ok
2026-03-03 02:12:43 WARN user login ok
2026-03-03 02:12:44 INFO user logout
2026-03-03 02:12:47 INFO request handled
2026-03-03 02:12:51 INFO database timeout
2026-03-03 02:12:52 WARN user logout
2026-03-03 02:12:54 INFO request handled
2026-03-03 02:12:58 INFO user logout
2026-03-03 02:12:59 WARN invalid token
2026-03-03 02:13:03 INFO cache hit
2026-03-03 02:13:07 INFO user login ok
2026-03-03 02:13:09 INFO cache miss
2026-03-03 02:13:12 WARN database timeout
2026-03-03 02:13:13 INFO database timeout
2026-03-03 02:13:14 INFO request handled
2026-03-03 02:13:15 INFO slow query detected
2026-03-03 02:13:16 INFO slow query detected
2026-03-03 02:13:20 WARN cache hit
2026-03-03 02:13:22 INFO disk usage high
2026-03-03 02:13:24 WARN request handled
2026-03-03 02:13:26 ERROR database timeout
2026-03-03 02:13:30 INFO disk usage high
2026-03-03 02:13:31 WARN user logout
2026-03-03 02:13:34 INFO user login ok
2026-03-03 02:13:36 INFO user login ok
2026-03-03 02:13:37 INFO disk usage high
2026-03-03 02:13:41 INFO invalid token
2026-03-03 02:13:45 WARN user login ok
2026-03-03 02:13:49 INFO user login ok
2026-03-03 02:13:51 INFO request handled
2026-03-03 02:13:55 INFO cache hit
2026-03-03 02:13:59 INFO disk usage high
2026-03-03 02:14:02 INFO cache hit
2026-03-03 02:14:05 INFO user login ok
2026-03-03 02:14:06 INFO cache hit
2026-03-03 02:14:08 INFO cache miss
2026-03-03 02:14:11 INFO user login ok
2026-03-03 02:14:13 INFO user login ok
2026-03-03 02:14:16 WARN user login ok
2026-03-03 02:14:17 WARN user logout
2026-03-03 02:14:19 INFO config reloaded
2026-03-03 02:14:21 INFO cache hit
2026-03-03 02:14:23 INFO user logout
2026-03-03 02:14:27 INFO cache hit
2026-03-03 02:14:29 INFO user login ok
2026-03-03 02:14:31 INFO cache hit
### повреждённая строка ###
2026-03-03 02:14:36 WARN user login ok
2026-03-03 02:14:39 INFO connection reset by peer
2026-03-03 02:14:40 WARN request handled
2026-03-03 02:14:42 WARN disk usage high
2026-03-03 02:14:43 ERROR background job finished
2026-03-03 02:14:47 INFO user login ok
2026-03-03 02:14:49 INFO user login ok
2026-03-03 02:14:52 INFO database timeout
2026-03-03 02:14:53 WARN invalid token
2026-03-03 02:14:57 INFO cache miss
### повреждённая строка ###
2026-03-03 02:15:04 WARN user logout
2026-03-03 02:15:08 INFO user login ok
2026-03-03 02:15:09 INFO disk usage high
2026-03-03 02:15:13 WARN user logout
2026-03-03 02:15:14 INFO cache miss
2026-03-03 02:15:17 INFO disk usage high
2026-03-03 02:15:19 WARN user login ok
2026-03-03 02:15:20 INFO user login ok
2026-03-03 02:15:24 WARN invalid token
2026-03-03 02:15:26 INFO user login ok
2026-03-03 02:15:30 ERROR disk usage high
2026-03-03 02:15:33 ERROR user logout
2026-03-03 02:15:34 INFO connection reset by peer
2026-03-03 02:15:35 INFO user login ok
2026-03-03 02:15:39 WARN database timeout
2026-03-03 02:15:42 INFO user logout
2026-03-03 02:15:45 INFO user logout
2026-03-03 02:15:49 INFO user logout
2026-03-03 02:15:53 INFO database timeout
2026-03-03 02:15:55 INFO user login ok
2026-03-03 02:15:59 INFO cache hit
2026-03-03 02:16:03 INFO user login ok
2026-03-03 02:16:06 INFO user login ok
2026-03-03 02:16:10 ERROR user login ok
2026-03-03 02:16:13 INFO user logout
2026-03-03 02:16:14 INFO user login ok
2026-03-03 02:16:15 INFO request handled
2026-03-03 02:16:19 INFO user logout
2026-03-03 02:16:20 INFO user login ok
2026-03-03 02:16:22 INFO cache hit
2026-03-03 02:16:26 INFO config reloaded
2026-03-03 02:16:27 INFO disk usage high
2026-03-03 02:16:31 INFO user login ok
2026-03-03 02:16:34 INFO user login ok
2026-03-03 02:16:37 WARN user login ok
2026-03-03 02:16:39 INFO request handled
2026-03-03 02:16:42 INFO connection reset by peer
2026-03-03 02:16:43 INFO cache hit
2026-03-03 02:16:47 INFO invalid token
2026-03-03 02:16:50 WARN user login ok
2026-03-03 02:16:51 INFO request handled
2026-03-03 02:16:55 INFO user login ok
2026-03-03 02:16:57 INFO invalid token
2026-03-03 02:16:59 INFO invalid token
2026-03-03 02:17:02 INFO user login ok
2026-03-03 02:17:05 WARN cache miss
2026-03-03 02:17:07 INFO user logout
2026-03-03 02:17:11 WARN invalid token
2026-03-03 02:17:15 WARN user logout
2026-03-03 02:17:19 INFO user login ok
2026-03-03 02:17:22 INFO user login ok
2026-03-03 02:17:25 INFO cache miss
2026-03-03 02:17:26 WARN user logout
2026-03-03 02:17:30 ERROR user login ok
2026-03-03 02:17:34 INFO user login ok
2026-03-03 02:17:37 INFO disk usage high
2026-03-03 02:17:39 INFO user login ok
2026-03-03 02:17:41 INFO cache miss
2026-03-03 02:17:44 INFO user logout
2026-03-03 02:17:46 INFO user login ok
2026-03-03 02:17:47 WARN user login ok
2026-03-03 02:17:48 INFO user login ok
2026-03-03 02:17:51 INFO user login ok
2026-03-03 02:17:53 INFO user login ok
2026-03-03 02:17:56 WARN disk usage high
2026-03-03 02:17:59 INFO config reloaded
2026-03-03 02:18:03 INFO user login ok
2026-03-03 02:18:07 INFO disk usage high
2026-03-03 02:18:10 INFO request handled
2026-03-03 02:18:14 INFO connection reset by peer
2026-03-03 02:18:17 INFO user logout
2026-03-03 02:18:20 ERROR user login ok
2026-03-03 02:18:23 INFO user login ok
2026-03-03 02:18:25 INFO invalid token
2026-03-03 02:18:28 INFO cache miss
2026-03-03 02:18:29 INFO user logout
2026-03-03 02:18:32 INFO slow query detected
2026-03-03 02:18:36 INFO user login ok
2026-03-03 02:18:37 INFO user login ok
2026-03-03 02:18:40 INFO user logout
2026-03-03 02:18:42 ERROR user login ok
2026-03-03 02:18:44 INFO config reloaded
2026-03-03 02:18:48 INFO cache miss
2026-03-03 02:18:52 ERROR user login ok
2026-03-03 02:18:55 INFO cache hit
2026-03-03 02:18:58 INFO slow query detected
2026-03-03 02:18:59 ERROR cache hit
2026-03-03 02:19:00 INFO request handled
2026-03-03 02:19:02 INFO request handled
2026-03-03 02:19:05 INFO invalid token
2026-03-03 02:19:08 INFO background job finished
2026-03-03 02:19:10 WARN background job finished
2026-03-03 02:19:14 WARN user login ok
2026-03-03 02:19:15 WARN user login ok
2026-03-03 02:19:16 INFO user login ok
2026-03-03 02:19:19 INFO cache miss
### повреждённая строка ###
2026-03-03 02:19:23 INFO request handled
2026-03-03 02:19:26 INFO user login ok
2026-03-03 02:19:28 WARN request handled
2026-03-03 02:19:29 INFO user login ok
2026-03-03 02:19:33 INFO user login ok
2026-03-03 02:19:36 INFO request handled
2026-03-03 02:19:37 INFO cache miss
2026-03-03 02:19:40 INFO user login ok
2026-03-03 02:19:44 INFO user login ok
2026-03-03 02:19:45 INFO user login ok
2026-03-03 02:19:48 WARN user login ok
2026-03-03 02:19:50 INFO request handled
2026-03-03 02:19:52 INFO user login ok
2026-03-03 02:19:55 INFO background job finished
2026-03-03 02:19:59 INFO user login ok
2026-03-03 02:20:03 WARN user login ok
2026-03-03 02:20:04 WARN user logout
2026-03-03 02:20:08 INFO connection reset by peer
2026-03-03 02:20:11 WARN cache hit
2026-03-03 02:20:13 WARN cache hit
2026-03-03 02:20:17 INFO connection reset by peer
2026-03-03 02:20:20 WARN user login ok
2026-03-03 02:20:23 INFO user logout
2026-03-03 02:20:25 INFO cache miss
2026-03-03 02:20:28 INFO user logout
2026-03-03 02:20:30 INFO invalid token
2026-03-03 02:20:32 INFO user login ok
2026-03-03 02:20:33 INFO connection reset by peer
2026-03-03 02:20:35 INFO connection reset by peer
2026-03-03 02:20:37 INFO connection reset by peer
2026-03-03 02:20:41 INFO user logout
2026-03-03 02:20:42 INFO connection reset by peer
2026-03-03 02:20:46 INFO database timeout
2026-03-03 02:20:49 INFO slow query detected
2026-03-03 02:20:51 INFO disk usage high
2026-03-03 02:20:54 INFO cache miss
2026-03-03 02:20:56 INFO connection reset by peer
2026-03-03 02:20:58 INFO connection reset by peer
2026-03-03 02:21:00 INFO user login ok
2026-03-03 02:21:04 INFO request handled
2026-03-03 02:21:07 INFO database timeout
2026-03-03 02:21:11 INFO user logout
2026-03-03 02:21:12 INFO user login ok
2026-03-03 02:21:13 INFO user login ok
2026-03-03 02:21:17 INFO database timeout
2026-03-03 02:21:18 INFO user login ok
2026-03-03 02:21:20 INFO request handled
2026-03-03 02:21:22 INFO slow query detected
2026-03-03 02:21:24 INFO config reloaded
2026-03-03 02:21:25 WARN background job finished
2026-03-03 02:21:27 ERROR cache hit
2026-03-03 02:21:30 ERROR user login ok
2026-03-03 02:21:34 WARN disk usage high
2026-03-03 02:21:35 WARN user login ok
2026-03-03 02:21:37 INFO config reloaded
2026-03-03 02:21:40 INFO user login ok
2026-03-03 02:21:42 INFO user logout
2026-03-03 02:21:44 INFO config reloaded
2026-03-03 02:21:45 INFO user logout
2026-03-03 02:21:47 INFO cache miss
2026-03-03 02:21:50 INFO user login ok
2026-03-03 02:21:53 INFO cache miss
2026-03-03 02:21:57 INFO request handled
2026-03-03 02:21:58 INFO background job finished
2026-03-03 02:22:02 INFO database timeout
2026-03-03 02:22:06 INFO disk usage high
2026-03-03 02:22:07 INFO user logout
2026-03-03 02:22:08 INFO user logout
2026-03-03 02:22:10 INFO database timeout
2026-03-03 02:22:12 INFO user login ok
2026-03-03 02:22:13 INFO user logout
2026-03-03 02:22:17 INFO user login ok
2026-03-03 02:22:21 INFO slow query detected
2026-03-03 02:22:23 INFO disk usage high
2026-03-03 02:22:24 INFO user login ok
2026-03-03 02:22:26 INFO config reloaded
2026-03-03 02:22:28 INFO user login ok
2026-03-03 02:22:32 ERROR background job finished
2026-03-03 02:22:35 ERROR user login ok
2026-03-03 02:22:39 INFO database timeout
2026-03-03 02:22:40 INFO user logout
2026-03-03 02:22:44 INFO user login ok
2026-03-03 02:22:48 INFO connection reset by peer
2026-03-03 02:22:49 INFO cache miss
2026-03-03 02:22:52 INFO database timeout
2026-03-03 02:22:53 WARN user logout
2026-03-03 02:22:54 WARN user login ok
2026-03-03 02:22:57 INFO user login ok
2026-03-03 02:22:59 INFO cache miss
2026-03-03 02:23:01 INFO user logout
2026-03-03 02:23:02 INFO user logout
2026-03-03 02:23:03 INFO user login ok
2026-03-03 02:23:06 INFO request handled
2026-03-03 02:23:08 INFO invalid token
2026-03-03 02:23:09 INFO user login ok
2026-03-03 02:23:12 INFO request handled
2026-03-03 02:23:16 WARN connection reset by peer
2026-03-03 02:23:19 INFO user logout
2026-03-03 02:23:21 INFO cache hit
2026-03-03 02:23:22 INFO config reloaded
2026-03-03 02:23:25 INFO user login ok
2026-03-03 02:23:28 WARN slow query detected
2026-03-03 02:23:32 INFO connection reset by peer
2026-03-03 02:23:33 INFO connection reset by peer
2026-03-03 02:23:34 INFO user logout
2026-03-03 02:23:38 ERROR database timeout
2026-03-03 02:23:40 INFO database timeout
2026-03-03 02:23:43 INFO disk usage high
2026-03-03 02:23:46 INFO user logout
2026-03-03 02:23:50 INFO invalid token
2026-03-03 02:23:51 INFO connection reset by peer
2026-03-03 02:23:52 INFO cache miss
2026-03-03 02:23:53 WARN user logout
2026-03-03 02:23:57 INFO database timeout
2026-03-03 02:23:59 INFO user login ok
2026-03-03 02:24:02 WARN disk usage high
2026-03-03 02:24:05 INFO user login ok
2026-03-03 02:24:06 INFO user login ok
2026-03-03 02:24:10 WARN background job finished
2026-03-03 02:24:13 WARN cache hit
2026-03-03 02:24:14 WARN database timeout
2026-03-03 02:24:18 INFO user login ok
2026-03-03 02:24:19 INFO user login ok
2026-03-03 02:24:21 INFO cache hit
2026-03-03 02:24:22 INFO disk usage high
2026-03-03 02:24:23 INFO user login ok
2026-03-03 02:24:27 INFO invalid token
2026-03-03 02:24:31 INFO user login ok
2026-03-03 02:24:32 INFO slow query detected
2026-03-03 02:24:35 INFO cache miss
2026-03-03 02:24:36 ERROR user login ok
2026-03-03 02:24:38 INFO user logout
2026-03-03 02:24:40 WARN user login ok
2026-03-03 02:24:41 INFO user logout
2026-03-03 02:24:42 INFO request handled
### повреждённая строка ###
2026-03-03 02:24:48 INFO cache hit
2026-03-03 02:24:51 WARN disk usage high
2026-03-03 02:24:52 INFO user logout
2026-03-03 02:24:53 ERROR background job finished
2026-03-03 02:24:56 INFO config reloaded
2026-03-03 02:25:00 INFO user logout
2026-03-03 02:25:04 INFO disk usage high
2026-03-03 02:25:05 INFO background job finished
2026-03-03 02:25:09 INFO slow query detected
2026-03-03 02:25:10 INFO request handled
2026-03-03 02:25:12 WARN user logout
2026-03-03 02:25:13 INFO user login ok
2026-03-03 02:25:17 INFO user logout
2026-03-03 02:25:21 INFO cache hit
2026-03-03 02:25:23 INFO user login ok
2026-03-03 02:25:26 INFO user login ok
2026-03-03 02:25:27 INFO user logout
2026-03-03 02:25:31 INFO disk usage high
2026-03-03 02:25:32 INFO user logout
2026-03-03 02:25:34 WARN user login ok
2026-03-03 02:25:38 INFO connection reset by peer
2026-03-03 02:25:41 INFO cache miss
2026-03-03 02:25:45 ERROR connection reset by peer
2026-03-03 02:25:47 INFO user logout
2026-03-03 02:25:51 INFO user login ok
2026-03-03 02:25:53 INFO user login ok
2026-03-03 02:25:54 INFO user login ok
2026-03-03 02:25:58 INFO config reloaded
2026-03-03 02:26:00 INFO database timeout
### повреждённая строка ###
2026-03-03 02:26:03 INFO user login ok
2026-03-03 02:26:04 INFO invalid token
2026-03-03 02:26:06 WARN user login ok
### повреждённая строка ###
2026-03-03 02:26:12 INFO user login ok
2026-03-03 02:26:14 INFO config reloaded
2026-03-03 02:26:16 INFO slow query detected
2026-03-03 02:26:18 INFO user login ok
2026-03-03 02:26:22 INFO cache miss
2026-03-03 02:26:23 INFO database timeout
2026-03-03 02:26:24 INFO background job finished
2026-03-03 02:26:25 INFO user login ok
2026-03-03 02:26:27 INFO disk usage high
2026-03-03 02:26:29 INFO user login ok
2026-03-03 02:26:30 INFO disk usage high
2026-03-03 02:26:33 INFO background job finished
2026-03-03 02:26:37 WARN database timeout
2026-03-03 02:26:41 INFO cache miss
2026-03-03 02:26:44 INFO cache hit
2026-03-03 02:26:46 WARN user login ok
2026-03-03 02:26:47 INFO cache miss
2026-03-03 02:26:51 INFO user login ok
2026-03-03 02:26:53 INFO user login ok
2026-03-03 02:26:56 INFO user login ok
2026-03-03 02:26:58 INFO user logout
2026-03-03 02:27:02 INFO user login ok
2026-03-03 02:27:04 INFO cache miss
2026-03-03 02:27:08 INFO slow query detected
2026-03-03 02:27:10 WARN cache miss
2026-03-03 02:27:12 WARN cache hit
2026-03-03 02:27:15 INFO cache hit
2026-03-03 02:27:18 ERROR cache hit
2026-03-03 02:27:21 INFO cache hit
2026-03-03 02:27:23 INFO request handled
2026-03-03 02:27:24 WARN user login ok
2026-03-03 02:27:25 INFO user logout
2026-03-03 02:27:26 INFO user login ok
2026-03-03 02:27:30 INFO request handled
2026-03-03 02:27:33 WARN database timeout
2026-03-03 02:27:35 INFO user login ok
2026-03-03 02:27:37 INFO user login ok
2026-03-03 02:27:40 INFO user logout
2026-03-03 02:27:42 WARN disk usage high
2026-03-03 02:27:46 INFO user logout
2026-03-03 02:27:50 INFO background job finished
2026-03-03 02:27:53 WARN user login ok
2026-03-03 02:27:56 INFO user login ok
2026-03-03 02:27:58 INFO database timeout
2026-03-03 02:27:59 INFO user login ok
2026-03-03 02:28:00 INFO cache hit
2026-03-03 02:28:01 INFO user login ok
2026-03-03 02:28:03 INFO background job finished
2026-03-03 02:28:04 INFO user logout
2026-03-03 02:28:08 INFO user login ok
2026-03-03 02:28:12 ERROR user login ok
2026-03-03 02:28:14 INFO user logout
2026-03-03 02:28:18 INFO user logout
2026-03-03 02:28:20 INFO cache hit
2026-03-03 02:28:22 INFO user login ok
2026-03-03 02:28:26 INFO slow query detected
2026-03-03 02:28:28 INFO config reloaded
2026-03-03 02:28:31 INFO user logout
2026-03-03 02:28:32 WARN disk usage high
2026-03-03 02:28:33 INFO connection reset by peer
2026-03-03 02:28:35 INFO config reloaded
### повреждённая строка ###
2026-03-03 02:28:41 INFO request handled
2026-03-03 02:28:45 WARN slow query detected
2026-03-03 02:28:48 WARN user login ok
2026-03-03 02:28:50 INFO disk usage high
2026-03-03 02:28:54 INFO user login ok
2026-03-03 02:28:56 ERROR background job finished
2026-03-03 02:28:58 WARN slow query detected
2026-03-03 02:29:01 INFO cache hit
2026-03-03 02:29:05 INFO slow query detected
2026-03-03 02:29:08 INFO cache hit
2026-03-03 02:29:11 INFO request handled
2026-03-03 02:29:14 INFO user login ok
2026-03-03 02:29:16 WARN user logout
2026-03-03 02:29:19 INFO request handled
### повреждённая строка ###
2026-03-03 02:29:23 INFO database timeout
2026-03-03 02:29:26 INFO database timeout
2026-03-03 02:29:30 ERROR cache hit
### повреждённая строка ###
2026-03-03 02:29:38 INFO user logout
2026-03-03 02:29:42 INFO user login ok
### повреждённая строка ###
2026-03-03 02:29:44 INFO user login ok
2026-03-03 02:29:45 INFO cache hit
2026-03-03 02:29:49 INFO invalid token
2026-03-03 02:29:50 INFO user login ok
2026-03-03 02:29:53 INFO request handled
2026-03-03 02:29:54 INFO connection reset by peer
2026-03-03 02:29:56 INFO request handled
2026-03-03 02:29:58 INFO config reloaded
2026-03-03 02:30:02 INFO invalid token
2026-03-03 02:30:05 INFO user login ok
2026-03-03 02:30:09 INFO user login ok
2026-03-03 02:30:13 WARN user login ok
2026-03-03 02:30:16 INFO slow query detected
2026-03-03 02:30:18 WARN user logout
2026-03-03 02:30:19 INFO invalid token
2026-03-03 02:30:23 INFO cache miss
2026-03-03 02:30:27 INFO database timeout
2026-03-03 02:30:31 INFO connection reset by peer
2026-03-03 02:30:35 INFO user login ok
2026-03-03 02:30:36 INFO slow query detected
2026-03-03 02:30:40 WARN cache miss
2026-03-03 02:30:42 INFO user logout
2026-03-03 02:30:45 INFO user login ok
2026-03-03 02:30:46 INFO connection reset by peer
2026-03-03 02:30:47 INFO user logout
2026-03-03 02:30:49 INFO user logout
2026-03-03 02:30:52 WARN slow query detected
2026-03-03 02:30:54 INFO connection reset by peer
2026-03-03 02:30:57 INFO disk usage high
2026-03-03 02:30:58 INFO cache miss
2026-03-03 02:31:01 WARN user login ok
2026-03-03 02:31:05 INFO user login ok
2026-03-03 02:31:06 INFO user login ok
2026-03-03 02:31:07 INFO user login ok
2026-03-03 02:31:08 INFO user login ok
2026-03-03 02:31:10 INFO user login ok
2026-03-03 02:31:13 INFO user login ok
2026-03-03 02:31:14 INFO disk usage high
2026-03-03 02:31:17 WARN invalid token
2026-03-03 02:31:20 INFO database timeout
2026-03-03 02:31:23 WARN cache miss
2026-03-03 02:31:25 INFO slow query detected
2026-03-03 02:31:28 INFO cache miss
2026-03-03 02:31:31 INFO cache miss
2026-03-03 02:31:32 INFO database timeout
2026-03-03 02:31:36 INFO config reloaded
2026-03-03 02:31:37 INFO connection reset by peer
2026-03-03 02:31:41 WARN slow query detected
2026-03-03 02:31:43 INFO user login ok
2026-03-03 02:31:44 INFO disk usage high
2026-03-03 02:31:46 INFO user logout
2026-03-03 02:31:49 INFO cache hit
2026-03-03 02:31:52 INFO user login ok
2026-03-03 02:31:56 INFO cache hit
2026-03-03 02:31:59 INFO invalid token
2026-03-03 02:32:00 INFO cache miss
2026-03-03 02:32:01 INFO slow query detected
2026-03-03 02:32:02 WARN slow query detected
2026-03-03 02:32:04 ERROR cache hit
2026-03-03 02:32:05 INFO connection reset by peer
2026-03-03 02:32:08 INFO user login ok
2026-03-03 02:32:09 WARN slow query detected
2026-03-03 02:32:11 INFO user logout
2026-03-03 02:32:15 INFO config reloaded
2026-03-03 02:32:16 WARN user login ok
2026-03-03 02:32:20 INFO cache hit
2026-03-03 02:32:21 INFO cache hit
2026-03-03 02:32:23 INFO config reloaded
2026-03-03 02:32:24 WARN user login ok
2026-03-03 02:32:27 INFO user login ok
2026-03-03 02:32:29 INFO user login ok
2026-03-03 02:32:31 WARN invalid token
2026-03-03 02:32:35 WARN user login ok
2026-03-03 02:32:38 INFO user login ok
2026-03-03 02:32:41 INFO cache hit
2026-03-03 02:32:45 ERROR user logout
2026-03-03 02:32:46 INFO slow query detected
2026-03-03 02:32:50 INFO request handled
2026-03-03 02:32:53 INFO cache miss
2026-03-03 02:32:55 INFO cache hit
2026-03-03 02:32:59 INFO user login ok
2026-03-03 02:33:01 INFO invalid token
2026-03-03 02:33:05 INFO background job finished
2026-03-03 02:33:09 WARN slow query detected
2026-03-03 02:33:10 INFO request handled
2026-03-03 02:33:11 WARN disk usage high
2026-03-03 02:33:12 INFO user logout
2026-03-03 02:33:15 INFO user login ok
2026-03-03 02:33:19 INFO request handled
2026-03-03 02:33:22 INFO user login ok
2026-03-03 02:33:23 INFO background job finished
2026-03-03 02:33:27 INFO cache miss
2026-03-03 02:33:30 WARN connection reset by peer
2026-03-03 02:33:33 ERROR cache hit
2026-03-03 02:33:37 WARN database timeout
2026-03-03 02:33:41 INFO database timeout
2026-03-03 02:33:45 INFO slow query detected
2026-03-03 02:33:46 INFO user logout
2026-03-03 02:33:47 INFO user login ok
2026-03-03 02:33:50 INFO background job finished
2026-03-03 02:33:52 INFO request handled
2026-03-03 02:33:56 WARN background job finished
2026-03-03 02:33:58 WARN invalid token
2026-03-03 02:33:59 INFO request handled
2026-03-03 02:34:03 INFO user login ok
2026-03-03 02:34:07 INFO user logout
2026-03-03 02:34:10 INFO disk usage high
2026-03-03 02:34:12 INFO request handled
2026-03-03 02:34:15 INFO cache hit
2026-03-03 02:34:17 INFO connection reset by peer
2026-03-03 02:34:19 WARN user login ok
2026-03-03 02:34:20 INFO cache miss
2026-03-03 02:34:24 INFO user logout
2026-03-03 02:34:25 INFO cache miss
2026-03-03 02:34:28 INFO user login ok
2026-03-03 02:34:31 INFO user login ok
2026-03-03 02:34:33 WARN user logout
2026-03-03 02:34:34 WARN slow query detected
2026-03-03 02:34:36 INFO user login ok
2026-03-03 02:34:39 INFO user login ok
2026-03-03 02:34:40 INFO user login ok
2026-03-03 02:34:43 WARN cache miss
### повреждённая строка ###
2026-03-03 02:34:50 INFO cache miss
2026-03-03 02:34:52 WARN request handled
2026-03-03 02:34:53 INFO cache miss
2026-03-03 02:34:56 INFO user logout
2026-03-03 02:35:00 INFO connection reset by peer
2026-03-03 02:35:01 INFO database timeout
2026-03-03 02:35:04 INFO connection reset by peer
2026-03-03 02:35:06 ERROR cache miss
2026-03-03 02:35:10 INFO user login ok
2026-03-03 02:35:14 INFO user login ok
2026-03-03 02:35:15 INFO user login ok
2026-03-03 02:35:19 INFO config reloaded
2026-03-03 02:35:23 INFO user login ok
2026-03-03 02:35:24 WARN user logout
2026-03-03 02:35:28 INFO disk usage high
2026-03-03 02:35:31 INFO user login ok
2026-03-03 02:35:32 INFO user logout
2026-03-03 02:35:34 ERROR request handled
2026-03-03 02:35:36 INFO slow query detected
### повреждённая строка ###
2026-03-03 02:35:39 INFO request handled
2026-03-03 02:35:42 INFO user login ok
2026-03-03 02:35:43 INFO user login ok
2026-03-03 02:35:46 INFO cache miss
2026-03-03 02:35:47 INFO user login ok
2026-03-03 02:35:51 INFO user login ok
2026-03-03 02:35:55 ERROR user login ok
2026-03-03 02:35:56 INFO cache hit
2026-03-03 02:35:57 INFO config reloaded
2026-03-03 02:36:01 INFO user login ok
2026-03-03 02:36:03 INFO user login ok
2026-03-03 02:36:07 WARN connection reset by peer
2026-03-03 02:36:08 INFO invalid token
2026-03-03 02:36:11 INFO user login ok
2026-03-03 02:36:13 INFO disk usage high
2026-03-03 02:36:14 INFO background job finished
2026-03-03 02:36:15 INFO user login ok
2026-03-03 02:36:18 INFO cache miss
2026-03-03 02:36:21 ERROR background job finished
2026-03-03 02:36:24 INFO connection reset by peer
2026-03-03 02:36:27 INFO config reloaded
2026-03-03 02:36:29 INFO user login ok
2026-03-03 02:36:33 INFO cache hit
2026-03-03 02:36:35 WARN request handled
2026-03-03 02:36:39 INFO config reloaded
2026-03-03 02:36:43 INFO cache miss
2026-03-03 02:36:46 INFO user login ok
2026-03-03 02:36:49 ERROR slow query detected
2026-03-03 02:36:53 INFO slow query detected
2026-03-03 02:36:57 INFO user login ok
2026-03-03 02:37:00 INFO disk usage high
2026-03-03 02:37:01 WARN user login ok
2026-03-03 02:37:05 INFO cache miss
2026-03-03 02:37:09 INFO invalid token
2026-03-03 02:37:11 INFO background job finished
2026-03-03 02:37:13 INFO user login ok
2026-03-03 02:37:17 INFO user logout
2026-03-03 02:37:20 WARN slow query detected
2026-03-03 02:37:24 INFO user login ok
2026-03-03 02:37:26 WARN database timeout
2026-03-03 02:37:29 INFO cache hit
2026-03-03 02:37:31 WARN slow query detected
2026-03-03 02:37:33 INFO user login ok
2026-03-03 02:37:36 WARN connection reset by peer
2026-03-03 02:37:40 INFO user login ok
2026-03-03 02:37:41 WARN connection reset by peer
2026-03-03 02:37:42 INFO disk usage high
2026-03-03 02:37:44 INFO user login ok
2026-03-03 02:37:47 INFO cache hit
2026-03-03 02:37:50 INFO user login ok
2026-03-03 02:37:54 INFO request handled
2026-03-03 02:37:57 WARN cache miss
### повреждённая строка ###
2026-03-03 02:38:03 WARN config reloaded
2026-03-03 02:38:06 INFO config reloaded
2026-03-03 02:38:07 INFO cache miss
2026-03-03 02:38:09 INFO config reloaded
2026-03-03 02:38:10 INFO user login ok
2026-03-03 02:38:11 INFO cache miss
2026-03-03 02:38:13 ERROR connection reset by peer
2026-03-03 02:38:15 INFO disk usage high
2026-03-03 02:38:19 INFO user login ok
2026-03-03 02:38:20 WARN user login ok
2026-03-03 02:38:21 INFO cache miss
2026-03-03 02:38:22 INFO invalid token
2026-03-03 02:38:26 WARN user logout
2026-03-03 02:38:30 INFO config reloaded
2026-03-03 02:38:31 INFO invalid token
2026-03-03 02:38:33 INFO connection reset by peer
2026-03-03 02:38:36 INFO database timeout
2026-03-03 02:38:39 WARN cache miss
2026-03-03 02:38:40 INFO user login ok
2026-03-03 02:38:41 INFO user login ok
2026-03-03 02:38:45 WARN disk usage high
2026-03-03 02:38:46 WARN slow query detected
2026-03-03 02:38:49 INFO cache hit
2026-03-03 02:38:52 INFO disk usage high
2026-03-03 02:38:55 INFO user login ok
2026-03-03 02:38:57 INFO cache hit
2026-03-03 02:39:01 INFO disk usage high
2026-03-03 02:39:04 INFO user login ok
2026-03-03 02:39:08 INFO user login ok
2026-03-03 02:39:09 WARN user login ok
2026-03-03 02:39:10 ERROR user login ok
2026-03-03 02:39:11 WARN database timeout
2026-03-03 02:39:15 ERROR user login ok
2026-03-03 02:39:17 INFO disk usage high
2026-03-03 02:39:21 WARN connection reset by peer
2026-03-03 02:39:24 INFO config reloaded
### повреждённая строка ###
2026-03-03 02:39:31 INFO cache hit
2026-03-03 02:39:35 INFO user login ok
2026-03-03 02:39:38 INFO user login ok
2026-03-03 02:39:39 ERROR slow query detected
2026-03-03 02:39:43 INFO user login ok
2026-03-03 02:39:46 INFO background job finished
2026-03-03 02:39:47 INFO slow query detected
2026-03-03 02:39:48 INFO config reloaded
2026-03-03 02:39:51 INFO user logout
2026-03-03 02:39:54 INFO user login ok
2026-03-03 02:39:57 INFO config reloaded
2026-03-03 02:40:00 INFO background job finished
2026-03-03 02:40:02 INFO background job finished
2026-03-03 02:40:05 INFO user login ok
2026-03-03 02:40:06 INFO cache hit
2026-03-03 02:40:10 INFO invalid token
2026-03-03 02:40:11 WARN request handled
2026-03-03 02:40:15 INFO user login ok
2026-03-03 02:40:19 INFO config reloaded
2026-03-03 02:40:21 INFO request handled
2026-03-03 02:40:25 INFO user logout
2026-03-03 02:40:27 INFO background job finished
2026-03-03 02:40:30 INFO user login ok
2026-03-03 02:40:32 INFO user login ok
2026-03-03 02:40:34 WARN request handled
2026-03-03 02:40:37 INFO connection reset by peer
2026-03-03 02:40:41 INFO user logout
2026-03-03 02:40:42 INFO user login ok
2026-03-03 02:40:44 INFO cache hit
2026-03-03 02:40:47 WARN cache miss
2026-03-03 02:40:48 INFO disk usage high
2026-03-03 02:40:51 INFO cache miss
2026-03-03 02:40:53 INFO cache hit
2026-03-03 02:40:56 INFO background job finished
2026-03-03 02:40:59 INFO disk usage high
2026-03-03 02:41:02 ERROR user logout
2026-03-03 02:41:03 INFO user logout
2026-03-03 02:41:07 INFO disk usage high
2026-03-03 02:41:08 INFO user logout
2026-03-03 02:41:10 INFO user logout
2026-03-03 02:41:13 INFO invalid token
2026-03-03 02:41:16 INFO user login ok
2026-03-03 02:41:19 WARN user login ok
2026-03-03 02:41:23 INFO request handled
2026-03-03 02:41:25 WARN config reloaded
2026-03-03 02:41:26 INFO database timeout
2026-03-03 02:41:27 INFO disk usage high
2026-03-03 02:41:31 WARN user login ok
2026-03-03 02:41:35 WARN user login ok
2026-03-03 02:41:37 INFO request handled
2026-03-03 02:41:38 INFO slow query detected
2026-03-03 02:41:42 INFO request handled
2026-03-03 02:41:43 INFO background job finished
2026-03-03 02:41:46 INFO cache miss
2026-03-03 02:41:47 INFO slow query detected
2026-03-03 02:41:50 INFO disk usage high
2026-03-03 02:41:52 INFO cache hit
2026-03-03 02:41:54 WARN cache hit
2026-03-03 02:41:55 INFO user login ok
### повреждённая строка ###
2026-03-03 02:42:02 INFO user login ok
2026-03-03 02:42:05 INFO cache hit
2026-03-03 02:42:07 INFO cache miss
2026-03-03 02:42:08 INFO invalid token
2026-03-03 02:42:10 WARN background job finished
2026-03-03 02:42:13 INFO config reloaded
2026-03-03 02:42:15 INFO config reloaded
### повреждённая строка ###
2026-03-03 02:42:19 INFO cache hit
2026-03-03 02:42:23 INFO user logout
2026-03-03 02:42:25 INFO request handled
2026-03-03 02:42:27 INFO user login ok
2026-03-03 02:42:29 INFO slow query detected
2026-03-03 02:42:31 INFO user logout
2026-03-03 02:42:32 INFO cache hit
2026-03-03 02:42:35 INFO connection reset by peer
### повреждённая строка ###
2026-03-03 02:42:40 INFO user login ok
2026-03-03 02:42:43 WARN user logout
2026-03-03 02:42:47 INFO user login ok
2026-03-03 02:42:50 INFO cache hit
2026-03-03 02:42:54 INFO cache miss
2026-03-03 02:42:56 INFO connection reset by peer
2026-03-03 02:42:57 INFO disk usage high
2026-03-03 02:43:01 INFO connection reset by peer
2026-03-03 02:43:05 INFO connection reset by peer
2026-03-03 02:43:07 WARN connection reset by peer
2026-03-03 02:43:11 INFO cache miss
2026-03-03 02:43:14 INFO cache hit
2026-03-03 02:43:18 INFO cache hit
2026-03-03 02:43:22 INFO user logout
2026-03-03 02:43:24 INFO user login ok
2026-03-03 02:43:27 WARN user login ok
2026-03-03 02:43:29 INFO invalid token
2026-03-03 02:43:31 INFO user login ok
2026-03-03 02:43:35 INFO user login ok
2026-03-03 02:43:37 WARN user login ok
2026-03-03 02:43:39 INFO user login ok
2026-03-03 02:43:43 ERROR database timeout
2026-03-03 02:43:47 INFO config reloaded
2026-03-03 02:43:48 INFO user logout
2026-03-03 02:43:49 INFO connection reset by peer
2026-03-03 02:43:52 INFO config reloaded
2026-03-03 02:43:55 INFO user login ok
2026-03-03 02:43:59 WARN cache hit
2026-03-03 02:44:01 INFO user logout
2026-03-03 02:44:03 ERROR cache miss
2026-03-03 02:44:05 INFO request handled
2026-03-03 02:44:09 WARN database timeout
2026-03-03 02:44:11 INFO background job finished
2026-03-03 02:44:14 INFO user login ok
2026-03-03 02:44:16 INFO connection reset by peer
2026-03-03 02:44:19 INFO database timeout
2026-03-03 02:44:23 WARN database timeout
2026-03-03 02:44:27 INFO user login ok
2026-03-03 02:44:30 WARN invalid token
2026-03-03 02:44:32 WARN request handled
2026-03-03 02:44:33 INFO database timeout
2026-03-03 02:44:34 INFO config reloaded
2026-03-03 02:44:38 WARN user login ok
2026-03-03 02:44:40 INFO user logout
2026-03-03 02:44:44 INFO cache miss
2026-03-03 02:44:46 INFO user login ok
2026-03-03 02:44:49 INFO cache hit
2026-03-03 02:44:51 INFO cache miss
2026-03-03 02:44:54 ERROR user logout
2026-03-03 02:44:55 INFO user login ok
2026-03-03 02:44:56 INFO user login ok
2026-03-03 02:44:57 INFO user login ok
2026-03-03 02:45:00 INFO user logout
2026-03-03 02:45:04 ERROR request handled
2026-03-03 02:45:07 INFO user login ok
2026-03-03 02:45:10 WARN database timeout
2026-03-03 02:45:11 WARN user login ok
2026-03-03 02:45:12 INFO slow query detected
2026-03-03 02:45:16 INFO config reloaded
2026-03-03 02:45:18 INFO cache hit
2026-03-03 02:45:22 WARN user logout
2026-03-03 02:45:26 INFO user login ok
2026-03-03 02:45:27 INFO connection reset by peer
2026-03-03 02:45:28 INFO user login ok
2026-03-03 02:45:32 WARN user login ok
2026-03-03 02:45:36 INFO user logout
2026-03-03 02:45:38 INFO user login ok
2026-03-03 02:45:42 INFO cache miss
2026-03-03 02:45:43 INFO connection reset by peer
2026-03-03 02:45:44 INFO user login ok
2026-03-03 02:45:45 WARN config reloaded
2026-03-03 02:45:48 ERROR database timeout
2026-03-03 02:45:51 INFO user logout
2026-03-03 02:45:52 INFO user login ok
2026-03-03 02:45:56 INFO invalid token
2026-03-03 02:46:00 INFO config reloaded
2026-03-03 02:46:03 INFO cache miss
2026-03-03 02:46:05 INFO slow query detected
2026-03-03 02:46:06 INFO connection reset by peer
2026-03-03 02:46:10 WARN config reloaded
2026-03-03 02:46:11 WARN cache miss
2026-03-03 02:46:13 INFO background job finished
2026-03-03 02:46:17 ERROR connection reset by peer
2026-03-03 02:46:19 INFO disk usage high
2026-03-03 02:46:20 INFO cache hit
2026-03-03 02:46:22 INFO database timeout
2026-03-03 02:46:26 INFO user logout
2026-03-03 02:46:28 INFO user login ok
2026-03-03 02:46:31 INFO user logout
2026-03-03 02:46:33 INFO request handled
2026-03-03 02:46:36 INFO cache hit
2026-03-03 02:46:37 INFO user login ok
2026-03-03 02:46:39 WARN user login ok
2026-03-03 02:46:40 INFO request handled
2026-03-03 02:46:42 INFO disk usage high
2026-03-03 02:46:43 INFO user login ok
2026-03-03 02:46:47 INFO cache hit
2026-03-03 02:46:50 INFO slow query detected
2026-03-03 02:46:54 INFO cache miss
2026-03-03 02:46:58 INFO user login ok
2026-03-03 02:47:00 INFO connection reset by peer
2026-03-03 02:47:02 WARN user logout
2026-03-03 02:47:06 INFO connection reset by peer
2026-03-03 02:47:07 INFO user login ok
2026-03-03 02:47:10 ERROR invalid token
2026-03-03 02:47:12 INFO user login ok
2026-03-03 02:47:15 INFO connection reset by peer
2026-03-03 02:47:16 ERROR disk usage high
2026-03-03 02:47:18 INFO cache hit
2026-03-03 02:47:19 INFO slow query detected
2026-03-03 02:47:20 INFO database timeout
2026-03-03 02:47:24 INFO cache miss
2026-03-03 02:47:27 INFO request handled
2026-03-03 02:47:31 INFO connection reset by peer
2026-03-03 02:47:35 INFO cache miss
2026-03-03 02:47:38 INFO user logout
2026-03-03 02:47:40 WARN request handled
2026-03-03 02:47:42 WARN user login ok
2026-03-03 02:47:45 INFO disk usage high
2026-03-03 02:47:49 INFO user logout
2026-03-03 02:47:52 INFO user login ok
2026-03-03 02:47:56 WARN database timeout
2026-03-03 02:47:57 INFO request handled
2026-03-03 02:47:59 WARN invalid token
2026-03-03 02:48:03 INFO slow query detected
2026-03-03 02:48:07 ERROR user logout
2026-03-03 02:48:10 INFO connection reset by peer
2026-03-03 02:48:13 INFO invalid token
2026-03-03 02:48:16 INFO background job finished
2026-03-03 02:48:18 INFO user login ok
2026-03-03 02:48:22 INFO user login ok
2026-03-03 02:48:24 INFO user logout
2026-03-03 02:48:28 INFO user login ok
2026-03-03 02:48:30 INFO user login ok
2026-03-03 02:48:34 WARN config reloaded
2026-03-03 02:48:36 INFO slow query detected
2026-03-03 02:48:38 INFO user login ok
2026-03-03 02:48:41 INFO user logout
2026-03-03 02:48:44 INFO background job finished
2026-03-03 02:48:48 INFO cache hit
2026-03-03 02:48:52 INFO cache miss
2026-03-03 02:48:53 INFO cache miss
2026-03-03 02:48:57 INFO user login ok
2026-03-03 02:48:58 WARN user login ok
2026-03-03 02:48:59 INFO user logout
2026-03-03 02:49:01 INFO user login ok
2026-03-03 02:49:04 ERROR user login ok
2026-03-03 02:49:06 WARN config reloaded
2026-03-03 02:49:07 INFO user logout
2026-03-03 02:49:11 INFO database timeout
2026-03-03 02:49:12 INFO cache hit
2026-03-03 02:49:15 WARN cache miss
2026-03-03 02:49:19 WARN request handled
2026-03-03 02:49:22 INFO user login ok
2026-03-03 02:49:23 INFO user login ok
2026-03-03 02:49:27 INFO config reloaded
2026-03-03 02:49:28 INFO cache hit
2026-03-03 02:49:31 INFO cache miss
2026-03-03 02:49:34 INFO request handled
2026-03-03 02:49:37 INFO user login ok
2026-03-03 02:49:41 INFO cache hit
2026-03-03 02:49:44 INFO user login ok
2026-03-03 02:49:48 INFO user login ok
2026-03-03 02:49:52 INFO user login ok
2026-03-03 02:49:54 INFO user login ok
2026-03-03 02:49:56 WARN config reloaded
2026-03-03 02:49:58 INFO user login ok
2026-03-03 02:50:00 INFO config reloaded
2026-03-03 02:50:01 INFO database timeout
2026-03-03 02:50:04 INFO user login ok
2026-03-03 02:50:08 INFO user login ok
2026-03-03 02:50:11 INFO cache hit
2026-03-03 02:50:14 INFO user login ok
2026-03-03 02:50:16 WARN cache hit
2026-03-03 02:50:18 INFO disk usage high
2026-03-03 02:50:21 WARN slow query detected
2026-03-03 02:50:24 ERROR database timeout
2026-03-03 02:50:27 INFO invalid token
2026-03-03 02:50:28 WARN cache hit
2026-03-03 02:50:31 INFO cache miss
2026-03-03 02:50:35 INFO cache hit
2026-03-03 02:50:37 INFO cache hit
2026-03-03 02:50:39 INFO cache miss
2026-03-03 02:50:40 INFO user logout
2026-03-03 02:50:41 WARN user login ok
2026-03-03 02:50:43 INFO request handled
2026-03-03 02:50:46 INFO cache hit
2026-03-03 02:50:47 INFO cache miss
2026-03-03 02:50:51 INFO connection reset by peer
2026-03-03 02:50:55 INFO cache miss
2026-03-03 02:50:58 WARN user login ok
2026-03-03 02:51:01 INFO background job finished
2026-03-03 02:51:05 INFO cache hit
2026-03-03 02:51:07 INFO user logout
2026-03-03 02:51:09 ERROR database timeout
2026-03-03 02:51:13 INFO user logout
2026-03-03 02:51:16 INFO config reloaded
2026-03-03 02:51:17 INFO user logout
2026-03-03 02:51:20 ERROR cache hit
2026-03-03 02:51:22 INFO disk usage high
2026-03-03 02:51:23 INFO user login ok
2026-03-03 02:51:24 INFO slow query detected
2026-03-03 02:51:27 INFO disk usage high
2026-03-03 02:51:30 INFO invalid token
2026-03-03 02:51:34 INFO cache hit
2026-03-03 02:51:35 INFO user login ok
2026-03-03 02:51:39 WARN user login ok
2026-03-03 02:51:40 INFO user login ok
2026-03-03 02:51:41 WARN user login ok
2026-03-03 02:51:42 WARN user login ok
2026-03-03 02:51:45 INFO user login ok
2026-03-03 02:51:47 ERROR cache hit
2026-03-03 02:51:49 INFO cache miss
2026-03-03 02:51:50 INFO cache miss
2026-03-03 02:51:51 INFO config reloaded
2026-03-03 02:51:53 INFO cache hit
2026-03-03 02:51:54 INFO connection reset by peer
2026-03-03 02:51:58 INFO user login ok
2026-03-03 02:52:00 INFO invalid token
2026-03-03 02:52:03 INFO cache hit
2026-03-03 02:52:05 INFO background job finished
2026-03-03 02:52:06 ERROR user login ok
2026-03-03 02:52:08 WARN slow query detected
2026-03-03 02:52:09 INFO disk usage high
2026-03-03 02:52:12 INFO cache hit
2026-03-03 02:52:13 WARN request handled
2026-03-03 02:52:15 INFO user logout
2026-03-03 02:52:17 INFO database timeout
2026-03-03 02:52:20 INFO request handled
2026-03-03 02:52:23 INFO user login ok
2026-03-03 02:52:26 INFO cache hit
2026-03-03 02:52:27 INFO request handled
2026-03-03 02:52:28 INFO background job finished
2026-03-03 02:52:30 INFO disk usage high
2026-03-03 02:52:34 INFO user login ok
2026-03-03 02:52:36 INFO cache hit
2026-03-03 02:52:39 INFO slow query detected
2026-03-03 02:52:41 WARN invalid token
2026-03-03 02:52:42 INFO user login ok
2026-03-03 02:52:44 WARN connection reset by peer
2026-03-03 02:52:45 INFO user login ok
2026-03-03 02:52:48 INFO slow query detected
2026-03-03 02:52:50 INFO cache hit
2026-03-03 02:52:52 WARN cache hit
2026-03-03 02:52:56 INFO user logout
2026-03-03 02:52:58 WARN user login ok
2026-03-03 02:52:59 INFO user login ok
2026-03-03 02:53:02 INFO user logout
2026-03-03 02:53:05 WARN cache miss
2026-03-03 02:53:07 INFO cache hit
2026-03-03 02:53:08 INFO disk usage high
2026-03-03 02:53:12 WARN user login ok
2026-03-03 02:53:15 WARN slow query detected
2026-03-03 02:53:17 INFO user login ok
2026-03-03 02:53:21 INFO cache hit
2026-03-03 02:53:24 INFO user login ok
2026-03-03 02:53:25 INFO cache miss
2026-03-03 02:53:29 INFO database timeout
2026-03-03 02:53:30 INFO user login ok
2026-03-03 02:53:34 INFO user logout
2026-03-03 02:53:35 ERROR cache hit
2026-03-03 02:53:36 INFO cache miss
2026-03-03 02:53:37 INFO cache miss
2026-03-03 02:53:40 INFO config reloaded
2026-03-03 02:53:42 ERROR disk usage high
2026-03-03 02:53:46 WARN slow query detected
2026-03-03 02:53:49 WARN request handled
2026-03-03 02:53:51 INFO cache hit
2026-03-03 02:53:54 INFO background job finished
2026-03-03 02:53:57 INFO invalid token
2026-03-03 02:54:01 INFO invalid token
2026-03-03 02:54:05 INFO disk usage high
2026-03-03 02:54:09 INFO user login ok
2026-03-03 02:54:10 INFO cache miss
2026-03-03 02:54:14 INFO slow query detected
2026-03-03 02:54:16 INFO user login ok
2026-03-03 02:54:18 INFO background job finished
2026-03-03 02:54:21 INFO user login ok
2026-03-03 02:54:22 INFO user logout
2026-03-03 02:54:25 WARN user logout
2026-03-03 02:54:28 INFO user logout
2026-03-03 02:54:30 WARN user logout
2026-03-03 02:54:33 INFO database timeout
2026-03-03 02:54:36 ERROR connection reset by peer
2026-03-03 02:54:38 INFO request handled
2026-03-03 02:54:39 WARN user login ok
2026-03-03 02:54:40 INFO user logout
2026-03-03 02:54:43 INFO user login ok
2026-03-03 02:54:46 INFO user login ok
2026-03-03 02:54:48 INFO user login ok
2026-03-03 02:54:52 INFO connection reset by peer
2026-03-03 02:54:53 INFO user login ok
2026-03-03 02:54:56 INFO disk usage high
2026-03-03 02:54:59 INFO cache miss
2026-03-03 02:55:00 INFO user login ok
2026-03-03 02:55:02 INFO config reloaded
2026-03-03 02:55:05 INFO cache miss
2026-03-03 02:55:09 WARN user logout
2026-03-03 02:55:11 INFO cache hit
2026-03-03 02:55:15 INFO user login ok
2026-03-03 02:55:17 INFO request handled
2026-03-03 02:55:20 INFO user login ok
2026-03-03 02:55:23 INFO request handled
2026-03-03 02:55:27 INFO cache miss
2026-03-03 02:55:30 WARN user login ok
2026-03-03 02:55:34 INFO cache hit
2026-03-03 02:55:36 INFO user login ok
2026-03-03 02:55:38 INFO disk usage high
2026-03-03 02:55:39 INFO disk usage high
2026-03-03 02:55:41 WARN user login ok
2026-03-03 02:55:45 INFO user login ok
2026-03-03 02:55:48 INFO config reloaded
2026-03-03 02:55:51 INFO config reloaded
2026-03-03 02:55:52 INFO cache miss
2026-03-03 02:55:55 ERROR user login ok
2026-03-03 02:55:57 INFO request handled
2026-03-03 02:56:00 INFO slow query detected
2026-03-03 02:56:01 WARN background job finished
2026-03-03 02:56:02 INFO cache miss
2026-03-03 02:56:06 ERROR user login ok
2026-03-03 02:56:09 INFO connection reset by peer
2026-03-03 02:56:10 INFO cache hit
2026-03-03 02:56:13 INFO request handled
2026-03-03 02:56:14 INFO user login ok
2026-03-03 02:56:17 INFO cache miss
2026-03-03 02:56:21 INFO disk usage high
2026-03-03 02:56:23 WARN connection reset by peer
2026-03-03 02:56:26 INFO user login ok
2026-03-03 02:56:30 INFO request handled
2026-03-03 02:56:31 INFO connection reset by peer
2026-03-03 02:56:34 INFO cache hit
2026-03-03 02:56:37 INFO disk usage high
2026-03-03 02:56:40 INFO cache miss
2026-03-03 02:56:44 INFO user logout
2026-03-03 02:56:48 WARN user login ok
2026-03-03 02:56:52 INFO slow query detected
2026-03-03 02:56:53 INFO slow query detected
2026-03-03 02:56:57 INFO user login ok
2026-03-03 02:56:59 WARN user logout
### повреждённая строка ###
2026-03-03 02:57:05 WARN config reloaded
2026-03-03 02:57:09 WARN slow query detected
2026-03-03 02:57:13 INFO user login ok
2026-03-03 02:57:14 INFO request handled
2026-03-03 02:57:15 INFO user login ok
2026-03-03 02:57:18 INFO user logout
2026-03-03 02:57:19 INFO user login ok
2026-03-03 02:57:22 WARN invalid token
2026-03-03 02:57:26 INFO user login ok
2026-03-03 02:57:29 INFO disk usage high
2026-03-03 02:57:33 INFO user login ok
2026-03-03 02:57:36 INFO user login ok
2026-03-03 02:57:40 INFO user logout
2026-03-03 02:57:44 INFO user login ok
2026-03-03 02:57:48 ERROR connection reset by peer
2026-03-03 02:57:51 INFO invalid token
2026-03-03 02:57:55 INFO database timeout
2026-03-03 02:57:56 INFO cache miss
2026-03-03 02:57:57 INFO user login ok
2026-03-03 02:57:59 INFO invalid token
2026-03-03 02:58:02 INFO cache miss
2026-03-03 02:58:04 ERROR config reloaded
2026-03-03 02:58:05 INFO cache hit
2026-03-03 02:58:09 INFO cache hit
2026-03-03 02:58:12 INFO user login ok
2026-03-03 02:58:15 INFO database timeout
2026-03-03 02:58:18 INFO user logout
2026-03-03 02:58:21 INFO cache miss
2026-03-03 02:58:24 ERROR user login ok
2026-03-03 02:58:28 INFO user login ok
2026-03-03 02:58:32 INFO config reloaded
2026-03-03 02:58:34 INFO slow query detected
2026-03-03 02:58:36 WARN user login ok
2026-03-03 02:58:37 INFO config reloaded
2026-03-03 02:58:41 INFO user logout
2026-03-03 02:58:42 INFO config reloaded
2026-03-03 02:58:45 ERROR connection reset by peer
2026-03-03 02:58:46 INFO database timeout
2026-03-03 02:58:48 INFO cache hit
2026-03-03 02:58:52 INFO slow query detected
2026-03-03 02:58:55 INFO connection reset by peer
2026-03-03 02:58:58 INFO config reloaded
2026-03-03 02:59:01 INFO request handled
2026-03-03 02:59:05 INFO user logout
2026-03-03 02:59:07 INFO cache hit
2026-03-03 02:59:08 INFO user login ok
2026-03-03 02:59:11 WARN slow query detected
2026-03-03 02:59:13 INFO user login ok
2026-03-03 02:59:17 INFO request handled
2026-03-03 02:59:18 INFO cache miss
2026-03-03 02:59:21 INFO config reloaded
2026-03-03 02:59:24 ERROR request handled
2026-03-03 02:59:27 INFO user login ok
2026-03-03 02:59:31 INFO cache miss
2026-03-03 02:59:32 INFO cache miss
2026-03-03 02:59:36 INFO user login ok
2026-03-03 02:59:38 INFO cache hit
2026-03-03 02:59:41 INFO background job finished
2026-03-03 02:59:43 INFO user login ok
2026-03-03 02:59:44 INFO connection reset by peer
2026-03-03 02:59:45 INFO user login ok
2026-03-03 02:59:49 INFO config reloaded
2026-03-03 02:59:51 INFO user login ok
2026-03-03 02:59:54 INFO background job finished
2026-03-03 02:59:55 INFO user logout
2026-03-03 02:59:59 INFO request handled
2026-03-03 03:00:00 INFO user logout
2026-03-03 03:00:04 INFO cache miss
2026-03-03 03:00:05 INFO cache miss
2026-03-03 03:00:08 INFO slow query detected
2026-03-03 03:00:09 INFO cache miss
2026-03-03 03:00:10 INFO slow query detected
2026-03-03 03:00:12 WARN connection reset by peer
2026-03-03 03:00:13 WARN disk usage high
2026-03-03 03:00:17 INFO invalid token
2026-03-03 03:00:18 INFO user login ok
2026-03-03 03:00:20 INFO cache hit
2026-03-03 03:00:22 INFO user login ok
2026-03-03 03:00:25 INFO user login ok
2026-03-03 03:00:26 INFO disk usage high
2026-03-03 03:00:29 INFO slow query detected
2026-03-03 03:00:33 INFO cache hit
2026-03-03 03:00:36 INFO user logout
2026-03-03 03:00:39 INFO user login ok
2026-03-03 03:00:43 INFO connection reset by peer
2026-03-03 03:00:46 ERROR user login ok
2026-03-03 03:00:49 INFO user logout
2026-03-03 03:00:53 WARN request handled
2026-03-03 03:00:54 INFO user login ok
2026-03-03 03:00:56 INFO request handled
2026-03-03 03:00:57 WARN user login ok
2026-03-03 03:00:59 INFO user logout
2026-03-03 03:01:00 INFO background job finished
2026-03-03 03:01:04 INFO config reloaded
2026-03-03 03:01:07 INFO request handled
2026-03-03 03:01:10 INFO user login ok
2026-03-03 03:01:13 INFO background job finished
2026-03-03 03:01:17 INFO user logout
2026-03-03 03:01:19 WARN cache miss
2026-03-03 03:01:23 INFO user login ok
2026-03-03 03:01:26 INFO cache hit
2026-03-03 03:01:30 WARN slow query detected
2026-03-03 03:01:31 INFO cache miss
2026-03-03 03:01:33 INFO slow query detected
2026-03-03 03:01:37 INFO user login ok
2026-03-03 03:01:41 INFO user logout
2026-03-03 03:01:42 INFO user login ok
2026-03-03 03:01:43 INFO user login ok
2026-03-03 03:01:47 INFO cache miss
2026-03-03 03:01:50 WARN background job finished
2026-03-03 03:01:51 INFO user login ok
2026-03-03 03:01:53 WARN connection reset by peer
2026-03-03 03:01:55 INFO user login ok
2026-03-03 03:01:58 INFO cache hit
2026-03-03 03:02:01 WARN cache miss
2026-03-03 03:02:02 INFO slow query detected
2026-03-03 03:02:03 INFO cache hit
2026-03-03 03:02:05 INFO user login ok
2026-03-03 03:02:07 INFO connection reset by peer
2026-03-03 03:02:08 INFO user login ok
2026-03-03 03:02:11 INFO disk usage high
2026-03-03 03:02:13 INFO user logout
2026-03-03 03:02:14 INFO connection reset by peer
2026-03-03 03:02:18 INFO user logout
2026-03-03 03:02:20 WARN cache miss
2026-03-03 03:02:22 WARN slow query detected
2026-03-03 03:02:26 INFO disk usage high
2026-03-03 03:02:30 INFO invalid token
2026-03-03 03:02:34 INFO user login ok
2026-03-03 03:02:37 INFO user logout
2026-03-03 03:02:41 INFO database timeout
2026-03-03 03:02:44 INFO user logout
2026-03-03 03:02:47 INFO cache hit
2026-03-03 03:02:51 INFO user login ok
2026-03-03 03:02:55 INFO slow query detected
2026-03-03 03:02:59 INFO disk usage high
2026-03-03 03:03:03 WARN user login ok
2026-03-03 03:03:07 WARN disk usage high
2026-03-03 03:03:09 INFO user login ok
2026-03-03 03:03:11 INFO user login ok
2026-03-03 03:03:13 WARN user login ok
2026-03-03 03:03:14 INFO user login ok
2026-03-03 03:03:15 INFO user login ok
2026-03-03 03:03:18 WARN disk usage high
2026-03-03 03:03:19 INFO cache miss
2026-03-03 03:03:21 INFO user logout
2026-03-03 03:03:22 WARN cache hit
2026-03-03 03:03:24 INFO background job finished
2026-03-03 03:03:25 INFO user login ok
2026-03-03 03:03:28 INFO cache hit
2026-03-03 03:03:31 INFO database timeout
2026-03-03 03:03:35 INFO cache miss
2026-03-03 03:03:36 INFO user login ok
2026-03-03 03:03:39 INFO background job finished
### повреждённая строка ###
2026-03-03 03:03:42 INFO user login ok
2026-03-03 03:03:46 INFO slow query detected
2026-03-03 03:03:48 INFO user login ok
2026-03-03 03:03:51 WARN user login ok
2026-03-03 03:03:53 ERROR slow query detected
2026-03-03 03:03:57 WARN invalid token
2026-03-03 03:04:01 INFO user login ok
2026-03-03 03:04:04 WARN user logout
2026-03-03 03:04:06 WARN user login ok
2026-03-03 03:04:10 WARN database timeout
2026-03-03 03:04:12 INFO invalid token
2026-03-03 03:04:16 INFO request handled
2026-03-03 03:04:19 INFO cache hit
2026-03-03 03:04:20 INFO user login ok
2026-03-03 03:04:21 INFO user login ok
2026-03-03 03:04:24 ERROR background job finished
2026-03-03 03:04:25 INFO request handled
2026-03-03 03:04:26 INFO background job finished
2026-03-03 03:04:28 INFO user login ok
2026-03-03 03:04:32 INFO disk usage high
2026-03-03 03:04:36 INFO request handled
2026-03-03 03:04:38 WARN user login ok
2026-03-03 03:04:42 INFO slow query detected
2026-03-03 03:04:44 INFO user login ok
2026-03-03 03:04:47 INFO user login ok
2026-03-03 03:04:49 INFO user logout
2026-03-03 03:04:51 INFO database timeout
2026-03-03 03:04:52 INFO cache miss
2026-03-03 03:04:55 INFO user login ok
2026-03-03 03:04:59 INFO config reloaded
2026-03-03 03:05:00 INFO user login ok
2026-03-03 03:05:04 ERROR user logout
2026-03-03 03:05:08 ERROR connection reset by peer
2026-03-03 03:05:12 INFO slow query detected
2026-03-03 03:05:14 INFO background job finished
2026-03-03 03:05:16 INFO cache hit
2026-03-03 03:05:18 INFO invalid token
2026-03-03 03:05:22 INFO user login ok
2026-03-03 03:05:26 WARN user login ok
2026-03-03 03:05:27 INFO slow query detected
2026-03-03 03:05:29 INFO disk usage high
2026-03-03 03:05:32 INFO user login ok
2026-03-03 03:05:34 INFO user login ok
2026-03-03 03:05:38 INFO user login ok
2026-03-03 03:05:42 ERROR disk usage high
2026-03-03 03:05:46 INFO user login ok
2026-03-03 03:05:49 INFO connection reset by peer
2026-03-03 03:05:52 INFO cache hit
2026-03-03 03:05:55 INFO cache miss
2026-03-03 03:05:58 INFO disk usage high
2026-03-03 03:05:59 INFO user login ok
2026-03-03 03:06:01 INFO invalid token
2026-03-03 03:06:05 WARN database timeout
2026-03-03 03:06:06 INFO disk usage high
2026-03-03 03:06:09 INFO request handled
2026-03-03 03:06:11 INFO user login ok
2026-03-03 03:06:13 INFO user login ok
2026-03-03 03:06:14 INFO user login ok
2026-03-03 03:06:18 INFO user login ok
2026-03-03 03:06:19 INFO cache hit
2026-03-03 03:06:23 INFO cache hit
2026-03-03 03:06:27 INFO user logout
2026-03-03 03:06:28 INFO slow query detected
2026-03-03 03:06:32 INFO slow query detected
2026-03-03 03:06:33 INFO cache hit
2026-03-03 03:06:37 WARN user login ok
2026-03-03 03:06:38 INFO cache hit
2026-03-03 03:06:42 INFO user login ok
2026-03-03 03:06:46 WARN background job finished
2026-03-03 03:06:47 INFO slow query detected
2026-03-03 03:06:48 INFO user login ok
2026-03-03 03:06:51 INFO disk usage high
2026-03-03 03:06:55 INFO cache hit
2026-03-03 03:06:59 INFO disk usage high
2026-03-03 03:07:03 INFO invalid token
2026-03-03 03:07:06 INFO disk usage high
2026-03-03 03:07:10 INFO slow query detected
2026-03-03 03:07:13 INFO user logout
2026-03-03 03:07:17 INFO background job finished
2026-03-03 03:07:19 INFO connection reset by peer
2026-03-03 03:07:22 INFO user logout
2026-03-03 03:07:25 WARN slow query detected
2026-03-03 03:07:27 WARN cache hit
2026-03-03 03:07:30 INFO user login ok
2026-03-03 03:07:34 WARN cache hit
2026-03-03 03:07:35 INFO user logout
2026-03-03 03:07:37 INFO request handled
2026-03-03 03:07:38 WARN user login ok
2026-03-03 03:07:40 INFO config reloaded
2026-03-03 03:07:42 INFO user login ok
2026-03-03 03:07:45 WARN user login ok
2026-03-03 03:07:48 INFO connection reset by peer
2026-03-03 03:07:49 INFO disk usage high
2026-03-03 03:07:51 INFO cache hit
2026-03-03 03:07:55 WARN disk usage high
2026-03-03 03:07:58 WARN user login ok
2026-03-03 03:08:02 INFO disk usage high
2026-03-03 03:08:05 WARN user login ok
2026-03-03 03:08:06 INFO slow query detected
2026-03-03 03:08:08 INFO user login ok
2026-03-03 03:08:12 WARN cache hit
2026-03-03 03:08:14 INFO slow query detected
2026-03-03 03:08:16 INFO background job finished
2026-03-03 03:08:19 WARN user login ok
2026-03-03 03:08:22 INFO disk usage high
2026-03-03 03:08:25 INFO user login ok
2026-03-03 03:08:29 INFO config reloaded
2026-03-03 03:08:31 WARN slow query detected
2026-03-03 03:08:35 INFO user login ok
2026-03-03 03:08:36 INFO user login ok
2026-03-03 03:08:40 INFO cache miss
2026-03-03 03:08:44 INFO cache hit
2026-03-03 03:08:48 INFO config reloaded
2026-03-03 03:08:49 INFO user login ok
2026-03-03 03:08:51 INFO invalid token
2026-03-03 03:08:54 INFO config reloaded
2026-03-03 03:08:55 INFO user login ok
2026-03-03 03:08:56 WARN cache miss
2026-03-03 03:09:00 WARN background job finished
2026-03-03 03:09:01 WARN user login ok
2026-03-03 03:09:03 INFO cache hit
### повреждённая строка ###
2026-03-03 03:09:08 ERROR invalid token
2026-03-03 03:09:12 INFO cache hit
2026-03-03 03:09:13 INFO request handled
2026-03-03 03:09:17 WARN user logout
2026-03-03 03:09:18 INFO request handled
2026-03-03 03:09:21 INFO user login ok
2026-03-03 03:09:22 INFO user login ok
2026-03-03 03:09:26 INFO database timeout
2026-03-03 03:09:29 INFO disk usage high
2026-03-03 03:09:32 INFO disk usage high
2026-03-03 03:09:33 INFO connection reset by peer
2026-03-03 03:09:37 ERROR cache hit
2026-03-03 03:09:40 INFO user logout
2026-03-03 03:09:44 INFO user logout
2026-03-03 03:09:47 INFO cache hit
2026-03-03 03:09:50 INFO cache hit
2026-03-03 03:09:51 INFO user login ok
2026-03-03 03:09:55 INFO config reloaded
2026-03-03 03:09:56 INFO user login ok
2026-03-03 03:09:59 WARN slow query detected
2026-03-03 03:10:00 WARN user login ok
2026-03-03 03:10:04 INFO user login ok
2026-03-03 03:10:05 INFO user logout
2026-03-03 03:10:06 WARN user logout
2026-03-03 03:10:07 INFO user login ok
2026-03-03 03:10:08 INFO cache miss
2026-03-03 03:10:11 ERROR user logout
2026-03-03 03:10:14 INFO user logout
2026-03-03 03:10:15 INFO user logout
2026-03-03 03:10:17 INFO request handled
2026-03-03 03:10:19 INFO user login ok
2026-03-03 03:10:23 INFO user login ok
2026-03-03 03:10:25 INFO user login ok
2026-03-03 03:10:28 INFO user logout
2026-03-03 03:10:32 INFO user login ok
2026-03-03 03:10:35 INFO disk usage high
2026-03-03 03:10:39 INFO disk usage high
2026-03-03 03:10:41 INFO request handled
2026-03-03 03:10:43 WARN cache miss
2026-03-03 03:10:46 INFO invalid token
2026-03-03 03:10:49 INFO cache miss
2026-03-03 03:10:51 INFO user logout
2026-03-03 03:10:54 INFO database timeout
2026-03-03 03:10:56 INFO database timeout
2026-03-03 03:10:59 INFO user logout
2026-03-03 03:11:01 INFO config reloaded
2026-03-03 03:11:04 ERROR user login ok
2026-03-03 03:11:06 WARN request handled
2026-03-03 03:11:10 INFO invalid token
2026-03-03 03:11:14 INFO connection reset by peer
2026-03-03 03:11:15 INFO database timeout
2026-03-03 03:11:16 INFO user login ok
2026-03-03 03:11:17 INFO invalid token
2026-03-03 03:11:19 INFO slow query detected
2026-03-03 03:11:23 INFO user login ok
2026-03-03 03:11:24 INFO request handled
2026-03-03 03:11:28 INFO cache hit
2026-03-03 03:11:31 INFO user logout
2026-03-03 03:11:32 INFO cache miss
2026-03-03 03:11:35 INFO user logout
2026-03-03 03:11:36 INFO user login ok
2026-03-03 03:11:37 INFO config reloaded
2026-03-03 03:11:38 INFO connection reset by peer
2026-03-03 03:11:41 INFO user login ok
2026-03-03 03:11:43 WARN request handled
2026-03-03 03:11:45 WARN cache hit
2026-03-03 03:11:49 INFO disk usage high
2026-03-03 03:11:51 INFO connection reset by peer
2026-03-03 03:11:55 WARN user login ok
2026-03-03 03:11:58 INFO cache hit
2026-03-03 03:12:00 WARN request handled
2026-03-03 03:12:04 INFO cache hit
2026-03-03 03:12:05 WARN background job finished
2026-03-03 03:12:06 INFO user login ok
2026-03-03 03:12:10 INFO user login ok
2026-03-03 03:12:14 INFO user logout
2026-03-03 03:12:17 INFO user login ok
2026-03-03 03:12:18 INFO user login ok
2026-03-03 03:12:22 INFO connection reset by peer
2026-03-03 03:12:25 INFO request handled
2026-03-03 03:12:27 INFO user login ok
2026-03-03 03:12:28 INFO config reloaded
2026-03-03 03:12:32 WARN connection reset by peer
2026-03-03 03:12:35 INFO user login ok
2026-03-03 03:12:38 INFO user logout
2026-03-03 03:12:39 INFO disk usage high
2026-03-03 03:12:41 INFO connection reset by peer
2026-03-03 03:12:44 INFO user login ok
2026-03-03 03:12:46 WARN user login ok
2026-03-03 03:12:47 INFO config reloaded
2026-03-03 03:12:50 INFO disk usage high
2026-03-03 03:12:52 INFO user login ok
2026-03-03 03:12:56 INFO cache miss
2026-03-03 03:12:57 INFO user login ok
2026-03-03 03:13:00 WARN invalid token
2026-03-03 03:13:01 INFO request handled
2026-03-03 03:13:04 INFO database timeout
2026-03-03 03:13:05 INFO cache miss
2026-03-03 03:13:09 INFO user logout
2026-03-03 03:13:12 INFO user login ok
2026-03-03 03:13:15 INFO cache miss
2026-03-03 03:13:18 WARN cache miss
2026-03-03 03:13:21 INFO user login ok
2026-03-03 03:13:24 INFO database timeout
2026-03-03 03:13:27 INFO user login ok
2026-03-03 03:13:30 INFO user login ok
2026-03-03 03:13:34 INFO user login ok
2026-03-03 03:13:37 WARN cache hit
2026-03-03 03:13:40 INFO background job finished
2026-03-03 03:13:44 ERROR cache miss
2026-03-03 03:13:45 INFO user login ok
2026-03-03 03:13:47 INFO user login ok
2026-03-03 03:13:48 INFO database timeout
2026-03-03 03:13:51 INFO cache hit
2026-03-03 03:13:55 INFO disk usage high
2026-03-03 03:13:57 INFO user login ok
2026-03-03 03:14:01 INFO user login ok
2026-03-03 03:14:03 INFO user logout
2026-03-03 03:14:06 INFO slow query detected
2026-03-03 03:14:07 INFO invalid token
2026-03-03 03:14:09 INFO cache miss
2026-03-03 03:14:12 INFO user login ok
2026-03-03 03:14:13 INFO disk usage high
2026-03-03 03:14:16 INFO user logout
2026-03-03 03:14:18 INFO disk usage high
2026-03-03 03:14:22 INFO background job finished
2026-03-03 03:14:26 ERROR database timeout
2026-03-03 03:14:29 INFO user login ok
2026-03-03 03:14:33 WARN invalid token
2026-03-03 03:14:34 INFO background job finished
2026-03-03 03:14:35 ERROR connection reset by peer
2026-03-03 03:14:38 INFO user login ok
2026-03-03 03:14:39 INFO cache miss
2026-03-03 03:14:41 INFO config reloaded
2026-03-03 03:14:42 INFO config reloaded
2026-03-03 03:14:43 ERROR slow query detected
2026-03-03 03:14:46 ERROR invalid token
2026-03-03 03:14:48 INFO cache miss
2026-03-03 03:14:49 WARN user logout
2026-03-03 03:14:51 INFO connection reset by peer
2026-03-03 03:14:55 INFO user login ok
2026-03-03 03:14:58 INFO user login ok
2026-03-03 03:15:00 INFO config reloaded
2026-03-03 03:15:01 INFO user logout
2026-03-03 03:15:03 INFO user login ok
2026-03-03 03:15:04 INFO user logout
2026-03-03 03:15:06 INFO background job finished
2026-03-03 03:15:09 INFO cache hit
2026-03-03 03:15:10 INFO user login ok
2026-03-03 03:15:13 WARN database timeout
2026-03-03 03:15:14 INFO user logout
2026-03-03 03:15:18 ERROR user logout
2026-03-03 03:15:22 INFO user login ok
2026-03-03 03:15:23 INFO request handled
2026-03-03 03:15:25 INFO connection reset by peer
2026-03-03 03:15:26 INFO user login ok
2026-03-03 03:15:30 INFO user logout
2026-03-03 03:15:32 INFO request handled
2026-03-03 03:15:36 WARN connection reset by peer
2026-03-03 03:15:40 INFO cache miss
2026-03-03 03:15:42 INFO user logout
2026-03-03 03:15:45 WARN user login ok
2026-03-03 03:15:48 INFO disk usage high
2026-03-03 03:15:49 INFO slow query detected
2026-03-03 03:15:52 INFO cache miss
2026-03-03 03:15:54 INFO user login ok
2026-03-03 03:15:58 ERROR user login ok
2026-03-03 03:15:59 INFO cache hit
2026-03-03 03:16:00 INFO user login ok
2026-03-03 03:16:03 INFO slow query detected
2026-03-03 03:16:05 INFO user logout
2026-03-03 03:16:07 INFO connection reset by peer
2026-03-03 03:16:08 INFO connection reset by peer
2026-03-03 03:16:10 INFO user login ok
2026-03-03 03:16:13 INFO cache miss
2026-03-03 03:16:16 INFO cache miss
2026-03-03 03:16:18 INFO user login ok
2026-03-03 03:16:19 WARN user login ok
2026-03-03 03:16:20 INFO config reloaded
2026-03-03 03:16:21 INFO background job finished
2026-03-03 03:16:22 INFO cache hit
2026-03-03 03:16:24 INFO user login ok
2026-03-03 03:16:26 INFO user logout
2026-03-03 03:16:30 INFO cache hit
2026-03-03 03:16:31 INFO slow query detected
2026-03-03 03:16:32 ERROR database timeout
### повреждённая строка ###
2026-03-03 03:16:37 WARN disk usage high
2026-03-03 03:16:40 INFO user login ok
2026-03-03 03:16:43 INFO slow query detected
2026-03-03 03:16:46 WARN disk usage high
2026-03-03 03:16:50 INFO connection reset by peer
2026-03-03 03:16:54 INFO user logout
2026-03-03 03:16:55 INFO cache miss
2026-03-03 03:16:58 INFO cache miss
2026-03-03 03:17:00 INFO cache miss
2026-03-03 03:17:01 INFO cache miss
2026-03-03 03:17:03 INFO user login ok
2026-03-03 03:17:05 INFO cache hit
2026-03-03 03:17:08 INFO cache miss
2026-03-03 03:17:11 INFO slow query detected
2026-03-03 03:17:13 INFO connection reset by peer
2026-03-03 03:17:14 INFO user login ok
2026-03-03 03:17:15 INFO user login ok
2026-03-03 03:17:19 WARN background job finished
2026-03-03 03:17:20 WARN database timeout
2026-03-03 03:17:23 INFO request handled
2026-03-03 03:17:24 INFO request handled
2026-03-03 03:17:25 INFO user login ok
2026-03-03 03:17:28 INFO database timeout
2026-03-03 03:17:32 INFO cache hit
2026-03-03 03:17:33 INFO background job finished
2026-03-03 03:17:36 INFO background job finished
2026-03-03 03:17:38 WARN database timeout
2026-03-03 03:17:42 INFO cache miss
2026-03-03 03:17:44 INFO user logout
2026-03-03 03:17:46 INFO cache miss
2026-03-03 03:17:47 INFO invalid token
2026-03-03 03:17:50 INFO slow query detected
2026-03-03 03:17:52 WARN cache hit
2026-03-03 03:17:54 INFO user login ok
2026-03-03 03:17:55 INFO user login ok
2026-03-03 03:17:59 INFO user logout
2026-03-03 03:18:02 INFO user login ok
2026-03-03 03:18:05 INFO database timeout
2026-03-03 03:18:08 INFO user login ok
2026-03-03 03:18:09 INFO cache hit
2026-03-03 03:18:13 INFO database timeout
2026-03-03 03:18:16 INFO request handled
2026-03-03 03:18:18 INFO disk usage high
2026-03-03 03:18:20 INFO user login ok
### повреждённая строка ###
2026-03-03 03:18:25 INFO user logout
2026-03-03 03:18:29 ERROR request handled
2026-03-03 03:18:30 INFO user login ok
2026-03-03 03:18:34 INFO invalid token
2026-03-03 03:18:37 WARN cache miss
2026-03-03 03:18:38 INFO cache hit
2026-03-03 03:18:39 INFO cache hit
2026-03-03 03:18:41 INFO cache hit
2026-03-03 03:18:44 INFO user login ok
2026-03-03 03:18:47 INFO background job finished
2026-03-03 03:18:50 INFO invalid token
2026-03-03 03:18:52 INFO config reloaded
2026-03-03 03:18:54 INFO request handled
2026-03-03 03:18:56 INFO cache hit
2026-03-03 03:18:58 INFO disk usage high
2026-03-03 03:19:00 INFO cache miss
2026-03-03 03:19:03 INFO user login ok
2026-03-03 03:19:04 INFO user login ok
2026-03-03 03:19:05 WARN user login ok
2026-03-03 03:19:08 INFO user login ok
2026-03-03 03:19:10 INFO connection reset by peer
2026-03-03 03:19:13 ERROR disk usage high
2026-03-03 03:19:16 INFO request handled
2026-03-03 03:19:19 WARN database timeout
2026-03-03 03:19:21 INFO disk usage high
2026-03-03 03:19:22 INFO user login ok
2026-03-03 03:19:26 INFO disk usage high
2026-03-03 03:19:28 INFO config reloaded
2026-03-03 03:19:30 INFO cache hit
2026-03-03 03:19:32 INFO user login ok
2026-03-03 03:19:33 INFO user login ok
2026-03-03 03:19:34 INFO database timeout
2026-03-03 03:19:36 INFO user logout
2026-03-03 03:19:39 INFO disk usage high
### повреждённая строка ###
2026-03-03 03:19:41 INFO background job finished
2026-03-03 03:19:43 INFO disk usage high
2026-03-03 03:19:45 WARN user logout
2026-03-03 03:19:46 INFO background job finished
2026-03-03 03:19:48 INFO connection reset by peer
2026-03-03 03:19:50 INFO user login ok
2026-03-03 03:19:52 INFO user login ok
2026-03-03 03:19:55 INFO slow query detected
2026-03-03 03:19:56 INFO slow query detected
2026-03-03 03:19:58 WARN user login ok
2026-03-03 03:19:59 INFO disk usage high
2026-03-03 03:20:02 INFO cache miss
2026-03-03 03:20:05 INFO user logout
2026-03-03 03:20:07 INFO cache miss
2026-03-03 03:20:08 INFO user logout
2026-03-03 03:20:12 INFO disk usage high
2026-03-03 03:20:14 WARN user login ok
2026-03-03 03:20:15 INFO request handled
2026-03-03 03:20:19 WARN user login ok
2026-03-03 03:20:20 ERROR config reloaded
2026-03-03 03:20:23 WARN user login ok
2026-03-03 03:20:27 INFO request handled
2026-03-03 03:20:30 WARN user login ok
2026-03-03 03:20:32 INFO cache hit
2026-03-03 03:20:36 INFO cache miss
2026-03-03 03:20:38 INFO background job finished
2026-03-03 03:20:40 INFO user login ok
2026-03-03 03:20:42 INFO user logout
2026-03-03 03:20:44 INFO config reloaded
2026-03-03 03:20:46 INFO user logout
2026-03-03 03:20:48 INFO config reloaded
2026-03-03 03:20:52 INFO user login ok
2026-03-03 03:20:54 INFO slow query detected
2026-03-03 03:20:58 INFO cache hit
2026-03-03 03:20:59 INFO user logout
2026-03-03 03:21:02 INFO disk usage high
2026-03-03 03:21:04 INFO user logout
2026-03-03 03:21:07 INFO user login ok
2026-03-03 03:21:10 INFO connection reset by peer
2026-03-03 03:21:13 INFO cache hit
2026-03-03 03:21:17 INFO user logout
2026-03-03 03:21:18 INFO user logout
2026-03-03 03:21:22 INFO disk usage high
2026-03-03 03:21:24 INFO connection reset by peer
2026-03-03 03:21:26 INFO slow query detected
2026-03-03 03:21:30 WARN cache miss
2026-03-03 03:21:34 INFO slow query detected
2026-03-03 03:21:38 INFO cache hit
2026-03-03 03:21:39 INFO connection reset by peer
2026-03-03 03:21:40 INFO cache miss
2026-03-03 03:21:42 WARN user logout
2026-03-03 03:21:43 INFO database timeout
### повреждённая строка ###
2026-03-03 03:21:51 WARN user login ok
2026-03-03 03:21:52 INFO cache hit
2026-03-03 03:21:54 INFO slow query detected
2026-03-03 03:21:55 INFO database timeout
2026-03-03 03:21:58 INFO user logout
2026-03-03 03:21:59 INFO user login ok
2026-03-03 03:22:01 INFO user login ok
2026-03-03 03:22:04 INFO cache hit
2026-03-03 03:22:07 INFO request handled
2026-03-03 03:22:11 INFO user login ok
2026-03-03 03:22:12 ERROR user login ok
2026-03-03 03:22:15 INFO user logout
2026-03-03 03:22:17 INFO background job finished
2026-03-03 03:22:21 WARN cache miss
2026-03-03 03:22:23 INFO cache hit
2026-03-03 03:22:24 INFO user login ok
2026-03-03 03:22:28 INFO user login ok
2026-03-03 03:22:32 INFO user login ok
2026-03-03 03:22:34 INFO user login ok
2026-03-03 03:22:35 INFO user login ok
2026-03-03 03:22:37 INFO user login ok
2026-03-03 03:22:38 INFO user login ok
2026-03-03 03:22:39 INFO user logout
2026-03-03 03:22:40 INFO cache hit
2026-03-03 03:22:44 INFO user login ok
2026-03-03 03:22:46 INFO invalid token
2026-03-03 03:22:50 INFO user login ok
2026-03-03 03:22:51 INFO cache miss
2026-03-03 03:22:55 INFO user login ok
2026-03-03 03:22:59 INFO user logout
2026-03-03 03:23:00 INFO user login ok
2026-03-03 03:23:02 INFO request handled
2026-03-03 03:23:03 INFO user login ok
2026-03-03 03:23:06 WARN user login ok
2026-03-03 03:23:10 INFO user logout
2026-03-03 03:23:13 INFO slow query detected
2026-03-03 03:23:16 WARN user logout
2026-03-03 03:23:20 INFO user login ok
2026-03-03 03:23:24 INFO user login ok
### повреждённая строка ###
2026-03-03 03:23:27 INFO connection reset by peer
2026-03-03 03:23:30 INFO invalid token
2026-03-03 03:23:34 INFO connection reset by peer
### повреждённая строка ###
2026-03-03 03:23:36 INFO user login ok
2026-03-03 03:23:37 INFO config reloaded
2026-03-03 03:23:41 INFO background job finished
2026-03-03 03:23:42 INFO cache miss
2026-03-03 03:23:43 WARN cache miss
2026-03-03 03:23:46 INFO user logout
2026-03-03 03:23:48 INFO request handled
2026-03-03 03:23:51 INFO user login ok
2026-03-03 03:23:53 INFO user login ok
2026-03-03 03:23:57 INFO cache hit
2026-03-03 03:23:58 INFO database timeout
2026-03-03 03:23:59 INFO disk usage high
2026-03-03 03:24:03 ERROR user logout
2026-03-03 03:24:05 INFO cache hit
2026-03-03 03:24:09 INFO user login ok
2026-03-03 03:24:13 INFO user login ok
2026-03-03 03:24:15 INFO user login ok
2026-03-03 03:24:16 INFO user logout
2026-03-03 03:24:20 INFO slow query detected
2026-03-03 03:24:22 INFO user login ok
2026-03-03 03:24:23 INFO invalid token
2026-03-03 03:24:24 INFO user logout
2026-03-03 03:24:27 ERROR user logout
2026-03-03 03:24:31 INFO cache miss
2026-03-03 03:24:33 INFO user logout
2026-03-03 03:24:35 INFO connection reset by peer
2026-03-03 03:24:39 WARN user login ok
2026-03-03 03:24:42 INFO cache miss
2026-03-03 03:24:43 INFO slow query detected
2026-03-03 03:24:47 INFO database timeout
2026-03-03 03:24:50 INFO cache hit
2026-03-03 03:24:52 INFO cache miss
2026-03-03 03:24:53 INFO cache hit
2026-03-03 03:24:54 INFO user login ok
2026-03-03 03:24:57 INFO config reloaded
2026-03-03 03:24:59 INFO cache hit
2026-03-03 03:25:01 INFO database timeout
2026-03-03 03:25:04 WARN user login ok
2026-03-03 03:25:05 INFO user logout
2026-03-03 03:25:07 INFO config reloaded
2026-03-03 03:25:09 INFO config reloaded
2026-03-03 03:25:10 INFO cache hit
2026-03-03 03:25:12 INFO cache hit
2026-03-03 03:25:16 INFO slow query detected
2026-03-03 03:25:18 INFO cache miss
2026-03-03 03:25:20 INFO request handled
2026-03-03 03:25:23 WARN user login ok
2026-03-03 03:25:27 INFO invalid token
2026-03-03 03:25:31 WARN user login ok
2026-03-03 03:25:33 WARN cache miss
2026-03-03 03:25:37 INFO background job finished
2026-03-03 03:25:41 INFO disk usage high
2026-03-03 03:25:42 INFO slow query detected
2026-03-03 03:25:44 INFO user logout
2026-03-03 03:25:48 WARN user login ok
2026-03-03 03:25:51 INFO cache hit
2026-03-03 03:25:53 INFO cache hit
2026-03-03 03:25:56 ERROR disk usage high
2026-03-03 03:25:58 INFO disk usage high
2026-03-03 03:25:59 INFO config reloaded
2026-03-03 03:26:02 ERROR invalid token
2026-03-03 03:26:03 INFO database timeout
2026-03-03 03:26:07 INFO cache miss
2026-03-03 03:26:11 ERROR invalid token
2026-03-03 03:26:12 INFO invalid token
2026-03-03 03:26:13 INFO cache hit
2026-03-03 03:26:14 WARN user logout
2026-03-03 03:26:17 INFO invalid token
2026-03-03 03:26:20 ERROR disk usage high
2026-03-03 03:26:24 INFO user logout
2026-03-03 03:26:28 WARN user login ok
2026-03-03 03:26:32 INFO user login ok
2026-03-03 03:26:33 INFO cache hit
2026-03-03 03:26:34 WARN invalid token
2026-03-03 03:26:38 INFO request handled
2026-03-03 03:26:39 INFO user logout
2026-03-03 03:26:43 INFO user login ok
2026-03-03 03:26:45 INFO slow query detected
2026-03-03 03:26:47 ERROR slow query detected
2026-03-03 03:26:51 INFO config reloaded
2026-03-03 03:26:55 INFO invalid token
2026-03-03 03:26:56 WARN user logout
2026-03-03 03:26:58 INFO user login ok
2026-03-03 03:27:00 INFO user login ok
2026-03-03 03:27:01 WARN cache hit
2026-03-03 03:27:04 INFO user login ok
2026-03-03 03:27:08 INFO background job finished
2026-03-03 03:27:12 INFO request handled
2026-03-03 03:27:13 INFO invalid token
2026-03-03 03:27:16 INFO cache miss
2026-03-03 03:27:20 INFO disk usage high
2026-03-03 03:27:23 INFO cache hit
2026-03-03 03:27:26 INFO user login ok
2026-03-03 03:27:30 INFO user logout
2026-03-03 03:27:34 INFO background job finished
2026-03-03 03:27:38 WARN config reloaded
2026-03-03 03:27:39 INFO user logout
2026-03-03 03:27:42 WARN connection reset by peer
2026-03-03 03:27:46 WARN user logout
2026-03-03 03:27:49 INFO database timeout
2026-03-03 03:27:50 INFO slow query detected
2026-03-03 03:27:52 INFO user logout
2026-03-03 03:27:55 INFO disk usage high
2026-03-03 03:27:56 INFO cache miss
2026-03-03 03:27:58 WARN connection reset by peer
2026-03-03 03:28:00 INFO background job finished
2026-03-03 03:28:04 INFO cache miss
2026-03-03 03:28:07 INFO database timeout
2026-03-03 03:28:08 WARN cache hit
2026-03-03 03:28:11 INFO database timeout
2026-03-03 03:28:14 INFO cache hit
2026-03-03 03:28:17 INFO cache miss
2026-03-03 03:28:21 INFO disk usage high
2026-03-03 03:28:22 INFO user login ok
2026-03-03 03:28:23 INFO user logout
2026-03-03 03:28:26 INFO database timeout
2026-03-03 03:28:27 INFO user login ok
2026-03-03 03:28:30 INFO config reloaded
2026-03-03 03:28:33 ERROR user login ok
2026-03-03 03:28:35 INFO user login ok
2026-03-03 03:28:37 INFO config reloaded
2026-03-03 03:28:41 INFO cache hit
2026-03-03 03:28:43 INFO request handled
2026-03-03 03:28:44 INFO slow query detected
2026-03-03 03:28:46 ERROR user login ok
2026-03-03 03:28:47 INFO cache hit
2026-03-03 03:28:49 INFO cache miss
2026-03-03 03:28:53 INFO user login ok
2026-03-03 03:28:55 INFO cache hit
2026-03-03 03:28:56 INFO cache miss
2026-03-03 03:28:59 INFO connection reset by peer
2026-03-03 03:29:01 INFO user login ok
2026-03-03 03:29:05 INFO user logout
2026-03-03 03:29:06 INFO cache hit
2026-03-03 03:29:08 INFO user logout
2026-03-03 03:29:12 WARN cache hit
2026-03-03 03:29:13 INFO cache miss
2026-03-03 03:29:15 INFO slow query detected
2026-03-03 03:29:18 INFO cache hit
2026-03-03 03:29:22 WARN cache miss
2026-03-03 03:29:26 INFO user login ok
2026-03-03 03:29:28 WARN user logout
2026-03-03 03:29:29 INFO user logout
2026-03-03 03:29:33 INFO cache hit
2026-03-03 03:29:36 WARN user logout
2026-03-03 03:29:38 INFO invalid token
2026-03-03 03:29:40 INFO user login ok
2026-03-03 03:29:43 WARN slow query detected
2026-03-03 03:29:47 INFO invalid token
2026-03-03 03:29:49 WARN user login ok
2026-03-03 03:29:51 WARN cache hit
2026-03-03 03:29:55 INFO user logout
2026-03-03 03:29:56 ERROR config reloaded
2026-03-03 03:29:57 INFO background job finished
2026-03-03 03:29:58 INFO user logout
2026-03-03 03:29:59 INFO cache hit
2026-03-03 03:30:02 INFO slow query detected
2026-03-03 03:30:04 INFO user logout
2026-03-03 03:30:06 INFO user logout
2026-03-03 03:30:10 INFO slow query detected
2026-03-03 03:30:11 INFO disk usage high
2026-03-03 03:30:14 INFO user login ok
2026-03-03 03:30:15 WARN user login ok
2026-03-03 03:30:18 INFO cache hit
2026-03-03 03:30:19 INFO cache hit
2026-03-03 03:30:23 INFO request handled
2026-03-03 03:30:24 INFO user login ok
2026-03-03 03:30:28 ERROR cache hit
2026-03-03 03:30:32 INFO cache miss
2026-03-03 03:30:36 INFO config reloaded
2026-03-03 03:30:40 INFO connection reset by peer
2026-03-03 03:30:44 INFO cache miss
2026-03-03 03:30:47 INFO user login ok
2026-03-03 03:30:51 INFO background job finished
2026-03-03 03:30:52 INFO disk usage high
2026-03-03 03:30:55 ERROR user logout
2026-03-03 03:30:59 INFO disk usage high
2026-03-03 03:31:00 WARN request handled
2026-03-03 03:31:04 WARN cache miss
2026-03-03 03:31:06 INFO user logout
2026-03-03 03:31:09 INFO slow query detected
2026-03-03 03:31:13 WARN config reloaded
2026-03-03 03:31:15 INFO database timeout
2026-03-03 03:31:18 INFO cache hit
2026-03-03 03:31:21 INFO user logout
2026-03-03 03:31:23 INFO user login ok
2026-03-03 03:31:27 INFO user logout
2026-03-03 03:31:30 INFO invalid token
2026-03-03 03:31:31 INFO background job finished
2026-03-03 03:31:34 ERROR user login ok
2026-03-03 03:31:35 INFO database timeout
2026-03-03 03:31:37 INFO user logout
2026-03-03 03:31:41 INFO slow query detected
2026-03-03 03:31:43 INFO user login ok
2026-03-03 03:31:44 INFO user login ok
2026-03-03 03:31:46 WARN user login ok
2026-03-03 03:31:48 WARN cache hit
2026-03-03 03:31:50 WARN user logout
2026-03-03 03:31:52 INFO invalid token
2026-03-03 03:31:53 INFO cache hit
2026-03-03 03:31:57 WARN user login ok
2026-03-03 03:32:00 INFO user logout
2026-03-03 03:32:03 INFO connection reset by peer
2026-03-03 03:32:04 INFO disk usage high
2026-03-03 03:32:07 INFO disk usage high
2026-03-03 03:32:11 INFO user login ok
2026-03-03 03:32:15 WARN user logout
2026-03-03 03:32:19 INFO request handled
2026-03-03 03:32:22 INFO user login ok
2026-03-03 03:32:23 INFO cache miss
2026-03-03 03:32:26 ERROR user logout
2026-03-03 03:32:27 INFO user login ok
2026-03-03 03:32:31 INFO user logout
2026-03-03 03:32:33 INFO user login ok
2026-03-03 03:32:36 INFO disk usage high
2026-03-03 03:32:38 INFO connection reset by peer
2026-03-03 03:32:40 INFO user login ok
2026-03-03 03:32:43 WARN user login ok
2026-03-03 03:32:46 INFO user login ok
2026-03-03 03:32:50 INFO user login ok
2026-03-03 03:32:53 WARN user login ok
2026-03-03 03:32:55 INFO cache miss
2026-03-03 03:32:57 WARN user logout
### повреждённая строка ###
2026-03-03 03:33:01 INFO cache miss
2026-03-03 03:33:04 INFO user logout
2026-03-03 03:33:07 INFO user logout
2026-03-03 03:33:10 WARN user logout
2026-03-03 03:33:12 INFO connection reset by peer
2026-03-03 03:33:15 INFO user login ok
2026-03-03 03:33:18 INFO cache miss
2026-03-03 03:33:19 WARN cache miss
2026-03-03 03:33:20 WARN user login ok
2026-03-03 03:33:21 INFO config reloaded
2026-03-03 03:33:24 INFO invalid token
2026-03-03 03:33:28 INFO cache miss
2026-03-03 03:33:29 INFO user login ok
2026-03-03 03:33:31 INFO user logout
2026-03-03 03:33:35 INFO connection reset by peer
2026-03-03 03:33:36 INFO request handled
2026-03-03 03:33:38 INFO request handled
2026-03-03 03:33:42 INFO request handled
2026-03-03 03:33:43 INFO user login ok
2026-03-03 03:33:45 INFO request handled
2026-03-03 03:33:49 INFO user logout
2026-03-03 03:33:51 INFO user logout
2026-03-03 03:33:54 ERROR connection reset by peer
2026-03-03 03:33:57 INFO background job finished
2026-03-03 03:34:00 INFO user login ok
2026-03-03 03:34:02 INFO connection reset by peer
2026-03-03 03:34:06 INFO user login ok
2026-03-03 03:34:10 INFO cache miss
2026-03-03 03:34:12 INFO user logout
2026-03-03 03:34:15 INFO user logout
2026-03-03 03:34:17 WARN connection reset by peer
2026-03-03 03:34:18 INFO user logout
2026-03-03 03:34:22 INFO database timeout
2026-03-03 03:34:26 WARN user login ok
2026-03-03 03:34:27 INFO database timeout
2026-03-03 03:34:30 INFO user logout
2026-03-03 03:34:34 INFO background job finished
2026-03-03 03:34:36 INFO connection reset by peer
2026-03-03 03:34:37 INFO user login ok
2026-03-03 03:34:40 INFO database timeout
2026-03-03 03:34:41 INFO cache hit
2026-03-03 03:34:43 INFO user logout
2026-03-03 03:34:47 INFO user logout
2026-03-03 03:34:49 INFO disk usage high
2026-03-03 03:34:50 INFO user logout
2026-03-03 03:34:51 INFO disk usage high
2026-03-03 03:34:53 INFO disk usage high
2026-03-03 03:34:56 INFO slow query detected
2026-03-03 03:34:57 INFO cache miss
2026-03-03 03:35:01 INFO user login ok
2026-03-03 03:35:04 INFO cache hit
2026-03-03 03:35:05 WARN user login ok
2026-03-03 03:35:06 INFO request handled
2026-03-03 03:35:09 INFO user login ok
2026-03-03 03:35:10 INFO cache hit
2026-03-03 03:35:13 INFO cache hit
2026-03-03 03:35:14 ERROR cache miss
2026-03-03 03:35:16 INFO background job finished
2026-03-03 03:35:19 INFO user login ok
2026-03-03 03:35:20 INFO request handled
2026-03-03 03:35:21 WARN request handled
2026-03-03 03:35:23 INFO user login ok
2026-03-03 03:35:24 INFO cache hit
2026-03-03 03:35:26 INFO user login ok
2026-03-03 03:35:29 INFO user logout
2026-03-03 03:35:30 INFO cache miss
2026-03-03 03:35:32 INFO user login ok
2026-03-03 03:35:35 WARN user login ok
2026-03-03 03:35:36 INFO user login ok
2026-03-03 03:35:39 INFO cache hit
2026-03-03 03:35:42 INFO request handled
### повреждённая строка ###
2026-03-03 03:35:45 INFO cache hit
2026-03-03 03:35:48 INFO user login ok
2026-03-03 03:35:49 INFO user login ok
2026-03-03 03:35:50 WARN cache hit
2026-03-03 03:35:53 WARN user logout
2026-03-03 03:35:55 INFO invalid token
### повреждённая строка ###
2026-03-03 03:36:00 INFO connection reset by peer
2026-03-03 03:36:01 INFO cache hit
2026-03-03 03:36:05 INFO connection reset by peer
2026-03-03 03:36:07 INFO request handled
2026-03-03 03:36:11 ERROR user login ok
2026-03-03 03:36:13 INFO user login ok
2026-03-03 03:36:15 INFO background job finished
2026-03-03 03:36:19 WARN cache miss
2026-03-03 03:36:21 ERROR request handled
2026-03-03 03:36:23 INFO user login ok
2026-03-03 03:36:27 INFO connection reset by peer
2026-03-03 03:36:28 INFO cache hit
2026-03-03 03:36:29 WARN user login ok
2026-03-03 03:36:31 INFO disk usage high
2026-03-03 03:36:33 INFO user login ok
2026-03-03 03:36:35 INFO database timeout
2026-03-03 03:36:39 INFO user login ok
2026-03-03 03:36:41 INFO connection reset by peer
2026-03-03 03:36:43 ERROR user login ok
2026-03-03 03:36:45 INFO user login ok
2026-03-03 03:36:46 INFO connection reset by peer
2026-03-03 03:36:47 INFO invalid token
2026-03-03 03:36:50 INFO user login ok
2026-03-03 03:36:53 INFO user login ok
2026-03-03 03:36:54 INFO connection reset by peer
2026-03-03 03:36:55 INFO user login ok
2026-03-03 03:36:57 INFO cache hit
2026-03-03 03:36:58 WARN request handled
2026-03-03 03:37:00 INFO connection reset by peer
2026-03-03 03:37:04 INFO cache miss
2026-03-03 03:37:08 INFO slow query detected
2026-03-03 03:37:10 INFO request handled
2026-03-03 03:37:14 WARN cache hit
2026-03-03 03:37:16 INFO cache hit
2026-03-03 03:37:18 INFO config reloaded
2026-03-03 03:37:21 WARN config reloaded
2026-03-03 03:37:25 INFO disk usage high
2026-03-03 03:37:29 INFO request handled
2026-03-03 03:37:33 INFO connection reset by peer
2026-03-03 03:37:34 INFO background job finished
### повреждённая строка ###
2026-03-03 03:37:38 INFO user login ok
2026-03-03 03:37:40 INFO cache hit
2026-03-03 03:37:43 INFO user login ok
2026-03-03 03:37:44 INFO user logout
2026-03-03 03:37:45 INFO cache hit
2026-03-03 03:37:49 INFO disk usage high
2026-03-03 03:37:52 INFO user login ok
2026-03-03 03:37:53 INFO slow query detected
2026-03-03 03:37:55 ERROR background job finished
2026-03-03 03:37:58 INFO connection reset by peer
2026-03-03 03:38:01 WARN user login ok
2026-03-03 03:38:05 INFO cache miss
2026-03-03 03:38:08 INFO user login ok
2026-03-03 03:38:11 INFO cache miss
2026-03-03 03:38:13 INFO user login ok
2026-03-03 03:38:14 INFO request handled
2026-03-03 03:38:15 ERROR connection reset by peer
2026-03-03 03:38:19 INFO background job finished
2026-03-03 03:38:23 INFO cache hit
2026-03-03 03:38:27 INFO cache hit
2026-03-03 03:38:29 INFO slow query detected
2026-03-03 03:38:30 WARN user login ok
2026-03-03 03:38:31 INFO database timeout
2026-03-03 03:38:32 INFO user login ok
2026-03-03 03:38:36 INFO user login ok
2026-03-03 03:38:38 INFO connection reset by peer
2026-03-03 03:38:41 INFO user login ok
2026-03-03 03:38:44 INFO cache hit
2026-03-03 03:38:46 INFO user login ok
2026-03-03 03:38:50 INFO invalid token
2026-03-03 03:38:51 INFO background job finished
2026-03-03 03:38:52 INFO connection reset by peer
2026-03-03 03:38:55 INFO background job finished
2026-03-03 03:38:59 INFO user login ok
2026-03-03 03:39:02 INFO cache miss
2026-03-03 03:39:04 INFO cache miss
2026-03-03 03:39:05 INFO disk usage high
2026-03-03 03:39:09 INFO connection reset by peer
2026-03-03 03:39:12 WARN config reloaded
2026-03-03 03:39:15 INFO user logout
2026-03-03 03:39:18 WARN cache hit
2026-03-03 03:39:20 INFO invalid token
2026-03-03 03:39:24 INFO invalid token
2026-03-03 03:39:28 WARN user login ok
2026-03-03 03:39:30 INFO request handled
2026-03-03 03:39:32 INFO user login ok
2026-03-03 03:39:36 INFO background job finished
2026-03-03 03:39:40 INFO user login ok
2026-03-03 03:39:43 INFO connection reset by peer
2026-03-03 03:39:47 INFO request handled
2026-03-03 03:39:51 INFO user login ok
2026-03-03 03:39:54 INFO invalid token
2026-03-03 03:39:55 INFO user login ok
2026-03-03 03:39:57 INFO database timeout
2026-03-03 03:40:01 INFO request handled
2026-03-03 03:40:04 INFO user logout
2026-03-03 03:40:08 WARN request handled
2026-03-03 03:40:10 INFO cache hit
2026-03-03 03:40:12 INFO user login ok
2026-03-03 03:40:14 INFO config reloaded
### повреждённая строка ###
2026-03-03 03:40:18 INFO config reloaded
2026-03-03 03:40:20 ERROR request handled
2026-03-03 03:40:21 WARN database timeout
2026-03-03 03:40:22 INFO user logout
2026-03-03 03:40:24 INFO user login ok
2026-03-03 03:40:25 INFO user login ok
2026-03-03 03:40:28 INFO database timeout
2026-03-03 03:40:31 INFO database timeout
2026-03-03 03:40:34 INFO cache hit
2026-03-03 03:40:35 INFO config reloaded
2026-03-03 03:40:36 INFO request handled
2026-03-03 03:40:38 INFO connection reset by peer
2026-03-03 03:40:41 INFO user login ok
2026-03-03 03:40:44 INFO user login ok
2026-03-03 03:40:47 INFO user login ok
2026-03-03 03:40:48 INFO slow query detected
2026-03-03 03:40:50 INFO user login ok
2026-03-03 03:40:53 INFO connection reset by peer
2026-03-03 03:40:55 INFO cache miss
2026-03-03 03:40:56 INFO user login ok
2026-03-03 03:40:57 INFO slow query detected
2026-03-03 03:41:00 INFO request handled
2026-03-03 03:41:04 INFO user logout
2026-03-03 03:41:07 INFO disk usage high
2026-03-03 03:41:09 INFO user login ok
2026-03-03 03:41:10 INFO user login ok
2026-03-03 03:41:11 INFO cache hit
2026-03-03 03:41:13 INFO user login ok
2026-03-03 03:41:15 INFO user logout
2026-03-03 03:41:19 INFO user login ok
2026-03-03 03:41:23 INFO user login ok
2026-03-03 03:41:26 INFO user login ok
2026-03-03 03:41:27 INFO config reloaded
2026-03-03 03:41:31 INFO user logout
2026-03-03 03:41:32 INFO cache hit
2026-03-03 03:41:35 INFO user login ok
2026-03-03 03:41:39 INFO cache hit
2026-03-03 03:41:40 INFO user login ok
2026-03-03 03:41:43 INFO user login ok
2026-03-03 03:41:44 ERROR invalid token
2026-03-03 03:41:45 INFO user logout
2026-03-03 03:41:49 INFO cache miss
2026-03-03 03:41:51 INFO request handled
2026-03-03 03:41:52 INFO request handled
2026-03-03 03:41:55 INFO connection reset by peer
2026-03-03 03:41:59 INFO user login ok
2026-03-03 03:42:00 INFO cache hit
2026-03-03 03:42:03 WARN user logout
2026-03-03 03:42:06 INFO user login ok
2026-03-03 03:42:07 INFO invalid token
2026-03-03 03:42:10 INFO user login ok
2026-03-03 03:42:11 INFO user logout
2026-03-03 03:42:12 INFO invalid token
2026-03-03 03:42:14 INFO disk usage high
2026-03-03 03:42:15 INFO request handled
2026-03-03 03:42:19 INFO cache hit
2026-03-03 03:42:21 INFO cache hit
2026-03-03 03:42:23 INFO user login ok
2026-03-03 03:42:26 WARN cache hit
2026-03-03 03:42:28 ERROR user login ok
2026-03-03 03:42:31 INFO slow query detected
2026-03-03 03:42:34 ERROR user login ok
2026-03-03 03:42:36 WARN database timeout
2026-03-03 03:42:40 INFO user login ok
2026-03-03 03:42:44 INFO slow query detected
2026-03-03 03:42:45 ERROR user login ok
2026-03-03 03:42:48 INFO cache miss
### повреждённая строка ###
2026-03-03 03:42:53 INFO config reloaded
### повреждённая строка ###
2026-03-03 03:42:55 INFO invalid token
2026-03-03 03:42:56 INFO request handled
2026-03-03 03:42:57 ERROR user logout
2026-03-03 03:42:59 INFO connection reset by peer
2026-03-03 03:43:02 WARN cache miss
2026-03-03 03:43:04 INFO user login ok
2026-03-03 03:43:06 INFO user logout
2026-03-03 03:43:08 INFO slow query detected
2026-03-03 03:43:11 INFO background job finished
2026-03-03 03:43:13 WARN user login ok
### повреждённая строка ###
2026-03-03 03:43:20 WARN cache hit
2026-03-03 03:43:24 INFO slow query detected
2026-03-03 03:43:26 INFO user login ok
2026-03-03 03:43:30 INFO background job finished
2026-03-03 03:43:31 INFO cache hit
2026-03-03 03:43:33 WARN user login ok
2026-03-03 03:43:35 INFO user logout
2026-03-03 03:43:39 INFO user logout
2026-03-03 03:43:43 INFO user login ok
2026-03-03 03:43:46 ERROR request handled
2026-03-03 03:43:48 ERROR request handled
2026-03-03 03:43:50 INFO slow query detected
2026-03-03 03:43:52 INFO request handled
2026-03-03 03:43:53 INFO user login ok
2026-03-03 03:43:54 WARN cache miss
2026-03-03 03:43:58 WARN database timeout
2026-03-03 03:43:59 INFO user logout
2026-03-03 03:44:03 INFO user login ok
2026-03-03 03:44:04 WARN user login ok
2026-03-03 03:44:05 INFO user login ok
2026-03-03 03:44:07 INFO connection reset by peer
2026-03-03 03:44:11 INFO user login ok
2026-03-03 03:44:13 INFO cache hit
2026-03-03 03:44:16 INFO connection reset by peer
2026-03-03 03:44:20 INFO cache hit
2026-03-03 03:44:23 INFO slow query detected
2026-03-03 03:44:26 INFO connection reset by peer
2026-03-03 03:44:27 WARN background job finished
2026-03-03 03:44:28 INFO connection reset by peer
2026-03-03 03:44:32 INFO database timeout
2026-03-03 03:44:34 INFO invalid token
2026-03-03 03:44:37 INFO connection reset by peer
2026-03-03 03:44:38 ERROR user login ok
2026-03-03 03:44:40 ERROR user logout
2026-03-03 03:44:42 INFO config reloaded
2026-03-03 03:44:44 INFO user logout
2026-03-03 03:44:45 INFO disk usage high
2026-03-03 03:44:48 INFO user login ok
2026-03-03 03:44:51 INFO cache hit
2026-03-03 03:44:55 INFO request handled
2026-03-03 03:44:56 INFO cache miss
2026-03-03 03:44:58 INFO cache hit
2026-03-03 03:44:59 INFO user login ok
2026-03-03 03:45:02 INFO background job finished
2026-03-03 03:45:03 INFO cache miss
2026-03-03 03:45:06 ERROR cache miss
2026-03-03 03:45:07 INFO user logout
2026-03-03 03:45:08 WARN user login ok
2026-03-03 03:45:12 INFO user login ok
2026-03-03 03:45:16 INFO config reloaded
2026-03-03 03:45:17 INFO connection reset by peer
2026-03-03 03:45:18 WARN user logout
2026-03-03 03:45:22 INFO user login ok
2026-03-03 03:45:23 INFO user login ok
2026-03-03 03:45:25 INFO user login ok
2026-03-03 03:45:29 ERROR cache hit
2026-03-03 03:45:30 INFO slow query detected
2026-03-03 03:45:33 INFO user login ok
2026-03-03 03:45:36 WARN user login ok
2026-03-03 03:45:40 INFO user logout
2026-03-03 03:45:41 WARN cache miss
2026-03-03 03:45:43 INFO request handled
2026-03-03 03:45:45 WARN database timeout
2026-03-03 03:45:47 INFO user logout
2026-03-03 03:45:49 INFO slow query detected
2026-03-03 03:45:50 INFO user login ok
2026-03-03 03:45:54 INFO user logout
2026-03-03 03:45:55 INFO user login ok
2026-03-03 03:45:58 WARN user login ok
2026-03-03 03:46:02 INFO database timeout
2026-03-03 03:46:06 INFO background job finished
2026-03-03 03:46:09 ERROR background job finished
2026-03-03 03:46:11 INFO database timeout
2026-03-03 03:46:14 INFO user logout
2026-03-03 03:46:18 INFO config reloaded
2026-03-03 03:46:20 INFO disk usage high
2026-03-03 03:46:22 WARN user logout
2026-03-03 03:46:26 INFO user login ok
2026-03-03 03:46:29 INFO user login ok
2026-03-03 03:46:32 INFO user logout
2026-03-03 03:46:33 INFO user logout
2026-03-03 03:46:37 INFO config reloaded
2026-03-03 03:46:41 INFO user logout
2026-03-03 03:46:43 INFO user login ok
2026-03-03 03:46:45 INFO user login ok
2026-03-03 03:46:48 INFO cache hit
2026-03-03 03:46:50 INFO user logout
2026-03-03 03:46:52 INFO cache miss
2026-03-03 03:46:56 INFO cache miss
2026-03-03 03:46:57 INFO disk usage high
2026-03-03 03:46:59 INFO user login ok
2026-03-03 03:47:01 INFO request handled
2026-03-03 03:47:02 INFO user logout
2026-03-03 03:47:05 WARN user login ok
2026-03-03 03:47:06 INFO connection reset by peer
2026-03-03 03:47:07 INFO user login ok
2026-03-03 03:47:10 INFO user logout
2026-03-03 03:47:12 INFO user login ok
2026-03-03 03:47:15 WARN user login ok
2026-03-03 03:47:19 WARN user logout
2026-03-03 03:47:22 INFO slow query detected
2026-03-03 03:47:25 INFO disk usage high
2026-03-03 03:47:29 WARN cache miss
2026-03-03 03:47:31 WARN user logout
2026-03-03 03:47:32 INFO cache miss
2026-03-03 03:47:35 WARN user login ok
2026-03-03 03:47:39 INFO request handled
2026-03-03 03:47:40 WARN user login ok
2026-03-03 03:47:42 INFO user login ok
2026-03-03 03:47:46 INFO user login ok
2026-03-03 03:47:47 INFO connection reset by peer
2026-03-03 03:47:51 INFO background job finished
2026-03-03 03:47:54 INFO user login ok
2026-03-03 03:47:58 ERROR connection reset by peer
2026-03-03 03:48:02 INFO user login ok
2026-03-03 03:48:04 INFO user logout
2026-03-03 03:48:05 INFO user logout
2026-03-03 03:48:08 INFO database timeout
2026-03-03 03:48:09 INFO database timeout
2026-03-03 03:48:10 INFO slow query detected
2026-03-03 03:48:12 INFO cache miss
2026-03-03 03:48:14 INFO config reloaded
2026-03-03 03:48:15 INFO connection reset by peer
2026-03-03 03:48:19 INFO user login ok
2026-03-03 03:48:21 INFO database timeout
2026-03-03 03:48:24 ERROR config reloaded
2026-03-03 03:48:26 INFO database timeout
2026-03-03 03:48:28 INFO user login ok
2026-03-03 03:48:32 INFO cache miss
2026-03-03 03:48:33 INFO user login ok
2026-03-03 03:48:34 INFO user logout
2026-03-03 03:48:37 INFO user login ok
2026-03-03 03:48:41 INFO user logout
2026-03-03 03:48:44 INFO user logout
2026-03-03 03:48:45 INFO background job finished
2026-03-03 03:48:48 INFO user login ok
2026-03-03 03:48:52 INFO database timeout
2026-03-03 03:48:56 INFO cache miss
2026-03-03 03:49:00 INFO user logout
2026-03-03 03:49:02 INFO user login ok
2026-03-03 03:49:06 INFO cache hit
2026-03-03 03:49:09 INFO connection reset by peer
2026-03-03 03:49:10 INFO user logout
2026-03-03 03:49:13 INFO user login ok
2026-03-03 03:49:17 INFO background job finished
2026-03-03 03:49:20 ERROR invalid token
2026-03-03 03:49:24 INFO config reloaded
2026-03-03 03:49:26 INFO slow query detected
2026-03-03 03:49:30 INFO background job finished
2026-03-03 03:49:33 INFO connection reset by peer
2026-03-03 03:49:37 INFO user logout
2026-03-03 03:49:39 INFO config reloaded
2026-03-03 03:49:41 INFO user login ok
2026-03-03 03:49:45 INFO user login ok
2026-03-03 03:49:49 INFO user logout
2026-03-03 03:49:50 WARN background job finished
2026-03-03 03:49:54 INFO user logout
2026-03-03 03:49:55 INFO disk usage high
2026-03-03 03:49:56 INFO background job finished
2026-03-03 03:49:57 INFO user login ok
2026-03-03 03:49:59 WARN request handled
2026-03-03 03:50:01 WARN user logout
2026-03-03 03:50:04 INFO config reloaded
2026-03-03 03:50:08 INFO connection reset by peer
2026-03-03 03:50:11 INFO user logout
2026-03-03 03:50:13 INFO user login ok
2026-03-03 03:50:17 INFO user login ok
2026-03-03 03:50:19 INFO user logout
2026-03-03 03:50:21 INFO database timeout
2026-03-03 03:50:24 ERROR user login ok
2026-03-03 03:50:25 INFO cache hit
2026-03-03 03:50:28 INFO disk usage high
2026-03-03 03:50:29 INFO user login ok
2026-03-03 03:50:33 INFO user login ok
2026-03-03 03:50:35 INFO user logout
2026-03-03 03:50:39 INFO user login ok
### повреждённая строка ###
2026-03-03 03:50:46 INFO user login ok
2026-03-03 03:50:47 INFO disk usage high
2026-03-03 03:50:49 INFO config reloaded
2026-03-03 03:50:53 WARN user login ok
2026-03-03 03:50:55 ERROR connection reset by peer
2026-03-03 03:50:57 INFO user login ok
### повреждённая строка ###
2026-03-03 03:51:04 INFO cache hit
2026-03-03 03:51:06 INFO user logout
2026-03-03 03:51:08 INFO user logout
2026-03-03 03:51:12 INFO slow query detected
2026-03-03 03:51:15 INFO cache miss
2026-03-03 03:51:19 INFO cache hit
2026-03-03 03:51:21 WARN user logout
### повреждённая строка ###
2026-03-03 03:51:27 INFO user logout
2026-03-03 03:51:31 INFO user login ok
2026-03-03 03:51:33 ERROR user login ok
2026-03-03 03:51:37 INFO slow query detected
2026-03-03 03:51:40 INFO user logout
2026-03-03 03:51:41 INFO cache miss
2026-03-03 03:51:43 INFO cache hit
2026-03-03 03:51:47 INFO database timeout
2026-03-03 03:51:50 INFO slow query detected
2026-03-03 03:51:51 INFO user logout
2026-03-03 03:51:53 INFO cache hit
2026-03-03 03:51:55 WARN user login ok
2026-03-03 03:51:56 INFO background job finished
2026-03-03 03:51:57 INFO cache hit
2026-03-03 03:51:59 INFO user login ok
2026-03-03 03:52:03 INFO user login ok
2026-03-03 03:52:04 INFO user login ok
2026-03-03 03:52:05 INFO cache hit
2026-03-03 03:52:08 WARN invalid token
2026-03-03 03:52:09 INFO user logout
2026-03-03 03:52:13 INFO disk usage high
2026-03-03 03:52:17 WARN cache hit
2026-03-03 03:52:20 INFO user logout
2026-03-03 03:52:21 INFO user login ok
2026-03-03 03:52:25 WARN invalid token
2026-03-03 03:52:29 INFO request handled
2026-03-03 03:52:33 INFO user login ok
2026-03-03 03:52:36 INFO background job finished
2026-03-03 03:52:37 WARN connection reset by peer
2026-03-03 03:52:40 INFO cache miss
2026-03-03 03:52:44 INFO user logout
2026-03-03 03:52:48 INFO user login ok
2026-03-03 03:52:49 INFO cache miss
2026-03-03 03:52:51 INFO user login ok
2026-03-03 03:52:53 INFO user logout
2026-03-03 03:52:57 INFO user login ok
2026-03-03 03:52:58 INFO user login ok
2026-03-03 03:53:00 INFO user login ok
2026-03-03 03:53:03 WARN user login ok
2026-03-03 03:53:05 INFO database timeout
2026-03-03 03:53:09 INFO cache miss
2026-03-03 03:53:10 INFO user logout
2026-03-03 03:53:11 INFO cache miss
2026-03-03 03:53:15 INFO user login ok
2026-03-03 03:53:18 WARN background job finished
2026-03-03 03:53:20 INFO connection reset by peer
2026-03-03 03:53:21 INFO cache miss
2026-03-03 03:53:22 WARN user login ok
2026-03-03 03:53:26 INFO connection reset by peer
2026-03-03 03:53:28 INFO cache miss
2026-03-03 03:53:32 INFO user login ok
2026-03-03 03:53:34 INFO user login ok
2026-03-03 03:53:38 INFO cache hit
2026-03-03 03:53:42 INFO user login ok
2026-03-03 03:53:44 INFO user login ok
2026-03-03 03:53:46 INFO user logout
2026-03-03 03:53:48 INFO user logout
2026-03-03 03:53:49 INFO user login ok
2026-03-03 03:53:53 INFO user login ok
2026-03-03 03:53:56 WARN background job finished
2026-03-03 03:53:59 INFO cache hit
2026-03-03 03:54:01 WARN database timeout
2026-03-03 03:54:03 INFO disk usage high
2026-03-03 03:54:06 INFO user login ok
2026-03-03 03:54:09 INFO user login ok
2026-03-03 03:54:13 INFO cache miss
2026-03-03 03:54:17 INFO cache hit
2026-03-03 03:54:18 INFO database timeout
2026-03-03 03:54:21 INFO request handled
2026-03-03 03:54:24 INFO background job finished
2026-03-03 03:54:28 WARN user login ok
2026-03-03 03:54:29 INFO background job finished
2026-03-03 03:54:32 INFO user logout
2026-03-03 03:54:33 INFO connection reset by peer
2026-03-03 03:54:37 WARN background job finished
2026-03-03 03:54:41 INFO cache miss
2026-03-03 03:54:43 INFO user logout
2026-03-03 03:54:45 INFO user login ok
2026-03-03 03:54:47 INFO disk usage high
2026-03-03 03:54:50 INFO disk usage high
2026-03-03 03:54:52 INFO background job finished
2026-03-03 03:54:55 INFO slow query detected
2026-03-03 03:54:56 INFO user login ok
2026-03-03 03:55:00 INFO user login ok
2026-03-03 03:55:03 WARN background job finished
2026-03-03 03:55:07 INFO user login ok
2026-03-03 03:55:11 INFO user login ok
2026-03-03 03:55:14 INFO connection reset by peer
2026-03-03 03:55:16 INFO cache miss
2026-03-03 03:55:17 INFO disk usage high
2026-03-03 03:55:19 INFO disk usage high
2026-03-03 03:55:20 INFO disk usage high
2026-03-03 03:55:24 INFO connection reset by peer
2026-03-03 03:55:26 INFO connection reset by peer
2026-03-03 03:55:29 INFO user logout
2026-03-03 03:55:31 WARN cache hit
2026-03-03 03:55:35 INFO user login ok
2026-03-03 03:55:38 INFO user login ok
2026-03-03 03:55:40 INFO user login ok
2026-03-03 03:55:44 INFO user login ok
2026-03-03 03:55:48 INFO user login ok
2026-03-03 03:55:51 INFO database timeout
2026-03-03 03:55:55 INFO cache hit
2026-03-03 03:55:59 INFO invalid token
2026-03-03 03:56:00 INFO user login ok
2026-03-03 03:56:01 INFO invalid token
2026-03-03 03:56:04 WARN request handled
2026-03-03 03:56:05 INFO user login ok
2026-03-03 03:56:09 WARN disk usage high
2026-03-03 03:56:10 WARN cache miss
2026-03-03 03:56:12 INFO user login ok
2026-03-03 03:56:14 INFO connection reset by peer
2026-03-03 03:56:15 INFO user logout
2026-03-03 03:56:17 WARN database timeout
2026-03-03 03:56:18 WARN background job finished
2026-03-03 03:56:21 INFO user login ok
2026-03-03 03:56:22 INFO user login ok
2026-03-03 03:56:24 ERROR disk usage high
2026-03-03 03:56:26 INFO slow query detected
2026-03-03 03:56:28 INFO disk usage high
2026-03-03 03:56:31 INFO invalid token
2026-03-03 03:56:32 WARN user login ok
2026-03-03 03:56:36 WARN cache miss
2026-03-03 03:56:40 INFO request handled
2026-03-03 03:56:41 INFO request handled
2026-03-03 03:56:45 INFO cache miss
2026-03-03 03:56:49 INFO disk usage high
2026-03-03 03:56:52 INFO user login ok
2026-03-03 03:56:53 INFO user logout
2026-03-03 03:56:55 INFO config reloaded
2026-03-03 03:56:56 INFO database timeout
2026-03-03 03:56:59 INFO disk usage high
2026-03-03 03:57:02 INFO user login ok
2026-03-03 03:57:04 INFO user login ok
2026-03-03 03:57:06 INFO user login ok
2026-03-03 03:57:07 INFO cache miss
2026-03-03 03:57:09 INFO config reloaded
2026-03-03 03:57:13 ERROR user login ok
2026-03-03 03:57:15 INFO user logout
2026-03-03 03:57:19 INFO user logout
2026-03-03 03:57:22 INFO request handled
2026-03-03 03:57:24 INFO cache hit
2026-03-03 03:57:26 INFO connection reset by peer
2026-03-03 03:57:28 INFO config reloaded
2026-03-03 03:57:29 INFO cache hit
2026-03-03 03:57:31 INFO background job finished
2026-03-03 03:57:32 INFO user logout
2026-03-03 03:57:36 INFO config reloaded
2026-03-03 03:57:38 INFO slow query detected
2026-03-03 03:57:42 WARN cache miss
2026-03-03 03:57:44 INFO disk usage high
2026-03-03 03:57:45 INFO slow query detected
2026-03-03 03:57:49 INFO user logout
2026-03-03 03:57:51 INFO cache hit
2026-03-03 03:57:54 INFO background job finished
2026-03-03 03:57:55 INFO connection reset by peer
2026-03-03 03:57:59 INFO user login ok
2026-03-03 03:58:00 INFO request handled
2026-03-03 03:58:03 INFO user login ok
2026-03-03 03:58:04 INFO user login ok
2026-03-03 03:58:07 INFO user login ok
2026-03-03 03:58:10 INFO user login ok
2026-03-03 03:58:11 INFO user logout
2026-03-03 03:58:12 INFO user logout
2026-03-03 03:58:14 INFO cache hit
2026-03-03 03:58:18 WARN request handled
2026-03-03 03:58:20 WARN user login ok
2026-03-03 03:58:22 INFO user logout
2026-03-03 03:58:25 INFO connection reset by peer
2026-03-03 03:58:28 INFO user login ok
2026-03-03 03:58:32 INFO cache miss
2026-03-03 03:58:33 INFO disk usage high
2026-03-03 03:58:34 WARN background job finished
2026-03-03 03:58:37 INFO cache hit
2026-03-03 03:58:38 INFO connection reset by peer
2026-03-03 03:58:39 INFO request handled
2026-03-03 03:58:42 INFO cache hit
2026-03-03 03:58:43 INFO cache hit
2026-03-03 03:58:45 INFO config reloaded
2026-03-03 03:58:49 INFO user logout
2026-03-03 03:58:50 INFO user logout
2026-03-03 03:58:54 INFO user login ok
2026-03-03 03:58:57 INFO user login ok
2026-03-03 03:58:58 INFO connection reset by peer
2026-03-03 03:59:00 INFO user login ok
2026-03-03 03:59:01 INFO user login ok
2026-03-03 03:59:05 WARN connection reset by peer
2026-03-03 03:59:08 WARN background job finished
2026-03-03 03:59:11 INFO user login ok
2026-03-03 03:59:13 INFO disk usage high
2026-03-03 03:59:15 ERROR disk usage high
2026-03-03 03:59:18 INFO user login ok
2026-03-03 03:59:20 INFO connection reset by peer
2026-03-03 03:59:23 INFO user logout
2026-03-03 03:59:27 INFO user logout
2026-03-03 03:59:28 INFO disk usage high
2026-03-03 03:59:32 INFO background job finished
2026-03-03 03:59:35 WARN cache hit
### повреждённая строка ###
2026-03-03 03:59:43 WARN cache miss
2026-03-03 03:59:47 INFO user logout
2026-03-03 03:59:48 INFO user login ok
2026-03-03 03:59:50 INFO invalid token
2026-03-03 03:59:52 INFO user login ok
2026-03-03 03:59:55 INFO invalid token
2026-03-03 03:59:56 INFO disk usage high
2026-03-03 03:59:57 INFO user login ok
2026-03-03 04:00:01 INFO slow query detected
2026-03-03 04:00:05 INFO connection reset by peer
2026-03-03 04:00:08 WARN user login ok
2026-03-03 04:00:11 WARN request handled
2026-03-03 04:00:14 INFO disk usage high
### повреждённая строка ###
2026-03-03 04:00:18 INFO slow query detected
2026-03-03 04:00:21 WARN slow query detected
2026-03-03 04:00:22 INFO user login ok
2026-03-03 04:00:23 WARN disk usage high
2026-03-03 04:00:26 INFO slow query detected
2026-03-03 04:00:30 INFO cache hit
2026-03-03 04:00:32 INFO request handled
2026-03-03 04:00:33 INFO user logout
2026-03-03 04:00:37 INFO user login ok
2026-03-03 04:00:38 INFO user logout
2026-03-03 04:00:39 INFO user login ok
2026-03-03 04:00:42 INFO user logout
2026-03-03 04:00:46 INFO disk usage high
2026-03-03 04:00:47 INFO user login ok
2026-03-03 04:00:48 INFO invalid token
2026-03-03 04:00:52 INFO user login ok
2026-03-03 04:00:54 WARN cache miss
2026-03-03 04:00:55 WARN background job finished
2026-03-03 04:00:57 WARN slow query detected
2026-03-03 04:00:58 INFO background job finished
2026-03-03 04:01:02 INFO background job finished
2026-03-03 04:01:05 INFO user login ok
2026-03-03 04:01:06 INFO config reloaded
2026-03-03 04:01:07 INFO config reloaded
2026-03-03 04:01:09 WARN user logout
2026-03-03 04:01:13 INFO user login ok
2026-03-03 04:01:14 INFO cache miss
2026-03-03 04:01:15 INFO slow query detected
2026-03-03 04:01:19 ERROR user logout
2026-03-03 04:01:20 INFO user login ok
2026-03-03 04:01:22 INFO user login ok
2026-03-03 04:01:26 ERROR database timeout
2026-03-03 04:01:30 INFO disk usage high
2026-03-03 04:01:34 WARN user logout
2026-03-03 04:01:35 INFO cache hit
2026-03-03 04:01:37 INFO connection reset by peer
2026-03-03 04:01:40 INFO invalid token
2026-03-03 04:01:42 INFO database timeout
2026-03-03 04:01:43 INFO user login ok
2026-03-03 04:01:46 INFO user logout
2026-03-03 04:01:49 INFO cache miss
2026-03-03 04:01:53 INFO slow query detected
2026-03-03 04:01:55 INFO request handled
2026-03-03 04:01:57 INFO database timeout
2026-03-03 04:01:59 INFO cache hit
2026-03-03 04:02:01 INFO disk usage high
2026-03-03 04:02:03 WARN user logout
2026-03-03 04:02:07 INFO user login ok
2026-03-03 04:02:09 INFO connection reset by peer
2026-03-03 04:02:12 INFO user logout
2026-03-03 04:02:13 INFO user login ok
2026-03-03 04:02:17 INFO invalid token
2026-03-03 04:02:21 WARN disk usage high
2026-03-03 04:02:22 INFO user logout
2026-03-03 04:02:24 WARN database timeout
2026-03-03 04:02:27 INFO disk usage high
2026-03-03 04:02:29 INFO user logout
2026-03-03 04:02:30 INFO disk usage high
2026-03-03 04:02:31 INFO cache miss
2026-03-03 04:02:32 INFO user logout
2026-03-03 04:02:33 WARN user login ok
2026-03-03 04:02:35 INFO database timeout
2026-03-03 04:02:37 INFO slow query detected
2026-03-03 04:02:40 INFO user login ok
2026-03-03 04:02:44 INFO user login ok
2026-03-03 04:02:48 INFO request handled
2026-03-03 04:02:51 INFO config reloaded
2026-03-03 04:02:52 INFO cache hit
2026-03-03 04:02:55 INFO user login ok
2026-03-03 04:02:58 INFO connection reset by peer
2026-03-03 04:03:01 WARN user login ok
2026-03-03 04:03:02 INFO cache miss
2026-03-03 04:03:06 INFO config reloaded
2026-03-03 04:03:08 WARN user logout
2026-03-03 04:03:10 INFO slow query detected
2026-03-03 04:03:11 INFO connection reset by peer
2026-03-03 04:03:14 WARN database timeout
2026-03-03 04:03:18 INFO user login ok
2026-03-03 04:03:22 INFO database timeout
2026-03-03 04:03:26 WARN user login ok
2026-03-03 04:03:28 INFO background job finished
2026-03-03 04:03:30 ERROR user logout
2026-03-03 04:03:34 INFO cache miss
2026-03-03 04:03:37 INFO cache hit
2026-03-03 04:03:39 INFO request handled
2026-03-03 04:03:42 INFO cache miss
2026-03-03 04:03:44 WARN user login ok
2026-03-03 04:03:48 INFO background job finished
2026-03-03 04:03:52 INFO user login ok
2026-03-03 04:03:54 INFO user login ok
2026-03-03 04:03:56 WARN user login ok
2026-03-03 04:03:59 WARN user login ok
2026-03-03 04:04:01 INFO user logout
2026-03-03 04:04:04 INFO user login ok
2026-03-03 04:04:08 INFO database timeout
2026-03-03 04:04:12 ERROR background job finished
2026-03-03 04:04:15 INFO cache hit
2026-03-03 04:04:17 WARN cache miss
2026-03-03 04:04:20 INFO connection reset by peer
2026-03-03 04:04:24 INFO user login ok
2026-03-03 04:04:27 INFO cache miss
2026-03-03 04:04:31 INFO connection reset by peer
2026-03-03 04:04:32 INFO slow query detected
2026-03-03 04:04:33 INFO cache hit
2026-03-03 04:04:34 WARN connection reset by peer
2026-03-03 04:04:37 WARN cache miss
2026-03-03 04:04:40 INFO user login ok
2026-03-03 04:04:41 WARN user login ok
2026-03-03 04:04:43 INFO slow query detected
2026-03-03 04:04:46 INFO user login ok
2026-03-03 04:04:50 ERROR invalid token
2026-03-03 04:04:53 INFO disk usage high
2026-03-03 04:04:54 INFO user logout
2026-03-03 04:04:57 INFO invalid token
2026-03-03 04:05:01 ERROR user login ok
2026-03-03 04:05:02 INFO user login ok
2026-03-03 04:05:05 INFO invalid token
2026-03-03 04:05:07 INFO config reloaded
2026-03-03 04:05:10 INFO cache hit
2026-03-03 04:05:11 WARN user logout
2026-03-03 04:05:13 INFO invalid token
2026-03-03 04:05:17 INFO cache hit
2026-03-03 04:05:19 INFO cache hit
2026-03-03 04:05:20 ERROR user login ok
2026-03-03 04:05:22 INFO request handled
2026-03-03 04:05:25 INFO request handled
2026-03-03 04:05:27 INFO slow query detected
2026-03-03 04:05:31 INFO slow query detected
2026-03-03 04:05:34 INFO cache hit
2026-03-03 04:05:37 INFO connection reset by peer
2026-03-03 04:05:39 WARN user login ok
2026-03-03 04:05:42 INFO user login ok
2026-03-03 04:05:46 INFO user login ok
2026-03-03 04:05:49 INFO cache hit
2026-03-03 04:05:51 INFO user login ok
2026-03-03 04:05:54 WARN cache miss
2026-03-03 04:05:57 INFO user login ok
2026-03-03 04:06:00 INFO user login ok
2026-03-03 04:06:03 WARN user login ok
2026-03-03 04:06:06 WARN user logout
2026-03-03 04:06:07 INFO user login ok
2026-03-03 04:06:09 INFO cache miss
2026-03-03 04:06:12 WARN user login ok
2026-03-03 04:06:15 INFO config reloaded
2026-03-03 04:06:17 INFO slow query detected
2026-03-03 04:06:20 INFO background job finished
2026-03-03 04:06:22 WARN connection reset by peer
2026-03-03 04:06:23 INFO user logout
2026-03-03 04:06:27 INFO cache hit
2026-03-03 04:06:29 INFO user login ok
2026-03-03 04:06:32 WARN user logout
2026-03-03 04:06:34 INFO cache hit
2026-03-03 04:06:37 WARN user logout
2026-03-03 04:06:39 INFO user login ok
2026-03-03 04:06:43 INFO connection reset by peer
2026-03-03 04:06:44 INFO cache miss
2026-03-03 04:06:48 INFO cache miss
2026-03-03 04:06:51 INFO disk usage high
2026-03-03 04:06:52 INFO database timeout
2026-03-03 04:06:55 INFO disk usage high
2026-03-03 04:06:57 INFO user login ok
2026-03-03 04:07:00 INFO user logout
2026-03-03 04:07:01 INFO slow query detected
2026-03-03 04:07:02 INFO user login ok
2026-03-03 04:07:06 INFO cache hit
2026-03-03 04:07:08 INFO config reloaded
2026-03-03 04:07:12 INFO slow query detected
2026-03-03 04:07:14 INFO user login ok
2026-03-03 04:07:16 INFO user login ok
2026-03-03 04:07:19 INFO user logout
2026-03-03 04:07:23 INFO slow query detected
2026-03-03 04:07:26 INFO user login ok
2026-03-03 04:07:27 INFO slow query detected
2026-03-03 04:07:28 INFO database timeout
2026-03-03 04:07:30 INFO request handled
2026-03-03 04:07:31 INFO cache miss
2026-03-03 04:07:35 INFO user logout
2026-03-03 04:07:39 INFO user login ok
2026-03-03 04:07:41 INFO user logout
2026-03-03 04:07:45 INFO user login ok
2026-03-03 04:07:47 INFO request handled
2026-03-03 04:07:51 INFO cache hit
2026-03-03 04:07:54 INFO slow query detected
2026-03-03 04:07:55 INFO cache miss
2026-03-03 04:07:58 WARN slow query detected
2026-03-03 04:08:01 INFO request handled
2026-03-03 04:08:05 WARN user login ok
2026-03-03 04:08:09 INFO user login ok
2026-03-03 04:08:12 INFO user login ok
2026-03-03 04:08:13 INFO user login ok
2026-03-03 04:08:15 INFO user login ok
2026-03-03 04:08:17 INFO disk usage high
2026-03-03 04:08:21 INFO database timeout
2026-03-03 04:08:22 INFO disk usage high
2026-03-03 04:08:23 INFO background job finished
2026-03-03 04:08:24 INFO cache hit
2026-03-03 04:08:26 INFO cache hit
2026-03-03 04:08:30 INFO cache miss
2026-03-03 04:08:34 INFO slow query detected
2026-03-03 04:08:35 INFO background job finished
2026-03-03 04:08:39 INFO request handled
2026-03-03 04:08:40 INFO cache hit
2026-03-03 04:08:43 INFO user login ok
2026-03-03 04:08:44 ERROR connection reset by peer
2026-03-03 04:08:45 INFO cache hit
2026-03-03 04:08:47 INFO invalid token
2026-03-03 04:08:50 INFO user login ok
2026-03-03 04:08:54 WARN database timeout
2026-03-03 04:08:57 ERROR user login ok
2026-03-03 04:09:00 INFO cache miss
2026-03-03 04:09:03 INFO cache hit
2026-03-03 04:09:04 ERROR invalid token
### повреждённая строка ###
2026-03-03 04:09:08 INFO cache hit
2026-03-03 04:09:11 INFO connection reset by peer
2026-03-03 04:09:15 INFO request handled
2026-03-03 04:09:18 INFO cache miss
2026-03-03 04:09:21 INFO user login ok
2026-03-03 04:09:22 INFO background job finished
2026-03-03 04:09:24 WARN connection reset by peer
2026-03-03 04:09:25 INFO user logout
2026-03-03 04:09:27 INFO user login ok
2026-03-03 04:09:29 WARN user login ok
2026-03-03 04:09:31 INFO disk usage high
2026-03-03 04:09:34 INFO user login ok
2026-03-03 04:09:35 INFO config reloaded
2026-03-03 04:09:36 INFO user logout
2026-03-03 04:09:37 WARN user login ok
2026-03-03 04:09:40 INFO request handled
2026-03-03 04:09:44 INFO cache miss
2026-03-03 04:09:45 INFO user logout
2026-03-03 04:09:46 INFO user login ok
2026-03-03 04:09:49 WARN cache hit
2026-03-03 04:09:50 INFO disk usage high
2026-03-03 04:09:51 INFO slow query detected
2026-03-03 04:09:54 WARN user logout
2026-03-03 04:09:55 INFO cache miss
2026-03-03 04:09:57 INFO user logout
2026-03-03 04:09:58 INFO connection reset by peer
2026-03-03 04:10:01 INFO user logout
2026-03-03 04:10:05 INFO cache miss
2026-03-03 04:10:06 INFO invalid token
2026-03-03 04:10:09 INFO user login ok
2026-03-03 04:10:11 INFO invalid token
2026-03-03 04:10:15 ERROR disk usage high
2026-03-03 04:10:17 INFO cache hit
2026-03-03 04:10:20 INFO user login ok
2026-03-03 04:10:23 ERROR request handled
2026-03-03 04:10:27 ERROR user logout
2026-03-03 04:10:30 INFO user login ok
2026-03-03 04:10:34 INFO database timeout
2026-03-03 04:10:35 WARN connection reset by peer
2026-03-03 04:10:39 INFO user login ok
2026-03-03 04:10:42 INFO user logout
2026-03-03 04:10:44 INFO user login ok
2026-03-03 04:10:47 INFO user login ok
2026-03-03 04:10:49 INFO cache miss
2026-03-03 04:10:51 INFO user logout
2026-03-03 04:10:52 INFO user login ok
2026-03-03 04:10:54 INFO slow query detected
2026-03-03 04:10:58 INFO user logout
2026-03-03 04:11:01 INFO user logout
2026-03-03 04:11:02 INFO request handled
2026-03-03 04:11:06 INFO config reloaded
2026-03-03 04:11:07 INFO connection reset by peer
2026-03-03 04:11:08 INFO user logout
2026-03-03 04:11:12 INFO user login ok
2026-03-03 04:11:16 WARN background job finished
2026-03-03 04:11:19 INFO cache hit
2026-03-03 04:11:22 INFO user logout
2026-03-03 04:11:23 INFO user login ok
2026-03-03 04:11:24 INFO cache hit
2026-03-03 04:11:28 INFO user logout
2026-03-03 04:11:29 INFO invalid token
2026-03-03 04:11:30 INFO cache hit
2026-03-03 04:11:33 INFO config reloaded
2026-03-03 04:11:36 INFO user login ok
2026-03-03 04:11:40 INFO cache miss
2026-03-03 04:11:41 INFO slow query detected
2026-03-03 04:11:44 INFO disk usage high
2026-03-03 04:11:46 INFO database timeout
2026-03-03 04:11:49 INFO request handled
2026-03-03 04:11:50 WARN user logout
2026-03-03 04:11:53 INFO invalid token
2026-03-03 04:11:56 INFO slow query detected
2026-03-03 04:11:57 ERROR user login ok
2026-03-03 04:12:00 INFO user login ok
2026-03-03 04:12:01 INFO user logout
2026-03-03 04:12:03 ERROR background job finished
2026-03-03 04:12:06 INFO user logout
2026-03-03 04:12:07 INFO user logout
2026-03-03 04:12:11 INFO cache miss
2026-03-03 04:12:14 INFO user logout
2026-03-03 04:12:16 ERROR user logout
2026-03-03 04:12:19 INFO cache hit
2026-03-03 04:12:23 WARN background job finished
2026-03-03 04:12:24 INFO cache hit
2026-03-03 04:12:25 INFO connection reset by peer
2026-03-03 04:12:27 ERROR user login ok
2026-03-03 04:12:29 ERROR cache miss
2026-03-03 04:12:32 INFO invalid token
2026-03-03 04:12:33 INFO database timeout
2026-03-03 04:12:36 INFO slow query detected
2026-03-03 04:12:39 INFO connection reset by peer
2026-03-03 04:12:40 INFO disk usage high
2026-03-03 04:12:41 WARN user login ok
2026-03-03 04:12:42 INFO database timeout
2026-03-03 04:12:44 WARN disk usage high
2026-03-03 04:12:48 INFO cache hit
2026-03-03 04:12:51 INFO user login ok
2026-03-03 04:12:54 INFO cache miss
2026-03-03 04:12:57 INFO invalid token
2026-03-03 04:13:01 INFO database timeout
2026-03-03 04:13:05 INFO user login ok
2026-03-03 04:13:08 INFO cache miss
2026-03-03 04:13:10 INFO disk usage high
2026-03-03 04:13:13 INFO connection reset by peer
2026-03-03 04:13:15 INFO cache miss
2026-03-03 04:13:19 INFO cache miss
2026-03-03 04:13:23 INFO connection reset by peer
2026-03-03 04:13:27 INFO cache miss
2026-03-03 04:13:30 INFO user login ok
2026-03-03 04:13:33 ERROR user login ok
2026-03-03 04:13:34 WARN user login ok
2026-03-03 04:13:36 WARN config reloaded
2026-03-03 04:13:39 WARN user logout
2026-03-03 04:13:40 INFO user login ok
2026-03-03 04:13:41 INFO user login ok
2026-03-03 04:13:42 INFO background job finished
2026-03-03 04:13:44 INFO disk usage high
2026-03-03 04:13:48 INFO user login ok
2026-03-03 04:13:52 WARN user login ok
2026-03-03 04:13:56 INFO user logout
2026-03-03 04:13:59 INFO request handled
2026-03-03 04:14:02 INFO user logout
2026-03-03 04:14:04 INFO user logout
2026-03-03 04:14:08 INFO background job finished
2026-03-03 04:14:12 INFO request handled
2026-03-03 04:14:16 INFO config reloaded
2026-03-03 04:14:17 INFO user login ok
2026-03-03 04:14:18 INFO request handled
2026-03-03 04:14:19 INFO cache hit
2026-03-03 04:14:23 INFO user login ok
2026-03-03 04:14:24 INFO user login ok
2026-03-03 04:14:25 INFO database timeout
2026-03-03 04:14:28 INFO cache miss
2026-03-03 04:14:32 INFO connection reset by peer
2026-03-03 04:14:35 INFO cache miss
2026-03-03 04:14:38 INFO user login ok
2026-03-03 04:14:40 WARN user login ok
2026-03-03 04:14:42 INFO cache miss
2026-03-03 04:14:44 WARN user logout
2026-03-03 04:14:45 INFO connection reset by peer
2026-03-03 04:14:48 INFO cache miss
2026-03-03 04:14:49 INFO user logout
2026-03-03 04:14:50 WARN slow query detected
2026-03-03 04:14:54 INFO disk usage high
2026-03-03 04:14:55 INFO connection reset by peer
2026-03-03 04:14:59 WARN user login ok
2026-03-03 04:15:00 INFO connection reset by peer
2026-03-03 04:15:01 INFO user login ok
2026-03-03 04:15:03 INFO invalid token
2026-03-03 04:15:06 INFO user logout
2026-03-03 04:15:09 INFO connection reset by peer
2026-03-03 04:15:11 INFO user logout
2026-03-03 04:15:12 INFO database timeout
2026-03-03 04:15:15 INFO user logout
2026-03-03 04:15:19 INFO config reloaded
2026-03-03 04:15:20 INFO connection reset by peer
2026-03-03 04:15:24 INFO slow query detected
2026-03-03 04:15:25 INFO slow query detected
2026-03-03 04:15:29 INFO cache miss
2026-03-03 04:15:32 INFO connection reset by peer
2026-03-03 04:15:33 ERROR cache hit
2026-03-03 04:15:36 INFO user login ok
2026-03-03 04:15:37 WARN connection reset by peer
2026-03-03 04:15:40 INFO cache miss
2026-03-03 04:15:44 WARN disk usage high
2026-03-03 04:15:47 INFO background job finished
2026-03-03 04:15:50 INFO invalid token
2026-03-03 04:15:51 INFO disk usage high
2026-03-03 04:15:52 ERROR connection reset by peer
2026-03-03 04:15:56 INFO disk usage high
2026-03-03 04:15:59 INFO cache hit
2026-03-03 04:16:02 ERROR cache hit
2026-03-03 04:16:05 INFO database timeout
2026-03-03 04:16:09 INFO user login ok
2026-03-03 04:16:10 INFO request handled
2026-03-03 04:16:12 INFO disk usage high
2026-03-03 04:16:15 INFO user login ok
2026-03-03 04:16:17 INFO cache hit
2026-03-03 04:16:20 INFO user login ok
2026-03-03 04:16:23 WARN user login ok
2026-03-03 04:16:26 INFO user login ok
2026-03-03 04:16:27 INFO user login ok
2026-03-03 04:16:28 INFO user login ok
2026-03-03 04:16:29 INFO cache miss
2026-03-03 04:16:31 INFO user logout
2026-03-03 04:16:33 WARN cache miss
2026-03-03 04:16:36 INFO slow query detected
2026-03-03 04:16:37 INFO request handled
2026-03-03 04:16:41 INFO user login ok
2026-03-03 04:16:44 WARN user login ok
2026-03-03 04:16:46 ERROR user login ok
2026-03-03 04:16:48 INFO user logout
2026-03-03 04:16:50 INFO user login ok
2026-03-03 04:16:54 INFO user login ok
2026-03-03 04:16:55 INFO database timeout
2026-03-03 04:16:58 INFO user logout
2026-03-03 04:16:59 INFO user login ok
2026-03-03 04:17:00 INFO user login ok
2026-03-03 04:17:02 INFO config reloaded
2026-03-03 04:17:05 INFO user logout
2026-03-03 04:17:08 WARN background job finished
2026-03-03 04:17:10 INFO disk usage high
2026-03-03 04:17:12 INFO request handled
2026-03-03 04:17:15 INFO cache hit
2026-03-03 04:17:19 INFO user login ok
2026-03-03 04:17:22 INFO user logout
2026-03-03 04:17:23 INFO cache hit
2026-03-03 04:17:27 INFO cache hit
2026-03-03 04:17:30 INFO cache miss
2026-03-03 04:17:33 INFO invalid token
2026-03-03 04:17:34 INFO user login ok
2026-03-03 04:17:38 INFO user login ok
2026-03-03 04:17:42 INFO cache hit
2026-03-03 04:17:45 INFO invalid token
2026-03-03 04:17:46 INFO user login ok
2026-03-03 04:17:50 INFO config reloaded
2026-03-03 04:17:52 INFO cache miss
2026-03-03 04:17:53 INFO user login ok
2026-03-03 04:17:55 INFO disk usage high
2026-03-03 04:17:58 INFO user login ok
2026-03-03 04:18:02 WARN user logout
2026-03-03 04:18:04 INFO user login ok
2026-03-03 04:18:07 INFO user logout
2026-03-03 04:18:10 INFO database timeout
2026-03-03 04:18:11 INFO user logout
2026-03-03 04:18:12 INFO request handled
2026-03-03 04:18:14 INFO request handled
2026-03-03 04:18:17 INFO user logout
2026-03-03 04:18:18 INFO config reloaded
2026-03-03 04:18:22 WARN cache miss
2026-03-03 04:18:24 INFO user logout
2026-03-03 04:18:25 INFO cache miss
2026-03-03 04:18:29 INFO invalid token
2026-03-03 04:18:31 ERROR request handled
2026-03-03 04:18:35 WARN background job finished
2026-03-03 04:18:39 INFO user login ok
2026-03-03 04:18:40 INFO cache miss
2026-03-03 04:18:42 INFO connection reset by peer
2026-03-03 04:18:44 INFO cache miss
2026-03-03 04:18:47 INFO database timeout
2026-03-03 04:18:49 INFO database timeout
2026-03-03 04:18:52 INFO cache hit
2026-03-03 04:18:54 INFO user logout
2026-03-03 04:18:58 INFO user login ok
2026-03-03 04:19:00 INFO user login ok
2026-03-03 04:19:02 INFO cache hit
2026-03-03 04:19:04 INFO background job finished
2026-03-03 04:19:08 INFO config reloaded
2026-03-03 04:19:10 INFO connection reset by peer
2026-03-03 04:19:12 INFO cache miss
2026-03-03 04:19:15 INFO request handled
2026-03-03 04:19:19 INFO request handled
2026-03-03 04:19:22 INFO cache hit
2026-03-03 04:19:24 WARN config reloaded
2026-03-03 04:19:27 INFO cache miss
2026-03-03 04:19:28 INFO user login ok
2026-03-03 04:19:32 ERROR user logout
2026-03-03 04:19:36 INFO user login ok
2026-03-03 04:19:40 WARN slow query detected
2026-03-03 04:19:42 WARN connection reset by peer
2026-03-03 04:19:45 INFO user login ok
2026-03-03 04:19:46 INFO disk usage high
2026-03-03 04:19:49 WARN user login ok
2026-03-03 04:19:50 INFO slow query detected
2026-03-03 04:19:53 WARN cache miss
2026-03-03 04:19:56 INFO request handled
2026-03-03 04:19:57 ERROR cache hit
2026-03-03 04:20:00 INFO user login ok
2026-03-03 04:20:04 INFO cache miss
2026-03-03 04:20:06 INFO cache miss
2026-03-03 04:20:07 INFO request handled
2026-03-03 04:20:09 INFO cache hit
2026-03-03 04:20:10 INFO config reloaded
2026-03-03 04:20:14 INFO user login ok
2026-03-03 04:20:16 INFO user login ok
2026-03-03 04:20:19 INFO background job finished
2026-03-03 04:20:21 INFO disk usage high
2026-03-03 04:20:24 WARN slow query detected
### повреждённая строка ###
2026-03-03 04:20:29 INFO cache hit
2026-03-03 04:20:31 INFO user login ok
2026-03-03 04:20:33 INFO request handled
2026-03-03 04:20:35 INFO request handled
2026-03-03 04:20:38 INFO user login ok
2026-03-03 04:20:42 INFO request handled
2026-03-03 04:20:45 INFO disk usage high
2026-03-03 04:20:48 INFO cache hit
2026-03-03 04:20:50 WARN user login ok
2026-03-03 04:20:51 INFO cache miss
2026-03-03 04:20:54 INFO user login ok
2026-03-03 04:20:58 WARN user login ok
2026-03-03 04:21:00 WARN config reloaded
2026-03-03 04:21:04 WARN disk usage high
2026-03-03 04:21:08 INFO cache hit
2026-03-03 04:21:09 INFO invalid token
2026-03-03 04:21:12 INFO request handled
2026-03-03 04:21:13 WARN slow query detected
2026-03-03 04:21:16 INFO config reloaded
2026-03-03 04:21:18 INFO user login ok
2026-03-03 04:21:21 WARN config reloaded
2026-03-03 04:21:22 INFO user logout
2026-03-03 04:21:25 ERROR database timeout
2026-03-03 04:21:28 WARN cache hit
2026-03-03 04:21:32 INFO slow query detected
2026-03-03 04:21:33 INFO cache miss
2026-03-03 04:21:35 INFO user login ok
2026-03-03 04:21:39 INFO user login ok
2026-03-03 04:21:42 INFO user login ok
2026-03-03 04:21:46 INFO request handled
2026-03-03 04:21:49 INFO cache hit
2026-03-03 04:21:51 INFO user logout
2026-03-03 04:21:55 INFO user login ok
2026-03-03 04:21:56 ERROR user login ok
2026-03-03 04:21:58 INFO user logout
2026-03-03 04:21:59 WARN user login ok
2026-03-03 04:22:03 INFO disk usage high
2026-03-03 04:22:04 INFO background job finished
2026-03-03 04:22:08 INFO user login ok
2026-03-03 04:22:10 INFO user login ok
2026-03-03 04:22:12 INFO disk usage high
2026-03-03 04:22:13 INFO invalid token
2026-03-03 04:22:14 WARN config reloaded
2026-03-03 04:22:16 INFO request handled
2026-03-03 04:22:19 INFO user logout
2026-03-03 04:22:20 WARN background job finished
2026-03-03 04:22:24 INFO user login ok
2026-03-03 04:22:26 INFO cache hit
2026-03-03 04:22:28 WARN cache hit
2026-03-03 04:22:30 INFO cache miss
2026-03-03 04:22:33 WARN user login ok
2026-03-03 04:22:36 INFO request handled
2026-03-03 04:22:38 INFO request handled
2026-03-03 04:22:40 INFO user logout
2026-03-03 04:22:43 INFO user login ok
2026-03-03 04:22:47 INFO cache miss
2026-03-03 04:22:48 INFO user login ok
2026-03-03 04:22:50 WARN cache hit
2026-03-03 04:22:52 INFO user logout
2026-03-03 04:22:55 INFO cache hit
2026-03-03 04:22:58 INFO user logout
2026-03-03 04:23:02 INFO user login ok
2026-03-03 04:23:04 WARN cache miss
2026-03-03 04:23:08 INFO slow query detected
2026-03-03 04:23:09 INFO database timeout
2026-03-03 04:23:11 INFO user login ok
2026-03-03 04:23:12 ERROR user login ok
2026-03-03 04:23:15 INFO user logout
2026-03-03 04:23:16 INFO cache hit
2026-03-03 04:23:20 INFO cache miss
2026-03-03 04:23:24 INFO request handled
2026-03-03 04:23:27 ERROR user login ok
2026-03-03 04:23:30 ERROR disk usage high
2026-03-03 04:23:34 INFO user login ok
2026-03-03 04:23:38 INFO config reloaded
2026-03-03 04:23:40 ERROR user login ok
2026-03-03 04:23:44 INFO config reloaded
2026-03-03 04:23:48 INFO request handled
2026-03-03 04:23:52 INFO slow query detected
2026-03-03 04:23:56 WARN config reloaded
2026-03-03 04:23:59 INFO user logout
2026-03-03 04:24:02 INFO user logout
2026-03-03 04:24:03 INFO user login ok
2026-03-03 04:24:06 INFO user login ok
2026-03-03 04:24:10 INFO connection reset by peer
2026-03-03 04:24:13 INFO user login ok
2026-03-03 04:24:16 INFO user login ok
2026-03-03 04:24:18 INFO connection reset by peer
2026-03-03 04:24:19 INFO user logout
2026-03-03 04:24:22 WARN cache hit
2026-03-03 04:24:25 INFO cache miss
2026-03-03 04:24:26 INFO cache miss
### повреждённая строка ###
2026-03-03 04:24:31 WARN user logout
2026-03-03 04:24:35 WARN user login ok
2026-03-03 04:24:36 WARN user logout
2026-03-03 04:24:39 INFO user logout
2026-03-03 04:24:43 INFO user login ok
2026-03-03 04:24:45 INFO cache hit
2026-03-03 04:24:48 INFO user logout
2026-03-03 04:24:51 INFO cache miss
2026-03-03 04:24:52 INFO request handled
2026-03-03 04:24:55 INFO connection reset by peer
2026-03-03 04:24:57 INFO request handled
2026-03-03 04:24:58 INFO user login ok
2026-03-03 04:25:01 INFO config reloaded
2026-03-03 04:25:04 INFO request handled
2026-03-03 04:25:07 INFO user login ok
2026-03-03 04:25:09 INFO user logout
2026-03-03 04:25:10 INFO cache hit
2026-03-03 04:25:12 INFO user login ok
2026-03-03 04:25:15 INFO user logout
2026-03-03 04:25:17 INFO slow query detected
### повреждённая строка ###
2026-03-03 04:25:23 INFO slow query detected
2026-03-03 04:25:25 INFO database timeout
2026-03-03 04:25:29 INFO invalid token
2026-03-03 04:25:30 INFO user login ok
2026-03-03 04:25:31 INFO config reloaded
2026-03-03 04:25:34 INFO cache hit
2026-03-03 04:25:37 INFO cache miss
2026-03-03 04:25:41 INFO config reloaded
2026-03-03 04:25:42 INFO cache hit
2026-03-03 04:25:43 INFO user login ok
2026-03-03 04:25:47 INFO request handled
2026-03-03 04:25:51 INFO user logout
2026-03-03 04:25:54 WARN user logout
2026-03-03 04:25:56 INFO connection reset by peer
2026-03-03 04:26:00 INFO database timeout
2026-03-03 04:26:01 INFO background job finished
2026-03-03 04:26:04 INFO cache hit
2026-03-03 04:26:07 INFO user login ok
2026-03-03 04:26:10 INFO cache hit
2026-03-03 04:26:12 INFO user login ok
2026-03-03 04:26:14 INFO cache miss
2026-03-03 04:26:17 INFO user logout
2026-03-03 04:26:19 INFO user login ok
2026-03-03 04:26:20 INFO disk usage high
2026-03-03 04:26:24 INFO user logout
2026-03-03 04:26:27 INFO user login ok
2026-03-03 04:26:30 INFO user login ok
2026-03-03 04:26:34 INFO background job finished
2026-03-03 04:26:36 INFO cache hit
2026-03-03 04:26:38 INFO config reloaded
2026-03-03 04:26:39 ERROR background job finished
2026-03-03 04:26:43 INFO user logout
2026-03-03 04:26:44 INFO user login ok
2026-03-03 04:26:46 INFO background job finished
2026-03-03 04:26:47 INFO request handled
2026-03-03 04:26:51 INFO user login ok
2026-03-03 04:26:53 WARN user login ok
2026-03-03 04:26:54 INFO cache miss
2026-03-03 04:26:56 WARN request handled
2026-03-03 04:26:59 INFO cache miss
2026-03-03 04:27:01 INFO connection reset by peer
2026-03-03 04:27:05 INFO user login ok
2026-03-03 04:27:07 INFO cache miss
2026-03-03 04:27:11 INFO user login ok
2026-03-03 04:27:15 INFO user logout
2026-03-03 04:27:16 INFO user login ok
2026-03-03 04:27:19 INFO user login ok
2026-03-03 04:27:21 INFO user login ok
2026-03-03 04:27:25 INFO user login ok
2026-03-03 04:27:28 INFO user login ok
2026-03-03 04:27:30 INFO config reloaded
2026-03-03 04:27:34 WARN user login ok
2026-03-03 04:27:35 INFO cache hit
2026-03-03 04:27:39 INFO user logout
2026-03-03 04:27:40 INFO cache hit
2026-03-03 04:27:43 INFO disk usage high
2026-03-03 04:27:45 INFO user login ok
2026-03-03 04:27:46 INFO cache miss
2026-03-03 04:27:49 WARN invalid token
2026-03-03 04:27:52 INFO request handled
2026-03-03 04:27:54 INFO user login ok
2026-03-03 04:27:57 INFO invalid token
2026-03-03 04:27:59 INFO user login ok
2026-03-03 04:28:03 INFO connection reset by peer
2026-03-03 04:28:07 INFO database timeout
2026-03-03 04:28:11 WARN invalid token
2026-03-03 04:28:12 INFO config reloaded
2026-03-03 04:28:14 INFO database timeout
2026-03-03 04:28:18 INFO slow query detected
2026-03-03 04:28:20 INFO user login ok
2026-03-03 04:28:23 INFO connection reset by peer
2026-03-03 04:28:26 INFO user login ok
2026-03-03 04:28:29 INFO user logout
2026-03-03 04:28:31 INFO cache miss
2026-03-03 04:28:32 WARN invalid token
2026-03-03 04:28:36 WARN request handled
2026-03-03 04:28:37 INFO disk usage high
2026-03-03 04:28:38 INFO user logout
2026-03-03 04:28:42 INFO user login ok
2026-03-03 04:28:44 WARN request handled
2026-03-03 04:28:48 INFO cache hit
2026-03-03 04:28:50 INFO slow query detected
2026-03-03 04:28:53 INFO user login ok
2026-03-03 04:28:56 INFO user logout
2026-03-03 04:28:57 INFO request handled
2026-03-03 04:28:59 INFO cache hit
2026-03-03 04:29:03 INFO invalid token
2026-03-03 04:29:07 INFO user login ok
2026-03-03 04:29:11 INFO user login ok
2026-03-03 04:29:15 WARN user logout
2026-03-03 04:29:18 INFO cache miss
2026-03-03 04:29:22 WARN cache hit
2026-03-03 04:29:23 WARN user login ok
2026-03-03 04:29:26 WARN user login ok
2026-03-03 04:29:30 INFO config reloaded
2026-03-03 04:29:32 INFO user login ok
2026-03-03 04:29:36 INFO database timeout
2026-03-03 04:29:38 INFO disk usage high
2026-03-03 04:29:41 INFO user login ok
2026-03-03 04:29:43 INFO cache miss
2026-03-03 04:29:46 INFO cache miss
2026-03-03 04:29:47 INFO database timeout
2026-03-03 04:29:49 INFO user login ok
2026-03-03 04:29:53 INFO user login ok
2026-03-03 04:29:54 WARN disk usage high
2026-03-03 04:29:55 INFO user logout
2026-03-03 04:29:59 INFO slow query detected
2026-03-03 04:30:00 INFO background job finished
2026-03-03 04:30:01 WARN user logout
### повреждённая строка ###
2026-03-03 04:30:05 WARN user login ok
2026-03-03 04:30:09 INFO user login ok
2026-03-03 04:30:13 INFO user login ok
2026-03-03 04:30:16 INFO cache hit
2026-03-03 04:30:19 INFO background job finished
2026-03-03 04:30:21 INFO connection reset by peer
2026-03-03 04:30:25 WARN user login ok
2026-03-03 04:30:26 WARN user login ok
2026-03-03 04:30:28 INFO cache miss
2026-03-03 04:30:29 INFO request handled
2026-03-03 04:30:32 INFO user login ok
2026-03-03 04:30:33 WARN user login ok
2026-03-03 04:30:36 INFO config reloaded
2026-03-03 04:30:38 INFO database timeout
2026-03-03 04:30:42 INFO user login ok
2026-03-03 04:30:46 INFO background job finished
2026-03-03 04:30:48 INFO user login ok
2026-03-03 04:30:50 INFO slow query detected
2026-03-03 04:30:54 INFO invalid token
2026-03-03 04:30:58 INFO user logout
2026-03-03 04:31:01 INFO connection reset by peer
2026-03-03 04:31:02 WARN database timeout
2026-03-03 04:31:03 ERROR user login ok
2026-03-03 04:31:06 INFO slow query detected
2026-03-03 04:31:08 WARN slow query detected
2026-03-03 04:31:09 INFO user login ok
2026-03-03 04:31:12 INFO user login ok
2026-03-03 04:31:14 INFO user logout
2026-03-03 04:31:16 INFO user logout
2026-03-03 04:31:19 INFO slow query detected
2026-03-03 04:31:21 INFO user login ok
2026-03-03 04:31:24 INFO background job finished
2026-03-03 04:31:28 INFO background job finished
2026-03-03 04:31:32 INFO user login ok
2026-03-03 04:31:35 INFO request handled
2026-03-03 04:31:39 INFO disk usage high
2026-03-03 04:31:43 INFO cache hit
2026-03-03 04:31:45 WARN user logout
2026-03-03 04:31:48 INFO slow query detected
2026-03-03 04:31:52 INFO invalid token
2026-03-03 04:31:53 INFO slow query detected
2026-03-03 04:31:57 WARN database timeout
2026-03-03 04:31:59 INFO database timeout
2026-03-03 04:32:00 ERROR disk usage high
2026-03-03 04:32:03 INFO user logout
2026-03-03 04:32:07 INFO connection reset by peer
2026-03-03 04:32:10 INFO cache hit
2026-03-03 04:32:11 INFO user login ok
2026-03-03 04:32:14 INFO background job finished
2026-03-03 04:32:17 INFO disk usage high
2026-03-03 04:32:21 INFO background job finished
2026-03-03 04:32:24 WARN request handled
2026-03-03 04:32:26 INFO background job finished
2026-03-03 04:32:27 WARN slow query detected
2026-03-03 04:32:30 INFO user logout
2026-03-03 04:32:34 WARN user login ok
2026-03-03 04:32:35 INFO user logout
2026-03-03 04:32:38 INFO disk usage high
2026-03-03 04:32:42 WARN cache hit
2026-03-03 04:32:45 INFO cache hit
2026-03-03 04:32:48 INFO config reloaded
2026-03-03 04:32:49 WARN cache miss
2026-03-03 04:32:53 INFO connection reset by peer
2026-03-03 04:32:54 INFO user login ok
2026-03-03 04:32:56 WARN config reloaded
2026-03-03 04:33:00 INFO user logout
2026-03-03 04:33:02 INFO user login ok
2026-03-03 04:33:03 WARN user login ok
2026-03-03 04:33:07 INFO cache miss
2026-03-03 04:33:11 INFO request handled
2026-03-03 04:33:13 INFO cache hit
2026-03-03 04:33:15 ERROR request handled
2026-03-03 04:33:19 INFO user login ok
2026-03-03 04:33:22 INFO invalid token
2026-03-03 04:33:25 INFO config reloaded
2026-03-03 04:33:28 INFO cache hit
2026-03-03 04:33:30 INFO slow query detected
2026-03-03 04:33:32 INFO user login ok
2026-03-03 04:33:36 INFO background job finished
2026-03-03 04:33:38 INFO cache miss
2026-03-03 04:33:39 INFO background job finished
2026-03-03 04:33:43 WARN user login ok
2026-03-03 04:33:44 INFO config reloaded
2026-03-03 04:33:46 WARN user login ok
2026-03-03 04:33:49 WARN invalid token
2026-03-03 04:33:50 INFO user login ok
2026-03-03 04:33:54 INFO slow query detected
2026-03-03 04:33:55 WARN user login ok
2026-03-03 04:33:57 WARN user login ok
2026-03-03 04:34:00 INFO cache hit
2026-03-03 04:34:02 INFO invalid token
2026-03-03 04:34:06 ERROR user login ok
2026-03-03 04:34:10 INFO request handled
2026-03-03 04:34:14 INFO database timeout
2026-03-03 04:34:18 INFO config reloaded
2026-03-03 04:34:20 INFO user login ok
2026-03-03 04:34:23 INFO database timeout
2026-03-03 04:34:24 ERROR user login ok
2026-03-03 04:34:27 INFO disk usage high
2026-03-03 04:34:30 INFO cache hit
2026-03-03 04:34:34 INFO database timeout
2026-03-03 04:34:37 INFO background job finished
2026-03-03 04:34:40 INFO user login ok
2026-03-03 04:34:42 WARN invalid token
2026-03-03 04:34:43 INFO user logout
2026-03-03 04:34:46 INFO request handled
2026-03-03 04:34:50 WARN background job finished
2026-03-03 04:34:54 ERROR database timeout
2026-03-03 04:34:58 INFO user logout
2026-03-03 04:35:00 INFO user logout
2026-03-03 04:35:02 INFO connection reset by peer
2026-03-03 04:35:03 INFO user logout
2026-03-03 04:35:06 INFO config reloaded
2026-03-03 04:35:09 INFO config reloaded
2026-03-03 04:35:11 INFO user logout
2026-03-03 04:35:13 WARN cache miss
2026-03-03 04:35:17 INFO database timeout
2026-03-03 04:35:21 INFO user login ok
2026-03-03 04:35:25 INFO background job finished
2026-03-03 04:35:27 ERROR user login ok
2026-03-03 04:35:28 INFO user login ok
2026-03-03 04:35:31 INFO user login ok
2026-03-03 04:35:32 INFO user logout
2026-03-03 04:35:33 INFO cache miss
2026-03-03 04:35:35 INFO slow query detected
2026-03-03 04:35:36 INFO user login ok
2026-03-03 04:35:39 WARN cache hit
2026-03-03 04:35:42 INFO cache hit
2026-03-03 04:35:44 INFO cache hit
2026-03-03 04:35:48 INFO background job finished
2026-03-03 04:35:52 INFO cache miss
2026-03-03 04:35:54 INFO user login ok
2026-03-03 04:35:58 INFO user login ok
2026-03-03 04:35:59 INFO background job finished
2026-03-03 04:36:01 INFO slow query detected
2026-03-03 04:36:04 INFO slow query detected
2026-03-03 04:36:07 ERROR user logout
2026-03-03 04:36:10 WARN user login ok
2026-03-03 04:36:11 INFO user login ok
2026-03-03 04:36:14 INFO invalid token
2026-03-03 04:36:17 INFO user logout
2026-03-03 04:36:20 INFO connection reset by peer
2026-03-03 04:36:24 INFO cache miss
2026-03-03 04:36:26 WARN request handled
2026-03-03 04:36:28 INFO config reloaded
2026-03-03 04:36:29 INFO request handled
2026-03-03 04:36:31 INFO user login ok
2026-03-03 04:36:35 INFO database timeout
2026-03-03 04:36:39 INFO cache hit
2026-03-03 04:36:40 ERROR user login ok
2026-03-03 04:36:44 INFO user login ok
2026-03-03 04:36:45 INFO connection reset by peer
2026-03-03 04:36:48 WARN user login ok
2026-03-03 04:36:50 INFO user login ok
2026-03-03 04:36:52 INFO connection reset by peer
2026-03-03 04:36:54 INFO invalid token
2026-03-03 04:36:58 INFO connection reset by peer
2026-03-03 04:37:01 WARN cache miss
2026-03-03 04:37:03 INFO request handled
2026-03-03 04:37:06 INFO invalid token
2026-03-03 04:37:07 INFO user login ok
2026-03-03 04:37:08 INFO request handled
2026-03-03 04:37:12 INFO background job finished
2026-03-03 04:37:16 INFO user login ok
2026-03-03 04:37:17 INFO cache miss
2026-03-03 04:37:18 INFO cache hit
2026-03-03 04:37:20 INFO user login ok
2026-03-03 04:37:23 INFO background job finished
2026-03-03 04:37:24 WARN cache miss
2026-03-03 04:37:26 INFO user login ok
2026-03-03 04:37:30 INFO background job finished
2026-03-03 04:37:32 INFO cache hit
2026-03-03 04:37:36 INFO slow query detected
2026-03-03 04:37:38 INFO user login ok
2026-03-03 04:37:39 ERROR disk usage high
2026-03-03 04:37:41 INFO request handled
2026-03-03 04:37:42 INFO user login ok
2026-03-03 04:37:46 INFO user login ok
2026-03-03 04:37:50 INFO user login ok
2026-03-03 04:37:51 INFO user login ok
2026-03-03 04:37:53 INFO user login ok
2026-03-03 04:37:54 INFO user login ok
2026-03-03 04:37:58 INFO user logout
2026-03-03 04:38:01 WARN cache miss
2026-03-03 04:38:03 WARN cache miss
2026-03-03 04:38:05 INFO user login ok
2026-03-03 04:38:09 ERROR slow query detected
2026-03-03 04:38:10 INFO user login ok
2026-03-03 04:38:12 WARN user logout
2026-03-03 04:38:15 INFO user login ok
2026-03-03 04:38:19 INFO database timeout
### повреждённая строка ###
2026-03-03 04:38:25 INFO user logout
2026-03-03 04:38:28 ERROR connection reset by peer
2026-03-03 04:38:31 INFO database timeout
2026-03-03 04:38:34 INFO slow query detected
2026-03-03 04:38:38 INFO user login ok
2026-03-03 04:38:40 INFO user logout
2026-03-03 04:38:42 INFO background job finished
2026-03-03 04:38:45 INFO invalid token
2026-03-03 04:38:47 WARN config reloaded
2026-03-03 04:38:51 INFO invalid token
2026-03-03 04:38:54 INFO cache hit
2026-03-03 04:38:57 INFO invalid token
2026-03-03 04:38:59 INFO disk usage high
### повреждённая строка ###
2026-03-03 04:39:01 INFO slow query detected
2026-03-03 04:39:05 INFO user login ok
2026-03-03 04:39:07 INFO user login ok
2026-03-03 04:39:09 INFO user login ok
2026-03-03 04:39:10 INFO user login ok
2026-03-03 04:39:12 INFO user login ok
2026-03-03 04:39:16 INFO user logout
2026-03-03 04:39:18 ERROR user login ok
2026-03-03 04:39:21 INFO request handled
2026-03-03 04:39:25 INFO database timeout
2026-03-03 04:39:29 INFO user logout
2026-03-03 04:39:30 INFO slow query detected
2026-03-03 04:39:31 INFO user login ok
2026-03-03 04:39:32 INFO request handled
2026-03-03 04:39:33 INFO cache miss
2026-03-03 04:39:35 INFO cache hit
2026-03-03 04:39:39 INFO user login ok
2026-03-03 04:39:43 ERROR user login ok
2026-03-03 04:39:47 WARN cache miss
2026-03-03 04:39:49 INFO slow query detected
2026-03-03 04:39:52 INFO user logout
2026-03-03 04:39:53 INFO database timeout
2026-03-03 04:39:55 INFO cache hit
2026-03-03 04:39:57 INFO database timeout
2026-03-03 04:39:59 INFO invalid token
2026-03-03 04:40:01 INFO cache miss
2026-03-03 04:40:03 WARN user logout
2026-03-03 04:40:05 INFO background job finished
2026-03-03 04:40:08 INFO user login ok
2026-03-03 04:40:11 INFO disk usage high
2026-03-03 04:40:15 WARN user logout
2026-03-03 04:40:17 INFO user login ok
2026-03-03 04:40:18 INFO user logout
2026-03-03 04:40:22 INFO user login ok
2026-03-03 04:40:23 INFO user login ok
2026-03-03 04:40:25 INFO user logout
2026-03-03 04:40:26 INFO cache hit
2026-03-03 04:40:27 INFO user login ok
2026-03-03 04:40:28 INFO background job finished
2026-03-03 04:40:32 INFO cache miss
2026-03-03 04:40:34 WARN cache miss
2026-03-03 04:40:38 WARN user login ok
2026-03-03 04:40:41 INFO request handled
2026-03-03 04:40:42 INFO slow query detected
2026-03-03 04:40:45 WARN user login ok
2026-03-03 04:40:49 INFO cache miss
2026-03-03 04:40:53 ERROR user login ok
2026-03-03 04:40:55 ERROR invalid token
2026-03-03 04:40:59 INFO user login ok
2026-03-03 04:41:00 INFO user login ok
2026-03-03 04:41:01 INFO background job finished
2026-03-03 04:41:03 INFO connection reset by peer
2026-03-03 04:41:04 WARN cache hit
2026-03-03 04:41:06 INFO cache miss
2026-03-03 04:41:10 WARN user logout
2026-03-03 04:41:11 INFO user login ok
2026-03-03 04:41:13 INFO user login ok
2026-03-03 04:41:14 INFO request handled
2026-03-03 04:41:18 INFO user logout
2026-03-03 04:41:21 INFO user login ok
2026-03-03 04:41:25 INFO cache hit
2026-03-03 04:41:29 INFO user login ok
2026-03-03 04:41:31 INFO user login ok
2026-03-03 04:41:34 INFO database timeout
2026-03-03 04:41:38 INFO background job finished
2026-03-03 04:41:40 INFO user login ok
2026-03-03 04:41:43 INFO invalid token
2026-03-03 04:41:46 INFO user login ok
2026-03-03 04:41:47 INFO database timeout
2026-03-03 04:41:51 INFO user login ok
2026-03-03 04:41:55 WARN cache miss
2026-03-03 04:41:58 INFO user login ok
2026-03-03 04:42:01 INFO config reloaded
2026-03-03 04:42:05 INFO user login ok
2026-03-03 04:42:09 WARN user login ok
2026-03-03 04:42:13 INFO request handled
2026-03-03 04:42:17 INFO user login ok
2026-03-03 04:42:20 ERROR cache hit
2026-03-03 04:42:24 INFO connection reset by peer
2026-03-03 04:42:28 INFO background job finished
2026-03-03 04:42:32 INFO request handled
2026-03-03 04:42:35 INFO user login ok
2026-03-03 04:42:36 INFO user login ok
2026-03-03 04:42:40 WARN user login ok
2026-03-03 04:42:44 INFO cache hit
2026-03-03 04:42:45 ERROR database timeout
2026-03-03 04:42:46 INFO cache hit
2026-03-03 04:42:49 INFO user logout
2026-03-03 04:42:50 ERROR user logout
2026-03-03 04:42:53 INFO user logout
2026-03-03 04:42:54 WARN user login ok
2026-03-03 04:42:55 INFO user logout
2026-03-03 04:42:58 ERROR user logout
2026-03-03 04:43:00 INFO user login ok
2026-03-03 04:43:03 INFO slow query detected
2026-03-03 04:43:07 INFO background job finished
2026-03-03 04:43:09 WARN user login ok
2026-03-03 04:43:11 WARN user login ok
2026-03-03 04:43:14 INFO background job finished
2026-03-03 04:43:16 INFO disk usage high
2026-03-03 04:43:17 ERROR invalid token
2026-03-03 04:43:20 INFO user login ok
2026-03-03 04:43:21 INFO database timeout
2026-03-03 04:43:23 INFO user login ok
2026-03-03 04:43:26 INFO user login ok
2026-03-03 04:43:30 INFO slow query detected
2026-03-03 04:43:32 ERROR user logout
2026-03-03 04:43:33 INFO background job finished
2026-03-03 04:43:36 ERROR invalid token
2026-03-03 04:43:37 INFO config reloaded
2026-03-03 04:43:40 INFO connection reset by peer
2026-03-03 04:43:43 INFO slow query detected
2026-03-03 04:43:47 INFO user login ok
2026-03-03 04:43:50 INFO request handled
2026-03-03 04:43:52 INFO user logout
2026-03-03 04:43:56 INFO cache hit
2026-03-03 04:43:58 INFO cache hit
2026-03-03 04:44:01 WARN background job finished
2026-03-03 04:44:02 INFO user logout
2026-03-03 04:44:06 ERROR connection reset by peer
2026-03-03 04:44:08 INFO user logout
2026-03-03 04:44:10 INFO user login ok
2026-03-03 04:44:14 INFO disk usage high
2026-03-03 04:44:17 INFO request handled
2026-03-03 04:44:21 INFO connection reset by peer
2026-03-03 04:44:22 INFO connection reset by peer
2026-03-03 04:44:25 INFO connection reset by peer
2026-03-03 04:44:28 INFO user login ok
2026-03-03 04:44:32 INFO config reloaded
2026-03-03 04:44:35 INFO request handled
2026-03-03 04:44:36 INFO cache hit
2026-03-03 04:44:38 INFO user logout
2026-03-03 04:44:42 INFO connection reset by peer
2026-03-03 04:44:44 INFO slow query detected
2026-03-03 04:44:45 INFO request handled
2026-03-03 04:44:46 INFO user login ok
2026-03-03 04:44:47 INFO request handled
2026-03-03 04:44:48 INFO user logout
2026-03-03 04:44:49 INFO user login ok
2026-03-03 04:44:53 INFO user login ok
2026-03-03 04:44:57 INFO user login ok
2026-03-03 04:44:59 INFO user logout
2026-03-03 04:45:03 WARN config reloaded
2026-03-03 04:45:06 WARN invalid token
2026-03-03 04:45:07 INFO disk usage high
2026-03-03 04:45:10 INFO user login ok
2026-03-03 04:45:13 WARN connection reset by peer
2026-03-03 04:45:15 INFO user login ok
2026-03-03 04:45:16 INFO user logout
2026-03-03 04:45:18 INFO invalid token
2026-03-03 04:45:21 WARN background job finished
2026-03-03 04:45:24 INFO user login ok
2026-03-03 04:45:26 INFO user logout
2026-03-03 04:45:29 INFO config reloaded
2026-03-03 04:45:33 INFO background job finished
2026-03-03 04:45:36 INFO invalid token
2026-03-03 04:45:40 INFO cache hit
2026-03-03 04:45:41 INFO user logout
2026-03-03 04:45:45 INFO user logout
2026-03-03 04:45:46 INFO disk usage high
2026-03-03 04:45:50 INFO user login ok
2026-03-03 04:45:52 WARN slow query detected
2026-03-03 04:45:54 INFO user login ok
2026-03-03 04:45:58 WARN user login ok
2026-03-03 04:46:01 INFO user logout
2026-03-03 04:46:05 INFO disk usage high
2026-03-03 04:46:09 INFO request handled
2026-03-03 04:46:13 INFO cache hit
2026-03-03 04:46:17 INFO slow query detected
2026-03-03 04:46:20 INFO user logout
2026-03-03 04:46:24 INFO request handled
2026-03-03 04:46:25 INFO disk usage high
2026-03-03 04:46:27 ERROR connection reset by peer
2026-03-03 04:46:28 WARN user login ok
2026-03-03 04:46:31 INFO user logout
2026-03-03 04:46:33 INFO connection reset by peer
2026-03-03 04:46:35 INFO user login ok
2026-03-03 04:46:39 INFO connection reset by peer
2026-03-03 04:46:40 INFO user login ok
2026-03-03 04:46:41 WARN disk usage high
2026-03-03 04:46:44 INFO user login ok
2026-03-03 04:46:46 INFO connection reset by peer
2026-03-03 04:46:48 INFO cache hit
2026-03-03 04:46:52 WARN user logout
2026-03-03 04:46:56 WARN database timeout
2026-03-03 04:46:57 INFO user login ok
2026-03-03 04:47:00 INFO request handled
2026-03-03 04:47:01 INFO user login ok
2026-03-03 04:47:02 WARN connection reset by peer
2026-03-03 04:47:06 INFO request handled
2026-03-03 04:47:07 INFO cache miss
2026-03-03 04:47:10 INFO config reloaded
2026-03-03 04:47:11 INFO disk usage high
2026-03-03 04:47:14 INFO invalid token
2026-03-03 04:47:18 INFO user logout
2026-03-03 04:47:20 INFO user logout
2026-03-03 04:47:23 INFO user login ok
2026-03-03 04:47:24 WARN cache miss
2026-03-03 04:47:26 INFO user login ok
2026-03-03 04:47:29 INFO cache hit
2026-03-03 04:47:30 INFO slow query detected
2026-03-03 04:47:33 INFO user login ok
2026-03-03 04:47:36 WARN cache hit
2026-03-03 04:47:38 INFO background job finished
2026-03-03 04:47:42 INFO cache miss
2026-03-03 04:47:43 INFO user login ok
2026-03-03 04:47:45 INFO cache miss
2026-03-03 04:47:46 INFO request handled
2026-03-03 04:47:49 WARN slow query detected
2026-03-03 04:47:50 INFO user login ok
2026-03-03 04:47:53 ERROR background job finished
2026-03-03 04:47:55 INFO user login ok
2026-03-03 04:47:56 INFO user login ok
2026-03-03 04:47:59 INFO user logout
2026-03-03 04:48:02 INFO disk usage high
2026-03-03 04:48:05 INFO database timeout
2026-03-03 04:48:06 WARN request handled
2026-03-03 04:48:08 INFO background job finished
2026-03-03 04:48:09 INFO user login ok
2026-03-03 04:48:11 INFO request handled
2026-03-03 04:48:15 INFO user login ok
2026-03-03 04:48:18 INFO config reloaded
2026-03-03 04:48:19 INFO background job finished
2026-03-03 04:48:22 INFO user logout
2026-03-03 04:48:25 INFO database timeout
2026-03-03 04:48:27 INFO user login ok
2026-03-03 04:48:29 INFO connection reset by peer
2026-03-03 04:48:30 WARN user login ok
2026-03-03 04:48:33 INFO user login ok
2026-03-03 04:48:37 INFO user login ok
2026-03-03 04:48:40 INFO user login ok
2026-03-03 04:48:43 WARN connection reset by peer
2026-03-03 04:48:47 INFO invalid token
2026-03-03 04:48:48 INFO invalid token
2026-03-03 04:48:51 ERROR user login ok
2026-03-03 04:48:52 INFO user logout
2026-03-03 04:48:55 INFO config reloaded
2026-03-03 04:48:57 ERROR user login ok
2026-03-03 04:48:58 WARN user login ok
2026-03-03 04:49:01 INFO user login ok
2026-03-03 04:49:03 INFO user login ok
2026-03-03 04:49:06 INFO connection reset by peer
2026-03-03 04:49:07 INFO slow query detected
2026-03-03 04:49:08 INFO cache hit
2026-03-03 04:49:11 INFO database timeout
2026-03-03 04:49:15 INFO cache miss
2026-03-03 04:49:16 INFO user logout
2026-03-03 04:49:20 INFO disk usage high
2026-03-03 04:49:22 INFO cache hit
2026-03-03 04:49:26 INFO invalid token
2026-03-03 04:49:28 ERROR user login ok
2026-03-03 04:49:32 INFO user login ok
2026-03-03 04:49:34 INFO user login ok
2026-03-03 04:49:36 INFO user login ok
2026-03-03 04:49:40 INFO user login ok
2026-03-03 04:49:43 INFO background job finished
2026-03-03 04:49:44 WARN connection reset by peer
2026-03-03 04:49:48 INFO user login ok
2026-03-03 04:49:49 INFO user login ok
2026-03-03 04:49:51 WARN user login ok
2026-03-03 04:49:53 INFO cache hit
2026-03-03 04:49:57 INFO request handled
2026-03-03 04:50:00 INFO cache miss
2026-03-03 04:50:03 WARN user logout
2026-03-03 04:50:07 INFO database timeout
2026-03-03 04:50:08 INFO user login ok
2026-03-03 04:50:12 INFO user logout
2026-03-03 04:50:15 INFO invalid token
2026-03-03 04:50:19 INFO invalid token
2026-03-03 04:50:20 INFO user login ok
2026-03-03 04:50:21 INFO user logout
2026-03-03 04:50:25 INFO background job finished
2026-03-03 04:50:27 INFO request handled
2026-03-03 04:50:31 INFO config reloaded
2026-03-03 04:50:33 INFO user login ok
2026-03-03 04:50:35 ERROR user login ok
2026-03-03 04:50:38 INFO background job finished
2026-03-03 04:50:41 INFO cache hit
2026-03-03 04:50:42 INFO slow query detected
2026-03-03 04:50:44 WARN cache miss
2026-03-03 04:50:47 INFO user login ok
2026-03-03 04:50:51 INFO config reloaded
2026-03-03 04:50:53 INFO user login ok
2026-03-03 04:50:57 INFO user logout
2026-03-03 04:51:01 INFO user login ok
2026-03-03 04:51:04 INFO user login ok
2026-03-03 04:51:05 INFO disk usage high
2026-03-03 04:51:06 INFO database timeout
2026-03-03 04:51:08 INFO config reloaded
2026-03-03 04:51:09 INFO request handled
2026-03-03 04:51:13 INFO user login ok
2026-03-03 04:51:15 INFO disk usage high
2026-03-03 04:51:16 INFO disk usage high
2026-03-03 04:51:19 ERROR disk usage high
2026-03-03 04:51:20 INFO config reloaded
2026-03-03 04:51:21 INFO cache miss
2026-03-03 04:51:22 WARN user logout
2026-03-03 04:51:25 INFO user login ok
2026-03-03 04:51:27 ERROR user logout
2026-03-03 04:51:28 INFO user logout
2026-03-03 04:51:32 WARN connection reset by peer
2026-03-03 04:51:36 INFO user login ok
2026-03-03 04:51:37 INFO request handled
2026-03-03 04:51:41 INFO connection reset by peer
2026-03-03 04:51:44 INFO cache miss
2026-03-03 04:51:45 INFO user logout
2026-03-03 04:51:47 WARN user logout
2026-03-03 04:51:48 INFO request handled
2026-03-03 04:51:52 INFO cache miss
2026-03-03 04:51:55 INFO request handled
2026-03-03 04:51:59 INFO user logout
2026-03-03 04:52:03 INFO cache hit
2026-03-03 04:52:07 INFO user login ok
2026-03-03 04:52:11 INFO cache hit
2026-03-03 04:52:12 INFO cache miss
2026-03-03 04:52:15 INFO cache hit
2026-03-03 04:52:18 INFO user login ok
2026-03-03 04:52:22 INFO config reloaded
2026-03-03 04:52:25 INFO slow query detected
2026-03-03 04:52:28 INFO cache miss
2026-03-03 04:52:29 INFO user login ok
2026-03-03 04:52:32 INFO user logout
2026-03-03 04:52:33 INFO connection reset by peer
2026-03-03 04:52:37 INFO config reloaded
2026-03-03 04:52:41 INFO user logout
2026-03-03 04:52:43 INFO user login ok
2026-03-03 04:52:46 INFO user login ok
2026-03-03 04:52:47 INFO request handled
2026-03-03 04:52:48 INFO user login ok
2026-03-03 04:52:52 INFO request handled
2026-03-03 04:52:55 WARN invalid token
2026-03-03 04:52:57 INFO cache miss
2026-03-03 04:53:00 INFO user login ok
2026-03-03 04:53:01 INFO request handled
2026-03-03 04:53:03 INFO cache miss
2026-03-03 04:53:06 WARN cache hit
2026-03-03 04:53:10 INFO user logout
2026-03-03 04:53:13 ERROR cache hit
2026-03-03 04:53:16 INFO slow query detected
2026-03-03 04:53:20 INFO user login ok
2026-03-03 04:53:24 INFO user login ok
2026-03-03 04:53:27 INFO user login ok
2026-03-03 04:53:31 INFO slow query detected
2026-03-03 04:53:33 ERROR user login ok
2026-03-03 04:53:36 ERROR background job finished
2026-03-03 04:53:40 ERROR invalid token
2026-03-03 04:53:41 INFO user login ok
2026-03-03 04:53:43 INFO cache miss
2026-03-03 04:53:47 INFO cache miss
2026-03-03 04:53:48 WARN invalid token
2026-03-03 04:53:49 INFO user login ok
2026-03-03 04:53:50 INFO cache hit
2026-03-03 04:53:52 INFO config reloaded
2026-03-03 04:53:55 ERROR cache miss
2026-03-03 04:53:59 INFO user logout
2026-03-03 04:54:00 INFO user login ok
2026-03-03 04:54:03 INFO user logout
2026-03-03 04:54:04 INFO user login ok
2026-03-03 04:54:05 INFO database timeout
2026-03-03 04:54:06 INFO request handled
2026-03-03 04:54:09 INFO user login ok
2026-03-03 04:54:10 WARN disk usage high
2026-03-03 04:54:11 INFO user login ok
2026-03-03 04:54:14 INFO disk usage high
2026-03-03 04:54:16 ERROR connection reset by peer
2026-03-03 04:54:17 INFO user login ok
2026-03-03 04:54:18 WARN disk usage high
2026-03-03 04:54:19 INFO invalid token
2026-03-03 04:54:21 INFO user login ok
2026-03-03 04:54:22 INFO user logout
2026-03-03 04:54:26 INFO slow query detected
2026-03-03 04:54:30 INFO user login ok
2026-03-03 04:54:34 INFO user login ok
2026-03-03 04:54:35 INFO connection reset by peer
2026-03-03 04:54:39 INFO disk usage high
2026-03-03 04:54:41 ERROR cache hit
2026-03-03 04:54:45 INFO request handled
2026-03-03 04:54:49 WARN user login ok
2026-03-03 04:54:51 INFO user logout
2026-03-03 04:54:53 INFO user login ok
2026-03-03 04:54:54 INFO config reloaded
2026-03-03 04:54:58 ERROR cache miss
2026-03-03 04:55:02 INFO config reloaded
2026-03-03 04:55:04 INFO user login ok
2026-03-03 04:55:05 INFO disk usage high
2026-03-03 04:55:06 INFO disk usage high
2026-03-03 04:55:08 INFO cache hit
2026-03-03 04:55:11 INFO user logout
2026-03-03 04:55:14 INFO user login ok
2026-03-03 04:55:17 INFO user login ok
2026-03-03 04:55:20 ERROR cache hit
2026-03-03 04:55:23 INFO cache miss
2026-03-03 04:55:25 INFO user login ok
2026-03-03 04:55:27 INFO cache hit
2026-03-03 04:55:30 INFO user logout
2026-03-03 04:55:32 INFO user login ok
2026-03-03 04:55:36 INFO user login ok
2026-03-03 04:55:39 INFO user logout
2026-03-03 04:55:42 INFO config reloaded
2026-03-03 04:55:44 INFO disk usage high
2026-03-03 04:55:46 INFO user login ok
2026-03-03 04:55:48 ERROR user login ok
2026-03-03 04:55:52 INFO cache hit
2026-03-03 04:55:54 WARN request handled
2026-03-03 04:55:55 INFO request handled
2026-03-03 04:55:57 INFO user login ok
2026-03-03 04:56:01 INFO user login ok
2026-03-03 04:56:03 INFO request handled
2026-03-03 04:56:05 INFO cache hit
2026-03-03 04:56:07 INFO background job finished
2026-03-03 04:56:11 INFO database timeout
2026-03-03 04:56:13 INFO user login ok
2026-03-03 04:56:14 INFO database timeout
2026-03-03 04:56:15 INFO slow query detected
2026-03-03 04:56:16 INFO disk usage high
2026-03-03 04:56:19 INFO user login ok
2026-03-03 04:56:20 INFO database timeout
2026-03-03 04:56:24 INFO user login ok
2026-03-03 04:56:26 ERROR user login ok
2026-03-03 04:56:27 INFO user login ok
2026-03-03 04:56:30 INFO cache miss
2026-03-03 04:56:33 WARN cache miss
2026-03-03 04:56:36 INFO cache hit
2026-03-03 04:56:37 INFO disk usage high
2026-03-03 04:56:41 INFO user login ok
2026-03-03 04:56:43 INFO disk usage high
2026-03-03 04:56:45 WARN cache miss
2026-03-03 04:56:49 INFO connection reset by peer
2026-03-03 04:56:51 INFO user login ok
2026-03-03 04:56:55 INFO user login ok
2026-03-03 04:56:57 INFO cache hit
2026-03-03 04:56:59 INFO database timeout
2026-03-03 04:57:03 INFO background job finished
2026-03-03 04:57:07 INFO slow query detected
2026-03-03 04:57:09 WARN user login ok
2026-03-03 04:57:11 INFO cache hit
2026-03-03 04:57:13 INFO cache hit
2026-03-03 04:57:15 INFO connection reset by peer
2026-03-03 04:57:17 WARN database timeout
2026-03-03 04:57:19 INFO invalid token
2026-03-03 04:57:22 INFO background job finished
2026-03-03 04:57:23 WARN cache hit
2026-03-03 04:57:24 INFO user login ok
2026-03-03 04:57:25 INFO slow query detected
2026-03-03 04:57:28 INFO user login ok
2026-03-03 04:57:32 INFO cache miss
2026-03-03 04:57:36 INFO invalid token
2026-03-03 04:57:37 INFO user login ok
2026-03-03 04:57:39 INFO user logout
2026-03-03 04:57:42 INFO cache hit
2026-03-03 04:57:43 ERROR user login ok
2026-03-03 04:57:44 INFO database timeout
2026-03-03 04:57:46 INFO user login ok
2026-03-03 04:57:48 INFO cache hit
2026-03-03 04:57:49 INFO connection reset by peer
2026-03-03 04:57:53 INFO config reloaded
2026-03-03 04:57:55 INFO invalid token
2026-03-03 04:57:58 INFO cache hit
2026-03-03 04:57:59 INFO user logout
2026-03-03 04:58:00 WARN user login ok
2026-03-03 04:58:01 INFO request handled
2026-03-03 04:58:02 INFO cache hit
2026-03-03 04:58:03 INFO cache hit
2026-03-03 04:58:05 INFO background job finished
2026-03-03 04:58:09 INFO request handled
2026-03-03 04:58:12 WARN user login ok
2026-03-03 04:58:14 INFO user login ok
2026-03-03 04:58:15 WARN user login ok
2026-03-03 04:58:17 INFO connection reset by peer
### повреждённая строка ###
2026-03-03 04:58:22 WARN invalid token
2026-03-03 04:58:25 INFO config reloaded
2026-03-03 04:58:28 INFO cache miss
2026-03-03 04:58:31 INFO background job finished
2026-03-03 04:58:35 INFO invalid token
2026-03-03 04:58:36 WARN cache hit
2026-03-03 04:58:37 INFO invalid token
2026-03-03 04:58:41 ERROR user login ok
2026-03-03 04:58:45 WARN disk usage high
2026-03-03 04:58:46 WARN cache hit
2026-03-03 04:58:47 INFO user login ok
2026-03-03 04:58:51 INFO cache miss
2026-03-03 04:58:55 INFO cache hit
2026-03-03 04:58:56 INFO config reloaded
2026-03-03 04:58:58 INFO user logout
2026-03-03 04:59:01 INFO user logout
2026-03-03 04:59:03 INFO cache miss
2026-03-03 04:59:06 INFO invalid token
2026-03-03 04:59:07 INFO cache miss
2026-03-03 04:59:11 INFO config reloaded
2026-03-03 04:59:15 INFO request handled
2026-03-03 04:59:16 WARN user login ok
2026-03-03 04:59:19 WARN connection reset by peer
2026-03-03 04:59:20 WARN invalid token
2026-03-03 04:59:23 ERROR user login ok
2026-03-03 04:59:24 INFO slow query detected
2026-03-03 04:59:27 INFO slow query detected
2026-03-03 04:59:28 ERROR invalid token
2026-03-03 04:59:32 INFO user login ok
2026-03-03 04:59:36 WARN user login ok
2026-03-03 04:59:40 INFO user login ok
2026-03-03 04:59:43 ERROR user login ok
2026-03-03 04:59:44 INFO background job finished
2026-03-03 04:59:45 WARN user login ok
2026-03-03 04:59:49 INFO request handled
2026-03-03 04:59:51 INFO user login ok
2026-03-03 04:59:52 INFO request handled
2026-03-03 04:59:53 INFO cache miss
2026-03-03 04:59:57 INFO user logout
2026-03-03 04:59:59 WARN user logout
2026-03-03 05:00:01 WARN connection reset by peer
2026-03-03 05:00:05 INFO user login ok
2026-03-03 05:00:07 INFO user login ok
2026-03-03 05:00:10 WARN request handled
2026-03-03 05:00:11 INFO database timeout
2026-03-03 05:00:14 INFO cache miss
2026-03-03 05:00:18 INFO config reloaded
2026-03-03 05:00:19 INFO user logout
2026-03-03 05:00:22 INFO connection reset by peer
2026-03-03 05:00:26 INFO user login ok
2026-03-03 05:00:28 INFO database timeout
2026-03-03 05:00:31 INFO background job finished
2026-03-03 05:00:32 ERROR cache hit
2026-03-03 05:00:35 INFO slow query detected
2026-03-03 05:00:36 ERROR disk usage high
2026-03-03 05:00:37 INFO cache miss
2026-03-03 05:00:39 ERROR user logout
2026-03-03 05:00:42 INFO user login ok
2026-03-03 05:00:44 WARN user login ok
2026-03-03 05:00:47 WARN user login ok
2026-03-03 05:00:51 INFO request handled
2026-03-03 05:00:53 INFO user login ok
2026-03-03 05:00:56 INFO user login ok
2026-03-03 05:00:57 INFO user login ok
2026-03-03 05:01:01 INFO cache miss
2026-03-03 05:01:02 INFO user login ok
2026-03-03 05:01:06 WARN disk usage high
2026-03-03 05:01:10 INFO slow query detected
2026-03-03 05:01:11 INFO user login ok
2026-03-03 05:01:13 INFO user login ok
2026-03-03 05:01:17 ERROR background job finished
2026-03-03 05:01:20 INFO user login ok
2026-03-03 05:01:23 INFO slow query detected
2026-03-03 05:01:24 INFO user login ok
2026-03-03 05:01:28 WARN disk usage high
2026-03-03 05:01:32 INFO config reloaded
2026-03-03 05:01:35 WARN user logout
2026-03-03 05:01:38 WARN config reloaded
2026-03-03 05:01:40 ERROR connection reset by peer
2026-03-03 05:01:44 INFO disk usage high
2026-03-03 05:01:45 ERROR user login ok
2026-03-03 05:01:49 WARN invalid token
2026-03-03 05:01:50 INFO user login ok
2026-03-03 05:01:51 INFO cache hit
2026-03-03 05:01:54 INFO user login ok
2026-03-03 05:01:58 INFO user logout
2026-03-03 05:02:01 WARN cache hit
2026-03-03 05:02:04 WARN user login ok
2026-03-03 05:02:08 INFO user login ok
2026-03-03 05:02:09 INFO user login ok
2026-03-03 05:02:11 INFO cache hit
2026-03-03 05:02:14 INFO user login ok
2026-03-03 05:02:18 INFO background job finished
2026-03-03 05:02:19 INFO user login ok
2026-03-03 05:02:21 INFO disk usage high
2026-03-03 05:02:25 INFO invalid token
2026-03-03 05:02:28 INFO background job finished
2026-03-03 05:02:29 INFO user login ok
2026-03-03 05:02:32 ERROR user login ok
2026-03-03 05:02:36 WARN user login ok
2026-03-03 05:02:39 INFO user login ok
2026-03-03 05:02:42 INFO database timeout
2026-03-03 05:02:45 INFO user logout
2026-03-03 05:02:49 INFO slow query detected
### повреждённая строка ###
2026-03-03 05:02:53 INFO background job finished
2026-03-03 05:02:55 ERROR user login ok
2026-03-03 05:02:56 INFO user logout
2026-03-03 05:03:00 INFO background job finished
2026-03-03 05:03:03 INFO connection reset by peer
2026-03-03 05:03:07 INFO slow query detected
2026-03-03 05:03:08 INFO cache hit
2026-03-03 05:03:11 INFO slow query detected
2026-03-03 05:03:15 INFO user login ok
2026-03-03 05:03:19 INFO connection reset by peer
2026-03-03 05:03:23 INFO user logout
2026-03-03 05:03:26 INFO user login ok
2026-03-03 05:03:29 INFO invalid token
2026-03-03 05:03:32 INFO user login ok
2026-03-03 05:03:35 INFO user login ok
2026-03-03 05:03:38 INFO cache miss
2026-03-03 05:03:40 INFO user login ok
2026-03-03 05:03:42 INFO cache hit
2026-03-03 05:03:44 INFO user login ok
2026-03-03 05:03:46 WARN database timeout
2026-03-03 05:03:50 INFO slow query detected
2026-03-03 05:03:51 INFO user login ok
2026-03-03 05:03:52 INFO user login ok
2026-03-03 05:03:53 INFO user logout
2026-03-03 05:03:57 INFO cache miss
2026-03-03 05:04:00 INFO request handled
2026-03-03 05:04:02 WARN user logout
2026-03-03 05:04:06 INFO request handled
2026-03-03 05:04:08 INFO user login ok
2026-03-03 05:04:12 WARN cache hit
2026-03-03 05:04:15 WARN cache miss
2026-03-03 05:04:19 INFO disk usage high
2026-03-03 05:04:20 WARN slow query detected
2026-03-03 05:04:21 INFO user logout
2026-03-03 05:04:23 INFO config reloaded
2026-03-03 05:04:25 INFO user login ok
2026-03-03 05:04:27 WARN user logout
2026-03-03 05:04:28 INFO invalid token
2026-03-03 05:04:30 INFO user login ok
2026-03-03 05:04:34 INFO user login ok
2026-03-03 05:04:38 INFO cache miss
2026-03-03 05:04:39 ERROR user logout
2026-03-03 05:04:42 INFO disk usage high
2026-03-03 05:04:46 INFO user logout
2026-03-03 05:04:48 INFO cache hit
2026-03-03 05:04:52 INFO cache hit
2026-03-03 05:04:53 INFO invalid token
2026-03-03 05:04:55 INFO config reloaded
2026-03-03 05:04:59 WARN connection reset by peer
2026-03-03 05:05:00 WARN cache miss
2026-03-03 05:05:04 INFO cache miss
2026-03-03 05:05:05 INFO user login ok
2026-03-03 05:05:06 INFO request handled
2026-03-03 05:05:08 INFO user login ok
2026-03-03 05:05:12 INFO disk usage high
2026-03-03 05:05:16 INFO user logout
2026-03-03 05:05:19 ERROR user logout
2026-03-03 05:05:21 INFO user login ok
2026-03-03 05:05:23 WARN invalid token
2026-03-03 05:05:26 INFO database timeout
2026-03-03 05:05:30 INFO cache hit
2026-03-03 05:05:31 INFO background job finished
2026-03-03 05:05:34 INFO user logout
2026-03-03 05:05:38 INFO user login ok
2026-03-03 05:05:40 INFO config reloaded
2026-03-03 05:05:43 INFO database timeout
2026-03-03 05:05:47 INFO invalid token
2026-03-03 05:05:50 INFO database timeout
2026-03-03 05:05:53 INFO slow query detected
2026-03-03 05:05:57 WARN cache hit
2026-03-03 05:05:58 INFO user login ok
2026-03-03 05:05:59 INFO disk usage high
2026-03-03 05:06:00 INFO user logout
2026-03-03 05:06:01 INFO user login ok
2026-03-03 05:06:03 INFO request handled
2026-03-03 05:06:04 INFO user login ok
2026-03-03 05:06:07 INFO cache miss
2026-03-03 05:06:09 INFO database timeout
2026-03-03 05:06:13 ERROR config reloaded
2026-03-03 05:06:16 INFO user login ok
2026-03-03 05:06:20 INFO user login ok
2026-03-03 05:06:24 INFO user login ok
2026-03-03 05:06:26 INFO config reloaded
2026-03-03 05:06:29 INFO disk usage high
2026-03-03 05:06:32 INFO user logout
2026-03-03 05:06:34 INFO cache hit
2026-03-03 05:06:37 INFO user login ok
2026-03-03 05:06:40 WARN user login ok
2026-03-03 05:06:42 INFO disk usage high
2026-03-03 05:06:44 INFO database timeout
2026-03-03 05:06:45 INFO cache hit
2026-03-03 05:06:48 INFO database timeout
2026-03-03 05:06:50 WARN invalid token
2026-03-03 05:06:53 INFO slow query detected
2026-03-03 05:06:57 INFO user login ok
2026-03-03 05:07:00 INFO user logout
2026-03-03 05:07:03 INFO user login ok
2026-03-03 05:07:07 INFO user login ok
2026-03-03 05:07:11 INFO cache hit
2026-03-03 05:07:12 INFO slow query detected
2026-03-03 05:07:15 INFO config reloaded
### повреждённая строка ###
2026-03-03 05:07:19 INFO request handled
2026-03-03 05:07:23 WARN invalid token
2026-03-03 05:07:26 ERROR slow query detected
2026-03-03 05:07:27 INFO user login ok
2026-03-03 05:07:29 INFO background job finished
2026-03-03 05:07:31 INFO connection reset by peer
2026-03-03 05:07:32 INFO user logout
2026-03-03 05:07:35 WARN slow query detected
2026-03-03 05:07:37 WARN connection reset by peer
2026-03-03 05:07:41 WARN config reloaded
2026-03-03 05:07:43 INFO slow query detected
2026-03-03 05:07:44 INFO slow query detected
2026-03-03 05:07:45 INFO user login ok
2026-03-03 05:07:48 INFO disk usage high
2026-03-03 05:07:50 WARN cache hit
2026-03-03 05:07:51 INFO cache miss
2026-03-03 05:07:54 WARN background job finished
2026-03-03 05:07:55 WARN user login ok
2026-03-03 05:07:56 INFO database timeout
2026-03-03 05:08:00 INFO user login ok
2026-03-03 05:08:03 INFO cache hit
2026-03-03 05:08:05 INFO database timeout
2026-03-03 05:08:06 INFO user login ok
2026-03-03 05:08:08 INFO user login ok
2026-03-03 05:08:12 INFO config reloaded
2026-03-03 05:08:14 INFO user login ok
2026-03-03 05:08:16 INFO connection reset by peer
2026-03-03 05:08:19 INFO user login ok
2026-03-03 05:08:23 INFO user login ok
2026-03-03 05:08:25 INFO connection reset by peer
2026-03-03 05:08:27 INFO cache miss
2026-03-03 05:08:28 INFO user login ok
2026-03-03 05:08:31 INFO request handled
2026-03-03 05:08:32 INFO user login ok
2026-03-03 05:08:36 WARN user login ok
2026-03-03 05:08:39 INFO user login ok
2026-03-03 05:08:42 WARN database timeout
2026-03-03 05:08:45 INFO background job finished
2026-03-03 05:08:48 INFO disk usage high
2026-03-03 05:08:50 INFO config reloaded
2026-03-03 05:08:53 WARN cache hit
2026-03-03 05:08:57 INFO invalid token
2026-03-03 05:08:58 INFO user login ok
2026-03-03 05:09:00 INFO background job finished
2026-03-03 05:09:04 INFO user login ok
2026-03-03 05:09:08 INFO user logout
2026-03-03 05:09:09 INFO user login ok
2026-03-03 05:09:12 INFO cache hit
2026-03-03 05:09:15 ERROR user login ok
2026-03-03 05:09:17 INFO user login ok
2026-03-03 05:09:21 INFO user logout
2026-03-03 05:09:23 INFO user logout
2026-03-03 05:09:27 INFO user logout
2026-03-03 05:09:29 WARN cache miss
2026-03-03 05:09:30 INFO database timeout
2026-03-03 05:09:32 INFO cache hit
2026-03-03 05:09:34 INFO invalid token
2026-03-03 05:09:38 INFO background job finished
2026-03-03 05:09:39 INFO config reloaded
2026-03-03 05:09:43 INFO request handled
2026-03-03 05:09:46 INFO connection reset by peer
2026-03-03 05:09:47 WARN cache hit
2026-03-03 05:09:49 WARN request handled
2026-03-03 05:09:52 INFO user login ok
2026-03-03 05:09:53 WARN config reloaded
2026-03-03 05:09:55 INFO background job finished
2026-03-03 05:09:56 WARN background job finished
2026-03-03 05:09:58 WARN cache hit
2026-03-03 05:10:00 ERROR cache hit
2026-03-03 05:10:04 ERROR user login ok
2026-03-03 05:10:08 INFO user login ok
### повреждённая строка ###
2026-03-03 05:10:15 INFO user login ok
2026-03-03 05:10:18 INFO config reloaded
2026-03-03 05:10:19 ERROR slow query detected
2026-03-03 05:10:20 INFO background job finished
2026-03-03 05:10:22 INFO config reloaded
2026-03-03 05:10:23 INFO cache hit
2026-03-03 05:10:26 WARN connection reset by peer
2026-03-03 05:10:28 INFO user login ok
2026-03-03 05:10:31 ERROR request handled
2026-03-03 05:10:32 INFO config reloaded
2026-03-03 05:10:36 INFO cache hit
2026-03-03 05:10:38 WARN user login ok
2026-03-03 05:10:41 INFO config reloaded
2026-03-03 05:10:45 WARN slow query detected
2026-03-03 05:10:48 INFO invalid token
2026-03-03 05:10:51 INFO user login ok
2026-03-03 05:10:52 INFO user logout
2026-03-03 05:10:56 INFO user login ok
2026-03-03 05:10:59 INFO database timeout
2026-03-03 05:11:01 WARN config reloaded
2026-03-03 05:11:05 INFO user login ok
2026-03-03 05:11:07 INFO user login ok
2026-03-03 05:11:08 INFO user login ok
2026-03-03 05:11:10 INFO cache hit
2026-03-03 05:11:12 INFO request handled
2026-03-03 05:11:15 INFO request handled
2026-03-03 05:11:19 INFO cache hit
2026-03-03 05:11:23 WARN user login ok
2026-03-03 05:11:26 INFO user logout
2026-03-03 05:11:29 INFO cache hit
2026-03-03 05:11:33 INFO user logout
2026-03-03 05:11:34 INFO config reloaded
2026-03-03 05:11:38 INFO user logout
2026-03-03 05:11:41 INFO connection reset by peer
2026-03-03 05:11:42 INFO cache miss
2026-03-03 05:11:43 WARN config reloaded
2026-03-03 05:11:44 INFO cache miss
2026-03-03 05:11:47 INFO invalid token
2026-03-03 05:11:48 INFO cache miss
2026-03-03 05:11:51 INFO user login ok
2026-03-03 05:11:53 INFO user logout
2026-03-03 05:11:54 INFO user login ok
2026-03-03 05:11:56 INFO user login ok
2026-03-03 05:11:58 WARN user logout
2026-03-03 05:12:02 INFO slow query detected
2026-03-03 05:12:04 INFO database timeout
2026-03-03 05:12:05 ERROR cache miss
2026-03-03 05:12:07 INFO database timeout
2026-03-03 05:12:09 INFO invalid token
2026-03-03 05:12:10 WARN user logout
2026-03-03 05:12:12 INFO invalid token
2026-03-03 05:12:16 INFO cache hit
2026-03-03 05:12:19 INFO request handled
2026-03-03 05:12:22 WARN invalid token
2026-03-03 05:12:25 INFO cache miss
2026-03-03 05:12:26 INFO background job finished
2026-03-03 05:12:29 INFO user logout
2026-03-03 05:12:33 INFO cache hit
2026-03-03 05:12:37 WARN background job finished
2026-03-03 05:12:39 INFO user logout
2026-03-03 05:12:41 INFO user logout
2026-03-03 05:12:44 INFO connection reset by peer
2026-03-03 05:12:48 INFO cache hit
2026-03-03 05:12:50 INFO slow query detected
2026-03-03 05:12:53 INFO user login ok
2026-03-03 05:12:57 INFO user logout
2026-03-03 05:12:58 INFO user logout
2026-03-03 05:12:59 INFO user logout
2026-03-03 05:13:01 INFO user login ok
2026-03-03 05:13:03 WARN user login ok
2026-03-03 05:13:05 WARN database timeout
2026-03-03 05:13:06 INFO user login ok
2026-03-03 05:13:10 INFO invalid token
2026-03-03 05:13:12 INFO request handled
2026-03-03 05:13:16 INFO user login ok
2026-03-03 05:13:18 INFO config reloaded
2026-03-03 05:13:21 WARN background job finished
2026-03-03 05:13:23 INFO cache miss
2026-03-03 05:13:25 INFO request handled
2026-03-03 05:13:26 ERROR cache hit
### повреждённая строка ###
2026-03-03 05:13:31 WARN user login ok
2026-03-03 05:13:35 INFO user login ok
2026-03-03 05:13:36 INFO user logout
2026-03-03 05:13:40 WARN user login ok
2026-03-03 05:13:44 INFO connection reset by peer
2026-03-03 05:13:47 INFO slow query detected
2026-03-03 05:13:51 INFO background job finished
2026-03-03 05:13:52 INFO request handled
2026-03-03 05:13:53 INFO user logout
2026-03-03 05:13:54 INFO user logout
2026-03-03 05:13:55 ERROR user login ok
2026-03-03 05:13:57 WARN user login ok
2026-03-03 05:14:01 INFO user login ok
2026-03-03 05:14:02 INFO cache hit
2026-03-03 05:14:04 INFO slow query detected
2026-03-03 05:14:06 INFO cache hit
2026-03-03 05:14:07 WARN user login ok
2026-03-03 05:14:10 INFO database timeout
2026-03-03 05:14:13 INFO user login ok
2026-03-03 05:14:16 INFO user logout
2026-03-03 05:14:20 WARN cache hit
2026-03-03 05:14:24 ERROR request handled
2026-03-03 05:14:26 INFO database timeout
2026-03-03 05:14:27 INFO user login ok
2026-03-03 05:14:28 INFO invalid token
2026-03-03 05:14:30 WARN cache hit
2026-03-03 05:14:31 INFO cache miss
2026-03-03 05:14:32 INFO invalid token
2026-03-03 05:14:36 INFO cache hit
2026-03-03 05:14:39 INFO config reloaded
2026-03-03 05:14:41 INFO config reloaded
2026-03-03 05:14:43 WARN slow query detected
2026-03-03 05:14:44 INFO user login ok
2026-03-03 05:14:48 INFO user login ok
2026-03-03 05:14:50 INFO invalid token
2026-03-03 05:14:54 INFO user login ok
2026-03-03 05:14:57 INFO request handled
2026-03-03 05:14:59 INFO cache hit
2026-03-03 05:15:03 INFO slow query detected
2026-03-03 05:15:04 INFO user login ok
2026-03-03 05:15:07 WARN user logout
2026-03-03 05:15:11 INFO cache miss
2026-03-03 05:15:14 INFO user login ok
2026-03-03 05:15:15 INFO background job finished
2026-03-03 05:15:18 INFO user login ok
2026-03-03 05:15:19 ERROR user login ok
2026-03-03 05:15:20 ERROR cache hit
2026-03-03 05:15:21 INFO user login ok
2026-03-03 05:15:24 INFO user logout
2026-03-03 05:15:26 WARN cache miss
2026-03-03 05:15:29 INFO database timeout
2026-03-03 05:15:33 INFO user login ok
2026-03-03 05:15:34 WARN user login ok
2026-03-03 05:15:37 INFO disk usage high
2026-03-03 05:15:41 INFO user logout
2026-03-03 05:15:43 WARN slow query detected
2026-03-03 05:15:47 INFO user logout
2026-03-03 05:15:50 INFO user logout
2026-03-03 05:15:52 INFO user login ok
2026-03-03 05:15:54 INFO user logout
2026-03-03 05:15:58 INFO database timeout
2026-03-03 05:16:01 INFO cache hit
2026-03-03 05:16:02 INFO user logout
2026-03-03 05:16:05 INFO connection reset by peer
### повреждённая строка ###
2026-03-03 05:16:10 ERROR user logout
2026-03-03 05:16:11 WARN request handled
2026-03-03 05:16:15 INFO background job finished
2026-03-03 05:16:18 INFO user login ok
2026-03-03 05:16:21 INFO slow query detected
2026-03-03 05:16:25 INFO config reloaded
2026-03-03 05:16:27 INFO user login ok
2026-03-03 05:16:28 WARN user login ok
2026-03-03 05:16:29 INFO config reloaded
2026-03-03 05:16:31 INFO connection reset by peer
2026-03-03 05:16:35 INFO user login ok
2026-03-03 05:16:36 INFO invalid token
2026-03-03 05:16:40 INFO slow query detected
2026-03-03 05:16:41 INFO user login ok
2026-03-03 05:16:44 WARN request handled
2026-03-03 05:16:48 WARN disk usage high
2026-03-03 05:16:52 INFO user login ok
2026-03-03 05:16:56 INFO disk usage high
2026-03-03 05:16:57 INFO cache hit
2026-03-03 05:16:59 ERROR user logout
2026-03-03 05:17:03 WARN request handled
2026-03-03 05:17:07 INFO database timeout
2026-03-03 05:17:10 INFO user login ok
2026-03-03 05:17:13 INFO config reloaded
2026-03-03 05:17:14 INFO request handled
2026-03-03 05:17:17 ERROR user logout
2026-03-03 05:17:20 INFO cache miss
2026-03-03 05:17:21 INFO user login ok
2026-03-03 05:17:25 WARN cache miss
2026-03-03 05:17:28 INFO user login ok
2026-03-03 05:17:31 INFO user login ok
2026-03-03 05:17:33 INFO user logout
2026-03-03 05:17:34 INFO database timeout
2026-03-03 05:17:38 INFO user login ok
2026-03-03 05:17:40 INFO disk usage high
2026-03-03 05:17:42 WARN request handled
2026-03-03 05:17:44 INFO request handled
2026-03-03 05:17:47 ERROR database timeout
2026-03-03 05:17:48 INFO cache hit
2026-03-03 05:17:51 INFO invalid token
2026-03-03 05:17:55 INFO user logout
2026-03-03 05:17:59 INFO user logout
2026-03-03 05:18:03 INFO cache miss
2026-03-03 05:18:06 WARN user login ok
2026-03-03 05:18:08 WARN cache miss
2026-03-03 05:18:09 WARN user login ok
2026-03-03 05:18:11 INFO slow query detected
2026-03-03 05:18:12 WARN connection reset by peer
2026-03-03 05:18:15 INFO config reloaded
2026-03-03 05:18:16 INFO invalid token
2026-03-03 05:18:17 INFO cache miss
2026-03-03 05:18:18 INFO connection reset by peer
2026-03-03 05:18:22 INFO user login ok
2026-03-03 05:18:26 INFO connection reset by peer
2026-03-03 05:18:28 INFO connection reset by peer
2026-03-03 05:18:30 INFO cache miss
2026-03-03 05:18:32 INFO disk usage high
2026-03-03 05:18:33 INFO cache hit
2026-03-03 05:18:35 INFO user login ok
2026-03-03 05:18:37 INFO cache hit
2026-03-03 05:18:41 INFO request handled
2026-03-03 05:18:45 INFO connection reset by peer
2026-03-03 05:18:46 WARN user logout
2026-03-03 05:18:48 INFO cache hit
2026-03-03 05:18:49 INFO invalid token
2026-03-03 05:18:53 WARN user login ok
2026-03-03 05:18:56 INFO user login ok
2026-03-03 05:19:00 WARN request handled
2026-03-03 05:19:04 INFO disk usage high
2026-03-03 05:19:06 INFO slow query detected
2026-03-03 05:19:09 INFO cache hit
2026-03-03 05:19:12 INFO cache miss
2026-03-03 05:19:13 INFO user login ok
2026-03-03 05:19:17 INFO config reloaded
2026-03-03 05:19:18 INFO database timeout
2026-03-03 05:19:22 INFO user login ok
2026-03-03 05:19:23 INFO invalid token
2026-03-03 05:19:25 INFO user logout
2026-03-03 05:19:27 INFO cache miss
2026-03-03 05:19:30 INFO cache miss
2026-03-03 05:19:34 INFO user login ok
2026-03-03 05:19:36 INFO user login ok
2026-03-03 05:19:39 WARN cache miss
2026-03-03 05:19:41 WARN user login ok
2026-03-03 05:19:44 INFO invalid token
### повреждённая строка ###
2026-03-03 05:19:49 INFO database timeout
2026-03-03 05:19:50 INFO user login ok
2026-03-03 05:19:53 INFO disk usage high
2026-03-03 05:19:55 INFO connection reset by peer
2026-03-03 05:19:58 INFO user logout
2026-03-03 05:19:59 INFO slow query detected
2026-03-03 05:20:00 INFO user login ok
2026-03-03 05:20:01 INFO user login ok
2026-03-03 05:20:02 WARN invalid token
2026-03-03 05:20:03 INFO cache hit
2026-03-03 05:20:06 INFO user login ok
2026-03-03 05:20:07 WARN cache hit
2026-03-03 05:20:11 INFO user login ok
2026-03-03 05:20:13 INFO connection reset by peer
2026-03-03 05:20:17 INFO user login ok
2026-03-03 05:20:20 INFO user logout
2026-03-03 05:20:22 INFO slow query detected
2026-03-03 05:20:25 INFO background job finished
2026-03-03 05:20:29 INFO slow query detected
2026-03-03 05:20:31 INFO user login ok
2026-03-03 05:20:35 INFO user login ok
2026-03-03 05:20:36 INFO user login ok
2026-03-03 05:20:38 WARN invalid token
2026-03-03 05:20:40 INFO user logout
2026-03-03 05:20:42 INFO user login ok
2026-03-03 05:20:45 WARN connection reset by peer
2026-03-03 05:20:46 WARN user login ok
2026-03-03 05:20:50 ERROR connection reset by peer
2026-03-03 05:20:53 INFO user login ok
2026-03-03 05:20:56 INFO user logout
2026-03-03 05:20:58 ERROR cache miss
2026-03-03 05:20:59 ERROR slow query detected
2026-03-03 05:21:03 INFO disk usage high
2026-03-03 05:21:04 INFO user login ok
2026-03-03 05:21:06 ERROR invalid token
### повреждённая строка ###
2026-03-03 05:21:14 INFO connection reset by peer
2026-03-03 05:21:18 INFO user login ok
2026-03-03 05:21:20 ERROR cache hit
2026-03-03 05:21:24 INFO request handled
2026-03-03 05:21:25 INFO database timeout
2026-03-03 05:21:27 INFO user login ok
2026-03-03 05:21:29 INFO cache miss
2026-03-03 05:21:30 INFO user login ok
2026-03-03 05:21:34 WARN config reloaded
2026-03-03 05:21:37 WARN request handled
2026-03-03 05:21:40 INFO slow query detected
2026-03-03 05:21:42 INFO cache hit
2026-03-03 05:21:44 WARN user login ok
2026-03-03 05:21:48 WARN cache miss
2026-03-03 05:21:49 INFO request handled
2026-03-03 05:21:50 INFO connection reset by peer
2026-03-03 05:21:53 INFO user login ok
2026-03-03 05:21:57 INFO cache miss
2026-03-03 05:21:59 INFO user login ok
2026-03-03 05:22:02 INFO database timeout
2026-03-03 05:22:04 INFO request handled
2026-03-03 05:22:06 WARN database timeout
2026-03-03 05:22:08 WARN cache miss
2026-03-03 05:22:09 INFO user login ok
2026-03-03 05:22:10 INFO disk usage high
2026-03-03 05:22:11 WARN request handled
2026-03-03 05:22:14 INFO request handled
2026-03-03 05:22:17 INFO user login ok
2026-03-03 05:22:18 INFO user logout
2026-03-03 05:22:20 INFO database timeout
2026-03-03 05:22:24 INFO cache miss
2026-03-03 05:22:26 INFO connection reset by peer
2026-03-03 05:22:28 INFO user login ok
2026-03-03 05:22:30 WARN cache hit
2026-03-03 05:22:33 INFO user logout
2026-03-03 05:22:36 INFO background job finished
2026-03-03 05:22:37 INFO cache hit
2026-03-03 05:22:41 WARN disk usage high
2026-03-03 05:22:45 INFO user logout
2026-03-03 05:22:47 INFO user logout
2026-03-03 05:22:51 ERROR user login ok
2026-03-03 05:22:54 INFO cache hit
2026-03-03 05:22:57 WARN config reloaded
2026-03-03 05:23:01 WARN disk usage high
2026-03-03 05:23:02 INFO database timeout
2026-03-03 05:23:05 ERROR background job finished
2026-03-03 05:23:06 INFO invalid token
2026-03-03 05:23:08 INFO user logout
2026-03-03 05:23:11 INFO user login ok
2026-03-03 05:23:15 INFO invalid token
2026-03-03 05:23:19 INFO user login ok
2026-03-03 05:23:23 ERROR user login ok
2026-03-03 05:23:25 INFO user login ok
2026-03-03 05:23:28 INFO connection reset by peer
2026-03-03 05:23:29 INFO user login ok
2026-03-03 05:23:31 INFO user logout
2026-03-03 05:23:35 INFO disk usage high
2026-03-03 05:23:36 INFO user logout
2026-03-03 05:23:39 INFO database timeout
2026-03-03 05:23:43 ERROR config reloaded
2026-03-03 05:23:45 INFO config reloaded
2026-03-03 05:23:49 INFO config reloaded
2026-03-03 05:23:51 INFO background job finished
2026-03-03 05:23:55 INFO cache hit
2026-03-03 05:23:58 WARN user login ok
2026-03-03 05:24:02 INFO user login ok
2026-03-03 05:24:03 WARN user login ok
2026-03-03 05:24:04 WARN user logout
2026-03-03 05:24:06 INFO background job finished
2026-03-03 05:24:07 INFO connection reset by peer
2026-03-03 05:24:08 INFO user logout
2026-03-03 05:24:09 INFO user login ok
2026-03-03 05:24:11 INFO request handled
2026-03-03 05:24:12 ERROR user login ok
2026-03-03 05:24:15 INFO slow query detected
2026-03-03 05:24:16 INFO cache hit
2026-03-03 05:24:20 INFO database timeout
2026-03-03 05:24:24 INFO user login ok
2026-03-03 05:24:26 INFO disk usage high
2026-03-03 05:24:30 INFO user logout
2026-03-03 05:24:32 INFO request handled
2026-03-03 05:24:34 INFO cache miss
2026-03-03 05:24:35 INFO database timeout
2026-03-03 05:24:36 INFO user login ok
2026-03-03 05:24:38 INFO user login ok
2026-03-03 05:24:42 WARN user logout
2026-03-03 05:24:45 WARN slow query detected
2026-03-03 05:24:46 INFO database timeout
2026-03-03 05:24:48 INFO invalid token
2026-03-03 05:24:51 INFO cache hit
2026-03-03 05:24:54 INFO request handled
2026-03-03 05:24:55 INFO user logout
2026-03-03 05:24:59 INFO user login ok
2026-03-03 05:25:01 INFO background job finished
2026-03-03 05:25:05 INFO user login ok
2026-03-03 05:25:06 INFO user login ok
2026-03-03 05:25:09 INFO background job finished
2026-03-03 05:25:12 INFO connection reset by peer
2026-03-03 05:25:13 WARN user logout
2026-03-03 05:25:14 ERROR cache miss
2026-03-03 05:25:18 INFO database timeout
2026-03-03 05:25:21 INFO slow query detected
2026-03-03 05:25:24 INFO disk usage high
2026-03-03 05:25:25 INFO user logout
### повреждённая строка ###
2026-03-03 05:25:29 INFO database timeout
2026-03-03 05:25:30 INFO cache hit
2026-03-03 05:25:31 INFO user logout
2026-03-03 05:25:33 WARN cache miss
2026-03-03 05:25:35 WARN user logout
2026-03-03 05:25:36 INFO connection reset by peer
2026-03-03 05:25:39 WARN disk usage high
2026-03-03 05:25:42 INFO disk usage high
2026-03-03 05:25:45 INFO user login ok
2026-03-03 05:25:49 INFO user logout
2026-03-03 05:25:50 INFO user login ok
2026-03-03 05:25:51 WARN user login ok
2026-03-03 05:25:54 INFO invalid token
2026-03-03 05:25:56 INFO user login ok
2026-03-03 05:25:59 INFO slow query detected
2026-03-03 05:26:02 INFO request handled
2026-03-03 05:26:03 INFO request handled
2026-03-03 05:26:06 ERROR user login ok
2026-03-03 05:26:08 INFO user logout
2026-03-03 05:26:12 INFO slow query detected
2026-03-03 05:26:16 INFO user login ok
2026-03-03 05:26:17 INFO request handled
2026-03-03 05:26:20 INFO config reloaded
2026-03-03 05:26:24 INFO user logout
2026-03-03 05:26:25 INFO user login ok
2026-03-03 05:26:27 INFO user logout
2026-03-03 05:26:31 INFO cache hit
2026-03-03 05:26:32 INFO background job finished
2026-03-03 05:26:35 INFO request handled
2026-03-03 05:26:36 INFO user logout
2026-03-03 05:26:39 INFO request handled
2026-03-03 05:26:40 WARN background job finished
2026-03-03 05:26:41 INFO user logout
2026-03-03 05:26:42 INFO request handled
2026-03-03 05:26:46 INFO cache miss
2026-03-03 05:26:48 INFO request handled
2026-03-03 05:26:52 INFO cache hit
2026-03-03 05:26:53 INFO connection reset by peer
2026-03-03 05:26:56 INFO user login ok
2026-03-03 05:27:00 INFO user logout
2026-03-03 05:27:02 INFO cache miss
2026-03-03 05:27:06 INFO cache miss
2026-03-03 05:27:09 INFO cache miss
2026-03-03 05:27:13 INFO invalid token
2026-03-03 05:27:17 INFO user login ok
2026-03-03 05:27:20 INFO cache hit
2026-03-03 05:27:23 INFO disk usage high
2026-03-03 05:27:26 INFO config reloaded
2026-03-03 05:27:28 INFO background job finished
2026-03-03 05:27:32 WARN request handled
2026-03-03 05:27:34 INFO slow query detected
2026-03-03 05:27:38 WARN user login ok
2026-03-03 05:27:41 INFO user logout
2026-03-03 05:27:43 INFO request handled
2026-03-03 05:27:45 INFO database timeout
2026-03-03 05:27:48 WARN user login ok
2026-03-03 05:27:50 INFO request handled
2026-03-03 05:27:52 ERROR cache miss
2026-03-03 05:27:55 INFO cache hit
2026-03-03 05:27:56 INFO disk usage high
2026-03-03 05:27:57 INFO user logout
2026-03-03 05:27:58 INFO background job finished
2026-03-03 05:28:02 INFO user login ok
2026-03-03 05:28:04 INFO user logout
2026-03-03 05:28:07 INFO user login ok
2026-03-03 05:28:11 WARN user login ok
2026-03-03 05:28:14 INFO database timeout
2026-03-03 05:28:17 WARN user login ok
2026-03-03 05:28:19 INFO user login ok
2026-03-03 05:28:23 WARN background job finished
2026-03-03 05:28:25 INFO request handled
2026-03-03 05:28:29 INFO user logout
2026-03-03 05:28:31 WARN user login ok
2026-03-03 05:28:33 INFO user logout
2026-03-03 05:28:36 ERROR user login ok
2026-03-03 05:28:40 ERROR user login ok
2026-03-03 05:28:44 INFO user login ok
2026-03-03 05:28:47 INFO connection reset by peer
2026-03-03 05:28:50 INFO cache hit
2026-03-03 05:28:54 INFO disk usage high
2026-03-03 05:28:57 ERROR slow query detected
2026-03-03 05:28:59 INFO user login ok
2026-03-03 05:29:02 INFO database timeout
2026-03-03 05:29:05 INFO config reloaded
2026-03-03 05:29:09 ERROR invalid token
2026-03-03 05:29:12 INFO config reloaded
2026-03-03 05:29:13 INFO user login ok
2026-03-03 05:29:14 INFO invalid token
2026-03-03 05:29:16 WARN slow query detected
2026-03-03 05:29:17 INFO user login ok
2026-03-03 05:29:20 WARN disk usage high
2026-03-03 05:29:23 WARN request handled
2026-03-03 05:29:27 WARN request handled
2026-03-03 05:29:28 INFO user login ok
2026-03-03 05:29:31 INFO cache miss
2026-03-03 05:29:34 ERROR config reloaded
2026-03-03 05:29:35 INFO connection reset by peer
2026-03-03 05:29:39 INFO database timeout
2026-03-03 05:29:41 ERROR request handled
2026-03-03 05:29:44 INFO user login ok
2026-03-03 05:29:47 INFO cache miss
2026-03-03 05:29:51 INFO cache hit
2026-03-03 05:29:55 INFO cache miss
2026-03-03 05:29:58 INFO cache hit
2026-03-03 05:30:01 INFO disk usage high
2026-03-03 05:30:05 INFO cache hit
2026-03-03 05:30:07 WARN invalid token
2026-03-03 05:30:10 INFO user logout
2026-03-03 05:30:13 INFO cache hit
2026-03-03 05:30:14 WARN user logout
2026-03-03 05:30:17 ERROR user logout
2026-03-03 05:30:20 INFO user login ok
2026-03-03 05:30:23 INFO user logout
2026-03-03 05:30:26 WARN user login ok
2026-03-03 05:30:29 INFO connection reset by peer
2026-03-03 05:30:30 INFO config reloaded
2026-03-03 05:30:32 INFO user login ok
2026-03-03 05:30:33 WARN background job finished
2026-03-03 05:30:35 INFO user logout
2026-03-03 05:30:39 ERROR user logout
2026-03-03 05:30:40 WARN user logout
2026-03-03 05:30:43 INFO user login ok
2026-03-03 05:30:45 INFO database timeout
2026-03-03 05:30:47 INFO cache miss
### повреждённая строка ###
2026-03-03 05:30:53 INFO disk usage high
2026-03-03 05:30:56 WARN user login ok
2026-03-03 05:30:59 INFO config reloaded
2026-03-03 05:31:01 INFO user login ok
2026-03-03 05:31:03 INFO user login ok
2026-03-03 05:31:07 INFO cache miss
2026-03-03 05:31:11 INFO disk usage high
2026-03-03 05:31:13 INFO config reloaded
2026-03-03 05:31:17 INFO database timeout
2026-03-03 05:31:20 WARN database timeout
2026-03-03 05:31:21 INFO cache hit
2026-03-03 05:31:25 INFO user login ok
2026-03-03 05:31:27 WARN user login ok
2026-03-03 05:31:30 WARN user logout
2026-03-03 05:31:33 WARN user logout
2026-03-03 05:31:35 INFO user login ok
2026-03-03 05:31:36 INFO user login ok
2026-03-03 05:31:39 INFO invalid token
2026-03-03 05:31:40 INFO user logout
2026-03-03 05:31:41 INFO user login ok
2026-03-03 05:31:42 INFO user login ok
2026-03-03 05:31:46 INFO request handled
2026-03-03 05:31:47 INFO invalid token
2026-03-03 05:31:50 INFO config reloaded
2026-03-03 05:31:53 INFO user login ok
2026-03-03 05:31:55 WARN disk usage high
2026-03-03 05:31:59 INFO config reloaded
2026-03-03 05:32:00 INFO disk usage high
2026-03-03 05:32:01 INFO user logout
2026-03-03 05:32:02 INFO request handled
2026-03-03 05:32:03 INFO user logout
2026-03-03 05:32:04 INFO user logout
2026-03-03 05:32:05 INFO database timeout
2026-03-03 05:32:08 INFO invalid token
2026-03-03 05:32:12 INFO database timeout
2026-03-03 05:32:16 WARN connection reset by peer
2026-03-03 05:32:20 INFO cache hit
2026-03-03 05:32:23 INFO user logout
2026-03-03 05:32:24 INFO cache hit
2026-03-03 05:32:28 INFO user login ok
2026-03-03 05:32:29 ERROR user logout
2026-03-03 05:32:31 INFO user login ok
2026-03-03 05:32:34 WARN user login ok
2026-03-03 05:32:37 INFO user login ok
2026-03-03 05:32:39 INFO user login ok
2026-03-03 05:32:41 INFO user login ok
2026-03-03 05:32:44 INFO database timeout
2026-03-03 05:32:48 INFO config reloaded
2026-03-03 05:32:49 WARN invalid token
2026-03-03 05:32:51 INFO cache miss
2026-03-03 05:32:53 INFO disk usage high
2026-03-03 05:32:55 INFO invalid token
2026-03-03 05:32:59 ERROR user login ok
2026-03-03 05:33:00 INFO user login ok
2026-03-03 05:33:02 INFO invalid token
2026-03-03 05:33:03 INFO user login ok
2026-03-03 05:33:07 ERROR user logout
2026-03-03 05:33:08 INFO user logout
2026-03-03 05:33:09 INFO user login ok
2026-03-03 05:33:10 INFO cache hit
2026-03-03 05:33:12 INFO request handled
2026-03-03 05:33:13 WARN user logout
2026-03-03 05:33:17 INFO user login ok
2026-03-03 05:33:19 INFO cache hit
2026-03-03 05:33:20 INFO request handled
2026-03-03 05:33:22 INFO connection reset by peer
2026-03-03 05:33:26 INFO user login ok
2026-03-03 05:33:27 INFO disk usage high
2026-03-03 05:33:31 INFO cache miss
2026-03-03 05:33:34 INFO cache miss
2026-03-03 05:33:37 INFO connection reset by peer
2026-03-03 05:33:40 INFO user login ok
2026-03-03 05:33:42 INFO user login ok
2026-03-03 05:33:45 WARN user login ok
2026-03-03 05:33:47 INFO background job finished
2026-03-03 05:33:50 INFO user login ok
2026-03-03 05:33:54 INFO user login ok
2026-03-03 05:33:57 INFO user logout
2026-03-03 05:33:58 INFO background job finished
2026-03-03 05:34:00 INFO user login ok
2026-03-03 05:34:01 INFO user logout
2026-03-03 05:34:03 INFO user logout
2026-03-03 05:34:07 ERROR user logout
2026-03-03 05:34:09 INFO cache hit
2026-03-03 05:34:11 INFO request handled
2026-03-03 05:34:12 INFO disk usage high
2026-03-03 05:34:13 INFO invalid token
2026-03-03 05:34:14 INFO slow query detected
2026-03-03 05:34:17 INFO user login ok
2026-03-03 05:34:19 ERROR cache miss
2026-03-03 05:34:22 INFO config reloaded
2026-03-03 05:34:25 ERROR disk usage high
2026-03-03 05:34:27 INFO user login ok
2026-03-03 05:34:29 INFO connection reset by peer
2026-03-03 05:34:32 INFO database timeout
2026-03-03 05:34:33 INFO cache hit
2026-03-03 05:34:35 INFO request handled
2026-03-03 05:34:39 INFO cache miss
2026-03-03 05:34:43 INFO cache hit
2026-03-03 05:34:44 INFO database timeout
2026-03-03 05:34:48 INFO disk usage high
2026-03-03 05:34:52 WARN user login ok
2026-03-03 05:34:54 INFO user login ok
2026-03-03 05:34:58 INFO user logout
2026-03-03 05:34:59 INFO user login ok
2026-03-03 05:35:00 INFO user login ok
2026-03-03 05:35:02 INFO user login ok
2026-03-03 05:35:05 INFO background job finished
2026-03-03 05:35:08 INFO config reloaded
2026-03-03 05:35:11 ERROR cache miss
2026-03-03 05:35:13 INFO user login ok
2026-03-03 05:35:15 INFO user login ok
2026-03-03 05:35:17 ERROR connection reset by peer
2026-03-03 05:35:20 INFO disk usage high
2026-03-03 05:35:21 INFO request handled
2026-03-03 05:35:22 ERROR cache miss
2026-03-03 05:35:24 INFO user login ok
2026-03-03 05:35:25 INFO cache hit
2026-03-03 05:35:27 INFO disk usage high
2026-03-03 05:35:31 WARN config reloaded
2026-03-03 05:35:34 WARN user login ok
2026-03-03 05:35:35 WARN user logout
2026-03-03 05:35:37 INFO background job finished
2026-03-03 05:35:39 INFO cache miss
2026-03-03 05:35:42 INFO cache hit
2026-03-03 05:35:45 INFO user login ok
2026-03-03 05:35:47 INFO connection reset by peer
2026-03-03 05:35:48 WARN user login ok
2026-03-03 05:35:49 INFO cache miss
2026-03-03 05:35:51 INFO user login ok
2026-03-03 05:35:52 INFO database timeout
2026-03-03 05:35:56 INFO user logout
2026-03-03 05:36:00 INFO slow query detected
2026-03-03 05:36:04 INFO cache miss
2026-03-03 05:36:07 INFO user login ok
2026-03-03 05:36:08 INFO slow query detected
2026-03-03 05:36:12 ERROR disk usage high
2026-03-03 05:36:13 INFO request handled
2026-03-03 05:36:14 INFO invalid token
2026-03-03 05:36:17 INFO user logout
2026-03-03 05:36:19 INFO cache miss
2026-03-03 05:36:22 INFO background job finished
2026-03-03 05:36:26 INFO invalid token
### повреждённая строка ###
2026-03-03 05:36:30 INFO user login ok
2026-03-03 05:36:32 WARN user login ok
2026-03-03 05:36:34 INFO cache miss
2026-03-03 05:36:36 INFO user logout
2026-03-03 05:36:40 INFO cache hit
2026-03-03 05:36:44 INFO database timeout
2026-03-03 05:36:48 INFO invalid token
2026-03-03 05:36:51 INFO background job finished
2026-03-03 05:36:55 INFO user logout
### повреждённая строка ###
2026-03-03 05:36:59 INFO cache miss
2026-03-03 05:37:00 INFO request handled
2026-03-03 05:37:04 INFO user login ok
2026-03-03 05:37:08 ERROR user logout
2026-03-03 05:37:11 INFO user logout
2026-03-03 05:37:14 INFO user logout
2026-03-03 05:37:16 INFO user login ok
2026-03-03 05:37:18 WARN user login ok
2026-03-03 05:37:22 INFO user logout
2026-03-03 05:37:24 INFO user login ok
2026-03-03 05:37:25 INFO disk usage high
2026-03-03 05:37:26 INFO disk usage high
2026-03-03 05:37:28 INFO database timeout
2026-03-03 05:37:30 INFO user login ok
2026-03-03 05:37:34 INFO disk usage high
2026-03-03 05:37:35 INFO request handled
2026-03-03 05:37:37 INFO user logout
2026-03-03 05:37:39 INFO user logout
2026-03-03 05:37:41 ERROR config reloaded
2026-03-03 05:37:43 INFO user logout
2026-03-03 05:37:47 INFO background job finished
2026-03-03 05:37:49 WARN user login ok
2026-03-03 05:37:50 INFO user login ok
2026-03-03 05:37:51 INFO user logout
2026-03-03 05:37:55 INFO slow query detected
2026-03-03 05:37:58 INFO request handled
2026-03-03 05:38:00 WARN cache hit
2026-03-03 05:38:01 INFO slow query detected
2026-03-03 05:38:02 INFO user logout
2026-03-03 05:38:05 INFO user login ok
2026-03-03 05:38:06 INFO cache hit
2026-03-03 05:38:08 INFO cache hit
2026-03-03 05:38:12 INFO cache hit
2026-03-03 05:38:13 INFO user login ok
2026-03-03 05:38:16 INFO database timeout
2026-03-03 05:38:17 INFO user login ok
2026-03-03 05:38:21 INFO user login ok
2026-03-03 05:38:25 ERROR database timeout
2026-03-03 05:38:28 INFO disk usage high
2026-03-03 05:38:31 INFO cache hit
2026-03-03 05:38:32 INFO request handled
2026-03-03 05:38:34 INFO user logout
2026-03-03 05:38:37 INFO disk usage high
2026-03-03 05:38:41 INFO user logout
2026-03-03 05:38:44 INFO request handled
2026-03-03 05:38:46 INFO database timeout
2026-03-03 05:38:48 INFO user logout
2026-03-03 05:38:52 INFO database timeout
2026-03-03 05:38:53 INFO cache miss
2026-03-03 05:38:55 INFO connection reset by peer
2026-03-03 05:38:57 INFO config reloaded
2026-03-03 05:39:01 INFO user login ok
2026-03-03 05:39:04 INFO request handled
2026-03-03 05:39:07 INFO database timeout
2026-03-03 05:39:11 INFO user login ok
2026-03-03 05:39:13 INFO background job finished
2026-03-03 05:39:17 INFO user login ok
2026-03-03 05:39:19 INFO user logout
2026-03-03 05:39:23 INFO user login ok
2026-03-03 05:39:27 INFO user login ok
2026-03-03 05:39:30 INFO disk usage high
2026-03-03 05:39:31 INFO cache miss
2026-03-03 05:39:34 INFO user logout
2026-03-03 05:39:38 INFO disk usage high
2026-03-03 05:39:39 INFO background job finished
2026-03-03 05:39:40 ERROR slow query detected
2026-03-03 05:39:44 INFO user login ok
2026-03-03 05:39:47 WARN user login ok
2026-03-03 05:39:50 WARN request handled
2026-03-03 05:39:53 INFO invalid token
2026-03-03 05:39:56 INFO config reloaded
2026-03-03 05:39:59 INFO background job finished
2026-03-03 05:40:01 WARN background job finished
2026-03-03 05:40:05 INFO cache hit
2026-03-03 05:40:08 WARN cache hit
2026-03-03 05:40:11 WARN user login ok
2026-03-03 05:40:12 INFO database timeout
2026-03-03 05:40:16 INFO cache hit
2026-03-03 05:40:18 WARN background job finished
2026-03-03 05:40:20 INFO cache miss
2026-03-03 05:40:21 ERROR user login ok
2026-03-03 05:40:23 INFO database timeout
2026-03-03 05:40:24 INFO user logout
2026-03-03 05:40:26 INFO user logout
2026-03-03 05:40:27 INFO user logout
2026-03-03 05:40:28 INFO slow query detected
2026-03-03 05:40:31 ERROR user login ok
2026-03-03 05:40:35 WARN user login ok
2026-03-03 05:40:39 INFO cache hit
2026-03-03 05:40:43 INFO config reloaded
2026-03-03 05:40:47 INFO disk usage high
2026-03-03 05:40:48 WARN user logout
2026-03-03 05:40:50 INFO request handled
2026-03-03 05:40:54 INFO disk usage high
2026-03-03 05:40:56 INFO connection reset by peer
2026-03-03 05:40:57 WARN disk usage high
2026-03-03 05:40:58 INFO connection reset by peer
2026-03-03 05:41:00 INFO request handled
2026-03-03 05:41:02 ERROR background job finished
2026-03-03 05:41:04 INFO user login ok
2026-03-03 05:41:08 INFO slow query detected
2026-03-03 05:41:11 INFO user login ok
2026-03-03 05:41:13 INFO config reloaded
2026-03-03 05:41:14 INFO disk usage high
2026-03-03 05:41:15 INFO cache miss
2026-03-03 05:41:17 INFO cache hit
2026-03-03 05:41:18 INFO request handled
2026-03-03 05:41:22 INFO connection reset by peer
2026-03-03 05:41:25 INFO user logout
2026-03-03 05:41:26 WARN config reloaded
### повреждённая строка ###
2026-03-03 05:41:32 WARN user login ok
2026-03-03 05:41:33 INFO database timeout
2026-03-03 05:41:35 INFO user login ok
2026-03-03 05:41:39 INFO user login ok
2026-03-03 05:41:40 INFO connection reset by peer
2026-03-03 05:41:43 INFO user login ok
2026-03-03 05:41:45 WARN disk usage high
2026-03-03 05:41:47 INFO user logout
2026-03-03 05:41:51 WARN user login ok
2026-03-03 05:41:55 INFO user login ok
2026-03-03 05:41:57 INFO cache hit
2026-03-03 05:42:01 INFO user login ok
2026-03-03 05:42:05 INFO user login ok
2026-03-03 05:42:08 INFO user logout
2026-03-03 05:42:10 INFO user logout
2026-03-03 05:42:13 WARN cache miss
2026-03-03 05:42:15 INFO slow query detected
2026-03-03 05:42:19 INFO connection reset by peer
2026-03-03 05:42:21 INFO cache hit
2026-03-03 05:42:25 INFO user login ok
2026-03-03 05:42:28 INFO disk usage high
2026-03-03 05:42:32 WARN config reloaded
2026-03-03 05:42:35 INFO user login ok
2026-03-03 05:42:38 INFO connection reset by peer
2026-03-03 05:42:41 INFO slow query detected
2026-03-03 05:42:43 INFO user login ok
2026-03-03 05:42:47 ERROR cache miss
2026-03-03 05:42:48 INFO user logout
2026-03-03 05:42:49 INFO user login ok
2026-03-03 05:42:52 INFO user logout
2026-03-03 05:42:54 WARN user logout
2026-03-03 05:42:57 INFO user login ok
2026-03-03 05:42:58 INFO database timeout
2026-03-03 05:43:02 WARN user logout
2026-03-03 05:43:04 INFO request handled
2026-03-03 05:43:06 INFO cache miss
2026-03-03 05:43:08 INFO user login ok
2026-03-03 05:43:11 INFO user login ok
2026-03-03 05:43:12 WARN slow query detected
2026-03-03 05:43:16 INFO cache hit
2026-03-03 05:43:19 ERROR user login ok
2026-03-03 05:43:21 INFO user login ok
2026-03-03 05:43:24 INFO request handled
2026-03-03 05:43:28 WARN database timeout
2026-03-03 05:43:29 INFO disk usage high
2026-03-03 05:43:30 WARN disk usage high
2026-03-03 05:43:31 INFO connection reset by peer
2026-03-03 05:43:32 INFO user login ok
2026-03-03 05:43:36 ERROR user login ok
2026-03-03 05:43:39 ERROR disk usage high
2026-03-03 05:43:41 WARN user login ok
2026-03-03 05:43:42 INFO user login ok
2026-03-03 05:43:43 INFO cache hit
2026-03-03 05:43:45 INFO slow query detected
2026-03-03 05:43:47 INFO disk usage high
2026-03-03 05:43:50 WARN user login ok
2026-03-03 05:43:53 WARN user login ok
2026-03-03 05:43:56 INFO user logout
2026-03-03 05:43:58 INFO slow query detected
2026-03-03 05:43:59 INFO user logout
2026-03-03 05:44:03 INFO config reloaded
2026-03-03 05:44:04 INFO slow query detected
2026-03-03 05:44:06 WARN cache hit
2026-03-03 05:44:10 WARN database timeout
2026-03-03 05:44:13 INFO connection reset by peer
2026-03-03 05:44:14 ERROR user login ok
2026-03-03 05:44:15 INFO user login ok
2026-03-03 05:44:18 INFO background job finished
2026-03-03 05:44:21 INFO cache miss
2026-03-03 05:44:25 INFO user login ok
2026-03-03 05:44:28 INFO config reloaded
2026-03-03 05:44:32 INFO user login ok
2026-03-03 05:44:34 INFO background job finished
2026-03-03 05:44:36 INFO connection reset by peer
2026-03-03 05:44:39 INFO user login ok
2026-03-03 05:44:43 INFO user logout
2026-03-03 05:44:45 INFO user login ok
2026-03-03 05:44:49 INFO user logout
2026-03-03 05:44:53 INFO user login ok
2026-03-03 05:44:55 INFO user login ok
2026-03-03 05:44:58 INFO user login ok
2026-03-03 05:45:01 INFO config reloaded
2026-03-03 05:45:03 INFO slow query detected
2026-03-03 05:45:04 INFO cache hit
2026-03-03 05:45:07 INFO user logout
2026-03-03 05:45:08 INFO cache hit
2026-03-03 05:45:10 WARN background job finished
2026-03-03 05:45:11 INFO invalid token
2026-03-03 05:45:12 INFO user login ok
2026-03-03 05:45:16 WARN config reloaded
2026-03-03 05:45:18 INFO config reloaded
2026-03-03 05:45:20 INFO user logout
2026-03-03 05:45:21 INFO cache hit
2026-03-03 05:45:24 INFO user login ok
2026-03-03 05:45:27 INFO user logout
2026-03-03 05:45:31 INFO request handled
2026-03-03 05:45:33 INFO database timeout
2026-03-03 05:45:37 INFO database timeout
2026-03-03 05:45:39 INFO invalid token
2026-03-03 05:45:42 INFO cache hit
2026-03-03 05:45:46 WARN request handled
2026-03-03 05:45:48 INFO user logout
2026-03-03 05:45:51 INFO user logout
2026-03-03 05:45:53 WARN request handled
2026-03-03 05:45:55 INFO connection reset by peer
2026-03-03 05:45:56 INFO user login ok
2026-03-03 05:45:59 ERROR request handled
2026-03-03 05:46:02 INFO slow query detected
2026-03-03 05:46:06 INFO user login ok
2026-03-03 05:46:09 INFO slow query detected
2026-03-03 05:46:13 INFO user login ok
2026-03-03 05:46:15 INFO cache hit
2026-03-03 05:46:19 INFO user login ok
2026-03-03 05:46:21 INFO config reloaded
2026-03-03 05:46:23 INFO user login ok
2026-03-03 05:46:27 INFO background job finished
2026-03-03 05:46:28 INFO user login ok
2026-03-03 05:46:30 INFO user login ok
2026-03-03 05:46:33 INFO user login ok
2026-03-03 05:46:37 INFO user logout
2026-03-03 05:46:40 WARN user logout
2026-03-03 05:46:43 INFO request handled
2026-03-03 05:46:44 INFO user logout
2026-03-03 05:46:48 INFO user login ok
2026-03-03 05:46:52 INFO background job finished
2026-03-03 05:46:55 INFO background job finished
2026-03-03 05:46:57 INFO user login ok
2026-03-03 05:46:59 INFO user logout
2026-03-03 05:47:03 WARN disk usage high
2026-03-03 05:47:05 INFO background job finished
2026-03-03 05:47:08 INFO cache miss
2026-03-03 05:47:12 INFO database timeout
2026-03-03 05:47:16 INFO user login ok
2026-03-03 05:47:19 INFO user login ok
2026-03-03 05:47:22 INFO cache miss
2026-03-03 05:47:26 INFO cache hit
2026-03-03 05:47:27 INFO user login ok
2026-03-03 05:47:30 INFO user logout
2026-03-03 05:47:32 INFO user logout
2026-03-03 05:47:35 WARN slow query detected
2026-03-03 05:47:36 INFO cache hit
2026-03-03 05:47:39 INFO slow query detected
2026-03-03 05:47:43 INFO user login ok
2026-03-03 05:47:47 INFO invalid token
2026-03-03 05:47:51 INFO config reloaded
2026-03-03 05:47:53 INFO user logout
2026-03-03 05:47:54 INFO user logout
2026-03-03 05:47:58 INFO slow query detected
2026-03-03 05:47:59 INFO user login ok
2026-03-03 05:48:02 INFO user login ok
2026-03-03 05:48:05 INFO user login ok
2026-03-03 05:48:08 INFO invalid token
2026-03-03 05:48:10 WARN slow query detected
2026-03-03 05:48:14 INFO user login ok
2026-03-03 05:48:15 INFO database timeout
2026-03-03 05:48:17 INFO connection reset by peer
2026-03-03 05:48:21 INFO invalid token
2026-03-03 05:48:24 WARN request handled
2026-03-03 05:48:26 INFO user login ok
2026-03-03 05:48:27 INFO user login ok
2026-03-03 05:48:30 INFO database timeout
2026-03-03 05:48:32 INFO cache miss
2026-03-03 05:48:36 WARN config reloaded
2026-03-03 05:48:38 ERROR request handled
2026-03-03 05:48:40 INFO user login ok
2026-03-03 05:48:42 INFO cache miss
2026-03-03 05:48:44 WARN user logout
2026-03-03 05:48:45 INFO request handled
2026-03-03 05:48:47 WARN database timeout
2026-03-03 05:48:51 INFO cache hit
2026-03-03 05:48:55 INFO user login ok
2026-03-03 05:48:58 INFO slow query detected
2026-03-03 05:48:59 INFO user login ok
2026-03-03 05:49:01 INFO user login ok
2026-03-03 05:49:03 INFO user login ok
2026-03-03 05:49:05 INFO slow query detected
2026-03-03 05:49:06 INFO cache hit
2026-03-03 05:49:09 INFO cache hit
2026-03-03 05:49:10 INFO disk usage high
2026-03-03 05:49:13 WARN user login ok
2026-03-03 05:49:15 INFO user logout
2026-03-03 05:49:19 INFO user login ok
2026-03-03 05:49:22 WARN disk usage high
2026-03-03 05:49:23 WARN user login ok
2026-03-03 05:49:24 INFO user logout
2026-03-03 05:49:27 INFO user logout
2026-03-03 05:49:30 ERROR user login ok
2026-03-03 05:49:34 INFO invalid token
2026-03-03 05:49:36 INFO request handled
2026-03-03 05:49:37 WARN user login ok
2026-03-03 05:49:40 INFO user login ok
2026-03-03 05:49:42 INFO config reloaded
2026-03-03 05:49:45 INFO cache hit
2026-03-03 05:49:46 INFO cache miss
2026-03-03 05:49:47 INFO user logout
2026-03-03 05:49:51 INFO user logout
2026-03-03 05:49:52 INFO connection reset by peer
2026-03-03 05:49:56 INFO config reloaded
2026-03-03 05:49:58 INFO request handled
2026-03-03 05:50:00 INFO cache miss
2026-03-03 05:50:03 ERROR user login ok
2026-03-03 05:50:07 INFO user login ok
2026-03-03 05:50:09 INFO invalid token
2026-03-03 05:50:12 INFO request handled
2026-03-03 05:50:16 INFO slow query detected
2026-03-03 05:50:17 INFO user login ok
2026-03-03 05:50:21 INFO user login ok
2026-03-03 05:50:25 INFO slow query detected
2026-03-03 05:50:26 INFO user logout
2026-03-03 05:50:28 INFO config reloaded
2026-03-03 05:50:32 INFO user login ok
2026-03-03 05:50:36 WARN config reloaded
2026-03-03 05:50:39 WARN disk usage high
2026-03-03 05:50:40 INFO database timeout
2026-03-03 05:50:43 INFO user logout
2026-03-03 05:50:44 INFO cache hit
2026-03-03 05:50:48 INFO background job finished
2026-03-03 05:50:49 INFO user login ok
2026-03-03 05:50:52 INFO disk usage high
2026-03-03 05:50:55 ERROR database timeout
2026-03-03 05:50:57 INFO user login ok
2026-03-03 05:50:59 INFO user login ok
2026-03-03 05:51:02 INFO user login ok
2026-03-03 05:51:03 WARN user login ok
2026-03-03 05:51:05 INFO user login ok
2026-03-03 05:51:06 INFO user login ok
2026-03-03 05:51:10 INFO database timeout
2026-03-03 05:51:12 WARN user logout
2026-03-03 05:51:13 WARN disk usage high
2026-03-03 05:51:14 INFO connection reset by peer
2026-03-03 05:51:17 WARN user login ok
2026-03-03 05:51:19 INFO user login ok
2026-03-03 05:51:22 INFO user login ok
2026-03-03 05:51:23 INFO database timeout
2026-03-03 05:51:24 INFO config reloaded
2026-03-03 05:51:27 INFO connection reset by peer
2026-03-03 05:51:30 INFO user login ok
2026-03-03 05:51:31 INFO cache hit
2026-03-03 05:51:33 INFO cache miss
2026-03-03 05:51:36 INFO config reloaded
2026-03-03 05:51:39 INFO user login ok
2026-03-03 05:51:40 INFO user login ok
2026-03-03 05:51:42 INFO user login ok
2026-03-03 05:51:46 WARN user logout
2026-03-03 05:51:50 INFO disk usage high
2026-03-03 05:51:54 WARN slow query detected
2026-03-03 05:51:55 INFO user login ok
2026-03-03 05:51:57 INFO user login ok
2026-03-03 05:52:00 INFO user logout
2026-03-03 05:52:04 INFO slow query detected
2026-03-03 05:52:08 ERROR user login ok
2026-03-03 05:52:10 INFO disk usage high
2026-03-03 05:52:13 WARN user login ok
2026-03-03 05:52:17 INFO cache miss
2026-03-03 05:52:18 INFO database timeout
2026-03-03 05:52:22 WARN request handled
2026-03-03 05:52:25 INFO cache miss
2026-03-03 05:52:26 INFO user login ok
2026-03-03 05:52:29 WARN user login ok
2026-03-03 05:52:30 WARN user logout
2026-03-03 05:52:31 INFO user login ok
2026-03-03 05:52:35 INFO user login ok
2026-03-03 05:52:36 INFO background job finished
2026-03-03 05:52:38 WARN config reloaded
2026-03-03 05:52:39 INFO cache hit
2026-03-03 05:52:41 INFO user login ok
2026-03-03 05:52:42 INFO request handled
2026-03-03 05:52:45 INFO slow query detected
2026-03-03 05:52:47 INFO cache hit
2026-03-03 05:52:51 INFO background job finished
2026-03-03 05:52:54 INFO user logout
2026-03-03 05:52:55 INFO user login ok
2026-03-03 05:52:56 INFO cache miss
2026-03-03 05:52:59 INFO cache hit
2026-03-03 05:53:00 INFO cache hit
2026-03-03 05:53:02 INFO disk usage high
2026-03-03 05:53:06 INFO connection reset by peer
2026-03-03 05:53:07 INFO disk usage high
2026-03-03 05:53:08 INFO user login ok
2026-03-03 05:53:10 WARN user login ok
2026-03-03 05:53:13 INFO cache miss
2026-03-03 05:53:16 INFO config reloaded
2026-03-03 05:53:17 INFO cache hit
2026-03-03 05:53:19 WARN request handled
2026-03-03 05:53:23 INFO invalid token
2026-03-03 05:53:25 WARN request handled
2026-03-03 05:53:28 INFO user logout
2026-03-03 05:53:31 INFO request handled
2026-03-03 05:53:34 INFO user logout
2026-03-03 05:53:36 INFO user login ok
2026-03-03 05:53:37 INFO database timeout
2026-03-03 05:53:41 INFO cache hit
2026-03-03 05:53:42 INFO user login ok
2026-03-03 05:53:43 INFO user login ok
2026-03-03 05:53:47 INFO invalid token
2026-03-03 05:53:51 WARN connection reset by peer
2026-03-03 05:53:54 INFO connection reset by peer
2026-03-03 05:53:58 WARN user login ok
2026-03-03 05:54:01 INFO background job finished
2026-03-03 05:54:03 WARN user login ok
2026-03-03 05:54:04 WARN user login ok
2026-03-03 05:54:05 INFO cache hit
2026-03-03 05:54:08 INFO disk usage high
2026-03-03 05:54:10 INFO user logout
2026-03-03 05:54:12 INFO user login ok
2026-03-03 05:54:13 INFO background job finished
2026-03-03 05:54:14 INFO request handled
2026-03-03 05:54:17 WARN user login ok
2026-03-03 05:54:19 INFO user logout
2026-03-03 05:54:23 INFO invalid token
2026-03-03 05:54:27 WARN user login ok
2026-03-03 05:54:28 ERROR database timeout
2026-03-03 05:54:29 WARN user login ok
2026-03-03 05:54:30 WARN connection reset by peer
2026-03-03 05:54:31 INFO background job finished
2026-03-03 05:54:32 WARN background job finished
2026-03-03 05:54:35 INFO database timeout
2026-03-03 05:54:36 INFO user login ok
2026-03-03 05:54:38 INFO slow query detected
2026-03-03 05:54:39 INFO slow query detected
2026-03-03 05:54:43 ERROR slow query detected
2026-03-03 05:54:47 INFO config reloaded
2026-03-03 05:54:51 INFO config reloaded
2026-03-03 05:54:55 INFO invalid token
2026-03-03 05:54:56 INFO config reloaded
2026-03-03 05:54:57 INFO cache miss
2026-03-03 05:54:58 INFO user logout
2026-03-03 05:55:01 WARN user login ok
2026-03-03 05:55:05 INFO disk usage high
2026-03-03 05:55:06 INFO cache hit
2026-03-03 05:55:09 INFO background job finished
2026-03-03 05:55:11 WARN slow query detected
2026-03-03 05:55:15 INFO background job finished
2026-03-03 05:55:17 INFO config reloaded
### повреждённая строка ###
2026-03-03 05:55:22 INFO database timeout
2026-03-03 05:55:25 INFO connection reset by peer
2026-03-03 05:55:28 INFO cache miss
2026-03-03 05:55:32 WARN disk usage high
2026-03-03 05:55:36 ERROR cache hit
2026-03-03 05:55:37 INFO cache hit
2026-03-03 05:55:41 INFO database timeout
2026-03-03 05:55:44 INFO database timeout
### повреждённая строка ###
2026-03-03 05:55:48 WARN request handled
2026-03-03 05:55:49 INFO connection reset by peer
2026-03-03 05:55:51 INFO user login ok
2026-03-03 05:55:53 INFO cache hit
2026-03-03 05:55:55 INFO cache miss
2026-03-03 05:55:56 WARN user login ok
2026-03-03 05:55:58 WARN cache hit
2026-03-03 05:55:59 INFO invalid token
2026-03-03 05:56:01 INFO config reloaded
2026-03-03 05:56:04 INFO disk usage high
2026-03-03 05:56:08 INFO user login ok
2026-03-03 05:56:11 INFO config reloaded
2026-03-03 05:56:13 INFO invalid token
2026-03-03 05:56:15 INFO user login ok
2026-03-03 05:56:18 INFO background job finished
2026-03-03 05:56:21 INFO database timeout
2026-03-03 05:56:23 INFO request handled
2026-03-03 05:56:24 INFO config reloaded
2026-03-03 05:56:26 INFO cache miss
2026-03-03 05:56:30 INFO disk usage high
2026-03-03 05:56:33 ERROR cache hit
2026-03-03 05:56:36 INFO cache miss
2026-03-03 05:56:39 INFO database timeout
2026-03-03 05:56:43 INFO user logout
2026-03-03 05:56:44 INFO user login ok
2026-03-03 05:56:46 INFO user login ok
2026-03-03 05:56:50 WARN user login ok
2026-03-03 05:56:53 INFO invalid token
2026-03-03 05:56:55 INFO invalid token
2026-03-03 05:56:56 WARN request handled
2026-03-03 05:56:58 INFO connection reset by peer
2026-03-03 05:56:59 INFO user login ok
2026-03-03 05:57:03 INFO user login ok
2026-03-03 05:57:07 INFO connection reset by peer
2026-03-03 05:57:09 INFO cache hit
2026-03-03 05:57:13 INFO background job finished
2026-03-03 05:57:16 ERROR user login ok
2026-03-03 05:57:19 WARN request handled
2026-03-03 05:57:23 INFO request handled
2026-03-03 05:57:27 INFO cache miss
2026-03-03 05:57:31 INFO user login ok
2026-03-03 05:57:34 WARN slow query detected
2026-03-03 05:57:37 INFO cache miss
2026-03-03 05:57:40 ERROR config reloaded
2026-03-03 05:57:44 INFO user login ok
2026-03-03 05:57:46 WARN cache hit
2026-03-03 05:57:48 INFO slow query detected
2026-03-03 05:57:52 WARN connection reset by peer
2026-03-03 05:57:55 INFO user logout
2026-03-03 05:57:58 INFO request handled
2026-03-03 05:57:59 INFO config reloaded
2026-03-03 05:58:00 INFO database timeout
2026-03-03 05:58:03 INFO slow query detected
2026-03-03 05:58:06 WARN user logout
2026-03-03 05:58:09 INFO user logout
2026-03-03 05:58:11 INFO cache miss
2026-03-03 05:58:13 INFO cache miss
2026-03-03 05:58:17 INFO invalid token
2026-03-03 05:58:18 WARN cache miss
2026-03-03 05:58:20 INFO request handled
2026-03-03 05:58:22 INFO cache hit
2026-03-03 05:58:26 INFO disk usage high
2026-03-03 05:58:28 INFO user login ok
2026-03-03 05:58:32 INFO connection reset by peer
2026-03-03 05:58:36 INFO connection reset by peer
2026-03-03 05:58:38 INFO user login ok
2026-03-03 05:58:41 INFO cache miss
2026-03-03 05:58:45 WARN database timeout
2026-03-03 05:58:46 INFO user logout
2026-03-03 05:58:48 INFO cache miss
2026-03-03 05:58:51 INFO slow query detected
2026-03-03 05:58:55 INFO database timeout
2026-03-03 05:58:56 INFO config reloaded
2026-03-03 05:59:00 INFO request handled
2026-03-03 05:59:02 INFO user login ok
2026-03-03 05:59:06 INFO user login ok
2026-03-03 05:59:07 INFO user login ok
2026-03-03 05:59:09 INFO invalid token
2026-03-03 05:59:12 INFO database timeout
2026-03-03 05:59:15 INFO config reloaded
### повреждённая строка ###
2026-03-03 05:59:21 INFO user login ok
2026-03-03 05:59:25 INFO disk usage high
2026-03-03 05:59:27 INFO user login ok
2026-03-03 05:59:30 WARN invalid token
2026-03-03 05:59:34 WARN user login ok
2026-03-03 05:59:35 INFO cache hit
2026-03-03 05:59:39 INFO request handled
2026-03-03 05:59:40 INFO user login ok
2026-03-03 05:59:43 INFO cache hit
2026-03-03 05:59:44 INFO cache miss
2026-03-03 05:59:46 INFO user login ok
2026-03-03 05:59:50 INFO database timeout
2026-03-03 05:59:54 WARN slow query detected
2026-03-03 05:59:55 WARN disk usage high
2026-03-03 05:59:58 INFO request handled
2026-03-03 06:00:01 INFO user login ok
2026-03-03 06:00:05 INFO cache miss
2026-03-03 06:00:09 INFO cache hit
2026-03-03 06:00:12 INFO connection reset by peer
2026-03-03 06:00:16 INFO user login ok
2026-03-03 06:00:18 INFO connection reset by peer
2026-03-03 06:00:21 INFO slow query detected
2026-03-03 06:00:24 INFO user login ok
2026-03-03 06:00:25 INFO user login ok
2026-03-03 06:00:26 INFO invalid token
2026-03-03 06:00:30 ERROR background job finished
2026-03-03 06:00:33 INFO user login ok
2026-03-03 06:00:36 WARN cache miss
2026-03-03 06:00:39 WARN user login ok
2026-03-03 06:00:43 INFO user login ok
2026-03-03 06:00:45 INFO cache miss
2026-03-03 06:00:46 INFO user login ok
2026-03-03 06:00:47 INFO cache hit
2026-03-03 06:00:51 INFO disk usage high
2026-03-03 06:00:54 INFO slow query detected
2026-03-03 06:00:58 INFO config reloaded
2026-03-03 06:00:59 INFO disk usage high
2026-03-03 06:01:02 INFO config reloaded
2026-03-03 06:01:04 INFO user login ok
2026-03-03 06:01:05 INFO user login ok
2026-03-03 06:01:09 INFO request handled
2026-03-03 06:01:10 INFO cache miss
2026-03-03 06:01:13 INFO user login ok
2026-03-03 06:01:14 INFO slow query detected
2026-03-03 06:01:15 INFO cache miss
2026-03-03 06:01:17 INFO user login ok
2026-03-03 06:01:21 ERROR slow query detected
2026-03-03 06:01:23 INFO request handled
2026-03-03 06:01:26 ERROR database timeout
2026-03-03 06:01:29 INFO background job finished
2026-03-03 06:01:31 WARN user login ok
2026-03-03 06:01:34 ERROR slow query detected
2026-03-03 06:01:37 INFO user login ok
2026-03-03 06:01:40 WARN user login ok
2026-03-03 06:01:43 INFO user login ok
2026-03-03 06:01:44 INFO slow query detected
2026-03-03 06:01:48 INFO user logout
2026-03-03 06:01:50 INFO invalid token
2026-03-03 06:01:52 INFO slow query detected
2026-03-03 06:01:55 WARN cache miss
2026-03-03 06:01:56 INFO user logout
2026-03-03 06:01:57 INFO user logout
2026-03-03 06:01:59 INFO cache hit
2026-03-03 06:02:02 WARN user login ok
2026-03-03 06:02:05 INFO user logout
2026-03-03 06:02:06 INFO user login ok
2026-03-03 06:02:07 INFO cache miss
2026-03-03 06:02:10 ERROR user logout
2026-03-03 06:02:11 INFO background job finished
2026-03-03 06:02:12 INFO invalid token
2026-03-03 06:02:13 ERROR user login ok
2026-03-03 06:02:14 WARN user login ok
2026-03-03 06:02:16 INFO cache miss
2026-03-03 06:02:17 WARN slow query detected
2026-03-03 06:02:18 ERROR disk usage high
2026-03-03 06:02:20 INFO user login ok
2026-03-03 06:02:22 INFO user login ok
2026-03-03 06:02:23 INFO user login ok
2026-03-03 06:02:25 INFO slow query detected
2026-03-03 06:02:27 INFO slow query detected
2026-03-03 06:02:29 INFO user login ok
2026-03-03 06:02:33 INFO request handled
2026-03-03 06:02:36 INFO request handled
2026-03-03 06:02:40 INFO cache hit
2026-03-03 06:02:41 INFO user login ok
2026-03-03 06:02:43 INFO user login ok
2026-03-03 06:02:44 INFO user login ok
2026-03-03 06:02:47 WARN user logout
2026-03-03 06:02:49 INFO config reloaded
2026-03-03 06:02:53 INFO user login ok
2026-03-03 06:02:57 INFO slow query detected
2026-03-03 06:02:58 INFO user logout
2026-03-03 06:03:02 INFO user login ok
2026-03-03 06:03:04 WARN user login ok
2026-03-03 06:03:05 INFO cache miss
2026-03-03 06:03:08 INFO request handled
2026-03-03 06:03:09 INFO cache miss
2026-03-03 06:03:13 INFO user login ok
2026-03-03 06:03:16 INFO user login ok
2026-03-03 06:03:20 INFO user login ok
2026-03-03 06:03:24 INFO database timeout
2026-03-03 06:03:26 WARN user login ok
2026-03-03 06:03:30 INFO database timeout
2026-03-03 06:03:32 WARN user login ok
2026-03-03 06:03:35 WARN user login ok
2026-03-03 06:03:38 INFO user login ok
2026-03-03 06:03:39 INFO user login ok
2026-03-03 06:03:40 INFO background job finished
2026-03-03 06:03:41 INFO cache hit
2026-03-03 06:03:44 WARN user login ok
2026-03-03 06:03:45 INFO invalid token
2026-03-03 06:03:47 INFO background job finished
2026-03-03 06:03:49 INFO user login ok
2026-03-03 06:03:53 INFO invalid token
2026-03-03 06:03:55 WARN user logout
2026-03-03 06:03:59 INFO database timeout
2026-03-03 06:04:02 INFO disk usage high
2026-03-03 06:04:03 INFO connection reset by peer
2026-03-03 06:04:04 WARN user login ok
2026-03-03 06:04:08 WARN user login ok
2026-03-03 06:04:10 INFO cache hit
2026-03-03 06:04:13 INFO user logout
2026-03-03 06:04:16 INFO connection reset by peer
2026-03-03 06:04:20 INFO user login ok
2026-03-03 06:04:23 INFO background job finished
2026-03-03 06:04:25 INFO slow query detected
2026-03-03 06:04:27 INFO user login ok
2026-03-03 06:04:28 INFO slow query detected
2026-03-03 06:04:29 INFO database timeout
2026-03-03 06:04:32 INFO user login ok
2026-03-03 06:04:33 INFO user login ok
2026-03-03 06:04:37 INFO user login ok
2026-03-03 06:04:39 WARN user login ok
2026-03-03 06:04:43 INFO user logout
2026-03-03 06:04:47 INFO slow query detected
2026-03-03 06:04:50 WARN disk usage high
2026-03-03 06:04:54 INFO cache miss
2026-03-03 06:04:55 INFO user logout
2026-03-03 06:04:57 INFO user login ok
2026-03-03 06:05:00 INFO user logout
2026-03-03 06:05:01 INFO user login ok
2026-03-03 06:05:02 INFO user login ok
2026-03-03 06:05:05 INFO cache miss
2026-03-03 06:05:08 INFO user login ok
2026-03-03 06:05:11 INFO user login ok
2026-03-03 06:05:13 WARN config reloaded
2026-03-03 06:05:14 INFO user login ok
2026-03-03 06:05:15 INFO database timeout
2026-03-03 06:05:18 INFO user logout
2026-03-03 06:05:22 INFO config reloaded
2026-03-03 06:05:25 INFO user logout
2026-03-03 06:05:28 INFO database timeout
2026-03-03 06:05:30 ERROR user login ok
2026-03-03 06:05:34 INFO user login ok
2026-03-03 06:05:35 INFO request handled
2026-03-03 06:05:37 INFO user login ok
2026-03-03 06:05:41 INFO user login ok
2026-03-03 06:05:45 INFO request handled
2026-03-03 06:05:46 INFO user logout
2026-03-03 06:05:47 INFO cache hit
2026-03-03 06:05:49 INFO cache miss
2026-03-03 06:05:51 INFO connection reset by peer
2026-03-03 06:05:52 INFO user login ok
2026-03-03 06:05:53 WARN user login ok
2026-03-03 06:05:56 INFO user login ok
2026-03-03 06:05:57 INFO user login ok
2026-03-03 06:05:58 WARN invalid token
2026-03-03 06:06:01 INFO database timeout
2026-03-03 06:06:05 INFO user login ok
2026-03-03 06:06:08 INFO user logout
2026-03-03 06:06:10 INFO invalid token
2026-03-03 06:06:13 INFO config reloaded
2026-03-03 06:06:14 INFO user logout
2026-03-03 06:06:18 INFO user login ok
2026-03-03 06:06:20 INFO user logout
2026-03-03 06:06:21 WARN slow query detected
2026-03-03 06:06:23 INFO invalid token
2026-03-03 06:06:26 ERROR cache hit
2026-03-03 06:06:27 INFO user login ok
2026-03-03 06:06:29 INFO user logout
2026-03-03 06:06:30 WARN cache miss
2026-03-03 06:06:33 WARN request handled
2026-03-03 06:06:35 INFO user login ok
2026-03-03 06:06:37 INFO user login ok
2026-03-03 06:06:41 INFO user login ok
2026-03-03 06:06:45 INFO request handled
2026-03-03 06:06:49 INFO user login ok
2026-03-03 06:06:53 ERROR user logout
2026-03-03 06:06:57 WARN cache miss
2026-03-03 06:07:01 INFO user login ok
2026-03-03 06:07:04 INFO slow query detected
2026-03-03 06:07:06 INFO background job finished
2026-03-03 06:07:07 INFO connection reset by peer
2026-03-03 06:07:09 INFO config reloaded
2026-03-03 06:07:11 INFO invalid token
2026-03-03 06:07:15 INFO cache miss
2026-03-03 06:07:18 INFO background job finished
2026-03-03 06:07:22 INFO user login ok
2026-03-03 06:07:23 INFO user login ok
2026-03-03 06:07:25 INFO user login ok
2026-03-03 06:07:26 WARN user logout
2026-03-03 06:07:29 WARN cache miss
2026-03-03 06:07:31 INFO connection reset by peer
2026-03-03 06:07:33 INFO database timeout
2026-03-03 06:07:35 INFO user login ok
2026-03-03 06:07:39 INFO connection reset by peer
2026-03-03 06:07:40 INFO slow query detected
2026-03-03 06:07:43 INFO user login ok
2026-03-03 06:07:45 INFO request handled
2026-03-03 06:07:46 INFO disk usage high
2026-03-03 06:07:50 INFO cache hit
2026-03-03 06:07:53 INFO user logout
2026-03-03 06:07:56 INFO user logout
2026-03-03 06:07:57 INFO cache miss
2026-03-03 06:07:58 INFO user login ok
2026-03-03 06:07:59 INFO user login ok
2026-03-03 06:08:02 WARN user logout
2026-03-03 06:08:06 INFO user login ok
2026-03-03 06:08:07 INFO request handled
2026-03-03 06:08:08 INFO user login ok
2026-03-03 06:08:10 INFO user logout
2026-03-03 06:08:14 INFO cache miss
2026-03-03 06:08:18 INFO database timeout
2026-03-03 06:08:22 INFO user login ok
2026-03-03 06:08:26 INFO background job finished
2026-03-03 06:08:27 INFO request handled
2026-03-03 06:08:30 INFO slow query detected
2026-03-03 06:08:33 INFO cache hit
2026-03-03 06:08:35 INFO cache miss
2026-03-03 06:08:37 INFO user login ok
2026-03-03 06:08:38 INFO user login ok
2026-03-03 06:08:41 INFO user login ok
2026-03-03 06:08:44 INFO user logout
2026-03-03 06:08:48 WARN user login ok
2026-03-03 06:08:52 INFO cache hit
2026-03-03 06:08:54 INFO user login ok
2026-03-03 06:08:57 INFO user logout
2026-03-03 06:08:58 INFO slow query detected
2026-03-03 06:09:00 INFO disk usage high
2026-03-03 06:09:04 ERROR slow query detected
2026-03-03 06:09:05 INFO user login ok
2026-03-03 06:09:09 INFO database timeout
2026-03-03 06:09:13 ERROR disk usage high
2026-03-03 06:09:16 INFO cache hit
2026-03-03 06:09:19 INFO user logout
2026-03-03 06:09:23 INFO disk usage high
2026-03-03 06:09:27 INFO background job finished
2026-03-03 06:09:31 INFO request handled
2026-03-03 06:09:33 ERROR database timeout
2026-03-03 06:09:35 INFO request handled
2026-03-03 06:09:36 WARN user login ok
2026-03-03 06:09:40 ERROR cache hit
2026-03-03 06:09:41 INFO config reloaded
2026-03-03 06:09:42 WARN connection reset by peer
2026-03-03 06:09:45 INFO request handled
2026-03-03 06:09:48 INFO user login ok
2026-03-03 06:09:49 WARN request handled
2026-03-03 06:09:51 INFO database timeout
2026-03-03 06:09:53 INFO user login ok
2026-03-03 06:09:56 WARN disk usage high
2026-03-03 06:09:59 INFO user login ok
2026-03-03 06:10:03 INFO user login ok
2026-03-03 06:10:05 INFO config reloaded
2026-03-03 06:10:08 INFO background job finished
2026-03-03 06:10:12 ERROR background job finished
2026-03-03 06:10:13 INFO user login ok
2026-03-03 06:10:15 INFO slow query detected
2026-03-03 06:10:19 INFO request handled
2026-03-03 06:10:23 INFO user login ok
2026-03-03 06:10:26 INFO user login ok
2026-03-03 06:10:28 INFO config reloaded
2026-03-03 06:10:31 INFO connection reset by peer
2026-03-03 06:10:35 INFO disk usage high
2026-03-03 06:10:37 INFO connection reset by peer
2026-03-03 06:10:38 INFO slow query detected
2026-03-03 06:10:42 WARN user login ok
2026-03-03 06:10:43 INFO request handled
2026-03-03 06:10:45 INFO user logout
2026-03-03 06:10:49 INFO cache hit
2026-03-03 06:10:51 INFO user login ok
2026-03-03 06:10:53 INFO config reloaded
2026-03-03 06:10:57 INFO user login ok
2026-03-03 06:10:59 ERROR cache hit
2026-03-03 06:11:03 ERROR request handled
2026-03-03 06:11:04 INFO database timeout
2026-03-03 06:11:06 INFO slow query detected
2026-03-03 06:11:08 WARN request handled
2026-03-03 06:11:11 INFO user logout
2026-03-03 06:11:15 INFO user logout
2026-03-03 06:11:18 INFO cache hit
2026-03-03 06:11:19 INFO database timeout
2026-03-03 06:11:23 WARN cache miss
2026-03-03 06:11:24 INFO background job finished
### повреждённая строка ###
2026-03-03 06:11:31 WARN cache hit
2026-03-03 06:11:34 INFO background job finished
2026-03-03 06:11:35 INFO request handled
2026-03-03 06:11:39 INFO user logout
2026-03-03 06:11:42 INFO user logout
2026-03-03 06:11:46 WARN user logout
2026-03-03 06:11:49 INFO slow query detected
2026-03-03 06:11:51 INFO cache hit
2026-03-03 06:11:54 INFO user login ok
2026-03-03 06:11:58 INFO user login ok
2026-03-03 06:12:01 INFO cache hit
2026-03-03 06:12:03 WARN slow query detected
2026-03-03 06:12:04 INFO config reloaded
2026-03-03 06:12:05 INFO user login ok
2026-03-03 06:12:09 WARN user logout
2026-03-03 06:12:11 INFO cache miss
2026-03-03 06:12:12 INFO background job finished
2026-03-03 06:12:16 INFO user login ok
2026-03-03 06:12:20 INFO user login ok
2026-03-03 06:12:22 INFO request handled
2026-03-03 06:12:23 WARN invalid token
2026-03-03 06:12:24 INFO background job finished
2026-03-03 06:12:26 INFO user login ok
2026-03-03 06:12:29 INFO config reloaded
2026-03-03 06:12:32 INFO background job finished
2026-03-03 06:12:36 INFO cache hit
2026-03-03 06:12:38 ERROR user logout
2026-03-03 06:12:41 INFO user logout
2026-03-03 06:12:42 INFO connection reset by peer
2026-03-03 06:12:45 INFO user login ok
2026-03-03 06:12:46 INFO user logout
2026-03-03 06:12:47 INFO user logout
2026-03-03 06:12:50 INFO request handled
2026-03-03 06:12:52 INFO user logout
2026-03-03 06:12:54 INFO user login ok
2026-03-03 06:12:57 INFO cache hit
2026-03-03 06:13:00 WARN user login ok
2026-03-03 06:13:01 INFO config reloaded
2026-03-03 06:13:03 INFO user logout
2026-03-03 06:13:06 INFO config reloaded
2026-03-03 06:13:08 INFO request handled
2026-03-03 06:13:09 INFO connection reset by peer
2026-03-03 06:13:12 INFO cache hit
2026-03-03 06:13:16 INFO cache miss
2026-03-03 06:13:18 INFO background job finished
2026-03-03 06:13:19 INFO user login ok
2026-03-03 06:13:20 INFO invalid token
2026-03-03 06:13:21 INFO request handled
2026-03-03 06:13:25 INFO connection reset by peer
2026-03-03 06:13:29 WARN user logout
2026-03-03 06:13:33 WARN user login ok
2026-03-03 06:13:36 INFO cache hit
2026-03-03 06:13:37 INFO invalid token
2026-03-03 06:13:41 WARN user logout
2026-03-03 06:13:43 INFO database timeout
2026-03-03 06:13:47 WARN user login ok
2026-03-03 06:13:50 INFO invalid token
2026-03-03 06:13:53 INFO cache hit
2026-03-03 06:13:56 INFO user logout
2026-03-03 06:13:58 INFO cache hit
2026-03-03 06:14:01 WARN request handled
2026-03-03 06:14:05 ERROR config reloaded
2026-03-03 06:14:07 INFO invalid token
2026-03-03 06:14:11 INFO cache hit
2026-03-03 06:14:14 INFO disk usage high
2026-03-03 06:14:15 INFO request handled
2026-03-03 06:14:17 INFO user logout
2026-03-03 06:14:20 INFO user login ok
2026-03-03 06:14:23 INFO cache miss
2026-03-03 06:14:25 INFO user login ok
2026-03-03 06:14:29 INFO request handled
2026-03-03 06:14:32 INFO user login ok
2026-03-03 06:14:35 INFO config reloaded
2026-03-03 06:14:38 INFO disk usage high
2026-03-03 06:14:42 INFO cache miss
2026-03-03 06:14:44 INFO slow query detected
2026-03-03 06:14:47 INFO request handled
2026-03-03 06:14:50 INFO cache miss
2026-03-03 06:14:52 INFO invalid token
2026-03-03 06:14:53 INFO cache hit
2026-03-03 06:14:56 INFO disk usage high
2026-03-03 06:15:00 INFO cache hit
2026-03-03 06:15:02 INFO user logout
2026-03-03 06:15:04 INFO invalid token
2026-03-03 06:15:05 INFO user login ok
2026-03-03 06:15:08 WARN user logout
2026-03-03 06:15:12 INFO slow query detected
2026-03-03 06:15:15 INFO user login ok
2026-03-03 06:15:17 INFO request handled
2026-03-03 06:15:21 INFO user login ok
2026-03-03 06:15:23 INFO user logout
2026-03-03 06:15:25 INFO user login ok
2026-03-03 06:15:26 ERROR user login ok
2026-03-03 06:15:28 INFO user logout
2026-03-03 06:15:30 INFO invalid token
2026-03-03 06:15:31 INFO connection reset by peer
2026-03-03 06:15:34 INFO user logout
2026-03-03 06:15:36 INFO user login ok
2026-03-03 06:15:39 INFO user login ok
2026-03-03 06:15:40 INFO cache hit
2026-03-03 06:15:41 INFO user login ok
2026-03-03 06:15:42 INFO database timeout
2026-03-03 06:15:46 INFO user login ok
2026-03-03 06:15:49 INFO user login ok
2026-03-03 06:15:52 INFO request handled
2026-03-03 06:15:53 WARN user login ok
2026-03-03 06:15:55 INFO user login ok
2026-03-03 06:15:58 INFO user login ok
2026-03-03 06:15:59 INFO connection reset by peer
2026-03-03 06:16:00 INFO config reloaded
2026-03-03 06:16:02 INFO cache miss
2026-03-03 06:16:04 INFO slow query detected
2026-03-03 06:16:05 INFO user logout
2026-03-03 06:16:07 INFO disk usage high
2026-03-03 06:16:11 INFO request handled
2026-03-03 06:16:14 INFO user logout
2026-03-03 06:16:16 WARN user logout
2026-03-03 06:16:17 INFO cache hit
2026-03-03 06:16:19 INFO user login ok
2026-03-03 06:16:20 ERROR cache hit
2026-03-03 06:16:21 WARN user login ok
2026-03-03 06:16:23 WARN database timeout
2026-03-03 06:16:25 INFO user login ok
2026-03-03 06:16:26 INFO config reloaded
2026-03-03 06:16:29 INFO user logout
2026-03-03 06:16:31 INFO config reloaded
2026-03-03 06:16:33 INFO user login ok
2026-03-03 06:16:37 INFO cache hit
2026-03-03 06:16:39 INFO disk usage high
2026-03-03 06:16:40 INFO database timeout
2026-03-03 06:16:43 ERROR connection reset by peer
2026-03-03 06:16:46 INFO database timeout
2026-03-03 06:16:47 INFO user login ok
2026-03-03 06:16:51 INFO user login ok
2026-03-03 06:16:55 ERROR user logout
2026-03-03 06:16:56 INFO user logout
2026-03-03 06:16:57 INFO connection reset by peer
2026-03-03 06:17:01 WARN user login ok
2026-03-03 06:17:05 INFO connection reset by peer
2026-03-03 06:17:06 INFO user login ok
2026-03-03 06:17:08 INFO config reloaded
2026-03-03 06:17:09 WARN cache hit
2026-03-03 06:17:12 WARN database timeout
2026-03-03 06:17:14 INFO background job finished
2026-03-03 06:17:17 INFO background job finished
2026-03-03 06:17:21 INFO connection reset by peer
2026-03-03 06:17:23 INFO database timeout
2026-03-03 06:17:26 INFO user login ok
2026-03-03 06:17:29 INFO user login ok
2026-03-03 06:17:32 INFO user login ok
2026-03-03 06:17:33 INFO user login ok
2026-03-03 06:17:34 INFO connection reset by peer
2026-03-03 06:17:38 INFO user login ok
2026-03-03 06:17:40 INFO cache hit
2026-03-03 06:17:43 INFO user logout
2026-03-03 06:17:47 INFO user login ok
2026-03-03 06:17:48 INFO background job finished
2026-03-03 06:17:50 INFO background job finished
2026-03-03 06:17:52 INFO user login ok
2026-03-03 06:17:54 INFO cache hit
2026-03-03 06:17:57 INFO user logout
2026-03-03 06:18:01 ERROR request handled
2026-03-03 06:18:04 INFO user login ok
2026-03-03 06:18:06 ERROR config reloaded
2026-03-03 06:18:10 INFO user logout
2026-03-03 06:18:12 INFO user login ok
2026-03-03 06:18:13 INFO disk usage high
2026-03-03 06:18:15 ERROR background job finished
2026-03-03 06:18:17 INFO request handled
2026-03-03 06:18:18 WARN connection reset by peer
2026-03-03 06:18:22 INFO database timeout
2026-03-03 06:18:26 INFO user logout
2026-03-03 06:18:30 INFO cache miss
2026-03-03 06:18:31 WARN user login ok
2026-03-03 06:18:32 INFO disk usage high
2026-03-03 06:18:33 INFO user logout
2026-03-03 06:18:36 INFO request handled
2026-03-03 06:18:38 INFO connection reset by peer
2026-03-03 06:18:39 INFO user logout
2026-03-03 06:18:41 WARN user login ok
2026-03-03 06:18:45 INFO invalid token
2026-03-03 06:18:46 WARN request handled
2026-03-03 06:18:47 INFO user login ok
2026-03-03 06:18:51 INFO user login ok
2026-03-03 06:18:54 WARN connection reset by peer
2026-03-03 06:18:57 WARN cache miss
2026-03-03 06:19:00 INFO cache miss
2026-03-03 06:19:04 INFO database timeout
2026-03-03 06:19:07 WARN cache hit
2026-03-03 06:19:11 INFO user login ok
2026-03-03 06:19:14 INFO connection reset by peer
2026-03-03 06:19:15 INFO disk usage high
2026-03-03 06:19:17 INFO user logout
2026-03-03 06:19:20 WARN background job finished
2026-03-03 06:19:22 INFO user login ok
2026-03-03 06:19:24 INFO user login ok
2026-03-03 06:19:25 WARN background job finished
2026-03-03 06:19:26 WARN user logout
2026-03-03 06:19:29 INFO connection reset by peer
2026-03-03 06:19:30 INFO user login ok
2026-03-03 06:19:31 INFO user login ok
2026-03-03 06:19:32 INFO user login ok
2026-03-03 06:19:36 INFO request handled
2026-03-03 06:19:39 INFO request handled
2026-03-03 06:19:40 INFO slow query detected
2026-03-03 06:19:41 ERROR invalid token
2026-03-03 06:19:43 INFO disk usage high
2026-03-03 06:19:44 INFO user login ok
2026-03-03 06:19:45 INFO connection reset by peer
2026-03-03 06:19:48 ERROR background job finished
### повреждённая строка ###
2026-03-03 06:19:50 INFO user login ok
2026-03-03 06:19:54 INFO user login ok
2026-03-03 06:19:57 INFO user login ok
2026-03-03 06:19:59 INFO cache miss
2026-03-03 06:20:02 INFO connection reset by peer
2026-03-03 06:20:04 WARN request handled
2026-03-03 06:20:08 INFO user login ok
2026-03-03 06:20:09 INFO background job finished
2026-03-03 06:20:13 INFO disk usage high
2026-03-03 06:20:16 INFO request handled
2026-03-03 06:20:20 INFO user login ok
2026-03-03 06:20:23 INFO user logout
2026-03-03 06:20:27 INFO user login ok
2026-03-03 06:20:28 INFO user logout
2026-03-03 06:20:31 INFO user login ok
2026-03-03 06:20:35 INFO cache miss
2026-03-03 06:20:36 INFO background job finished
2026-03-03 06:20:39 INFO config reloaded
2026-03-03 06:20:43 INFO database timeout
2026-03-03 06:20:44 INFO user logout
2026-03-03 06:20:45 WARN user login ok
2026-03-03 06:20:47 INFO disk usage high
2026-03-03 06:20:49 INFO user logout
2026-03-03 06:20:50 INFO user logout
2026-03-03 06:20:52 INFO user login ok
2026-03-03 06:20:54 INFO user login ok
2026-03-03 06:20:56 INFO user login ok
2026-03-03 06:20:57 INFO background job finished
2026-03-03 06:20:58 INFO user login ok
2026-03-03 06:21:00 INFO user logout
2026-03-03 06:21:04 INFO user login ok
2026-03-03 06:21:05 INFO disk usage high
2026-03-03 06:21:08 WARN user login ok
2026-03-03 06:21:09 ERROR cache miss
2026-03-03 06:21:11 INFO user login ok
2026-03-03 06:21:15 INFO config reloaded
2026-03-03 06:21:17 WARN database timeout
2026-03-03 06:21:21 INFO user login ok
2026-03-03 06:21:22 INFO user logout
2026-03-03 06:21:24 INFO config reloaded
2026-03-03 06:21:25 INFO user login ok
2026-03-03 06:21:27 INFO cache miss
2026-03-03 06:21:31 INFO disk usage high
2026-03-03 06:21:35 INFO user login ok
2026-03-03 06:21:39 INFO request handled
2026-03-03 06:21:42 INFO database timeout
2026-03-03 06:21:45 INFO user logout
2026-03-03 06:21:47 INFO config reloaded
2026-03-03 06:21:51 INFO config reloaded
2026-03-03 06:21:53 INFO connection reset by peer
2026-03-03 06:21:54 INFO invalid token
2026-03-03 06:21:55 INFO user login ok
2026-03-03 06:21:56 INFO user login ok
2026-03-03 06:21:57 INFO user login ok
2026-03-03 06:22:00 WARN user login ok
2026-03-03 06:22:04 INFO user logout
2026-03-03 06:22:05 INFO background job finished
2026-03-03 06:22:06 INFO user logout
2026-03-03 06:22:07 INFO user login ok
2026-03-03 06:22:09 INFO user login ok
2026-03-03 06:22:12 INFO user login ok
2026-03-03 06:22:14 INFO cache hit
2026-03-03 06:22:16 INFO background job finished
2026-03-03 06:22:20 INFO user login ok
2026-03-03 06:22:22 INFO cache miss
2026-03-03 06:22:25 INFO invalid token
2026-03-03 06:22:28 INFO database timeout
2026-03-03 06:22:31 ERROR cache hit
2026-03-03 06:22:35 INFO user login ok
2026-03-03 06:22:36 ERROR database timeout
2026-03-03 06:22:39 INFO cache hit
2026-03-03 06:22:43 INFO config reloaded
2026-03-03 06:22:45 INFO request handled
2026-03-03 06:22:47 INFO cache miss
2026-03-03 06:22:48 INFO user login ok
2026-03-03 06:22:50 INFO user login ok
2026-03-03 06:22:53 INFO request handled
2026-03-03 06:22:56 INFO user logout
2026-03-03 06:23:00 INFO database timeout
2026-03-03 06:23:03 INFO slow query detected
2026-03-03 06:23:07 INFO config reloaded
2026-03-03 06:23:11 INFO cache miss
2026-03-03 06:23:14 INFO cache miss
2026-03-03 06:23:15 INFO database timeout
2026-03-03 06:23:17 INFO user login ok
2026-03-03 06:23:18 INFO user login ok
2026-03-03 06:23:22 INFO invalid token
2026-03-03 06:23:26 INFO cache hit
2026-03-03 06:23:27 INFO user login ok
2026-03-03 06:23:30 INFO user logout
2026-03-03 06:23:34 INFO cache miss
2026-03-03 06:23:38 INFO background job finished
2026-03-03 06:23:39 INFO slow query detected
2026-03-03 06:23:41 INFO user login ok
2026-03-03 06:23:44 INFO user logout
2026-03-03 06:23:46 INFO user login ok
2026-03-03 06:23:49 INFO cache hit
2026-03-03 06:23:52 INFO user login ok
2026-03-03 06:23:53 INFO config reloaded
2026-03-03 06:23:55 INFO database timeout
2026-03-03 06:23:56 INFO user logout
2026-03-03 06:23:57 INFO database timeout
2026-03-03 06:23:58 INFO user login ok
2026-03-03 06:24:01 INFO database timeout
2026-03-03 06:24:04 INFO user login ok
2026-03-03 06:24:07 INFO user logout
2026-03-03 06:24:08 INFO request handled
2026-03-03 06:24:12 ERROR cache hit
2026-03-03 06:24:15 WARN database timeout
2026-03-03 06:24:16 INFO cache hit
2026-03-03 06:24:18 INFO user login ok
2026-03-03 06:24:22 INFO database timeout
2026-03-03 06:24:25 INFO cache hit
2026-03-03 06:24:28 INFO slow query detected
2026-03-03 06:24:32 INFO invalid token
2026-03-03 06:24:36 INFO user login ok
2026-03-03 06:24:38 INFO database timeout
2026-03-03 06:24:40 INFO user logout
2026-03-03 06:24:43 INFO cache hit
2026-03-03 06:24:44 INFO disk usage high
2026-03-03 06:24:47 INFO user login ok
2026-03-03 06:24:48 INFO user login ok
2026-03-03 06:24:51 INFO user login ok
2026-03-03 06:24:54 INFO user login ok
2026-03-03 06:24:56 ERROR cache hit
2026-03-03 06:24:57 INFO user login ok
2026-03-03 06:25:01 INFO disk usage high
2026-03-03 06:25:04 WARN cache hit
2026-03-03 06:25:08 INFO user logout
2026-03-03 06:25:10 INFO background job finished
2026-03-03 06:25:12 INFO user logout
2026-03-03 06:25:15 INFO disk usage high
2026-03-03 06:25:19 INFO config reloaded
2026-03-03 06:25:20 INFO invalid token
2026-03-03 06:25:21 INFO cache hit
2026-03-03 06:25:23 INFO slow query detected
2026-03-03 06:25:24 INFO background job finished
2026-03-03 06:25:26 INFO background job finished
2026-03-03 06:25:29 INFO user logout
2026-03-03 06:25:31 INFO database timeout
2026-03-03 06:25:34 INFO user login ok
2026-03-03 06:25:35 INFO user login ok
2026-03-03 06:25:37 INFO database timeout
2026-03-03 06:25:39 INFO cache miss
2026-03-03 06:25:42 INFO cache hit
2026-03-03 06:25:46 INFO invalid token
2026-03-03 06:25:49 WARN cache hit
2026-03-03 06:25:50 INFO user login ok
2026-03-03 06:25:52 INFO user logout
2026-03-03 06:25:54 INFO slow query detected
2026-03-03 06:25:56 INFO disk usage high
2026-03-03 06:25:59 INFO connection reset by peer
2026-03-03 06:26:03 INFO cache miss
2026-03-03 06:26:05 INFO invalid token
2026-03-03 06:26:08 INFO user login ok
2026-03-03 06:26:10 INFO cache hit
2026-03-03 06:26:11 INFO cache miss
2026-03-03 06:26:12 WARN connection reset by peer
2026-03-03 06:26:15 WARN config reloaded
2026-03-03 06:26:18 INFO user login ok
2026-03-03 06:26:20 ERROR disk usage high
2026-03-03 06:26:24 INFO cache miss
2026-03-03 06:26:26 INFO user login ok
2026-03-03 06:26:30 INFO user login ok
2026-03-03 06:26:34 INFO disk usage high
2026-03-03 06:26:36 INFO user login ok
2026-03-03 06:26:40 INFO slow query detected
2026-03-03 06:26:43 INFO connection reset by peer
2026-03-03 06:26:44 INFO request handled
2026-03-03 06:26:47 INFO config reloaded
2026-03-03 06:26:50 INFO user logout
2026-03-03 06:26:53 INFO invalid token
2026-03-03 06:26:54 INFO slow query detected
2026-03-03 06:26:57 INFO slow query detected
2026-03-03 06:26:58 INFO slow query detected
2026-03-03 06:27:02 WARN user logout
2026-03-03 06:27:03 WARN user login ok
2026-03-03 06:27:05 INFO user login ok
2026-03-03 06:27:09 INFO cache hit
2026-03-03 06:27:12 INFO user login ok
2026-03-03 06:27:15 INFO cache miss
2026-03-03 06:27:18 INFO disk usage high
2026-03-03 06:27:22 INFO config reloaded
2026-03-03 06:27:25 INFO cache hit
2026-03-03 06:27:28 INFO user login ok
2026-03-03 06:27:32 INFO user logout
2026-03-03 06:27:35 ERROR cache hit
2026-03-03 06:27:36 INFO user login ok
2026-03-03 06:27:37 INFO slow query detected
2026-03-03 06:27:41 INFO background job finished
2026-03-03 06:27:45 INFO user logout
2026-03-03 06:27:48 WARN background job finished
2026-03-03 06:27:49 INFO background job finished
2026-03-03 06:27:52 INFO user login ok
2026-03-03 06:27:54 INFO connection reset by peer
2026-03-03 06:27:56 INFO user login ok
2026-03-03 06:27:57 INFO user login ok
2026-03-03 06:28:00 WARN slow query detected
2026-03-03 06:28:01 INFO user logout
2026-03-03 06:28:02 WARN disk usage high
2026-03-03 06:28:03 WARN database timeout
2026-03-03 06:28:04 WARN user logout
2026-03-03 06:28:08 INFO user logout
2026-03-03 06:28:10 INFO cache miss
2026-03-03 06:28:14 INFO user login ok
2026-03-03 06:28:18 INFO user logout
2026-03-03 06:28:21 INFO slow query detected
2026-03-03 06:28:25 INFO background job finished
2026-03-03 06:28:26 INFO database timeout
2026-03-03 06:28:28 WARN disk usage high
2026-03-03 06:28:31 WARN cache hit
2026-03-03 06:28:33 INFO database timeout
2026-03-03 06:28:36 INFO user login ok
2026-03-03 06:28:40 WARN config reloaded
2026-03-03 06:28:42 INFO config reloaded
2026-03-03 06:28:44 ERROR cache hit
2026-03-03 06:28:46 INFO invalid token
2026-03-03 06:28:47 INFO user login ok
2026-03-03 06:28:49 INFO cache hit
2026-03-03 06:28:52 INFO invalid token
2026-03-03 06:28:53 WARN connection reset by peer
2026-03-03 06:28:57 ERROR user login ok
2026-03-03 06:28:59 INFO connection reset by peer
2026-03-03 06:29:00 INFO request handled
2026-03-03 06:29:02 INFO background job finished
2026-03-03 06:29:03 INFO cache hit
2026-03-03 06:29:07 INFO user login ok
2026-03-03 06:29:09 INFO user logout
2026-03-03 06:29:11 INFO user logout
2026-03-03 06:29:15 INFO user logout
2026-03-03 06:29:17 INFO disk usage high
2026-03-03 06:29:19 WARN config reloaded
2026-03-03 06:29:21 INFO slow query detected
2026-03-03 06:29:24 INFO user login ok
2026-03-03 06:29:25 INFO user logout
2026-03-03 06:29:28 INFO slow query detected
2026-03-03 06:29:31 INFO user login ok
2026-03-03 06:29:35 INFO background job finished
2026-03-03 06:29:36 INFO user login ok
2026-03-03 06:29:37 INFO user logout
2026-03-03 06:29:40 INFO user logout
2026-03-03 06:29:43 ERROR invalid token
2026-03-03 06:29:47 INFO user login ok
2026-03-03 06:29:48 ERROR user logout
2026-03-03 06:29:50 INFO user logout
2026-03-03 06:29:51 INFO request handled
2026-03-03 06:29:55 INFO user login ok
### повреждённая строка ###
2026-03-03 06:30:03 INFO cache hit
2026-03-03 06:30:07 INFO user logout
2026-03-03 06:30:10 INFO user login ok
2026-03-03 06:30:13 INFO background job finished
2026-03-03 06:30:14 INFO background job finished
2026-03-03 06:30:16 INFO user logout
2026-03-03 06:30:17 INFO config reloaded
2026-03-03 06:30:20 INFO database timeout
2026-03-03 06:30:22 INFO background job finished
2026-03-03 06:30:26 INFO config reloaded
2026-03-03 06:30:30 INFO user login ok
2026-03-03 06:30:31 INFO user login ok
2026-03-03 06:30:35 WARN database timeout
2026-03-03 06:30:38 INFO user logout
2026-03-03 06:30:42 INFO user login ok
2026-03-03 06:30:46 INFO disk usage high
2026-03-03 06:30:48 INFO user login ok
2026-03-03 06:30:52 INFO request handled
2026-03-03 06:30:56 INFO connection reset by peer
### повреждённая строка ###
2026-03-03 06:31:02 INFO database timeout
2026-03-03 06:31:04 INFO slow query detected
2026-03-03 06:31:05 INFO request handled
2026-03-03 06:31:06 INFO cache miss
2026-03-03 06:31:08 WARN user login ok
2026-03-03 06:31:10 INFO user login ok
2026-03-03 06:31:11 WARN user login ok
2026-03-03 06:31:13 INFO user login ok
2026-03-03 06:31:15 INFO cache hit
2026-03-03 06:31:17 INFO background job finished
2026-03-03 06:31:21 INFO user login ok
2026-03-03 06:31:22 INFO user login ok
2026-03-03 06:31:26 INFO database timeout
2026-03-03 06:31:29 INFO user login ok
2026-03-03 06:31:33 INFO disk usage high
2026-03-03 06:31:36 INFO request handled
2026-03-03 06:31:39 WARN connection reset by peer
2026-03-03 06:31:41 INFO user login ok
2026-03-03 06:31:43 INFO invalid token
2026-03-03 06:31:46 WARN config reloaded
2026-03-03 06:31:49 INFO slow query detected
2026-03-03 06:31:50 INFO user login ok
2026-03-03 06:31:54 WARN cache hit
2026-03-03 06:31:55 ERROR cache miss
### повреждённая строка ###
2026-03-03 06:32:03 INFO user login ok
2026-03-03 06:32:04 WARN cache miss
2026-03-03 06:32:08 INFO slow query detected
2026-03-03 06:32:09 INFO disk usage high
2026-03-03 06:32:11 INFO invalid token
2026-03-03 06:32:14 INFO user logout
### повреждённая строка ###
2026-03-03 06:32:18 WARN user login ok
2026-03-03 06:32:20 INFO database timeout
2026-03-03 06:32:22 INFO user login ok
2026-03-03 06:32:23 INFO cache miss
2026-03-03 06:32:24 INFO cache miss
2026-03-03 06:32:27 INFO user login ok
2026-03-03 06:32:28 INFO slow query detected
2026-03-03 06:32:31 INFO request handled
2026-03-03 06:32:35 INFO config reloaded
2026-03-03 06:32:37 INFO slow query detected
2026-03-03 06:32:40 WARN cache miss
2026-03-03 06:32:44 INFO user login ok
2026-03-03 06:32:45 INFO cache miss
2026-03-03 06:32:49 INFO user login ok
2026-03-03 06:32:50 WARN user login ok
2026-03-03 06:32:54 INFO background job finished
2026-03-03 06:32:56 ERROR background job finished
2026-03-03 06:32:57 INFO user login ok
2026-03-03 06:32:58 INFO database timeout
2026-03-03 06:33:02 INFO slow query detected
2026-03-03 06:33:04 INFO request handled
2026-03-03 06:33:05 INFO user logout
2026-03-03 06:33:09 INFO user logout
2026-03-03 06:33:12 INFO user logout
2026-03-03 06:33:16 WARN config reloaded
2026-03-03 06:33:18 INFO cache hit
2026-03-03 06:33:22 ERROR disk usage high
2026-03-03 06:33:24 INFO cache hit
2026-03-03 06:33:25 INFO cache miss
2026-03-03 06:33:29 INFO request handled
2026-03-03 06:33:33 INFO cache miss
2026-03-03 06:33:37 INFO config reloaded
2026-03-03 06:33:41 INFO disk usage high
2026-03-03 06:33:45 WARN request handled
2026-03-03 06:33:49 INFO connection reset by peer
2026-03-03 06:33:51 INFO request handled
2026-03-03 06:33:55 INFO user login ok
2026-03-03 06:33:59 INFO user logout
2026-03-03 06:34:00 WARN cache miss
2026-03-03 06:34:01 INFO user login ok
2026-03-03 06:34:03 INFO user login ok
2026-03-03 06:34:07 INFO user login ok
2026-03-03 06:34:10 WARN cache hit
2026-03-03 06:34:12 WARN cache miss
2026-03-03 06:34:16 WARN user logout
2026-03-03 06:34:18 INFO slow query detected
2026-03-03 06:34:20 INFO cache miss
2026-03-03 06:34:21 WARN cache miss
2026-03-03 06:34:22 INFO background job finished
2026-03-03 06:34:26 INFO config reloaded
2026-03-03 06:34:30 INFO request handled
2026-03-03 06:34:34 INFO cache miss
2026-03-03 06:34:38 INFO slow query detected
2026-03-03 06:34:41 INFO invalid token
2026-03-03 06:34:42 INFO config reloaded
2026-03-03 06:34:46 INFO request handled
2026-03-03 06:34:48 INFO background job finished
2026-03-03 06:34:50 INFO invalid token
2026-03-03 06:34:53 INFO user logout
2026-03-03 06:34:54 INFO disk usage high
2026-03-03 06:34:57 INFO user logout
2026-03-03 06:34:58 ERROR user login ok
2026-03-03 06:35:02 INFO background job finished
2026-03-03 06:35:05 INFO user login ok
2026-03-03 06:35:09 INFO slow query detected
2026-03-03 06:35:11 INFO cache miss
2026-03-03 06:35:14 INFO invalid token
2026-03-03 06:35:16 INFO user login ok
2026-03-03 06:35:17 INFO slow query detected
2026-03-03 06:35:19 INFO user login ok
2026-03-03 06:35:20 INFO user login ok
2026-03-03 06:35:24 INFO user logout
2026-03-03 06:35:25 INFO user login ok
2026-03-03 06:35:27 INFO database timeout
2026-03-03 06:35:28 INFO disk usage high
2026-03-03 06:35:29 INFO cache miss
2026-03-03 06:35:30 WARN user login ok
2026-03-03 06:35:33 INFO user login ok
2026-03-03 06:35:36 INFO user logout
2026-03-03 06:35:39 INFO user login ok
2026-03-03 06:35:43 INFO user login ok
2026-03-03 06:35:47 WARN request handled
2026-03-03 06:35:49 WARN user login ok
2026-03-03 06:35:50 INFO config reloaded
2026-03-03 06:35:53 INFO user login ok
2026-03-03 06:35:55 INFO cache hit
2026-03-03 06:35:56 INFO user logout
2026-03-03 06:35:58 WARN cache hit
2026-03-03 06:36:00 INFO cache hit
2026-03-03 06:36:01 WARN cache hit
2026-03-03 06:36:02 INFO background job finished
2026-03-03 06:36:05 INFO slow query detected
2026-03-03 06:36:09 INFO config reloaded
2026-03-03 06:36:11 INFO config reloaded
2026-03-03 06:36:15 INFO user logout
2026-03-03 06:36:16 INFO request handled
2026-03-03 06:36:20 INFO cache hit
2026-03-03 06:36:24 WARN user login ok
2026-03-03 06:36:25 INFO user logout
2026-03-03 06:36:29 INFO user login ok
2026-03-03 06:36:33 INFO user login ok
2026-03-03 06:36:36 INFO user login ok
2026-03-03 06:36:39 INFO user logout
2026-03-03 06:36:43 INFO config reloaded
2026-03-03 06:36:47 INFO user login ok
2026-03-03 06:36:48 INFO background job finished
2026-03-03 06:36:49 INFO cache miss
2026-03-03 06:36:51 INFO user login ok
2026-03-03 06:36:53 INFO user login ok
2026-03-03 06:36:55 INFO connection reset by peer
2026-03-03 06:36:56 WARN cache hit
2026-03-03 06:36:58 INFO cache miss
2026-03-03 06:37:00 ERROR cache miss
2026-03-03 06:37:01 INFO cache hit
2026-03-03 06:37:05 INFO user login ok
2026-03-03 06:37:08 INFO user logout
2026-03-03 06:37:10 WARN slow query detected
2026-03-03 06:37:14 INFO user login ok
2026-03-03 06:37:15 INFO disk usage high
2026-03-03 06:37:16 INFO user login ok
2026-03-03 06:37:18 INFO invalid token
2026-03-03 06:37:21 WARN config reloaded
2026-03-03 06:37:24 INFO user login ok
2026-03-03 06:37:25 WARN user login ok
2026-03-03 06:37:29 INFO database timeout
2026-03-03 06:37:30 ERROR cache hit
2026-03-03 06:37:31 WARN disk usage high
2026-03-03 06:37:32 INFO request handled
2026-03-03 06:37:35 INFO slow query detected
2026-03-03 06:37:36 INFO user login ok
2026-03-03 06:37:37 INFO user login ok
2026-03-03 06:37:41 INFO background job finished
2026-03-03 06:37:43 INFO cache hit
2026-03-03 06:37:44 INFO user logout
2026-03-03 06:37:46 INFO request handled
2026-03-03 06:37:47 INFO user logout
2026-03-03 06:37:49 INFO invalid token
2026-03-03 06:37:50 INFO user login ok
2026-03-03 06:37:53 INFO config reloaded
2026-03-03 06:37:56 WARN disk usage high
2026-03-03 06:37:57 INFO connection reset by peer
2026-03-03 06:37:58 INFO database timeout
2026-03-03 06:38:00 INFO cache hit
2026-03-03 06:38:03 INFO request handled
2026-03-03 06:38:06 ERROR user login ok
2026-03-03 06:38:09 INFO config reloaded
2026-03-03 06:38:11 WARN slow query detected
2026-03-03 06:38:15 INFO user logout
2026-03-03 06:38:18 INFO user login ok
2026-03-03 06:38:21 INFO invalid token
2026-03-03 06:38:23 INFO user login ok
2026-03-03 06:38:26 INFO user logout
2026-03-03 06:38:29 INFO cache miss
2026-03-03 06:38:30 INFO config reloaded
2026-03-03 06:38:31 INFO user logout
2026-03-03 06:38:33 INFO user login ok
2026-03-03 06:38:35 WARN user login ok
2026-03-03 06:38:36 INFO user login ok
2026-03-03 06:38:37 WARN slow query detected
2026-03-03 06:38:41 INFO user logout
2026-03-03 06:38:42 WARN config reloaded
2026-03-03 06:38:43 WARN cache hit
2026-03-03 06:38:45 INFO database timeout
2026-03-03 06:38:47 INFO request handled
2026-03-03 06:38:49 INFO cache miss
2026-03-03 06:38:53 INFO slow query detected
2026-03-03 06:38:56 INFO user logout
2026-03-03 06:38:57 INFO cache hit
2026-03-03 06:38:58 ERROR cache miss
2026-03-03 06:39:00 INFO cache miss
2026-03-03 06:39:04 INFO background job finished
2026-03-03 06:39:05 WARN cache hit
2026-03-03 06:39:08 INFO connection reset by peer
2026-03-03 06:39:10 INFO user logout
2026-03-03 06:39:12 INFO disk usage high
2026-03-03 06:39:15 WARN config reloaded
2026-03-03 06:39:17 INFO cache miss
2026-03-03 06:39:20 INFO user logout
2026-03-03 06:39:24 INFO cache miss
2026-03-03 06:39:28 INFO cache hit
2026-03-03 06:39:29 INFO config reloaded
2026-03-03 06:39:32 INFO connection reset by peer
2026-03-03 06:39:36 INFO connection reset by peer
2026-03-03 06:39:40 INFO user logout
2026-03-03 06:39:42 INFO user login ok
2026-03-03 06:39:43 INFO disk usage high
2026-03-03 06:39:47 INFO background job finished
2026-03-03 06:39:48 INFO slow query detected
2026-03-03 06:39:50 INFO user login ok
2026-03-03 06:39:51 INFO user login ok
2026-03-03 06:39:54 INFO slow query detected
2026-03-03 06:39:55 INFO user login ok
2026-03-03 06:39:57 INFO config reloaded
2026-03-03 06:40:01 INFO user login ok
2026-03-03 06:40:05 INFO disk usage high
2026-03-03 06:40:08 INFO user login ok
2026-03-03 06:40:11 WARN user login ok
2026-03-03 06:40:15 INFO slow query detected
2026-03-03 06:40:17 INFO slow query detected
2026-03-03 06:40:18 INFO user login ok
2026-03-03 06:40:19 INFO request handled
2026-03-03 06:40:22 INFO connection reset by peer
2026-03-03 06:40:24 WARN user login ok
2026-03-03 06:40:27 INFO user logout
2026-03-03 06:40:29 INFO invalid token
2026-03-03 06:40:32 INFO cache hit
2026-03-03 06:40:36 WARN background job finished
2026-03-03 06:40:40 WARN cache miss
2026-03-03 06:40:44 WARN user login ok
2026-03-03 06:40:47 INFO invalid token
2026-03-03 06:40:49 WARN user logout
2026-03-03 06:40:53 INFO disk usage high
2026-03-03 06:40:54 INFO user login ok
2026-03-03 06:40:55 INFO disk usage high
2026-03-03 06:40:58 INFO cache hit
2026-03-03 06:40:59 INFO database timeout
2026-03-03 06:41:00 INFO disk usage high
2026-03-03 06:41:01 INFO user login ok
2026-03-03 06:41:05 INFO slow query detected
2026-03-03 06:41:09 INFO database timeout
2026-03-03 06:41:11 INFO slow query detected
2026-03-03 06:41:15 INFO cache miss
2026-03-03 06:41:18 INFO connection reset by peer
2026-03-03 06:41:20 INFO user logout
2026-03-03 06:41:24 INFO disk usage high
2026-03-03 06:41:27 WARN background job finished
2026-03-03 06:41:31 WARN user login ok
2026-03-03 06:41:33 INFO user login ok
2026-03-03 06:41:37 INFO slow query detected
2026-03-03 06:41:38 INFO connection reset by peer
### повреждённая строка ###
2026-03-03 06:41:41 INFO user login ok
2026-03-03 06:41:42 INFO user logout
2026-03-03 06:41:46 INFO database timeout
2026-03-03 06:41:47 WARN request handled
2026-03-03 06:41:49 INFO user login ok
2026-03-03 06:41:53 WARN cache hit
2026-03-03 06:41:54 INFO request handled
2026-03-03 06:41:58 WARN user login ok
2026-03-03 06:41:59 INFO request handled
2026-03-03 06:42:00 INFO slow query detected
2026-03-03 06:42:03 INFO cache hit
2026-03-03 06:42:05 INFO user login ok
2026-03-03 06:42:08 INFO user login ok
2026-03-03 06:42:09 WARN user login ok
2026-03-03 06:42:10 WARN user login ok
2026-03-03 06:42:13 INFO user logout
2026-03-03 06:42:16 INFO cache hit
2026-03-03 06:42:17 INFO user logout
2026-03-03 06:42:21 INFO cache miss
2026-03-03 06:42:24 INFO user login ok
2026-03-03 06:42:26 ERROR connection reset by peer
2026-03-03 06:42:28 INFO cache miss
2026-03-03 06:42:31 INFO database timeout
2026-03-03 06:42:33 ERROR user login ok
2026-03-03 06:42:36 INFO request handled
2026-03-03 06:42:38 INFO disk usage high
2026-03-03 06:42:40 INFO background job finished
2026-03-03 06:42:44 INFO cache miss
2026-03-03 06:42:45 INFO request handled
2026-03-03 06:42:47 INFO user login ok
2026-03-03 06:42:48 INFO slow query detected
2026-03-03 06:42:51 ERROR cache hit
2026-03-03 06:42:54 INFO user login ok
2026-03-03 06:42:57 INFO user login ok
2026-03-03 06:42:59 INFO connection reset by peer
2026-03-03 06:43:01 INFO user login ok
2026-03-03 06:43:02 INFO cache miss
2026-03-03 06:43:04 INFO config reloaded
2026-03-03 06:43:08 INFO connection reset by peer
2026-03-03 06:43:09 ERROR user login ok
2026-03-03 06:43:10 INFO invalid token
2026-03-03 06:43:12 WARN request handled
2026-03-03 06:43:16 INFO cache hit
2026-03-03 06:43:18 INFO cache miss
2026-03-03 06:43:21 INFO cache miss
2026-03-03 06:43:24 INFO invalid token
2026-03-03 06:43:25 INFO user login ok
2026-03-03 06:43:28 INFO cache hit
2026-03-03 06:43:29 INFO disk usage high
2026-03-03 06:43:30 INFO cache hit
2026-03-03 06:43:34 INFO user login ok
2026-03-03 06:43:37 ERROR disk usage high
2026-03-03 06:43:38 INFO user login ok
2026-03-03 06:43:42 INFO disk usage high
2026-03-03 06:43:43 INFO config reloaded
2026-03-03 06:43:46 INFO database timeout
2026-03-03 06:43:47 INFO slow query detected
2026-03-03 06:43:51 INFO database timeout
2026-03-03 06:43:53 INFO invalid token
2026-03-03 06:43:57 INFO user login ok
2026-03-03 06:44:01 INFO cache hit
2026-03-03 06:44:05 INFO user login ok
2026-03-03 06:44:09 INFO user logout
2026-03-03 06:44:12 INFO user logout
2026-03-03 06:44:13 INFO cache miss
2026-03-03 06:44:16 INFO request handled
2026-03-03 06:44:20 INFO cache miss
2026-03-03 06:44:24 INFO request handled
2026-03-03 06:44:26 WARN user login ok
2026-03-03 06:44:27 INFO cache miss
2026-03-03 06:44:29 INFO user login ok
2026-03-03 06:44:30 INFO disk usage high
2026-03-03 06:44:33 INFO slow query detected
2026-03-03 06:44:35 INFO request handled
2026-03-03 06:44:39 ERROR background job finished
2026-03-03 06:44:42 INFO cache hit
2026-03-03 06:44:46 INFO invalid token
2026-03-03 06:44:50 INFO user logout
2026-03-03 06:44:51 WARN background job finished
2026-03-03 06:44:54 INFO request handled
2026-03-03 06:44:58 INFO user logout
2026-03-03 06:45:01 INFO user logout
2026-03-03 06:45:02 INFO user login ok
2026-03-03 06:45:05 INFO connection reset by peer
2026-03-03 06:45:09 ERROR user logout
2026-03-03 06:45:11 INFO user login ok
2026-03-03 06:45:14 INFO database timeout
2026-03-03 06:45:18 INFO user login ok
2026-03-03 06:45:21 INFO user login ok
2026-03-03 06:45:24 INFO user login ok
2026-03-03 06:45:27 INFO connection reset by peer
2026-03-03 06:45:28 INFO slow query detected
2026-03-03 06:45:29 INFO user login ok
2026-03-03 06:45:31 INFO request handled
2026-03-03 06:45:35 INFO cache hit
2026-03-03 06:45:37 INFO request handled
2026-03-03 06:45:38 WARN user login ok
2026-03-03 06:45:39 INFO user login ok
2026-03-03 06:45:43 INFO cache hit
2026-03-03 06:45:45 INFO user login ok
2026-03-03 06:45:46 INFO user login ok
2026-03-03 06:45:49 INFO slow query detected
2026-03-03 06:45:52 INFO user login ok
2026-03-03 06:45:54 INFO user logout
2026-03-03 06:45:58 WARN slow query detected
2026-03-03 06:45:59 INFO user login ok
2026-03-03 06:46:02 INFO config reloaded
2026-03-03 06:46:03 INFO slow query detected
2026-03-03 06:46:07 INFO cache miss
2026-03-03 06:46:08 INFO disk usage high
2026-03-03 06:46:09 INFO slow query detected
2026-03-03 06:46:10 INFO cache miss
2026-03-03 06:46:12 INFO user login ok
2026-03-03 06:46:13 INFO config reloaded
2026-03-03 06:46:16 INFO user login ok
2026-03-03 06:46:18 WARN config reloaded
2026-03-03 06:46:20 INFO cache miss
2026-03-03 06:46:23 INFO slow query detected
2026-03-03 06:46:26 INFO cache miss
2026-03-03 06:46:30 INFO cache miss
2026-03-03 06:46:31 INFO user login ok
2026-03-03 06:46:35 INFO config reloaded
2026-03-03 06:46:39 ERROR request handled
2026-03-03 06:46:43 INFO slow query detected
2026-03-03 06:46:47 INFO cache hit
2026-03-03 06:46:48 INFO database timeout
2026-03-03 06:46:51 INFO connection reset by peer
2026-03-03 06:46:55 INFO user login ok
2026-03-03 06:46:58 INFO user login ok
2026-03-03 06:47:01 INFO user login ok
2026-03-03 06:47:04 INFO invalid token
2026-03-03 06:47:06 INFO disk usage high
2026-03-03 06:47:07 WARN cache hit
2026-03-03 06:47:09 INFO request handled
2026-03-03 06:47:12 INFO request handled
2026-03-03 06:47:15 INFO user login ok
2026-03-03 06:47:18 INFO cache hit
2026-03-03 06:47:21 WARN background job finished
2026-03-03 06:47:24 INFO invalid token
2026-03-03 06:47:26 INFO user login ok
2026-03-03 06:47:27 INFO user login ok
2026-03-03 06:47:31 INFO user login ok
2026-03-03 06:47:35 INFO background job finished
2026-03-03 06:47:39 INFO user login ok
2026-03-03 06:47:43 INFO user logout
2026-03-03 06:47:44 INFO request handled
2026-03-03 06:47:47 INFO user login ok
2026-03-03 06:47:51 INFO request handled
2026-03-03 06:47:52 INFO user login ok
2026-03-03 06:47:53 INFO user login ok
2026-03-03 06:47:56 INFO user login ok
2026-03-03 06:47:57 INFO user login ok
2026-03-03 06:48:00 INFO background job finished
2026-03-03 06:48:03 INFO cache miss
2026-03-03 06:48:06 INFO user login ok
2026-03-03 06:48:10 WARN user login ok
2026-03-03 06:48:12 INFO user logout
2026-03-03 06:48:16 INFO user logout
2026-03-03 06:48:17 ERROR user login ok
2026-03-03 06:48:18 INFO cache miss
2026-03-03 06:48:19 INFO user login ok
2026-03-03 06:48:21 INFO disk usage high
2026-03-03 06:48:24 WARN config reloaded
2026-03-03 06:48:28 INFO user login ok
2026-03-03 06:48:32 WARN slow query detected
2026-03-03 06:48:33 INFO user login ok
2026-03-03 06:48:35 INFO user login ok
2026-03-03 06:48:39 WARN database timeout
2026-03-03 06:48:40 INFO user login ok
2026-03-03 06:48:41 WARN user logout
2026-03-03 06:48:42 WARN user login ok
2026-03-03 06:48:44 WARN request handled
2026-03-03 06:48:47 INFO user logout
2026-03-03 06:48:48 INFO cache miss
2026-03-03 06:48:50 WARN user login ok
2026-03-03 06:48:51 INFO slow query detected
2026-03-03 06:48:52 INFO user login ok
2026-03-03 06:48:55 INFO request handled
2026-03-03 06:48:57 INFO user login ok
2026-03-03 06:49:01 INFO user login ok
2026-03-03 06:49:03 INFO background job finished
2026-03-03 06:49:04 WARN config reloaded
2026-03-03 06:49:07 INFO slow query detected
2026-03-03 06:49:11 INFO cache hit
2026-03-03 06:49:15 INFO user login ok
2026-03-03 06:49:19 INFO slow query detected
2026-03-03 06:49:22 INFO user login ok
2026-03-03 06:49:25 INFO request handled
2026-03-03 06:49:29 INFO user login ok
2026-03-03 06:49:30 INFO disk usage high
2026-03-03 06:49:33 INFO invalid token
2026-03-03 06:49:37 INFO user login ok
2026-03-03 06:49:39 INFO cache miss
2026-03-03 06:49:42 INFO user login ok
2026-03-03 06:49:46 ERROR disk usage high
2026-03-03 06:49:48 INFO cache miss
2026-03-03 06:49:49 INFO database timeout
2026-03-03 06:49:52 INFO user login ok
2026-03-03 06:49:55 INFO user login ok
2026-03-03 06:49:57 WARN user login ok
2026-03-03 06:50:01 INFO cache miss
2026-03-03 06:50:04 INFO user login ok
2026-03-03 06:50:06 WARN database timeout
2026-03-03 06:50:09 INFO user login ok
2026-03-03 06:50:10 INFO user login ok
2026-03-03 06:50:11 INFO disk usage high
2026-03-03 06:50:13 INFO user login ok
2026-03-03 06:50:17 INFO background job finished
2026-03-03 06:50:19 WARN user logout
2026-03-03 06:50:21 INFO user logout
2026-03-03 06:50:22 INFO cache miss
2026-03-03 06:50:23 INFO user login ok
2026-03-03 06:50:25 INFO user login ok
2026-03-03 06:50:27 INFO slow query detected
2026-03-03 06:50:31 INFO cache miss
2026-03-03 06:50:33 INFO user login ok
2026-03-03 06:50:34 INFO cache hit
2026-03-03 06:50:37 INFO cache hit
2026-03-03 06:50:38 WARN cache hit
2026-03-03 06:50:40 INFO user login ok
2026-03-03 06:50:43 WARN user login ok
2026-03-03 06:50:45 INFO user login ok
2026-03-03 06:50:49 INFO user login ok
2026-03-03 06:50:50 INFO user login ok
2026-03-03 06:50:52 INFO user login ok
2026-03-03 06:50:56 INFO user login ok
2026-03-03 06:50:58 INFO user login ok
2026-03-03 06:50:59 INFO request handled
2026-03-03 06:51:01 INFO cache miss
2026-03-03 06:51:05 INFO connection reset by peer
2026-03-03 06:51:07 INFO config reloaded
2026-03-03 06:51:10 INFO user login ok
2026-03-03 06:51:11 INFO cache miss
2026-03-03 06:51:14 INFO cache hit
2026-03-03 06:51:17 INFO slow query detected
2026-03-03 06:51:21 INFO user logout
2026-03-03 06:51:24 INFO user login ok
2026-03-03 06:51:25 WARN database timeout
2026-03-03 06:51:27 INFO request handled
2026-03-03 06:51:28 INFO user login ok
2026-03-03 06:51:31 ERROR user login ok
2026-03-03 06:51:32 INFO cache hit
2026-03-03 06:51:36 INFO user login ok
2026-03-03 06:51:39 WARN invalid token
2026-03-03 06:51:43 INFO user logout
2026-03-03 06:51:47 WARN cache miss
2026-03-03 06:51:51 INFO disk usage high
2026-03-03 06:51:54 INFO background job finished
2026-03-03 06:51:58 INFO cache miss
2026-03-03 06:51:59 INFO user logout
2026-03-03 06:52:00 WARN config reloaded
2026-03-03 06:52:03 INFO request handled
2026-03-03 06:52:04 INFO user logout
2026-03-03 06:52:08 INFO config reloaded
2026-03-03 06:52:09 INFO config reloaded
2026-03-03 06:52:13 INFO user login ok
2026-03-03 06:52:15 INFO user logout
2026-03-03 06:52:17 ERROR cache hit
2026-03-03 06:52:21 INFO database timeout
2026-03-03 06:52:25 INFO connection reset by peer
2026-03-03 06:52:28 WARN user logout
2026-03-03 06:52:29 WARN slow query detected
2026-03-03 06:52:32 INFO user login ok
2026-03-03 06:52:35 INFO user logout
2026-03-03 06:52:37 INFO request handled
2026-03-03 06:52:38 INFO cache miss
2026-03-03 06:52:41 INFO user login ok
2026-03-03 06:52:44 INFO cache hit
2026-03-03 06:52:47 INFO user logout
2026-03-03 06:52:48 WARN disk usage high
2026-03-03 06:52:49 INFO invalid token
2026-03-03 06:52:50 INFO user login ok
2026-03-03 06:52:52 INFO user login ok
2026-03-03 06:52:55 WARN invalid token
2026-03-03 06:52:59 INFO cache miss
2026-03-03 06:53:02 ERROR connection reset by peer
2026-03-03 06:53:03 INFO user login ok
2026-03-03 06:53:06 INFO user login ok
2026-03-03 06:53:08 INFO user logout
2026-03-03 06:53:12 INFO disk usage high
2026-03-03 06:53:14 INFO user login ok
2026-03-03 06:53:17 INFO user login ok
2026-03-03 06:53:19 INFO connection reset by peer
2026-03-03 06:53:23 ERROR user login ok
2026-03-03 06:53:27 INFO cache hit
2026-03-03 06:53:29 INFO invalid token
2026-03-03 06:53:31 INFO disk usage high
2026-03-03 06:53:34 INFO invalid token
2026-03-03 06:53:38 INFO cache hit
2026-03-03 06:53:41 INFO request handled
2026-03-03 06:53:45 INFO user login ok
2026-03-03 06:53:48 INFO config reloaded
2026-03-03 06:53:52 INFO connection reset by peer
2026-03-03 06:53:53 INFO disk usage high
2026-03-03 06:53:54 INFO user login ok
2026-03-03 06:53:57 INFO config reloaded
2026-03-03 06:54:00 INFO connection reset by peer
2026-03-03 06:54:04 INFO cache hit
2026-03-03 06:54:07 INFO request handled
2026-03-03 06:54:09 WARN user login ok
2026-03-03 06:54:10 INFO request handled
2026-03-03 06:54:14 INFO user logout
2026-03-03 06:54:16 WARN request handled
2026-03-03 06:54:19 INFO slow query detected
2026-03-03 06:54:21 WARN user login ok
2026-03-03 06:54:23 INFO cache hit
2026-03-03 06:54:25 INFO user logout
2026-03-03 06:54:27 INFO user login ok
2026-03-03 06:54:28 INFO user logout
2026-03-03 06:54:30 INFO user login ok
2026-03-03 06:54:32 INFO cache miss
2026-03-03 06:54:33 INFO request handled
2026-03-03 06:54:36 INFO user login ok
2026-03-03 06:54:39 INFO config reloaded
2026-03-03 06:54:40 INFO request handled
2026-03-03 06:54:42 ERROR user login ok
2026-03-03 06:54:43 INFO user login ok
2026-03-03 06:54:44 INFO cache hit
2026-03-03 06:54:47 INFO user login ok
2026-03-03 06:54:50 INFO cache miss
2026-03-03 06:54:54 INFO user logout
2026-03-03 06:54:55 INFO request handled
2026-03-03 06:54:56 INFO user login ok
2026-03-03 06:54:57 INFO user login ok
2026-03-03 06:54:59 ERROR cache hit
2026-03-03 06:55:03 WARN slow query detected
2026-03-03 06:55:05 INFO user login ok
2026-03-03 06:55:09 INFO disk usage high
2026-03-03 06:55:13 INFO database timeout
2026-03-03 06:55:16 INFO cache hit
2026-03-03 06:55:18 INFO user login ok
2026-03-03 06:55:20 INFO user logout
2026-03-03 06:55:23 INFO database timeout
2026-03-03 06:55:27 INFO user logout
2026-03-03 06:55:29 INFO cache hit
2026-03-03 06:55:31 INFO disk usage high
2026-03-03 06:55:33 INFO user login ok
2026-03-03 06:55:37 INFO user login ok
2026-03-03 06:55:38 INFO background job finished
2026-03-03 06:55:39 INFO user login ok
2026-03-03 06:55:41 INFO cache miss
2026-03-03 06:55:44 INFO connection reset by peer
2026-03-03 06:55:47 INFO user login ok
2026-03-03 06:55:51 INFO user login ok
2026-03-03 06:55:55 INFO user logout
2026-03-03 06:55:57 INFO background job finished
2026-03-03 06:56:01 INFO config reloaded
2026-03-03 06:56:04 INFO user login ok
2026-03-03 06:56:06 INFO user logout
2026-03-03 06:56:10 WARN disk usage high
2026-03-03 06:56:14 INFO background job finished
2026-03-03 06:56:15 INFO user logout
2026-03-03 06:56:18 INFO disk usage high
2026-03-03 06:56:19 INFO user logout
2026-03-03 06:56:23 INFO user login ok
2026-03-03 06:56:26 WARN user logout
2026-03-03 06:56:27 INFO request handled
2026-03-03 06:56:29 INFO request handled
2026-03-03 06:56:30 ERROR user login ok
2026-03-03 06:56:31 INFO user login ok
2026-03-03 06:56:34 WARN cache hit
2026-03-03 06:56:38 INFO cache hit
2026-03-03 06:56:42 INFO config reloaded
2026-03-03 06:56:44 INFO slow query detected
2026-03-03 06:56:48 INFO user logout
2026-03-03 06:56:50 INFO cache miss
2026-03-03 06:56:53 INFO cache miss
2026-03-03 06:56:57 INFO cache miss
2026-03-03 06:57:01 INFO user login ok
2026-03-03 06:57:02 INFO cache hit
2026-03-03 06:57:05 INFO background job finished
2026-03-03 06:57:07 WARN user login ok
2026-03-03 06:57:10 INFO user login ok
2026-03-03 06:57:13 INFO user login ok
2026-03-03 06:57:16 INFO database timeout
2026-03-03 06:57:20 INFO cache hit
2026-03-03 06:57:24 INFO connection reset by peer
2026-03-03 06:57:25 INFO cache hit
2026-03-03 06:57:28 INFO user login ok
2026-03-03 06:57:31 INFO cache hit
2026-03-03 06:57:32 INFO user login ok
2026-03-03 06:57:35 INFO connection reset by peer
2026-03-03 06:57:36 WARN connection reset by peer
2026-03-03 06:57:37 WARN cache hit
2026-03-03 06:57:39 INFO database timeout
2026-03-03 06:57:40 INFO config reloaded
2026-03-03 06:57:43 INFO disk usage high
2026-03-03 06:57:44 WARN invalid token
2026-03-03 06:57:48 INFO connection reset by peer
2026-03-03 06:57:50 INFO config reloaded
2026-03-03 06:57:52 INFO cache miss
### повреждённая строка ###
2026-03-03 06:57:56 WARN disk usage high
2026-03-03 06:57:59 INFO user login ok
2026-03-03 06:58:01 INFO user login ok
2026-03-03 06:58:02 INFO background job finished
2026-03-03 06:58:06 ERROR invalid token
2026-03-03 06:58:07 INFO slow query detected
2026-03-03 06:58:11 INFO user login ok
2026-03-03 06:58:14 WARN cache miss
2026-03-03 06:58:16 WARN cache hit
2026-03-03 06:58:18 INFO user logout
2026-03-03 06:58:22 INFO request handled
2026-03-03 06:58:25 INFO user logout
2026-03-03 06:58:29 INFO cache miss
2026-03-03 06:58:30 INFO config reloaded
2026-03-03 06:58:32 INFO database timeout
2026-03-03 06:58:33 WARN slow query detected
2026-03-03 06:58:36 INFO cache miss
2026-03-03 06:58:38 INFO user login ok
2026-03-03 06:58:39 ERROR user login ok
2026-03-03 06:58:40 INFO cache hit
2026-03-03 06:58:44 INFO user login ok
2026-03-03 06:58:46 INFO user login ok
2026-03-03 06:58:47 INFO user login ok
2026-03-03 06:58:51 INFO database timeout
2026-03-03 06:58:54 WARN disk usage high
2026-03-03 06:58:58 INFO database timeout
2026-03-03 06:59:02 INFO user login ok
2026-03-03 06:59:06 INFO user login ok
2026-03-03 06:59:08 INFO user login ok
2026-03-03 06:59:12 INFO connection reset by peer
2026-03-03 06:59:14 INFO cache miss
2026-03-03 06:59:15 INFO slow query detected
2026-03-03 06:59:17 INFO config reloaded
2026-03-03 06:59:21 INFO background job finished
2026-03-03 06:59:22 INFO user login ok
2026-03-03 06:59:24 INFO user login ok
2026-03-03 06:59:26 INFO user logout
2026-03-03 06:59:27 INFO background job finished
2026-03-03 06:59:29 WARN cache hit
2026-03-03 06:59:33 INFO user login ok
2026-03-03 06:59:35 INFO request handled
2026-03-03 06:59:39 INFO user login ok
2026-03-03 06:59:42 WARN background job finished
2026-03-03 06:59:43 INFO background job finished
2026-03-03 06:59:46 INFO connection reset by peer
2026-03-03 06:59:50 INFO user logout
2026-03-03 06:59:52 INFO disk usage high
2026-03-03 06:59:54 INFO user login ok
2026-03-03 06:59:55 INFO user login ok
2026-03-03 06:59:59 INFO user logout
2026-03-03 07:00:00 WARN config reloaded
2026-03-03 07:00:04 INFO user login ok
2026-03-03 07:00:06 INFO user login ok
2026-03-03 07:00:09 INFO user login ok
2026-03-03 07:00:11 INFO cache hit
2026-03-03 07:00:15 ERROR user logout
2026-03-03 07:00:18 WARN user logout
2026-03-03 07:00:21 INFO user login ok
2026-03-03 07:00:25 WARN user login ok
2026-03-03 07:00:28 INFO invalid token
2026-03-03 07:00:30 WARN request handled
2026-03-03 07:00:33 INFO user login ok
2026-03-03 07:00:36 INFO cache miss
2026-03-03 07:00:40 INFO user logout
2026-03-03 07:00:43 INFO user logout
2026-03-03 07:00:47 INFO user login ok
2026-03-03 07:00:48 INFO user login ok
2026-03-03 07:00:51 WARN slow query detected
2026-03-03 07:00:55 INFO user login ok
2026-03-03 07:00:59 INFO user login ok
2026-03-03 07:01:02 WARN request handled
2026-03-03 07:01:04 WARN database timeout
2026-03-03 07:01:06 INFO cache hit
2026-03-03 07:01:07 INFO user logout
2026-03-03 07:01:08 INFO config reloaded
2026-03-03 07:01:11 INFO config reloaded
2026-03-03 07:01:12 WARN user login ok
2026-03-03 07:01:14 INFO cache miss
2026-03-03 07:01:15 INFO slow query detected
2026-03-03 07:01:16 INFO user login ok
2026-03-03 07:01:18 INFO request handled
2026-03-03 07:01:19 WARN slow query detected
2026-03-03 07:01:21 INFO config reloaded
2026-03-03 07:01:23 INFO user login ok
2026-03-03 07:01:24 INFO request handled
2026-03-03 07:01:27 INFO connection reset by peer
2026-03-03 07:01:31 WARN cache miss
2026-03-03 07:01:35 INFO user login ok
2026-03-03 07:01:38 WARN user login ok
2026-03-03 07:01:42 INFO cache hit
2026-03-03 07:01:44 INFO user login ok
2026-03-03 07:01:48 INFO invalid token
2026-03-03 07:01:52 ERROR user login ok
2026-03-03 07:01:53 INFO config reloaded
2026-03-03 07:01:57 INFO connection reset by peer
2026-03-03 07:02:01 INFO invalid token
2026-03-03 07:02:02 INFO user logout
2026-03-03 07:02:06 ERROR slow query detected
2026-03-03 07:02:08 INFO config reloaded
2026-03-03 07:02:12 WARN request handled
2026-03-03 07:02:16 INFO cache miss
2026-03-03 07:02:18 INFO user login ok
2026-03-03 07:02:19 INFO cache hit
2026-03-03 07:02:22 INFO user logout
2026-03-03 07:02:25 INFO user login ok
2026-03-03 07:02:29 INFO background job finished
2026-03-03 07:02:33 INFO user login ok
### повреждённая строка ###
2026-03-03 07:02:38 INFO user logout
2026-03-03 07:02:42 INFO user logout
2026-03-03 07:02:44 INFO user login ok
2026-03-03 07:02:46 INFO user login ok
2026-03-03 07:02:47 WARN connection reset by peer
2026-03-03 07:02:48 INFO invalid token
2026-03-03 07:02:49 INFO user logout
2026-03-03 07:02:51 INFO slow query detected
2026-03-03 07:02:52 INFO user login ok
2026-03-03 07:02:55 INFO disk usage high
2026-03-03 07:02:56 INFO cache miss
2026-03-03 07:03:00 INFO request handled
2026-03-03 07:03:02 WARN user login ok
2026-03-03 07:03:03 WARN user login ok
2026-03-03 07:03:05 INFO user logout
2026-03-03 07:03:07 INFO user login ok
2026-03-03 07:03:11 INFO cache miss
2026-03-03 07:03:15 ERROR user login ok
2026-03-03 07:03:17 WARN user login ok
2026-03-03 07:03:20 INFO user login ok
2026-03-03 07:03:21 INFO connection reset by peer
2026-03-03 07:03:25 INFO user login ok
2026-03-03 07:03:29 INFO cache hit
2026-03-03 07:03:30 INFO user login ok
2026-03-03 07:03:32 INFO disk usage high
2026-03-03 07:03:33 INFO user logout
2026-03-03 07:03:36 INFO disk usage high
2026-03-03 07:03:37 WARN user login ok
2026-03-03 07:03:40 WARN user login ok
2026-03-03 07:03:41 ERROR connection reset by peer
2026-03-03 07:03:43 INFO background job finished
2026-03-03 07:03:44 INFO user login ok
2026-03-03 07:03:47 INFO user login ok
2026-03-03 07:03:50 INFO cache hit
2026-03-03 07:03:54 INFO cache hit
2026-03-03 07:03:58 INFO connection reset by peer
2026-03-03 07:04:00 INFO cache hit
2026-03-03 07:04:01 INFO user login ok
2026-03-03 07:04:05 INFO config reloaded
2026-03-03 07:04:06 INFO user login ok
2026-03-03 07:04:08 INFO slow query detected
2026-03-03 07:04:11 INFO slow query detected
2026-03-03 07:04:12 INFO request handled
2026-03-03 07:04:14 INFO config reloaded
2026-03-03 07:04:15 WARN invalid token
2026-03-03 07:04:17 WARN request handled
2026-03-03 07:04:18 INFO user logout
2026-03-03 07:04:21 INFO background job finished
2026-03-03 07:04:25 INFO config reloaded
2026-03-03 07:04:28 INFO user login ok
2026-03-03 07:04:31 INFO background job finished
2026-03-03 07:04:35 WARN slow query detected
2026-03-03 07:04:38 INFO connection reset by peer
2026-03-03 07:04:41 INFO request handled
2026-03-03 07:04:45 INFO slow query detected
2026-03-03 07:04:47 INFO connection reset by peer
2026-03-03 07:04:51 INFO user login ok
2026-03-03 07:04:54 INFO slow query detected
2026-03-03 07:04:57 WARN user login ok
2026-03-03 07:05:00 INFO user login ok
2026-03-03 07:05:02 INFO connection reset by peer
2026-03-03 07:05:05 WARN user login ok
2026-03-03 07:05:09 INFO user login ok
2026-03-03 07:05:11 INFO user login ok
2026-03-03 07:05:14 INFO user login ok
2026-03-03 07:05:16 INFO background job finished
2026-03-03 07:05:19 INFO disk usage high
2026-03-03 07:05:20 ERROR user logout
2026-03-03 07:05:24 INFO user login ok
2026-03-03 07:05:25 INFO request handled
2026-03-03 07:05:28 INFO user login ok
2026-03-03 07:05:30 INFO background job finished
2026-03-03 07:05:33 INFO cache hit
2026-03-03 07:05:34 INFO user login ok
2026-03-03 07:05:37 INFO cache hit
2026-03-03 07:05:39 INFO request handled
2026-03-03 07:05:43 INFO user logout
2026-03-03 07:05:45 INFO user login ok
2026-03-03 07:05:47 INFO user login ok
2026-03-03 07:05:48 WARN connection reset by peer
2026-03-03 07:05:49 ERROR cache hit
2026-03-03 07:05:51 INFO connection reset by peer
2026-03-03 07:05:53 INFO user login ok
2026-03-03 07:05:54 INFO cache hit
2026-03-03 07:05:55 WARN connection reset by peer
2026-03-03 07:05:58 WARN request handled
2026-03-03 07:05:59 INFO user login ok
2026-03-03 07:06:01 INFO database timeout
2026-03-03 07:06:03 INFO config reloaded
2026-03-03 07:06:04 INFO disk usage high
2026-03-03 07:06:06 INFO cache hit
2026-03-03 07:06:10 INFO background job finished
2026-03-03 07:06:13 INFO background job finished
2026-03-03 07:06:17 INFO cache miss
2026-03-03 07:06:21 INFO request handled
2026-03-03 07:06:22 INFO cache miss
2026-03-03 07:06:24 INFO cache hit
2026-03-03 07:06:26 INFO user logout
2026-03-03 07:06:28 INFO connection reset by peer
2026-03-03 07:06:32 INFO config reloaded
2026-03-03 07:06:33 INFO connection reset by peer
2026-03-03 07:06:37 INFO slow query detected
2026-03-03 07:06:39 INFO slow query detected
2026-03-03 07:06:41 INFO user login ok
2026-03-03 07:06:43 INFO invalid token
2026-03-03 07:06:45 INFO request handled
2026-03-03 07:06:46 INFO user logout
2026-03-03 07:06:48 INFO user login ok
2026-03-03 07:06:52 WARN disk usage high
2026-03-03 07:06:53 INFO user login ok
2026-03-03 07:06:55 INFO user login ok
2026-03-03 07:06:58 INFO user login ok
2026-03-03 07:07:02 INFO user logout
2026-03-03 07:07:04 WARN database timeout
2026-03-03 07:07:08 INFO slow query detected
2026-03-03 07:07:11 INFO user login ok
2026-03-03 07:07:15 WARN user login ok
2026-03-03 07:07:16 INFO request handled
2026-03-03 07:07:19 INFO slow query detected
2026-03-03 07:07:22 INFO cache hit
2026-03-03 07:07:26 INFO slow query detected
2026-03-03 07:07:29 WARN request handled
2026-03-03 07:07:33 INFO cache hit
2026-03-03 07:07:34 INFO disk usage high
2026-03-03 07:07:38 INFO background job finished
2026-03-03 07:07:42 INFO disk usage high
2026-03-03 07:07:43 INFO config reloaded
2026-03-03 07:07:47 INFO database timeout
2026-03-03 07:07:50 INFO user login ok
2026-03-03 07:07:53 INFO user login ok
2026-03-03 07:07:55 INFO user login ok
2026-03-03 07:07:57 INFO connection reset by peer
2026-03-03 07:08:01 INFO request handled
2026-03-03 07:08:02 INFO cache hit
2026-03-03 07:08:03 INFO cache hit
2026-03-03 07:08:04 INFO disk usage high
2026-03-03 07:08:06 INFO slow query detected
2026-03-03 07:08:08 INFO disk usage high
2026-03-03 07:08:11 WARN cache miss
2026-03-03 07:08:12 INFO user login ok
2026-03-03 07:08:14 INFO user logout
2026-03-03 07:08:15 INFO disk usage high
2026-03-03 07:08:16 INFO cache hit
2026-03-03 07:08:18 ERROR user login ok
2026-03-03 07:08:21 INFO user login ok
2026-03-03 07:08:24 INFO slow query detected
2026-03-03 07:08:28 INFO user login ok
2026-03-03 07:08:31 INFO request handled
2026-03-03 07:08:35 INFO user login ok
2026-03-03 07:08:36 INFO user login ok
2026-03-03 07:08:40 WARN cache hit
2026-03-03 07:08:43 INFO config reloaded
2026-03-03 07:08:44 INFO request handled
2026-03-03 07:08:48 INFO cache hit
2026-03-03 07:08:49 INFO connection reset by peer
2026-03-03 07:08:52 INFO slow query detected
2026-03-03 07:08:56 WARN config reloaded
2026-03-03 07:08:59 INFO user login ok
2026-03-03 07:09:02 ERROR background job finished
2026-03-03 07:09:06 INFO cache miss
2026-03-03 07:09:08 INFO user logout
2026-03-03 07:09:10 INFO cache hit
2026-03-03 07:09:14 INFO user login ok
2026-03-03 07:09:17 INFO cache hit
2026-03-03 07:09:20 INFO connection reset by peer
2026-03-03 07:09:23 INFO background job finished
2026-03-03 07:09:26 INFO user login ok
2026-03-03 07:09:28 INFO request handled
2026-03-03 07:09:30 WARN cache miss
2026-03-03 07:09:31 WARN user login ok
2026-03-03 07:09:33 INFO user logout
2026-03-03 07:09:35 INFO user logout
2026-03-03 07:09:38 INFO user login ok
2026-03-03 07:09:39 INFO user login ok
2026-03-03 07:09:43 INFO invalid token
2026-03-03 07:09:45 INFO cache miss
2026-03-03 07:09:49 INFO connection reset by peer
2026-03-03 07:09:51 INFO slow query detected
2026-03-03 07:09:53 INFO disk usage high
2026-03-03 07:09:55 INFO user login ok
2026-03-03 07:09:57 INFO cache miss
2026-03-03 07:10:00 INFO cache miss
2026-03-03 07:10:01 WARN user login ok
2026-03-03 07:10:04 INFO user login ok
2026-03-03 07:10:08 ERROR slow query detected
2026-03-03 07:10:10 INFO user logout
2026-03-03 07:10:12 WARN cache hit
2026-03-03 07:10:15 INFO cache miss
2026-03-03 07:10:18 INFO cache hit
### повреждённая строка ###
2026-03-03 07:10:23 WARN connection reset by peer
2026-03-03 07:10:27 INFO cache hit
2026-03-03 07:10:31 INFO background job finished
2026-03-03 07:10:32 INFO user logout
2026-03-03 07:10:34 INFO background job finished
2026-03-03 07:10:35 INFO user login ok
2026-03-03 07:10:36 INFO connection reset by peer
2026-03-03 07:10:40 INFO background job finished
2026-03-03 07:10:43 INFO config reloaded
2026-03-03 07:10:46 INFO cache hit
2026-03-03 07:10:49 WARN user login ok
2026-03-03 07:10:53 INFO user logout
2026-03-03 07:10:55 INFO connection reset by peer
2026-03-03 07:10:59 INFO invalid token
2026-03-03 07:11:03 INFO background job finished
2026-03-03 07:11:05 INFO slow query detected
2026-03-03 07:11:09 INFO request handled
2026-03-03 07:11:10 INFO cache hit
2026-03-03 07:11:14 INFO invalid token
### повреждённая строка ###
2026-03-03 07:11:19 INFO slow query detected
2026-03-03 07:11:23 INFO slow query detected
2026-03-03 07:11:26 INFO user login ok
2026-03-03 07:11:30 INFO invalid token
2026-03-03 07:11:34 INFO user logout
2026-03-03 07:11:37 INFO slow query detected
2026-03-03 07:11:38 INFO user logout
2026-03-03 07:11:42 INFO user login ok
2026-03-03 07:11:44 INFO request handled
2026-03-03 07:11:46 INFO request handled
2026-03-03 07:11:48 INFO user logout
2026-03-03 07:11:50 INFO invalid token
2026-03-03 07:11:52 INFO user logout
2026-03-03 07:11:56 INFO background job finished
### повреждённая строка ###
2026-03-03 07:12:02 INFO user login ok
2026-03-03 07:12:06 INFO cache hit
2026-03-03 07:12:07 INFO user login ok
2026-03-03 07:12:09 INFO user login ok
2026-03-03 07:12:12 INFO slow query detected
2026-03-03 07:12:16 INFO invalid token
2026-03-03 07:12:19 WARN request handled
2026-03-03 07:12:23 INFO request handled
2026-03-03 07:12:24 INFO slow query detected
2026-03-03 07:12:26 ERROR user login ok
2026-03-03 07:12:27 INFO database timeout
2026-03-03 07:12:29 ERROR cache miss
2026-03-03 07:12:31 INFO user login ok
2026-03-03 07:12:34 INFO request handled
2026-03-03 07:12:35 WARN disk usage high
2026-03-03 07:12:39 ERROR user login ok
2026-03-03 07:12:41 INFO connection reset by peer
2026-03-03 07:12:44 INFO database timeout
2026-03-03 07:12:45 ERROR cache hit
2026-03-03 07:12:46 INFO user logout
2026-03-03 07:12:50 INFO user logout
2026-03-03 07:12:53 INFO cache miss
2026-03-03 07:12:55 INFO background job finished
2026-03-03 07:12:58 INFO user login ok
2026-03-03 07:13:01 INFO user login ok
2026-03-03 07:13:04 INFO cache hit
2026-03-03 07:13:08 ERROR connection reset by peer
2026-03-03 07:13:11 INFO cache miss
2026-03-03 07:13:13 INFO disk usage high
2026-03-03 07:13:15 WARN background job finished
2026-03-03 07:13:18 INFO invalid token
2026-03-03 07:13:20 INFO user login ok
2026-03-03 07:13:24 INFO user login ok
2026-03-03 07:13:28 INFO user logout
2026-03-03 07:13:29 INFO user login ok
2026-03-03 07:13:33 INFO invalid token
2026-03-03 07:13:37 INFO request handled
2026-03-03 07:13:38 INFO cache miss
2026-03-03 07:13:40 INFO database timeout
2026-03-03 07:13:41 INFO config reloaded
2026-03-03 07:13:45 INFO user logout
2026-03-03 07:13:46 INFO slow query detected
2026-03-03 07:13:50 INFO user login ok
2026-03-03 07:13:51 INFO user login ok
2026-03-03 07:13:53 INFO config reloaded
2026-03-03 07:13:56 INFO slow query detected
2026-03-03 07:13:59 WARN user login ok
2026-03-03 07:14:01 INFO disk usage high
2026-03-03 07:14:04 INFO user login ok
2026-03-03 07:14:05 INFO config reloaded
2026-03-03 07:14:09 INFO user login ok
2026-03-03 07:14:11 INFO user login ok
2026-03-03 07:14:13 INFO connection reset by peer
2026-03-03 07:14:17 INFO background job finished
2026-03-03 07:14:18 INFO user login ok
2026-03-03 07:14:22 INFO user logout
2026-03-03 07:14:24 INFO background job finished
2026-03-03 07:14:27 INFO user login ok
2026-03-03 07:14:31 INFO cache hit
2026-03-03 07:14:33 WARN user login ok
2026-03-03 07:14:35 INFO user login ok
2026-03-03 07:14:37 INFO user login ok
2026-03-03 07:14:39 ERROR cache hit
2026-03-03 07:14:41 INFO user login ok
2026-03-03 07:14:42 INFO invalid token
2026-03-03 07:14:43 ERROR connection reset by peer
2026-03-03 07:14:46 INFO slow query detected
2026-03-03 07:14:49 INFO cache hit
2026-03-03 07:14:52 INFO invalid token
2026-03-03 07:14:54 INFO config reloaded
2026-03-03 07:14:55 INFO user login ok
2026-03-03 07:14:59 INFO user logout
2026-03-03 07:15:03 INFO cache hit
2026-03-03 07:15:05 INFO config reloaded
2026-03-03 07:15:08 INFO cache hit
2026-03-03 07:15:09 WARN cache miss
2026-03-03 07:15:12 WARN cache miss
2026-03-03 07:15:15 INFO database timeout
2026-03-03 07:15:16 INFO database timeout
2026-03-03 07:15:20 INFO user login ok
2026-03-03 07:15:23 INFO connection reset by peer
2026-03-03 07:15:27 WARN user login ok
2026-03-03 07:15:29 INFO background job finished
2026-03-03 07:15:32 WARN slow query detected
2026-03-03 07:15:33 INFO user login ok
2026-03-03 07:15:37 INFO invalid token
2026-03-03 07:15:40 INFO user logout
2026-03-03 07:15:43 ERROR connection reset by peer
2026-03-03 07:15:45 INFO slow query detected
2026-03-03 07:15:46 INFO user logout
2026-03-03 07:15:47 INFO user login ok
2026-03-03 07:15:49 WARN user login ok
2026-03-03 07:15:53 INFO config reloaded
2026-03-03 07:15:57 INFO disk usage high
2026-03-03 07:16:00 WARN user login ok
2026-03-03 07:16:03 INFO database timeout
2026-03-03 07:16:05 INFO database timeout
2026-03-03 07:16:08 INFO cache hit
2026-03-03 07:16:10 INFO user login ok
2026-03-03 07:16:14 INFO connection reset by peer
2026-03-03 07:16:17 INFO user login ok
2026-03-03 07:16:19 INFO config reloaded
2026-03-03 07:16:21 INFO slow query detected
2026-03-03 07:16:23 INFO cache hit
2026-03-03 07:16:24 INFO user logout
2026-03-03 07:16:25 WARN user login ok
2026-03-03 07:16:29 WARN slow query detected
2026-03-03 07:16:32 INFO user login ok
2026-03-03 07:16:33 INFO slow query detected
2026-03-03 07:16:37 INFO request handled
2026-03-03 07:16:39 WARN user login ok
2026-03-03 07:16:40 WARN cache hit
2026-03-03 07:16:43 INFO user login ok
2026-03-03 07:16:47 INFO user login ok
2026-03-03 07:16:48 INFO user login ok
2026-03-03 07:16:52 INFO disk usage high
2026-03-03 07:16:55 INFO user logout
2026-03-03 07:16:56 INFO background job finished
2026-03-03 07:16:58 INFO user login ok
2026-03-03 07:17:01 INFO cache hit
2026-03-03 07:17:05 INFO user login ok
2026-03-03 07:17:07 INFO background job finished
2026-03-03 07:17:11 INFO connection reset by peer
2026-03-03 07:17:15 WARN user logout
2026-03-03 07:17:19 ERROR user login ok
2026-03-03 07:17:23 INFO invalid token
2026-03-03 07:17:25 INFO cache hit
2026-03-03 07:17:29 INFO user logout
2026-03-03 07:17:32 INFO slow query detected
2026-03-03 07:17:35 INFO user login ok
2026-03-03 07:17:36 INFO cache miss
2026-03-03 07:17:39 INFO user login ok
2026-03-03 07:17:41 WARN user login ok
2026-03-03 07:17:43 INFO user login ok
2026-03-03 07:17:45 WARN disk usage high
2026-03-03 07:17:49 INFO invalid token
2026-03-03 07:17:50 INFO cache miss
2026-03-03 07:17:51 WARN cache hit
2026-03-03 07:17:55 INFO user login ok
2026-03-03 07:17:58 INFO user login ok
2026-03-03 07:18:02 INFO slow query detected
2026-03-03 07:18:04 INFO user logout
2026-03-03 07:18:07 INFO user login ok
2026-03-03 07:18:09 INFO user login ok
2026-03-03 07:18:13 INFO config reloaded
2026-03-03 07:18:17 INFO slow query detected
2026-03-03 07:18:19 INFO user logout
2026-03-03 07:18:22 INFO connection reset by peer
2026-03-03 07:18:23 INFO database timeout
2026-03-03 07:18:27 INFO cache hit
2026-03-03 07:18:31 INFO config reloaded
2026-03-03 07:18:32 INFO request handled
2026-03-03 07:18:35 INFO user logout
2026-03-03 07:18:39 INFO cache hit
2026-03-03 07:18:40 INFO request handled
2026-03-03 07:18:44 INFO cache miss
2026-03-03 07:18:45 INFO connection reset by peer
2026-03-03 07:18:49 INFO request handled
2026-03-03 07:18:53 WARN connection reset by peer
2026-03-03 07:18:56 INFO user login ok
2026-03-03 07:18:57 ERROR user logout
2026-03-03 07:19:00 INFO request handled
2026-03-03 07:19:03 INFO cache hit
2026-03-03 07:19:04 INFO cache hit
2026-03-03 07:19:05 INFO user login ok
2026-03-03 07:19:07 INFO config reloaded
2026-03-03 07:19:08 INFO cache hit
2026-03-03 07:19:11 INFO disk usage high
2026-03-03 07:19:12 WARN cache hit
2026-03-03 07:19:14 INFO user login ok
2026-03-03 07:19:17 INFO cache miss
2026-03-03 07:19:19 INFO cache hit
2026-03-03 07:19:21 INFO user login ok
2026-03-03 07:19:22 WARN cache miss
2026-03-03 07:19:24 INFO request handled
### повреждённая строка ###
2026-03-03 07:19:27 WARN user login ok
2026-03-03 07:19:30 INFO background job finished
2026-03-03 07:19:32 WARN user login ok
2026-03-03 07:19:36 INFO config reloaded
2026-03-03 07:19:38 INFO background job finished
2026-03-03 07:19:40 INFO user login ok
2026-03-03 07:19:44 INFO cache miss
2026-03-03 07:19:45 INFO cache hit
2026-03-03 07:19:49 INFO config reloaded
2026-03-03 07:19:53 INFO user login ok
2026-03-03 07:19:55 INFO request handled
2026-03-03 07:19:58 WARN user login ok
2026-03-03 07:20:01 INFO user login ok
2026-03-03 07:20:05 INFO disk usage high
2026-03-03 07:20:08 INFO cache miss
2026-03-03 07:20:10 INFO slow query detected
2026-03-03 07:20:12 ERROR cache miss
2026-03-03 07:20:13 INFO request handled
2026-03-03 07:20:16 INFO user logout
2026-03-03 07:20:17 INFO cache miss
2026-03-03 07:20:19 INFO user logout
2026-03-03 07:20:20 INFO background job finished
2026-03-03 07:20:24 WARN user login ok
2026-03-03 07:20:26 INFO cache miss
2026-03-03 07:20:29 INFO user login ok
2026-03-03 07:20:33 INFO user login ok
2026-03-03 07:20:34 WARN user login ok
2026-03-03 07:20:36 INFO request handled
2026-03-03 07:20:37 WARN user login ok
2026-03-03 07:20:38 INFO cache miss
2026-03-03 07:20:40 INFO user logout
2026-03-03 07:20:44 INFO user logout
2026-03-03 07:20:47 INFO cache hit
2026-03-03 07:20:48 INFO disk usage high
2026-03-03 07:20:51 INFO cache miss
2026-03-03 07:20:55 WARN disk usage high
2026-03-03 07:20:58 INFO cache hit
2026-03-03 07:20:59 INFO disk usage high
2026-03-03 07:21:03 WARN request handled
2026-03-03 07:21:05 INFO config reloaded
2026-03-03 07:21:09 INFO cache miss
2026-03-03 07:21:10 INFO invalid token
2026-03-03 07:21:12 INFO user login ok
2026-03-03 07:21:16 INFO cache hit
2026-03-03 07:21:20 INFO cache hit
2026-03-03 07:21:24 INFO background job finished
### повреждённая строка ###
2026-03-03 07:21:29 INFO invalid token
### повреждённая строка ###
2026-03-03 07:21:36 WARN disk usage high
2026-03-03 07:21:38 INFO user logout
2026-03-03 07:21:42 INFO user login ok
2026-03-03 07:21:43 INFO config reloaded
2026-03-03 07:21:47 WARN database timeout
2026-03-03 07:21:51 INFO connection reset by peer
2026-03-03 07:21:54 INFO background job finished
2026-03-03 07:21:58 INFO cache hit
2026-03-03 07:22:02 WARN background job finished
2026-03-03 07:22:04 INFO cache hit
2026-03-03 07:22:08 INFO user logout
2026-03-03 07:22:09 ERROR cache hit
2026-03-03 07:22:12 WARN user logout
2026-03-03 07:22:14 INFO slow query detected
2026-03-03 07:22:16 INFO invalid token
2026-03-03 07:22:18 INFO user login ok
2026-03-03 07:22:21 INFO invalid token
2026-03-03 07:22:25 INFO request handled
2026-03-03 07:22:29 ERROR request handled
2026-03-03 07:22:31 INFO user login ok
2026-03-03 07:22:33 INFO disk usage high
2026-03-03 07:22:37 INFO disk usage high
2026-03-03 07:22:41 WARN slow query detected
2026-03-03 07:22:43 INFO user login ok
2026-03-03 07:22:47 INFO user logout
2026-03-03 07:22:51 INFO cache hit
2026-03-03 07:22:53 INFO cache hit
2026-03-03 07:22:54 INFO config reloaded
2026-03-03 07:22:56 INFO user login ok
2026-03-03 07:22:59 INFO request handled
2026-03-03 07:23:01 INFO user login ok
2026-03-03 07:23:03 INFO invalid token
2026-03-03 07:23:07 INFO user login ok
2026-03-03 07:23:09 ERROR background job finished
2026-03-03 07:23:11 INFO cache hit
2026-03-03 07:23:13 INFO cache hit
2026-03-03 07:23:16 INFO config reloaded
2026-03-03 07:23:19 INFO user logout
2026-03-03 07:23:22 ERROR slow query detected
2026-03-03 07:23:24 ERROR user logout
2026-03-03 07:23:26 INFO cache hit
2026-03-03 07:23:30 INFO request handled
2026-03-03 07:23:34 INFO user logout
2026-03-03 07:23:38 INFO database timeout
2026-03-03 07:23:39 INFO user login ok
2026-03-03 07:23:40 INFO user login ok
2026-03-03 07:23:43 INFO cache miss
2026-03-03 07:23:45 ERROR user login ok
2026-03-03 07:23:48 INFO user logout
2026-03-03 07:23:49 INFO connection reset by peer
2026-03-03 07:23:50 INFO user login ok
2026-03-03 07:23:52 WARN cache miss
2026-03-03 07:23:53 INFO user login ok
2026-03-03 07:23:54 INFO cache miss
2026-03-03 07:23:55 INFO user login ok
2026-03-03 07:23:56 INFO user login ok
2026-03-03 07:23:59 INFO cache hit
2026-03-03 07:24:01 INFO user login ok
2026-03-03 07:24:05 INFO user login ok
2026-03-03 07:24:06 INFO slow query detected
2026-03-03 07:24:09 INFO cache miss
2026-03-03 07:24:10 INFO user logout
2026-03-03 07:24:12 INFO cache hit
2026-03-03 07:24:14 INFO cache hit
2026-03-03 07:24:15 INFO user login ok
2026-03-03 07:24:16 INFO database timeout
### повреждённая строка ###
2026-03-03 07:24:18 INFO slow query detected
2026-03-03 07:24:22 INFO background job finished
2026-03-03 07:24:25 WARN user login ok
2026-03-03 07:24:27 INFO user login ok
2026-03-03 07:24:29 INFO background job finished
2026-03-03 07:24:30 INFO user logout
2026-03-03 07:24:33 INFO config reloaded
2026-03-03 07:24:35 INFO user login ok
2026-03-03 07:24:39 INFO cache miss
2026-03-03 07:24:40 INFO user login ok
2026-03-03 07:24:44 INFO disk usage high
2026-03-03 07:24:47 INFO invalid token
2026-03-03 07:24:50 WARN user logout
2026-03-03 07:24:51 INFO cache miss
2026-03-03 07:24:54 INFO cache miss
2026-03-03 07:24:58 WARN config reloaded
2026-03-03 07:25:02 INFO cache hit
2026-03-03 07:25:05 INFO background job finished
2026-03-03 07:25:09 INFO disk usage high
2026-03-03 07:25:10 WARN disk usage high
2026-03-03 07:25:14 INFO slow query detected
2026-03-03 07:25:18 WARN connection reset by peer
2026-03-03 07:25:21 WARN user login ok
2026-03-03 07:25:25 WARN background job finished
2026-03-03 07:25:28 INFO user logout
2026-03-03 07:25:32 INFO user logout
2026-03-03 07:25:36 INFO slow query detected
2026-03-03 07:25:37 INFO user logout
2026-03-03 07:25:39 INFO request handled
2026-03-03 07:25:43 INFO user login ok
2026-03-03 07:25:47 INFO database timeout
2026-03-03 07:25:49 INFO connection reset by peer
2026-03-03 07:25:51 WARN request handled
2026-03-03 07:25:55 INFO user login ok
2026-03-03 07:25:56 INFO background job finished
2026-03-03 07:25:57 INFO disk usage high
2026-03-03 07:26:00 INFO disk usage high
2026-03-03 07:26:03 INFO user login ok
2026-03-03 07:26:07 ERROR user logout
2026-03-03 07:26:11 INFO user login ok
2026-03-03 07:26:15 INFO user login ok
2026-03-03 07:26:17 INFO cache hit
2026-03-03 07:26:18 WARN slow query detected
2026-03-03 07:26:22 INFO user login ok
2026-03-03 07:26:24 INFO cache miss
2026-03-03 07:26:27 INFO user login ok
2026-03-03 07:26:28 INFO cache miss
2026-03-03 07:26:29 INFO cache miss
2026-03-03 07:26:33 WARN user logout
2026-03-03 07:26:37 INFO cache miss
2026-03-03 07:26:40 INFO user login ok
2026-03-03 07:26:42 ERROR user login ok
2026-03-03 07:26:44 INFO request handled
2026-03-03 07:26:47 WARN user login ok
2026-03-03 07:26:50 INFO connection reset by peer
### повреждённая строка ###
2026-03-03 07:26:53 INFO invalid token
2026-03-03 07:26:56 WARN user login ok
2026-03-03 07:27:00 INFO background job finished
2026-03-03 07:27:01 WARN slow query detected
2026-03-03 07:27:05 INFO invalid token
2026-03-03 07:27:08 INFO cache hit
2026-03-03 07:27:11 ERROR cache hit
2026-03-03 07:27:14 INFO user login ok
2026-03-03 07:27:18 ERROR database timeout
2026-03-03 07:27:19 INFO user logout
2026-03-03 07:27:21 INFO user login ok
2026-03-03 07:27:24 INFO slow query detected
2026-03-03 07:27:27 INFO user login ok
2026-03-03 07:27:28 INFO user login ok
2026-03-03 07:27:31 WARN disk usage high
2026-03-03 07:27:34 INFO user login ok
2026-03-03 07:27:36 INFO user logout
2026-03-03 07:27:38 INFO disk usage high
2026-03-03 07:27:39 INFO invalid token
2026-03-03 07:27:43 ERROR invalid token
2026-03-03 07:27:45 INFO user logout
2026-03-03 07:27:48 WARN user login ok
2026-03-03 07:27:52 WARN background job finished
2026-03-03 07:27:54 INFO user login ok
2026-03-03 07:27:56 INFO user logout
2026-03-03 07:27:58 WARN slow query detected
2026-03-03 07:28:02 INFO background job finished
2026-03-03 07:28:05 INFO disk usage high
2026-03-03 07:28:06 WARN database timeout
2026-03-03 07:28:08 INFO cache miss
2026-03-03 07:28:11 INFO user logout
2026-03-03 07:28:13 WARN slow query detected
2026-03-03 07:28:17 INFO cache hit
2026-03-03 07:28:18 INFO cache hit
2026-03-03 07:28:21 INFO user login ok
2026-03-03 07:28:23 INFO user logout
2026-03-03 07:28:24 INFO background job finished
2026-03-03 07:28:28 INFO user login ok
2026-03-03 07:28:31 INFO cache hit
2026-03-03 07:28:35 INFO invalid token
2026-03-03 07:28:39 INFO cache miss
2026-03-03 07:28:42 INFO user logout
2026-03-03 07:28:43 ERROR user login ok
2026-03-03 07:28:44 INFO cache hit
2026-03-03 07:28:47 INFO user logout
2026-03-03 07:28:51 ERROR cache miss
2026-03-03 07:28:55 INFO background job finished
2026-03-03 07:28:57 INFO user login ok
2026-03-03 07:28:59 INFO user login ok
2026-03-03 07:29:03 INFO user logout
2026-03-03 07:29:05 WARN disk usage high
2026-03-03 07:29:07 ERROR user logout
2026-03-03 07:29:09 INFO cache hit
2026-03-03 07:29:12 INFO user logout
2026-03-03 07:29:14 WARN database timeout
2026-03-03 07:29:18 INFO cache hit
2026-03-03 07:29:20 WARN cache hit
2026-03-03 07:29:24 INFO background job finished
2026-03-03 07:29:25 INFO user login ok
2026-03-03 07:29:28 INFO invalid token
2026-03-03 07:29:31 INFO request handled
2026-03-03 07:29:35 INFO slow query detected
2026-03-03 07:29:37 INFO cache miss
2026-03-03 07:29:38 INFO user login ok
2026-03-03 07:29:40 INFO disk usage high
2026-03-03 07:29:41 INFO user login ok
2026-03-03 07:29:44 INFO config reloaded
2026-03-03 07:29:45 INFO cache miss
2026-03-03 07:29:47 ERROR cache hit
2026-03-03 07:29:51 INFO cache hit
2026-03-03 07:29:55 INFO database timeout
2026-03-03 07:29:58 INFO user login ok
2026-03-03 07:30:01 INFO user login ok
2026-03-03 07:30:04 INFO user login ok
2026-03-03 07:30:08 INFO user logout
2026-03-03 07:30:10 INFO user login ok
2026-03-03 07:30:14 INFO user login ok
2026-03-03 07:30:15 INFO disk usage high
### повреждённая строка ###
2026-03-03 07:30:22 INFO user login ok
2026-03-03 07:30:24 INFO database timeout
2026-03-03 07:30:27 INFO cache hit
2026-03-03 07:30:29 INFO cache hit
2026-03-03 07:30:32 WARN user login ok
2026-03-03 07:30:35 INFO slow query detected
2026-03-03 07:30:37 INFO user login ok
2026-03-03 07:30:39 WARN user logout
2026-03-03 07:30:42 INFO user login ok
2026-03-03 07:30:44 INFO config reloaded
2026-03-03 07:30:45 INFO config reloaded
2026-03-03 07:30:48 INFO background job finished
2026-03-03 07:30:49 INFO cache hit
2026-03-03 07:30:53 INFO user logout
2026-03-03 07:30:56 INFO user login ok
2026-03-03 07:31:00 WARN user login ok
2026-03-03 07:31:04 INFO user login ok
2026-03-03 07:31:08 INFO slow query detected
2026-03-03 07:31:12 INFO cache miss
2026-03-03 07:31:16 INFO connection reset by peer
2026-03-03 07:31:18 WARN request handled
2026-03-03 07:31:19 INFO database timeout
2026-03-03 07:31:20 INFO cache miss
2026-03-03 07:31:24 INFO config reloaded
2026-03-03 07:31:26 INFO request handled
2026-03-03 07:31:27 INFO connection reset by peer
2026-03-03 07:31:28 INFO cache miss
2026-03-03 07:31:31 INFO user logout
2026-03-03 07:31:34 INFO user login ok
2026-03-03 07:31:37 INFO user login ok
2026-03-03 07:31:39 INFO request handled
2026-03-03 07:31:42 INFO cache hit
2026-03-03 07:31:46 INFO user logout
2026-03-03 07:31:47 INFO user login ok
2026-03-03 07:31:50 WARN invalid token
2026-03-03 07:31:52 INFO user login ok
2026-03-03 07:31:55 INFO cache hit
2026-03-03 07:31:57 INFO user login ok
2026-03-03 07:32:01 ERROR cache miss
2026-03-03 07:32:05 INFO background job finished
2026-03-03 07:32:06 WARN user logout
2026-03-03 07:32:10 INFO user login ok
2026-03-03 07:32:12 INFO user logout
2026-03-03 07:32:14 INFO cache hit
2026-03-03 07:32:15 INFO config reloaded
2026-03-03 07:32:17 INFO user login ok
2026-03-03 07:32:19 INFO request handled
2026-03-03 07:32:22 INFO cache miss
2026-03-03 07:32:23 INFO user login ok
2026-03-03 07:32:24 INFO user logout
2026-03-03 07:32:26 INFO user login ok
2026-03-03 07:32:30 INFO database timeout
2026-03-03 07:32:31 ERROR database timeout
2026-03-03 07:32:35 INFO config reloaded
2026-03-03 07:32:36 INFO connection reset by peer
2026-03-03 07:32:39 INFO user logout
2026-03-03 07:32:42 INFO user login ok
2026-03-03 07:32:46 INFO database timeout
2026-03-03 07:32:50 INFO connection reset by peer
2026-03-03 07:32:52 WARN request handled
2026-03-03 07:32:55 INFO user login ok
2026-03-03 07:32:59 INFO request handled
2026-03-03 07:33:02 INFO slow query detected
2026-03-03 07:33:04 INFO slow query detected
2026-03-03 07:33:07 WARN config reloaded
2026-03-03 07:33:08 INFO cache hit
2026-03-03 07:33:10 INFO slow query detected
2026-03-03 07:33:11 INFO connection reset by peer
2026-03-03 07:33:15 INFO cache hit
2026-03-03 07:33:19 INFO request handled
2026-03-03 07:33:23 INFO user logout
2026-03-03 07:33:24 INFO invalid token
2026-03-03 07:33:27 INFO connection reset by peer
2026-03-03 07:33:28 INFO user login ok
2026-03-03 07:33:30 INFO user login ok
2026-03-03 07:33:33 WARN disk usage high
2026-03-03 07:33:37 INFO cache miss
2026-03-03 07:33:39 INFO slow query detected
2026-03-03 07:33:40 INFO user login ok
2026-03-03 07:33:41 INFO slow query detected
2026-03-03 07:33:44 INFO request handled
2026-03-03 07:33:48 WARN database timeout
2026-03-03 07:33:51 INFO disk usage high
2026-03-03 07:33:53 ERROR user login ok
2026-03-03 07:33:55 INFO config reloaded
2026-03-03 07:33:56 INFO user login ok
2026-03-03 07:33:58 WARN slow query detected
2026-03-03 07:33:59 INFO request handled
2026-03-03 07:34:01 INFO cache hit
2026-03-03 07:34:02 INFO user logout
2026-03-03 07:34:05 INFO connection reset by peer
2026-03-03 07:34:09 INFO user login ok
2026-03-03 07:34:10 INFO connection reset by peer
2026-03-03 07:34:12 INFO cache miss
2026-03-03 07:34:14 INFO invalid token
2026-03-03 07:34:15 INFO background job finished
2026-03-03 07:34:18 INFO database timeout
2026-03-03 07:34:20 INFO request handled
2026-03-03 07:34:21 INFO user logout
2026-03-03 07:34:24 INFO user login ok
2026-03-03 07:34:27 WARN cache miss
2026-03-03 07:34:29 INFO user login ok
2026-03-03 07:34:32 INFO disk usage high
2026-03-03 07:34:36 INFO user login ok
2026-03-03 07:34:39 INFO disk usage high
2026-03-03 07:34:42 INFO user login ok
2026-03-03 07:34:44 INFO user login ok
2026-03-03 07:34:45 INFO user login ok
2026-03-03 07:34:48 WARN cache miss
2026-03-03 07:34:52 INFO invalid token
2026-03-03 07:34:54 INFO user login ok
2026-03-03 07:34:55 INFO invalid token
2026-03-03 07:34:57 INFO slow query detected
2026-03-03 07:35:00 INFO disk usage high
2026-03-03 07:35:01 INFO user login ok
2026-03-03 07:35:05 INFO disk usage high
2026-03-03 07:35:09 INFO user login ok
2026-03-03 07:35:11 WARN connection reset by peer
2026-03-03 07:35:12 INFO database timeout
2026-03-03 07:35:16 INFO cache hit
2026-03-03 07:35:17 INFO user login ok
2026-03-03 07:35:18 INFO user login ok
2026-03-03 07:35:19 INFO invalid token
2026-03-03 07:35:23 INFO cache miss
2026-03-03 07:35:24 INFO user logout
2026-03-03 07:35:27 WARN user login ok
2026-03-03 07:35:30 INFO connection reset by peer
2026-03-03 07:35:34 INFO cache hit
2026-03-03 07:35:37 INFO cache miss
2026-03-03 07:35:41 INFO disk usage high
2026-03-03 07:35:45 WARN slow query detected
2026-03-03 07:35:49 INFO user logout
2026-03-03 07:35:53 INFO invalid token
2026-03-03 07:35:56 INFO connection reset by peer
2026-03-03 07:35:58 ERROR config reloaded
2026-03-03 07:36:02 WARN cache hit
2026-03-03 07:36:06 INFO disk usage high
2026-03-03 07:36:08 ERROR user login ok
2026-03-03 07:36:10 INFO cache miss
2026-03-03 07:36:14 INFO user login ok
2026-03-03 07:36:17 INFO cache hit
2026-03-03 07:36:21 INFO user login ok
2026-03-03 07:36:22 INFO request handled
2026-03-03 07:36:25 INFO cache hit
2026-03-03 07:36:28 INFO user login ok
2026-03-03 07:36:30 INFO user login ok
2026-03-03 07:36:32 WARN cache hit
2026-03-03 07:36:36 ERROR user login ok
2026-03-03 07:36:40 INFO user logout
2026-03-03 07:36:43 INFO cache miss
2026-03-03 07:36:45 INFO user logout
2026-03-03 07:36:48 INFO user logout
2026-03-03 07:36:49 INFO invalid token
2026-03-03 07:36:53 INFO database timeout
2026-03-03 07:36:55 WARN user login ok
2026-03-03 07:36:56 INFO user login ok
2026-03-03 07:36:59 INFO connection reset by peer
2026-03-03 07:37:02 INFO invalid token
2026-03-03 07:37:03 INFO cache miss
2026-03-03 07:37:06 INFO invalid token
2026-03-03 07:37:08 INFO user login ok
2026-03-03 07:37:12 WARN user login ok
2026-03-03 07:37:13 WARN user login ok
2026-03-03 07:37:15 INFO cache miss
2026-03-03 07:37:17 WARN user login ok
2026-03-03 07:37:20 INFO cache hit
2026-03-03 07:37:24 INFO user login ok
2026-03-03 07:37:26 WARN user login ok
2026-03-03 07:37:28 WARN cache hit
2026-03-03 07:37:29 INFO background job finished
2026-03-03 07:37:32 INFO config reloaded
2026-03-03 07:37:34 INFO user login ok
2026-03-03 07:37:37 INFO user logout
2026-03-03 07:37:39 INFO user login ok
2026-03-03 07:37:42 INFO request handled
2026-03-03 07:37:44 INFO cache hit
2026-03-03 07:37:47 INFO background job finished
2026-03-03 07:37:49 INFO user login ok
2026-03-03 07:37:51 INFO slow query detected
2026-03-03 07:37:55 INFO background job finished
2026-03-03 07:37:58 INFO disk usage high
2026-03-03 07:38:02 INFO user login ok
2026-03-03 07:38:04 WARN slow query detected
2026-03-03 07:38:08 WARN disk usage high
2026-03-03 07:38:12 INFO user login ok
2026-03-03 07:38:16 INFO user logout
2026-03-03 07:38:17 INFO cache hit
2026-03-03 07:38:18 INFO cache miss
2026-03-03 07:38:19 INFO user logout
2026-03-03 07:38:20 INFO request handled
2026-03-03 07:38:21 INFO disk usage high
2026-03-03 07:38:22 INFO invalid token
2026-03-03 07:38:24 INFO slow query detected
2026-03-03 07:38:26 INFO user logout
2026-03-03 07:38:29 INFO cache hit
2026-03-03 07:38:33 INFO user logout
2026-03-03 07:38:35 INFO user login ok
2026-03-03 07:38:37 INFO cache hit
2026-03-03 07:38:38 INFO cache miss
2026-03-03 07:38:40 ERROR user login ok
2026-03-03 07:38:43 INFO disk usage high
2026-03-03 07:38:44 INFO user login ok
2026-03-03 07:38:45 INFO request handled
2026-03-03 07:38:49 INFO cache hit
2026-03-03 07:38:52 INFO user login ok
2026-03-03 07:38:54 ERROR database timeout
2026-03-03 07:38:58 INFO user login ok
2026-03-03 07:39:02 INFO disk usage high
2026-03-03 07:39:04 INFO cache miss
2026-03-03 07:39:06 INFO user logout
2026-03-03 07:39:07 INFO user logout
2026-03-03 07:39:11 INFO user login ok
2026-03-03 07:39:15 INFO user login ok
2026-03-03 07:39:18 WARN disk usage high
2026-03-03 07:39:19 INFO database timeout
2026-03-03 07:39:21 ERROR cache miss
2026-03-03 07:39:22 ERROR user login ok
2026-03-03 07:39:24 INFO user login ok
2026-03-03 07:39:25 INFO user logout
2026-03-03 07:39:28 INFO database timeout
2026-03-03 07:39:32 INFO cache miss
2026-03-03 07:39:36 INFO user logout
2026-03-03 07:39:40 INFO cache miss
2026-03-03 07:39:44 INFO user login ok
2026-03-03 07:39:48 INFO user logout
2026-03-03 07:39:52 INFO user login ok
2026-03-03 07:39:56 INFO user login ok
2026-03-03 07:40:00 INFO disk usage high
2026-03-03 07:40:04 INFO user logout
2026-03-03 07:40:06 INFO cache miss
2026-03-03 07:40:10 INFO slow query detected
2026-03-03 07:40:14 INFO user login ok
2026-03-03 07:40:17 INFO user login ok
2026-03-03 07:40:18 INFO config reloaded
2026-03-03 07:40:22 INFO user logout
2026-03-03 07:40:23 WARN user login ok
2026-03-03 07:40:26 INFO user login ok
2026-03-03 07:40:30 INFO user logout
2026-03-03 07:40:33 INFO user login ok
2026-03-03 07:40:35 INFO disk usage high
2026-03-03 07:40:39 WARN connection reset by peer
2026-03-03 07:40:42 INFO database timeout
2026-03-03 07:40:46 WARN invalid token
2026-03-03 07:40:50 INFO cache hit
2026-03-03 07:40:54 INFO config reloaded
2026-03-03 07:40:56 INFO config reloaded
2026-03-03 07:40:58 INFO user login ok
2026-03-03 07:40:59 INFO user login ok
2026-03-03 07:41:01 ERROR config reloaded
2026-03-03 07:41:03 INFO database timeout
2026-03-03 07:41:05 INFO connection reset by peer
2026-03-03 07:41:09 INFO disk usage high
2026-03-03 07:41:10 INFO connection reset by peer
2026-03-03 07:41:13 INFO background job finished
2026-03-03 07:41:14 INFO user logout
2026-03-03 07:41:16 INFO user login ok
2026-03-03 07:41:17 WARN cache miss
2026-03-03 07:41:19 ERROR user logout
2026-03-03 07:41:20 INFO user login ok
2026-03-03 07:41:22 INFO disk usage high
2026-03-03 07:41:23 INFO user login ok
2026-03-03 07:41:27 INFO user login ok
2026-03-03 07:41:28 INFO user login ok
2026-03-03 07:41:31 INFO user logout
2026-03-03 07:41:32 INFO disk usage high
2026-03-03 07:41:34 ERROR user logout
2026-03-03 07:41:37 INFO request handled
2026-03-03 07:41:40 INFO cache hit
2026-03-03 07:41:43 INFO user logout
2026-03-03 07:41:44 WARN user login ok
2026-03-03 07:41:46 INFO user logout
2026-03-03 07:41:48 INFO background job finished
2026-03-03 07:41:51 INFO user login ok
2026-03-03 07:41:52 INFO user login ok
2026-03-03 07:41:55 INFO cache hit
2026-03-03 07:41:57 INFO disk usage high
2026-03-03 07:41:59 INFO background job finished
2026-03-03 07:42:03 INFO request handled
2026-03-03 07:42:05 INFO user logout
2026-03-03 07:42:06 INFO slow query detected
2026-03-03 07:42:08 INFO background job finished
2026-03-03 07:42:12 INFO user login ok
2026-03-03 07:42:13 WARN user login ok
2026-03-03 07:42:15 INFO user login ok
2026-03-03 07:42:17 INFO user login ok
2026-03-03 07:42:19 INFO cache miss
2026-03-03 07:42:20 INFO user login ok
2026-03-03 07:42:23 WARN cache hit
2026-03-03 07:42:24 INFO slow query detected
2026-03-03 07:42:25 INFO user login ok
2026-03-03 07:42:27 INFO request handled
2026-03-03 07:42:30 INFO invalid token
2026-03-03 07:42:31 ERROR user login ok
2026-03-03 07:42:35 INFO cache miss
2026-03-03 07:42:36 WARN user logout
2026-03-03 07:42:39 INFO invalid token
2026-03-03 07:42:41 INFO slow query detected
2026-03-03 07:42:45 INFO user login ok
2026-03-03 07:42:49 INFO connection reset by peer
2026-03-03 07:42:51 WARN user login ok
2026-03-03 07:42:54 INFO user login ok
2026-03-03 07:42:58 INFO user login ok
2026-03-03 07:42:59 INFO cache hit
2026-03-03 07:43:03 ERROR invalid token
2026-03-03 07:43:06 INFO cache miss
2026-03-03 07:43:10 INFO user login ok
2026-03-03 07:43:11 ERROR slow query detected
2026-03-03 07:43:13 INFO background job finished
2026-03-03 07:43:16 INFO user login ok
2026-03-03 07:43:20 INFO config reloaded
2026-03-03 07:43:21 INFO user login ok
2026-03-03 07:43:25 INFO config reloaded
2026-03-03 07:43:26 INFO user login ok
2026-03-03 07:43:28 WARN config reloaded
2026-03-03 07:43:31 INFO user login ok
2026-03-03 07:43:35 INFO disk usage high
2026-03-03 07:43:39 INFO database timeout
2026-03-03 07:43:43 WARN cache miss
2026-03-03 07:43:46 INFO cache hit
2026-03-03 07:43:48 ERROR user login ok
2026-03-03 07:43:50 WARN cache miss
2026-03-03 07:43:52 WARN cache hit
2026-03-03 07:43:53 WARN slow query detected
2026-03-03 07:43:56 INFO database timeout
2026-03-03 07:43:58 WARN user login ok
2026-03-03 07:43:59 INFO user login ok
2026-03-03 07:44:03 ERROR connection reset by peer
2026-03-03 07:44:06 INFO user login ok
2026-03-03 07:44:08 WARN config reloaded
2026-03-03 07:44:12 INFO invalid token
2026-03-03 07:44:15 INFO user login ok
2026-03-03 07:44:17 INFO invalid token
2026-03-03 07:44:20 INFO user login ok
2026-03-03 07:44:23 INFO slow query detected
2026-03-03 07:44:25 INFO user login ok
2026-03-03 07:44:26 INFO user login ok
2026-03-03 07:44:30 INFO slow query detected
2026-03-03 07:44:33 INFO user login ok
2026-03-03 07:44:34 INFO user logout
2026-03-03 07:44:36 INFO cache miss
2026-03-03 07:44:38 INFO cache hit
2026-03-03 07:44:41 WARN background job finished
2026-03-03 07:44:42 INFO background job finished
2026-03-03 07:44:44 INFO background job finished
2026-03-03 07:44:45 INFO invalid token
2026-03-03 07:44:46 INFO cache hit
2026-03-03 07:44:50 INFO user logout
2026-03-03 07:44:51 WARN user login ok
2026-03-03 07:44:52 WARN user login ok
2026-03-03 07:44:53 WARN cache miss
2026-03-03 07:44:54 WARN invalid token
2026-03-03 07:44:55 INFO request handled
2026-03-03 07:44:59 INFO cache hit
2026-03-03 07:45:01 INFO cache miss
2026-03-03 07:45:02 INFO user logout
2026-03-03 07:45:04 INFO user login ok
2026-03-03 07:45:05 INFO user login ok
2026-03-03 07:45:09 INFO user login ok
2026-03-03 07:45:12 INFO user logout
2026-03-03 07:45:14 WARN database timeout
2026-03-03 07:45:16 INFO user login ok
2026-03-03 07:45:17 INFO user logout
2026-03-03 07:45:21 INFO user logout
2026-03-03 07:45:25 INFO background job finished
2026-03-03 07:45:28 INFO connection reset by peer
2026-03-03 07:45:29 INFO user login ok
2026-03-03 07:45:30 WARN cache hit
2026-03-03 07:45:32 WARN slow query detected
2026-03-03 07:45:34 INFO cache hit
2026-03-03 07:45:35 INFO connection reset by peer
2026-03-03 07:45:37 INFO user login ok
2026-03-03 07:45:38 INFO invalid token
2026-03-03 07:45:40 INFO user login ok
2026-03-03 07:45:44 INFO cache miss
2026-03-03 07:45:47 ERROR slow query detected
2026-03-03 07:45:50 INFO user login ok
2026-03-03 07:45:51 INFO config reloaded
2026-03-03 07:45:53 INFO connection reset by peer
2026-03-03 07:45:54 INFO user login ok
2026-03-03 07:45:55 WARN cache hit
2026-03-03 07:45:58 INFO user login ok
2026-03-03 07:46:00 INFO cache miss
2026-03-03 07:46:01 INFO config reloaded
2026-03-03 07:46:03 WARN database timeout
2026-03-03 07:46:06 INFO config reloaded
2026-03-03 07:46:08 INFO user login ok
2026-03-03 07:46:11 INFO slow query detected
### повреждённая строка ###
2026-03-03 07:46:16 INFO connection reset by peer
2026-03-03 07:46:17 INFO user logout
2026-03-03 07:46:18 INFO cache hit
2026-03-03 07:46:20 INFO user logout
2026-03-03 07:46:22 INFO cache miss
2026-03-03 07:46:25 INFO invalid token
2026-03-03 07:46:29 INFO user login ok
2026-03-03 07:46:30 INFO user logout
2026-03-03 07:46:34 INFO user login ok
2026-03-03 07:46:38 INFO user login ok
2026-03-03 07:46:42 INFO user logout
2026-03-03 07:46:43 INFO user login ok
2026-03-03 07:46:45 INFO user login ok
2026-03-03 07:46:46 INFO user login ok
2026-03-03 07:46:50 WARN database timeout
2026-03-03 07:46:54 WARN user logout
2026-03-03 07:46:55 INFO user login ok
2026-03-03 07:46:59 INFO user login ok
2026-03-03 07:47:03 WARN slow query detected
2026-03-03 07:47:05 INFO user login ok
2026-03-03 07:47:06 ERROR database timeout
2026-03-03 07:47:08 INFO user login ok
2026-03-03 07:47:12 ERROR user logout
2026-03-03 07:47:13 INFO disk usage high
2026-03-03 07:47:17 INFO disk usage high
2026-03-03 07:47:20 INFO user logout
2026-03-03 07:47:22 INFO request handled
2026-03-03 07:47:24 INFO user logout
2026-03-03 07:47:28 INFO user login ok
2026-03-03 07:47:32 INFO invalid token
2026-03-03 07:47:34 INFO slow query detected
2026-03-03 07:47:36 WARN config reloaded
2026-03-03 07:47:38 INFO disk usage high
2026-03-03 07:47:40 INFO connection reset by peer
2026-03-03 07:47:44 INFO disk usage high
2026-03-03 07:47:46 INFO cache miss
2026-03-03 07:47:48 INFO cache miss
2026-03-03 07:47:51 WARN user login ok
2026-03-03 07:47:53 INFO user logout
2026-03-03 07:47:55 INFO cache hit
2026-03-03 07:47:56 INFO user login ok
2026-03-03 07:47:59 WARN user login ok
2026-03-03 07:48:03 INFO user login ok
2026-03-03 07:48:07 WARN database timeout
2026-03-03 07:48:08 INFO cache hit
2026-03-03 07:48:09 WARN user login ok
2026-03-03 07:48:13 WARN database timeout
2026-03-03 07:48:16 INFO user logout
2026-03-03 07:48:18 INFO user login ok
2026-03-03 07:48:22 INFO user login ok
2026-03-03 07:48:26 INFO user login ok
2026-03-03 07:48:30 INFO config reloaded
2026-03-03 07:48:34 INFO user login ok
2026-03-03 07:48:36 INFO user login ok
2026-03-03 07:48:39 INFO request handled
2026-03-03 07:48:40 INFO cache hit
2026-03-03 07:48:44 INFO request handled
2026-03-03 07:48:45 INFO user logout
2026-03-03 07:48:49 WARN cache miss
2026-03-03 07:48:52 INFO config reloaded
2026-03-03 07:48:55 INFO invalid token
2026-03-03 07:48:56 INFO cache miss
2026-03-03 07:48:57 INFO cache hit
2026-03-03 07:48:59 WARN user logout
2026-03-03 07:49:01 INFO user login ok
2026-03-03 07:49:02 INFO config reloaded
2026-03-03 07:49:04 INFO user login ok
2026-03-03 07:49:08 INFO connection reset by peer
2026-03-03 07:49:09 INFO user logout
2026-03-03 07:49:12 INFO request handled
2026-03-03 07:49:15 INFO invalid token
2026-03-03 07:49:16 INFO user login ok
2026-03-03 07:49:20 WARN background job finished
2026-03-03 07:49:22 INFO disk usage high
### повреждённая строка ###
2026-03-03 07:49:27 INFO disk usage high
2026-03-03 07:49:28 INFO invalid token
2026-03-03 07:49:30 INFO user login ok
2026-03-03 07:49:31 INFO disk usage high
2026-03-03 07:49:34 INFO user login ok
2026-03-03 07:49:35 INFO cache hit
2026-03-03 07:49:38 WARN invalid token
2026-03-03 07:49:39 INFO config reloaded
2026-03-03 07:49:40 INFO background job finished
2026-03-03 07:49:42 INFO user logout
2026-03-03 07:49:44 INFO slow query detected
2026-03-03 07:49:48 INFO cache miss
2026-03-03 07:49:52 ERROR user login ok
2026-03-03 07:49:55 INFO user login ok
2026-03-03 07:49:56 INFO config reloaded
2026-03-03 07:49:58 INFO database timeout
2026-03-03 07:49:59 INFO user login ok
### повреждённая строка ###
2026-03-03 07:50:03 INFO invalid token
2026-03-03 07:50:05 WARN connection reset by peer
2026-03-03 07:50:07 INFO invalid token
2026-03-03 07:50:08 INFO cache hit
### повреждённая строка ###
2026-03-03 07:50:14 INFO user login ok
2026-03-03 07:50:15 INFO user login ok
2026-03-03 07:50:18 INFO user logout
2026-03-03 07:50:22 WARN user login ok
2026-03-03 07:50:25 INFO user login ok
2026-03-03 07:50:29 INFO cache miss
2026-03-03 07:50:30 INFO cache miss
2026-03-03 07:50:33 INFO user login ok
2026-03-03 07:50:36 INFO cache hit
2026-03-03 07:50:40 INFO user logout
2026-03-03 07:50:42 INFO user login ok
2026-03-03 07:50:44 ERROR user login ok
2026-03-03 07:50:45 INFO user login ok
2026-03-03 07:50:46 INFO invalid token
2026-03-03 07:50:47 WARN request handled
2026-03-03 07:50:50 WARN user login ok
2026-03-03 07:50:51 INFO user login ok
2026-03-03 07:50:53 INFO cache miss
2026-03-03 07:50:57 INFO request handled
2026-03-03 07:51:01 INFO user login ok
2026-03-03 07:51:03 INFO user logout
2026-03-03 07:51:07 INFO config reloaded
2026-03-03 07:51:08 INFO user logout
2026-03-03 07:51:11 INFO user login ok
2026-03-03 07:51:14 INFO slow query detected
2026-03-03 07:51:15 INFO request handled
2026-03-03 07:51:19 WARN user logout
2026-03-03 07:51:21 INFO cache hit
2026-03-03 07:51:24 INFO background job finished
2026-03-03 07:51:27 INFO user logout
2026-03-03 07:51:28 INFO user login ok
2026-03-03 07:51:31 INFO config reloaded
2026-03-03 07:51:32 WARN user login ok
2026-03-03 07:51:35 INFO request handled
2026-03-03 07:51:38 ERROR user logout
2026-03-03 07:51:39 INFO user login ok
2026-03-03 07:51:42 INFO user logout
2026-03-03 07:51:46 WARN user logout
2026-03-03 07:51:50 INFO cache hit
2026-03-03 07:51:53 INFO cache hit
2026-03-03 07:51:54 INFO user login ok
2026-03-03 07:51:56 INFO user logout
2026-03-03 07:51:59 INFO cache hit
2026-03-03 07:52:00 INFO cache hit
2026-03-03 07:52:02 INFO disk usage high
2026-03-03 07:52:04 INFO cache hit
2026-03-03 07:52:07 INFO user login ok
2026-03-03 07:52:11 INFO database timeout
2026-03-03 07:52:15 WARN config reloaded
2026-03-03 07:52:17 INFO slow query detected
2026-03-03 07:52:18 INFO request handled
2026-03-03 07:52:21 WARN user login ok
2026-03-03 07:52:23 INFO slow query detected
2026-03-03 07:52:26 INFO invalid token
2026-03-03 07:52:29 INFO user login ok
2026-03-03 07:52:33 ERROR cache miss
2026-03-03 07:52:37 INFO config reloaded
2026-03-03 07:52:40 INFO user logout
2026-03-03 07:52:41 INFO user login ok
2026-03-03 07:52:45 INFO request handled
2026-03-03 07:52:49 WARN user login ok
2026-03-03 07:52:53 INFO user login ok
2026-03-03 07:52:56 INFO user login ok
### повреждённая строка ###
2026-03-03 07:53:01 INFO slow query detected
2026-03-03 07:53:04 WARN user login ok
2026-03-03 07:53:05 INFO user login ok
2026-03-03 07:53:09 WARN user login ok
2026-03-03 07:53:13 INFO disk usage high
2026-03-03 07:53:17 INFO user login ok
2026-03-03 07:53:18 INFO disk usage high
2026-03-03 07:53:20 ERROR background job finished
2026-03-03 07:53:21 ERROR user login ok
2026-03-03 07:53:22 INFO user login ok
2026-03-03 07:53:26 ERROR database timeout
2026-03-03 07:53:30 INFO user login ok
2026-03-03 07:53:34 INFO request handled
2026-03-03 07:53:37 INFO connection reset by peer
2026-03-03 07:53:39 INFO user login ok
2026-03-03 07:53:42 ERROR user login ok
2026-03-03 07:53:43 INFO cache miss
2026-03-03 07:53:46 WARN request handled
2026-03-03 07:53:49 ERROR user login ok
2026-03-03 07:53:50 INFO user logout
2026-03-03 07:53:53 WARN user logout
2026-03-03 07:53:55 INFO cache hit
2026-03-03 07:53:56 INFO user login ok
2026-03-03 07:53:58 INFO user login ok
2026-03-03 07:54:01 INFO user login ok
2026-03-03 07:54:02 INFO cache hit
2026-03-03 07:54:05 INFO user login ok
2026-03-03 07:54:06 INFO user login ok
2026-03-03 07:54:09 INFO user login ok
2026-03-03 07:54:12 INFO user login ok
2026-03-03 07:54:16 INFO background job finished
2026-03-03 07:54:17 INFO cache miss
2026-03-03 07:54:18 INFO user login ok
2026-03-03 07:54:19 INFO user logout
2026-03-03 07:54:22 INFO user login ok
2026-03-03 07:54:26 INFO user logout
2026-03-03 07:54:29 INFO request handled
2026-03-03 07:54:31 INFO user login ok
2026-03-03 07:54:35 INFO request handled
2026-03-03 07:54:37 INFO cache miss
2026-03-03 07:54:40 INFO disk usage high
2026-03-03 07:54:43 INFO cache miss
2026-03-03 07:54:44 WARN user logout
2026-03-03 07:54:45 INFO database timeout
2026-03-03 07:54:49 INFO slow query detected
2026-03-03 07:54:50 INFO cache miss
2026-03-03 07:54:54 INFO slow query detected
2026-03-03 07:54:58 INFO request handled
2026-03-03 07:55:02 INFO invalid token
2026-03-03 07:55:05 INFO cache miss
2026-03-03 07:55:06 INFO database timeout
2026-03-03 07:55:09 INFO slow query detected
2026-03-03 07:55:11 INFO user login ok
2026-03-03 07:55:14 INFO cache miss
2026-03-03 07:55:18 WARN background job finished
2026-03-03 07:55:20 INFO user logout
2026-03-03 07:55:23 INFO connection reset by peer
2026-03-03 07:55:24 INFO request handled
2026-03-03 07:55:26 INFO cache miss
2026-03-03 07:55:28 WARN user login ok
2026-03-03 07:55:29 WARN database timeout
2026-03-03 07:55:33 INFO background job finished
2026-03-03 07:55:35 INFO user logout
2026-03-03 07:55:37 INFO user login ok
2026-03-03 07:55:41 INFO config reloaded
2026-03-03 07:55:44 WARN connection reset by peer
2026-03-03 07:55:46 INFO user logout
2026-03-03 07:55:49 INFO request handled
2026-03-03 07:55:50 INFO cache miss
2026-03-03 07:55:51 WARN user logout
2026-03-03 07:55:53 INFO user login ok
2026-03-03 07:55:57 ERROR cache miss
2026-03-03 07:55:58 INFO cache miss
2026-03-03 07:56:01 INFO user login ok
2026-03-03 07:56:05 INFO user login ok
2026-03-03 07:56:06 INFO cache miss
2026-03-03 07:56:07 INFO cache hit
2026-03-03 07:56:10 WARN user logout
2026-03-03 07:56:11 INFO slow query detected
2026-03-03 07:56:15 WARN user logout
2026-03-03 07:56:19 INFO slow query detected
2026-03-03 07:56:22 INFO user login ok
2026-03-03 07:56:26 ERROR request handled
2026-03-03 07:56:30 WARN user login ok
2026-03-03 07:56:34 INFO request handled
2026-03-03 07:56:37 INFO disk usage high
2026-03-03 07:56:38 INFO slow query detected
2026-03-03 07:56:40 INFO invalid token
2026-03-03 07:56:42 INFO user logout
2026-03-03 07:56:46 INFO user login ok
2026-03-03 07:56:50 INFO database timeout
### повреждённая строка ###
2026-03-03 07:56:52 INFO request handled
2026-03-03 07:56:56 INFO user login ok
2026-03-03 07:56:57 INFO user login ok
2026-03-03 07:56:59 WARN disk usage high
2026-03-03 07:57:00 INFO invalid token
2026-03-03 07:57:01 INFO user login ok
2026-03-03 07:57:05 INFO user login ok
2026-03-03 07:57:08 INFO config reloaded
2026-03-03 07:57:09 INFO background job finished
2026-03-03 07:57:11 INFO user logout
2026-03-03 07:57:12 INFO background job finished
2026-03-03 07:57:15 WARN connection reset by peer
2026-03-03 07:57:19 INFO connection reset by peer
2026-03-03 07:57:23 INFO database timeout
2026-03-03 07:57:27 INFO slow query detected
2026-03-03 07:57:28 WARN slow query detected
2026-03-03 07:57:32 INFO cache hit
2026-03-03 07:57:35 INFO user login ok
2026-03-03 07:57:37 WARN request handled
### повреждённая строка ###
2026-03-03 07:57:39 INFO request handled
2026-03-03 07:57:40 INFO cache hit
2026-03-03 07:57:44 INFO cache miss
2026-03-03 07:57:48 WARN user logout
2026-03-03 07:57:50 INFO request handled
2026-03-03 07:57:51 INFO user logout
2026-03-03 07:57:54 WARN cache hit
2026-03-03 07:57:56 INFO background job finished
2026-03-03 07:57:58 INFO user login ok
2026-03-03 07:58:01 INFO user login ok
2026-03-03 07:58:04 INFO user login ok
2026-03-03 07:58:06 INFO config reloaded
### повреждённая строка ###
2026-03-03 07:58:12 INFO slow query detected
2026-03-03 07:58:14 INFO user logout
2026-03-03 07:58:17 INFO user login ok
2026-03-03 07:58:19 ERROR cache miss
2026-03-03 07:58:22 INFO user logout
2026-03-03 07:58:24 INFO invalid token
2026-03-03 07:58:27 INFO cache hit
2026-03-03 07:58:30 INFO user login ok
2026-03-03 07:58:32 INFO user login ok
2026-03-03 07:58:33 INFO user login ok
2026-03-03 07:58:35 INFO disk usage high
2026-03-03 07:58:37 INFO background job finished
### повреждённая строка ###
2026-03-03 07:58:41 INFO user login ok
2026-03-03 07:58:42 INFO invalid token
2026-03-03 07:58:44 INFO disk usage high
2026-03-03 07:58:48 INFO user login ok
2026-03-03 07:58:50 INFO cache miss
2026-03-03 07:58:54 INFO disk usage high
2026-03-03 07:58:58 INFO slow query detected
2026-03-03 07:59:02 ERROR user login ok
2026-03-03 07:59:05 INFO user login ok
2026-03-03 07:59:09 WARN cache miss
2026-03-03 07:59:12 INFO user login ok
2026-03-03 07:59:13 INFO cache hit
2026-03-03 07:59:16 INFO cache miss
2026-03-03 07:59:20 INFO user login ok
2026-03-03 07:59:24 INFO cache miss
2026-03-03 07:59:26 INFO invalid token
2026-03-03 07:59:29 INFO cache miss
2026-03-03 07:59:33 INFO user login ok
2026-03-03 07:59:36 INFO user login ok
2026-03-03 07:59:37 INFO cache miss
2026-03-03 07:59:38 INFO cache miss
2026-03-03 07:59:41 INFO invalid token
2026-03-03 07:59:43 INFO connection reset by peer
2026-03-03 07:59:46 INFO cache miss
2026-03-03 07:59:48 ERROR background job finished
2026-03-03 07:59:51 INFO connection reset by peer
2026-03-03 07:59:55 INFO cache hit
2026-03-03 07:59:56 WARN background job finished
2026-03-03 07:59:58 INFO slow query detected
2026-03-03 07:59:59 INFO user logout
2026-03-03 08:00:01 INFO cache miss
2026-03-03 08:00:02 INFO config reloaded
2026-03-03 08:00:06 INFO user logout
2026-03-03 08:00:09 INFO config reloaded
2026-03-03 08:00:12 INFO request handled
2026-03-03 08:00:14 WARN invalid token
2026-03-03 08:00:18 INFO user login ok
2026-03-03 08:00:19 WARN slow query detected
2026-03-03 08:00:22 INFO request handled
2026-03-03 08:00:24 INFO user logout
2026-03-03 08:00:28 INFO config reloaded
2026-03-03 08:00:32 INFO invalid token
2026-03-03 08:00:34 INFO user logout
2026-03-03 08:00:35 INFO user login ok
2026-03-03 08:00:38 INFO user logout
2026-03-03 08:00:42 INFO connection reset by peer
2026-03-03 08:00:44 INFO invalid token
2026-03-03 08:00:46 INFO user login ok
2026-03-03 08:00:50 INFO user login ok
2026-03-03 08:00:51 INFO user login ok
2026-03-03 08:00:55 INFO user logout
2026-03-03 08:00:58 INFO user login ok
2026-03-03 08:00:59 INFO user login ok
2026-03-03 08:01:00 INFO user login ok
2026-03-03 08:01:04 INFO connection reset by peer
2026-03-03 08:01:06 INFO cache hit
2026-03-03 08:01:09 INFO cache hit
2026-03-03 08:01:13 INFO user login ok
2026-03-03 08:01:17 INFO cache miss
2026-03-03 08:01:20 WARN user login ok
2026-03-03 08:01:24 INFO user login ok
2026-03-03 08:01:25 WARN user logout
2026-03-03 08:01:26 WARN cache miss
2026-03-03 08:01:30 INFO cache hit
2026-03-03 08:01:33 INFO user logout
2026-03-03 08:01:34 INFO invalid token
2026-03-03 08:01:36 INFO cache miss
2026-03-03 08:01:37 INFO user logout
2026-03-03 08:01:40 INFO user login ok
2026-03-03 08:01:42 INFO user login ok
2026-03-03 08:01:43 WARN request handled
2026-03-03 08:01:47 WARN slow query detected
2026-03-03 08:01:50 INFO config reloaded
2026-03-03 08:01:51 INFO slow query detected
2026-03-03 08:01:54 INFO request handled
2026-03-03 08:01:57 INFO cache hit
2026-03-03 08:01:58 INFO user login ok
2026-03-03 08:02:00 INFO request handled
2026-03-03 08:02:01 WARN user login ok
2026-03-03 08:02:03 INFO background job finished
2026-03-03 08:02:05 INFO user login ok
2026-03-03 08:02:07 ERROR slow query detected
2026-03-03 08:02:09 INFO user login ok
2026-03-03 08:02:12 WARN user logout
2026-03-03 08:02:16 INFO disk usage high
2026-03-03 08:02:19 WARN slow query detected
2026-03-03 08:02:20 INFO user login ok
2026-03-03 08:02:22 INFO cache miss
2026-03-03 08:02:24 INFO user logout
2026-03-03 08:02:25 INFO user logout
2026-03-03 08:02:29 WARN user login ok
2026-03-03 08:02:31 INFO background job finished
2026-03-03 08:02:35 INFO user login ok
2026-03-03 08:02:36 INFO cache hit
2026-03-03 08:02:40 INFO user login ok
2026-03-03 08:02:44 INFO config reloaded
2026-03-03 08:02:45 INFO user login ok
2026-03-03 08:02:47 INFO cache hit
2026-03-03 08:02:48 INFO invalid token
2026-03-03 08:02:51 INFO user logout
2026-03-03 08:02:53 INFO disk usage high
2026-03-03 08:02:55 INFO connection reset by peer
2026-03-03 08:02:58 INFO user login ok
2026-03-03 08:03:02 INFO cache hit
2026-03-03 08:03:04 INFO cache miss
2026-03-03 08:03:06 INFO user login ok
2026-03-03 08:03:09 WARN user logout
2026-03-03 08:03:13 ERROR user logout
2026-03-03 08:03:16 INFO invalid token
2026-03-03 08:03:17 INFO user logout
2026-03-03 08:03:19 INFO user login ok
2026-03-03 08:03:23 INFO slow query detected
### повреждённая строка ###
2026-03-03 08:03:28 WARN cache hit
2026-03-03 08:03:32 INFO user login ok
2026-03-03 08:03:34 WARN cache miss
2026-03-03 08:03:37 INFO connection reset by peer
2026-03-03 08:03:39 INFO request handled
2026-03-03 08:03:42 INFO user logout
2026-03-03 08:03:44 WARN user logout
2026-03-03 08:03:47 ERROR request handled
2026-03-03 08:03:48 INFO slow query detected
2026-03-03 08:03:50 ERROR user login ok
2026-03-03 08:03:54 INFO user login ok
2026-03-03 08:03:57 INFO cache miss
2026-03-03 08:03:58 INFO cache hit
2026-03-03 08:03:59 INFO config reloaded
2026-03-03 08:04:01 INFO cache hit
2026-03-03 08:04:02 INFO user logout
2026-03-03 08:04:04 INFO request handled
2026-03-03 08:04:08 INFO user login ok
2026-03-03 08:04:12 INFO connection reset by peer
2026-03-03 08:04:16 INFO user login ok
2026-03-03 08:04:19 INFO request handled
2026-03-03 08:04:20 WARN config reloaded
2026-03-03 08:04:24 INFO user login ok
2026-03-03 08:04:26 INFO slow query detected
2026-03-03 08:04:27 INFO user login ok
2026-03-03 08:04:30 INFO user login ok
2026-03-03 08:04:32 INFO user login ok
2026-03-03 08:04:33 INFO disk usage high
2026-03-03 08:04:34 INFO slow query detected
2026-03-03 08:04:36 INFO user login ok
2026-03-03 08:04:40 INFO user logout
2026-03-03 08:04:42 INFO user login ok
2026-03-03 08:04:43 INFO cache hit
2026-03-03 08:04:46 INFO background job finished
2026-03-03 08:04:47 WARN config reloaded
2026-03-03 08:04:49 INFO user logout
2026-03-03 08:04:50 INFO user login ok
2026-03-03 08:04:52 INFO user logout
2026-03-03 08:04:53 INFO connection reset by peer
2026-03-03 08:04:55 INFO config reloaded
2026-03-03 08:04:59 INFO cache hit
2026-03-03 08:05:03 INFO user logout
2026-03-03 08:05:05 INFO background job finished
2026-03-03 08:05:06 WARN user logout
2026-03-03 08:05:09 INFO user login ok
2026-03-03 08:05:13 WARN user login ok
2026-03-03 08:05:16 INFO user login ok
2026-03-03 08:05:17 WARN connection reset by peer
2026-03-03 08:05:19 INFO user logout
2026-03-03 08:05:21 WARN user login ok
2026-03-03 08:05:22 INFO cache hit
2026-03-03 08:05:23 INFO user logout
2026-03-03 08:05:27 INFO cache miss
2026-03-03 08:05:30 INFO invalid token
2026-03-03 08:05:32 WARN user login ok
2026-03-03 08:05:36 WARN cache miss
2026-03-03 08:05:40 INFO config reloaded
2026-03-03 08:05:42 INFO user login ok
2026-03-03 08:05:44 INFO config reloaded
2026-03-03 08:05:46 WARN user logout
2026-03-03 08:05:48 INFO request handled
2026-03-03 08:05:50 INFO user logout
2026-03-03 08:05:51 INFO connection reset by peer
2026-03-03 08:05:55 INFO user logout
2026-03-03 08:05:58 INFO request handled
2026-03-03 08:06:02 WARN user login ok
2026-03-03 08:06:03 INFO disk usage high
2026-03-03 08:06:07 INFO background job finished
2026-03-03 08:06:10 INFO request handled
2026-03-03 08:06:12 INFO request handled
2026-03-03 08:06:13 INFO user logout
2026-03-03 08:06:14 INFO invalid token
2026-03-03 08:06:16 WARN user login ok
2026-03-03 08:06:19 INFO user logout
2026-03-03 08:06:22 INFO user logout
2026-03-03 08:06:25 INFO user login ok
2026-03-03 08:06:29 INFO background job finished
2026-03-03 08:06:32 INFO database timeout
2026-03-03 08:06:34 INFO background job finished
2026-03-03 08:06:36 ERROR user login ok
2026-03-03 08:06:40 INFO user login ok
2026-03-03 08:06:41 INFO user login ok
2026-03-03 08:06:44 INFO slow query detected
2026-03-03 08:06:48 INFO user login ok
2026-03-03 08:06:49 INFO user logout
2026-03-03 08:06:51 INFO config reloaded
2026-03-03 08:06:55 INFO background job finished
2026-03-03 08:06:56 ERROR cache miss
2026-03-03 08:06:59 INFO user logout
2026-03-03 08:07:03 INFO database timeout
2026-03-03 08:07:04 INFO disk usage high
2026-03-03 08:07:05 INFO user logout
2026-03-03 08:07:08 INFO user logout
2026-03-03 08:07:12 INFO background job finished
2026-03-03 08:07:16 INFO request handled
2026-03-03 08:07:18 WARN cache miss
2026-03-03 08:07:22 INFO invalid token
2026-03-03 08:07:26 INFO cache hit
2026-03-03 08:07:29 INFO user logout
2026-03-03 08:07:30 INFO user login ok
2026-03-03 08:07:34 INFO user logout
2026-03-03 08:07:35 INFO cache hit
2026-03-03 08:07:39 WARN background job finished
2026-03-03 08:07:40 INFO disk usage high
2026-03-03 08:07:43 INFO config reloaded
2026-03-03 08:07:47 WARN user login ok
2026-03-03 08:07:48 INFO user logout
2026-03-03 08:07:52 INFO user login ok
2026-03-03 08:07:55 INFO cache miss
2026-03-03 08:07:56 INFO user login ok
2026-03-03 08:07:58 INFO user login ok
2026-03-03 08:08:01 INFO user login ok
2026-03-03 08:08:02 INFO user login ok
2026-03-03 08:08:03 INFO connection reset by peer
2026-03-03 08:08:06 WARN user login ok
2026-03-03 08:08:10 INFO disk usage high
2026-03-03 08:08:13 INFO request handled
2026-03-03 08:08:14 WARN user login ok
2026-03-03 08:08:16 WARN user logout
2026-03-03 08:08:20 INFO user logout
2026-03-03 08:08:21 INFO user login ok
2026-03-03 08:08:24 INFO database timeout
2026-03-03 08:08:27 INFO slow query detected
2026-03-03 08:08:29 INFO user login ok
2026-03-03 08:08:32 INFO slow query detected
2026-03-03 08:08:36 INFO invalid token
2026-03-03 08:08:37 INFO cache hit
2026-03-03 08:08:38 WARN cache hit
2026-03-03 08:08:42 INFO database timeout
2026-03-03 08:08:43 INFO user logout
2026-03-03 08:08:44 INFO user login ok
2026-03-03 08:08:47 INFO user login ok
2026-03-03 08:08:50 ERROR user login ok
2026-03-03 08:08:54 INFO user login ok
2026-03-03 08:08:56 INFO user logout
2026-03-03 08:08:59 INFO user login ok
2026-03-03 08:09:02 INFO cache hit
2026-03-03 08:09:06 INFO request handled
2026-03-03 08:09:07 WARN cache hit
2026-03-03 08:09:11 INFO invalid token
2026-03-03 08:09:13 INFO config reloaded
2026-03-03 08:09:17 INFO user logout
2026-03-03 08:09:21 INFO cache hit
2026-03-03 08:09:23 INFO user login ok
2026-03-03 08:09:26 INFO background job finished
2026-03-03 08:09:28 INFO config reloaded
2026-03-03 08:09:29 INFO slow query detected
2026-03-03 08:09:31 INFO user login ok
2026-03-03 08:09:34 ERROR cache miss
2026-03-03 08:09:35 INFO request handled
2026-03-03 08:09:39 INFO user login ok
2026-03-03 08:09:40 INFO user login ok
2026-03-03 08:09:42 INFO user login ok
2026-03-03 08:09:46 INFO user logout
2026-03-03 08:09:50 INFO disk usage high
2026-03-03 08:09:52 INFO slow query detected
2026-03-03 08:09:53 ERROR user login ok
2026-03-03 08:09:56 INFO connection reset by peer
2026-03-03 08:09:58 INFO cache hit
2026-03-03 08:10:01 INFO user logout
2026-03-03 08:10:04 WARN user logout
2026-03-03 08:10:07 INFO background job finished
2026-03-03 08:10:08 INFO disk usage high
2026-03-03 08:10:09 INFO user login ok
2026-03-03 08:10:11 WARN database timeout
2026-03-03 08:10:15 ERROR user login ok
2026-03-03 08:10:18 INFO database timeout
2026-03-03 08:10:21 INFO cache hit
2026-03-03 08:10:23 INFO cache miss
2026-03-03 08:10:26 INFO user login ok
2026-03-03 08:10:28 INFO user logout
2026-03-03 08:10:32 INFO slow query detected
2026-03-03 08:10:36 INFO user login ok
2026-03-03 08:10:37 INFO cache hit
2026-03-03 08:10:41 WARN config reloaded
2026-03-03 08:10:43 INFO user logout
2026-03-03 08:10:44 INFO cache miss
2026-03-03 08:10:45 WARN user login ok
2026-03-03 08:10:49 INFO request handled
2026-03-03 08:10:51 WARN background job finished
2026-03-03 08:10:55 INFO background job finished
2026-03-03 08:10:56 INFO user login ok
2026-03-03 08:10:59 INFO database timeout
2026-03-03 08:11:00 INFO user login ok
2026-03-03 08:11:01 WARN user logout
2026-03-03 08:11:03 INFO disk usage high
2026-03-03 08:11:04 INFO database timeout
2026-03-03 08:11:06 WARN connection reset by peer
2026-03-03 08:11:10 WARN connection reset by peer
2026-03-03 08:11:14 INFO slow query detected
2026-03-03 08:11:15 INFO config reloaded
2026-03-03 08:11:17 INFO user login ok
2026-03-03 08:11:21 WARN user logout
2026-03-03 08:11:25 INFO slow query detected
2026-03-03 08:11:28 INFO request handled
2026-03-03 08:11:32 INFO user login ok
2026-03-03 08:11:33 INFO user login ok
2026-03-03 08:11:36 INFO user login ok
2026-03-03 08:11:39 INFO connection reset by peer
2026-03-03 08:11:43 INFO user logout
2026-03-03 08:11:44 WARN user login ok
2026-03-03 08:11:48 ERROR disk usage high
2026-03-03 08:11:52 INFO disk usage high
2026-03-03 08:11:54 INFO user login ok
2026-03-03 08:11:55 WARN connection reset by peer
2026-03-03 08:11:57 INFO config reloaded
2026-03-03 08:11:58 INFO user login ok
2026-03-03 08:12:00 INFO user logout
2026-03-03 08:12:01 WARN user login ok
2026-03-03 08:12:05 INFO user login ok
2026-03-03 08:12:07 INFO user login ok
2026-03-03 08:12:08 INFO user login ok
2026-03-03 08:12:12 INFO user logout
2026-03-03 08:12:14 INFO user login ok
2026-03-03 08:12:17 INFO user login ok
2026-03-03 08:12:21 INFO request handled
2026-03-03 08:12:25 WARN user logout
2026-03-03 08:12:26 INFO user login ok
2026-03-03 08:12:27 INFO disk usage high
2026-03-03 08:12:31 INFO cache miss
2026-03-03 08:12:33 INFO request handled
2026-03-03 08:12:36 WARN database timeout
2026-03-03 08:12:37 INFO request handled
2026-03-03 08:12:38 INFO user login ok
2026-03-03 08:12:42 INFO cache hit
2026-03-03 08:12:44 INFO cache miss
2026-03-03 08:12:48 INFO invalid token
2026-03-03 08:12:49 ERROR cache hit
2026-03-03 08:12:51 INFO user logout
2026-03-03 08:12:53 INFO user login ok
2026-03-03 08:12:57 WARN user logout
2026-03-03 08:13:01 INFO slow query detected
2026-03-03 08:13:04 INFO cache miss
2026-03-03 08:13:05 INFO user login ok
2026-03-03 08:13:08 INFO user login ok
2026-03-03 08:13:11 INFO invalid token
2026-03-03 08:13:13 INFO user login ok
2026-03-03 08:13:14 INFO request handled
2026-03-03 08:13:17 INFO user login ok
2026-03-03 08:13:20 INFO user login ok
2026-03-03 08:13:21 INFO user logout
2026-03-03 08:13:23 WARN request handled
2026-03-03 08:13:24 INFO cache miss
2026-03-03 08:13:25 INFO user login ok
2026-03-03 08:13:28 INFO config reloaded
2026-03-03 08:13:29 INFO user login ok
2026-03-03 08:13:32 INFO user login ok
2026-03-03 08:13:33 WARN request handled
2026-03-03 08:13:36 INFO user logout
2026-03-03 08:13:37 INFO user login ok
2026-03-03 08:13:40 INFO user login ok
2026-03-03 08:13:42 WARN slow query detected
2026-03-03 08:13:43 WARN user login ok
2026-03-03 08:13:46 INFO slow query detected
2026-03-03 08:13:47 INFO user logout
2026-03-03 08:13:50 WARN connection reset by peer
2026-03-03 08:13:52 INFO background job finished
2026-03-03 08:13:56 INFO user login ok
2026-03-03 08:13:59 INFO cache hit
2026-03-03 08:14:02 INFO database timeout
2026-03-03 08:14:03 INFO config reloaded
2026-03-03 08:14:04 INFO database timeout
2026-03-03 08:14:07 INFO user login ok
2026-03-03 08:14:08 INFO request handled
2026-03-03 08:14:12 INFO user login ok
2026-03-03 08:14:15 INFO disk usage high
2026-03-03 08:14:16 INFO user login ok
2026-03-03 08:14:17 INFO disk usage high
2026-03-03 08:14:20 INFO user logout
2026-03-03 08:14:23 INFO user logout
2026-03-03 08:14:26 INFO user login ok
2026-03-03 08:14:29 INFO user login ok
2026-03-03 08:14:30 WARN cache miss
2026-03-03 08:14:31 WARN invalid token
2026-03-03 08:14:33 INFO request handled
2026-03-03 08:14:34 WARN user logout
2026-03-03 08:14:36 WARN cache miss
2026-03-03 08:14:38 INFO request handled
2026-03-03 08:14:41 ERROR database timeout
2026-03-03 08:14:43 INFO user login ok
2026-03-03 08:14:44 INFO user logout
2026-03-03 08:14:45 WARN user logout
2026-03-03 08:14:48 WARN cache miss
2026-03-03 08:14:52 INFO user login ok
2026-03-03 08:14:54 ERROR user login ok
2026-03-03 08:14:57 WARN cache hit
2026-03-03 08:14:59 INFO user login ok
2026-03-03 08:15:02 INFO cache hit
2026-03-03 08:15:05 INFO request handled
2026-03-03 08:15:07 INFO cache miss
2026-03-03 08:15:08 INFO cache hit
2026-03-03 08:15:12 INFO config reloaded
2026-03-03 08:15:13 INFO cache hit
2026-03-03 08:15:16 INFO slow query detected
2026-03-03 08:15:19 INFO slow query detected
2026-03-03 08:15:21 INFO user login ok
2026-03-03 08:15:24 INFO cache miss
2026-03-03 08:15:25 INFO request handled
2026-03-03 08:15:26 INFO background job finished
2026-03-03 08:15:30 INFO cache hit
2026-03-03 08:15:31 WARN user login ok
2026-03-03 08:15:34 INFO user logout
2026-03-03 08:15:35 INFO cache miss
2026-03-03 08:15:38 WARN slow query detected
2026-03-03 08:15:41 WARN user login ok
2026-03-03 08:15:42 WARN user login ok
2026-03-03 08:15:43 INFO config reloaded
2026-03-03 08:15:44 INFO invalid token
2026-03-03 08:15:48 INFO invalid token
2026-03-03 08:15:51 INFO connection reset by peer
2026-03-03 08:15:55 INFO cache hit
2026-03-03 08:15:57 INFO user login ok
2026-03-03 08:16:00 ERROR user logout
2026-03-03 08:16:04 INFO user login ok
2026-03-03 08:16:06 INFO cache miss
2026-03-03 08:16:08 INFO slow query detected
2026-03-03 08:16:12 INFO cache miss
2026-03-03 08:16:14 INFO slow query detected
2026-03-03 08:16:15 INFO cache hit
2026-03-03 08:16:17 INFO cache hit
2026-03-03 08:16:20 INFO invalid token
2026-03-03 08:16:21 ERROR request handled
2026-03-03 08:16:25 INFO user logout
2026-03-03 08:16:27 INFO cache miss
2026-03-03 08:16:31 WARN invalid token
2026-03-03 08:16:32 INFO user logout
2026-03-03 08:16:36 INFO background job finished
2026-03-03 08:16:37 INFO cache miss
2026-03-03 08:16:39 ERROR config reloaded
2026-03-03 08:16:40 INFO cache miss
2026-03-03 08:16:43 INFO user logout
2026-03-03 08:16:47 INFO background job finished
2026-03-03 08:16:48 WARN user logout
2026-03-03 08:16:51 INFO user login ok
2026-03-03 08:16:53 INFO user login ok
2026-03-03 08:16:56 INFO user login ok
2026-03-03 08:17:00 ERROR cache hit
2026-03-03 08:17:02 ERROR request handled
2026-03-03 08:17:06 INFO user logout
2026-03-03 08:17:08 INFO user logout
2026-03-03 08:17:09 INFO cache hit
2026-03-03 08:17:12 INFO database timeout
2026-03-03 08:17:13 INFO user login ok
2026-03-03 08:17:17 WARN user login ok
2026-03-03 08:17:20 WARN request handled
2026-03-03 08:17:24 WARN slow query detected
2026-03-03 08:17:28 INFO user login ok
2026-03-03 08:17:32 ERROR user login ok
2026-03-03 08:17:33 INFO user login ok
2026-03-03 08:17:34 ERROR user logout
2026-03-03 08:17:38 INFO database timeout
2026-03-03 08:17:40 INFO cache hit
2026-03-03 08:17:43 INFO disk usage high
2026-03-03 08:17:46 INFO request handled
2026-03-03 08:17:47 INFO user login ok
2026-03-03 08:17:49 WARN background job finished
2026-03-03 08:17:52 INFO slow query detected
2026-03-03 08:17:55 INFO user login ok
2026-03-03 08:17:58 INFO database timeout
2026-03-03 08:18:01 WARN user login ok
2026-03-03 08:18:03 INFO background job finished
2026-03-03 08:18:07 INFO cache miss
2026-03-03 08:18:08 INFO cache hit
### повреждённая строка ###
2026-03-03 08:18:12 INFO slow query detected
2026-03-03 08:18:16 INFO user login ok
2026-03-03 08:18:17 ERROR config reloaded
2026-03-03 08:18:21 ERROR user logout
2026-03-03 08:18:25 INFO user login ok
2026-03-03 08:18:28 INFO user login ok
2026-03-03 08:18:32 INFO user login ok
2026-03-03 08:18:35 INFO user logout
2026-03-03 08:18:39 WARN request handled
2026-03-03 08:18:43 INFO cache miss
2026-03-03 08:18:46 INFO cache miss
2026-03-03 08:18:47 INFO user login ok
2026-03-03 08:18:51 INFO user logout
2026-03-03 08:18:52 WARN cache miss
2026-03-03 08:18:53 INFO cache miss
2026-03-03 08:18:56 WARN user login ok
2026-03-03 08:19:00 WARN user login ok
2026-03-03 08:19:04 WARN connection reset by peer
2026-03-03 08:19:05 INFO disk usage high
2026-03-03 08:19:09 INFO cache hit
2026-03-03 08:19:13 INFO user logout
2026-03-03 08:19:14 INFO database timeout
2026-03-03 08:19:18 INFO user login ok
2026-03-03 08:19:21 INFO connection reset by peer
2026-03-03 08:19:25 INFO config reloaded
2026-03-03 08:19:28 INFO user logout
2026-03-03 08:19:31 INFO cache hit
2026-03-03 08:19:32 WARN cache miss
2026-03-03 08:19:35 INFO user login ok
2026-03-03 08:19:36 INFO user login ok
2026-03-03 08:19:40 INFO user login ok
2026-03-03 08:19:42 INFO database timeout
2026-03-03 08:19:46 INFO user login ok
2026-03-03 08:19:47 INFO background job finished
2026-03-03 08:19:49 INFO user logout
2026-03-03 08:19:52 INFO request handled
2026-03-03 08:19:53 INFO user logout
2026-03-03 08:19:55 INFO user logout
2026-03-03 08:19:58 WARN connection reset by peer
2026-03-03 08:20:02 INFO user login ok
2026-03-03 08:20:05 WARN disk usage high
2026-03-03 08:20:07 INFO cache hit
2026-03-03 08:20:10 WARN user logout
2026-03-03 08:20:13 WARN user login ok
2026-03-03 08:20:15 ERROR user login ok
2026-03-03 08:20:16 INFO user login ok
2026-03-03 08:20:19 INFO slow query detected
2026-03-03 08:20:23 INFO request handled
2026-03-03 08:20:25 INFO user login ok
2026-03-03 08:20:28 INFO request handled
2026-03-03 08:20:29 WARN invalid token
2026-03-03 08:20:32 ERROR user login ok
2026-03-03 08:20:36 INFO config reloaded
2026-03-03 08:20:38 INFO user login ok
2026-03-03 08:20:39 INFO cache hit
2026-03-03 08:20:41 INFO background job finished
2026-03-03 08:20:42 INFO user logout
2026-03-03 08:20:45 ERROR user login ok
2026-03-03 08:20:47 WARN request handled
2026-03-03 08:20:48 INFO slow query detected
2026-03-03 08:20:52 INFO user login ok
2026-03-03 08:20:53 WARN user login ok
2026-03-03 08:20:54 INFO connection reset by peer
2026-03-03 08:20:56 INFO user login ok
2026-03-03 08:20:58 INFO cache hit
2026-03-03 08:21:02 WARN request handled
2026-03-03 08:21:05 INFO slow query detected
2026-03-03 08:21:08 INFO invalid token
2026-03-03 08:21:10 INFO request handled
2026-03-03 08:21:11 INFO request handled
2026-03-03 08:21:14 INFO user login ok
2026-03-03 08:21:15 INFO invalid token
2026-03-03 08:21:19 INFO user login ok
2026-03-03 08:21:20 INFO background job finished
2026-03-03 08:21:22 INFO cache hit
2026-03-03 08:21:26 INFO user logout
2026-03-03 08:21:28 INFO user login ok
2026-03-03 08:21:32 INFO config reloaded
2026-03-03 08:21:35 INFO user login ok
2026-03-03 08:21:39 INFO user login ok
2026-03-03 08:21:43 INFO request handled
2026-03-03 08:21:45 INFO cache hit
2026-03-03 08:21:46 INFO user login ok
2026-03-03 08:21:49 INFO user login ok
2026-03-03 08:21:50 WARN config reloaded
2026-03-03 08:21:53 INFO slow query detected
2026-03-03 08:21:57 INFO cache miss
2026-03-03 08:22:01 INFO invalid token
2026-03-03 08:22:03 INFO user login ok
2026-03-03 08:22:04 INFO request handled
2026-03-03 08:22:05 INFO background job finished
2026-03-03 08:22:08 ERROR user login ok
2026-03-03 08:22:11 INFO connection reset by peer
2026-03-03 08:22:15 INFO database timeout
2026-03-03 08:22:17 INFO user login ok
2026-03-03 08:22:20 INFO user login ok
2026-03-03 08:22:23 INFO user logout
2026-03-03 08:22:27 INFO cache miss
2026-03-03 08:22:28 WARN request handled
2026-03-03 08:22:31 INFO config reloaded
2026-03-03 08:22:35 INFO user login ok
2026-03-03 08:22:39 INFO background job finished
2026-03-03 08:22:40 WARN invalid token
2026-03-03 08:22:43 INFO invalid token
2026-03-03 08:22:44 INFO invalid token
2026-03-03 08:22:45 INFO user login ok
2026-03-03 08:22:48 WARN user login ok
2026-03-03 08:22:52 INFO user logout
2026-03-03 08:22:55 INFO slow query detected
2026-03-03 08:22:58 INFO invalid token
2026-03-03 08:23:00 INFO user login ok
2026-03-03 08:23:03 INFO user login ok
2026-03-03 08:23:06 INFO database timeout
2026-03-03 08:23:10 INFO request handled
2026-03-03 08:23:11 INFO user logout
2026-03-03 08:23:12 INFO cache miss
2026-03-03 08:23:13 INFO disk usage high
2026-03-03 08:23:16 INFO user logout
2026-03-03 08:23:20 INFO cache hit
2026-03-03 08:23:22 INFO disk usage high
2026-03-03 08:23:24 INFO disk usage high
2026-03-03 08:23:28 ERROR user login ok
2026-03-03 08:23:32 INFO background job finished
2026-03-03 08:23:35 INFO database timeout
2026-03-03 08:23:38 INFO user login ok
2026-03-03 08:23:40 INFO user logout
2026-03-03 08:23:44 INFO connection reset by peer
2026-03-03 08:23:46 INFO disk usage high
2026-03-03 08:23:47 INFO config reloaded
2026-03-03 08:23:50 INFO connection reset by peer
2026-03-03 08:23:51 INFO user login ok
2026-03-03 08:23:54 INFO background job finished
2026-03-03 08:23:58 WARN user login ok
2026-03-03 08:24:00 INFO user login ok
2026-03-03 08:24:01 INFO cache miss
2026-03-03 08:24:04 INFO cache hit
### повреждённая строка ###
2026-03-03 08:24:06 INFO slow query detected
2026-03-03 08:24:07 WARN cache hit
2026-03-03 08:24:10 ERROR user login ok
2026-03-03 08:24:13 INFO user login ok
2026-03-03 08:24:17 WARN request handled
2026-03-03 08:24:18 WARN user login ok
2026-03-03 08:24:20 INFO cache hit
2026-03-03 08:24:23 INFO database timeout
2026-03-03 08:24:25 INFO request handled
2026-03-03 08:24:28 INFO connection reset by peer
2026-03-03 08:24:30 INFO cache miss
2026-03-03 08:24:34 INFO connection reset by peer
2026-03-03 08:24:37 INFO user login ok
2026-03-03 08:24:38 INFO request handled
2026-03-03 08:24:42 INFO config reloaded
2026-03-03 08:24:43 INFO connection reset by peer
2026-03-03 08:24:46 INFO request handled
2026-03-03 08:24:50 INFO invalid token
2026-03-03 08:24:52 INFO connection reset by peer
2026-03-03 08:24:53 INFO request handled
2026-03-03 08:24:56 INFO user logout
2026-03-03 08:24:58 WARN cache miss
2026-03-03 08:25:01 INFO user login ok
2026-03-03 08:25:04 INFO cache miss
2026-03-03 08:25:06 INFO slow query detected
2026-03-03 08:25:09 INFO background job finished
2026-03-03 08:25:11 INFO user login ok
2026-03-03 08:25:15 WARN connection reset by peer
2026-03-03 08:25:18 INFO disk usage high
2026-03-03 08:25:20 INFO request handled
2026-03-03 08:25:23 INFO database timeout
2026-03-03 08:25:26 INFO user login ok
2026-03-03 08:25:27 INFO database timeout
2026-03-03 08:25:29 INFO user login ok
2026-03-03 08:25:33 INFO user login ok
2026-03-03 08:25:34 INFO cache hit
2026-03-03 08:25:35 INFO user login ok
2026-03-03 08:25:39 WARN user logout
2026-03-03 08:25:43 INFO user login ok
2026-03-03 08:25:46 INFO request handled
2026-03-03 08:25:47 INFO user login ok
2026-03-03 08:25:49 INFO invalid token
2026-03-03 08:25:53 WARN request handled
2026-03-03 08:25:54 INFO config reloaded
2026-03-03 08:25:56 INFO user logout
2026-03-03 08:25:57 INFO slow query detected
2026-03-03 08:25:59 INFO cache hit
2026-03-03 08:26:01 INFO cache hit
2026-03-03 08:26:05 INFO disk usage high
2026-03-03 08:26:09 INFO user login ok
2026-03-03 08:26:10 INFO cache hit
2026-03-03 08:26:13 INFO background job finished
2026-03-03 08:26:15 INFO user login ok
2026-03-03 08:26:17 ERROR cache hit
2026-03-03 08:26:21 INFO user login ok
2026-03-03 08:26:25 INFO user login ok
2026-03-03 08:26:28 INFO connection reset by peer
2026-03-03 08:26:31 INFO user login ok
2026-03-03 08:26:33 INFO user login ok
2026-03-03 08:26:37 INFO disk usage high
2026-03-03 08:26:40 INFO user login ok
2026-03-03 08:26:43 INFO user logout
2026-03-03 08:26:46 INFO cache hit
2026-03-03 08:26:49 INFO user login ok
2026-03-03 08:26:52 INFO user logout
2026-03-03 08:26:54 INFO user logout
2026-03-03 08:26:55 INFO slow query detected
2026-03-03 08:26:58 INFO user logout
2026-03-03 08:27:00 INFO user logout
2026-03-03 08:27:02 INFO slow query detected
2026-03-03 08:27:06 INFO config reloaded
2026-03-03 08:27:10 INFO cache miss
2026-03-03 08:27:11 INFO invalid token
2026-03-03 08:27:13 INFO slow query detected
2026-03-03 08:27:16 INFO config reloaded
2026-03-03 08:27:18 INFO background job finished
2026-03-03 08:27:19 INFO user login ok
2026-03-03 08:27:21 WARN slow query detected
2026-03-03 08:27:23 WARN request handled
2026-03-03 08:27:26 INFO user login ok
2026-03-03 08:27:28 ERROR cache miss
2026-03-03 08:27:30 INFO background job finished
2026-03-03 08:27:31 INFO user login ok
2026-03-03 08:27:34 INFO disk usage high
2026-03-03 08:27:35 WARN connection reset by peer
2026-03-03 08:27:36 WARN database timeout
2026-03-03 08:27:40 INFO slow query detected
2026-03-03 08:27:44 INFO user login ok
2026-03-03 08:27:47 ERROR cache hit
2026-03-03 08:27:51 INFO config reloaded
2026-03-03 08:27:53 INFO user login ok
2026-03-03 08:27:54 INFO user login ok
2026-03-03 08:27:55 WARN user logout
2026-03-03 08:27:58 INFO user login ok
2026-03-03 08:28:01 INFO connection reset by peer
2026-03-03 08:28:02 INFO invalid token
2026-03-03 08:28:03 INFO user login ok
2026-03-03 08:28:05 INFO request handled
2026-03-03 08:28:09 ERROR user login ok
2026-03-03 08:28:11 INFO invalid token
2026-03-03 08:28:12 INFO invalid token
2026-03-03 08:28:16 WARN slow query detected
2026-03-03 08:28:20 INFO config reloaded
2026-03-03 08:28:24 INFO connection reset by peer
2026-03-03 08:28:26 INFO user login ok
2026-03-03 08:28:27 WARN disk usage high
2026-03-03 08:28:28 WARN user login ok
2026-03-03 08:28:29 INFO connection reset by peer
2026-03-03 08:28:33 INFO user login ok
2026-03-03 08:28:35 WARN config reloaded
2026-03-03 08:28:39 INFO config reloaded
2026-03-03 08:28:43 INFO user login ok
2026-03-03 08:28:44 INFO cache hit
2026-03-03 08:28:48 INFO slow query detected
2026-03-03 08:28:50 INFO user login ok
2026-03-03 08:28:54 INFO user login ok
2026-03-03 08:28:58 INFO cache miss
2026-03-03 08:29:01 INFO user logout
2026-03-03 08:29:05 INFO user login ok
2026-03-03 08:29:08 WARN user login ok
2026-03-03 08:29:10 INFO disk usage high
2026-03-03 08:29:14 WARN invalid token
2026-03-03 08:29:17 INFO slow query detected
2026-03-03 08:29:18 INFO user login ok
2026-03-03 08:29:21 INFO cache hit
2026-03-03 08:29:24 INFO user login ok
2026-03-03 08:29:26 INFO user login ok
2026-03-03 08:29:27 INFO user login ok
2026-03-03 08:29:29 INFO slow query detected
2026-03-03 08:29:31 INFO cache hit
2026-03-03 08:29:33 INFO config reloaded
2026-03-03 08:29:35 ERROR user login ok
2026-03-03 08:29:36 INFO config reloaded
2026-03-03 08:29:40 INFO user login ok
2026-03-03 08:29:44 WARN user login ok
2026-03-03 08:29:47 WARN connection reset by peer
2026-03-03 08:29:50 WARN background job finished
2026-03-03 08:29:51 INFO user login ok
2026-03-03 08:29:55 WARN cache hit
2026-03-03 08:29:57 INFO cache hit
2026-03-03 08:30:01 WARN connection reset by peer
2026-03-03 08:30:02 INFO cache hit
2026-03-03 08:30:06 INFO disk usage high
2026-03-03 08:30:07 INFO invalid token
2026-03-03 08:30:08 INFO user login ok
2026-03-03 08:30:09 WARN background job finished
2026-03-03 08:30:13 INFO user login ok
2026-03-03 08:30:16 INFO user login ok
2026-03-03 08:30:18 INFO cache hit
2026-03-03 08:30:22 INFO user logout
2026-03-03 08:30:24 WARN user login ok
2026-03-03 08:30:27 INFO database timeout
### повреждённая строка ###
2026-03-03 08:30:32 INFO invalid token
2026-03-03 08:30:33 INFO user login ok
2026-03-03 08:30:35 INFO connection reset by peer
2026-03-03 08:30:37 INFO user login ok
2026-03-03 08:30:38 INFO invalid token
2026-03-03 08:30:40 INFO cache miss
2026-03-03 08:30:43 ERROR disk usage high
2026-03-03 08:30:45 INFO user logout
2026-03-03 08:30:48 WARN user login ok
2026-03-03 08:30:52 INFO request handled
2026-03-03 08:30:54 INFO slow query detected
2026-03-03 08:30:55 INFO cache hit
2026-03-03 08:30:57 INFO disk usage high
2026-03-03 08:31:01 INFO user logout
2026-03-03 08:31:05 INFO cache miss
2026-03-03 08:31:06 INFO user logout
2026-03-03 08:31:09 INFO user logout
2026-03-03 08:31:13 WARN background job finished
2026-03-03 08:31:15 INFO request handled
### повреждённая строка ###
2026-03-03 08:31:20 INFO config reloaded
2026-03-03 08:31:22 INFO slow query detected
2026-03-03 08:31:23 ERROR request handled
2026-03-03 08:31:24 INFO background job finished
2026-03-03 08:31:27 WARN config reloaded
2026-03-03 08:31:28 INFO user login ok
2026-03-03 08:31:31 INFO cache hit
2026-03-03 08:31:35 INFO request handled
2026-03-03 08:31:38 INFO user logout
2026-03-03 08:31:39 INFO user login ok
2026-03-03 08:31:41 INFO database timeout
2026-03-03 08:31:45 INFO cache miss
2026-03-03 08:31:47 ERROR connection reset by peer
2026-03-03 08:31:51 WARN user login ok
2026-03-03 08:31:54 WARN slow query detected
2026-03-03 08:31:55 INFO invalid token
2026-03-03 08:31:57 INFO config reloaded
2026-03-03 08:32:01 INFO user login ok
2026-03-03 08:32:03 INFO disk usage high
2026-03-03 08:32:06 INFO slow query detected
2026-03-03 08:32:08 INFO cache miss
2026-03-03 08:32:11 INFO user logout
2026-03-03 08:32:12 INFO user login ok
2026-03-03 08:32:16 INFO disk usage high
2026-03-03 08:32:17 INFO request handled
2026-03-03 08:32:21 INFO user login ok
2026-03-03 08:32:23 INFO cache hit
2026-03-03 08:32:24 INFO cache hit
2026-03-03 08:32:25 WARN connection reset by peer
2026-03-03 08:32:26 INFO cache miss
2026-03-03 08:32:29 INFO user login ok
2026-03-03 08:32:32 INFO connection reset by peer
2026-03-03 08:32:33 INFO user login ok
2026-03-03 08:32:34 INFO user login ok
2026-03-03 08:32:37 INFO invalid token
2026-03-03 08:32:41 INFO user login ok
2026-03-03 08:32:45 INFO cache miss
2026-03-03 08:32:46 INFO user logout
2026-03-03 08:32:50 ERROR user logout
2026-03-03 08:32:51 INFO user login ok
2026-03-03 08:32:53 INFO background job finished
2026-03-03 08:32:54 INFO config reloaded
2026-03-03 08:32:55 ERROR user login ok
2026-03-03 08:32:57 INFO cache miss
2026-03-03 08:32:58 INFO user login ok
2026-03-03 08:33:01 INFO database timeout
2026-03-03 08:33:02 WARN database timeout
2026-03-03 08:33:06 WARN connection reset by peer
2026-03-03 08:33:09 WARN cache miss
2026-03-03 08:33:12 WARN config reloaded
2026-03-03 08:33:14 INFO user login ok
2026-03-03 08:33:15 INFO user login ok
2026-03-03 08:33:18 INFO user login ok
2026-03-03 08:33:19 INFO disk usage high
2026-03-03 08:33:22 INFO user logout
2026-03-03 08:33:24 INFO connection reset by peer
2026-03-03 08:33:28 WARN user logout
2026-03-03 08:33:31 INFO user login ok
2026-03-03 08:33:35 INFO connection reset by peer
2026-03-03 08:33:39 WARN user logout
2026-03-03 08:33:41 INFO connection reset by peer
2026-03-03 08:33:45 WARN user login ok
2026-03-03 08:33:47 INFO request handled
2026-03-03 08:33:49 WARN request handled
2026-03-03 08:33:53 INFO cache hit
2026-03-03 08:33:57 WARN cache hit
2026-03-03 08:34:00 INFO cache hit
2026-03-03 08:34:02 INFO cache hit
2026-03-03 08:34:05 INFO user logout
2026-03-03 08:34:09 INFO user login ok
2026-03-03 08:34:10 WARN cache miss
2026-03-03 08:34:12 INFO user login ok
2026-03-03 08:34:15 INFO user login ok
2026-03-03 08:34:17 INFO user login ok
2026-03-03 08:34:19 ERROR database timeout
2026-03-03 08:34:22 INFO cache miss
2026-03-03 08:34:25 INFO invalid token
2026-03-03 08:34:28 INFO disk usage high
2026-03-03 08:34:32 INFO user login ok
2026-03-03 08:34:36 INFO user logout
2026-03-03 08:34:39 INFO disk usage high
2026-03-03 08:34:41 INFO connection reset by peer
2026-03-03 08:34:43 INFO cache miss
2026-03-03 08:34:44 INFO cache hit
2026-03-03 08:34:46 INFO request handled
2026-03-03 08:34:50 INFO cache miss
2026-03-03 08:34:54 WARN background job finished
2026-03-03 08:34:57 INFO user logout
2026-03-03 08:34:58 INFO cache hit
2026-03-03 08:35:01 ERROR cache hit
2026-03-03 08:35:05 INFO disk usage high
2026-03-03 08:35:08 INFO disk usage high
2026-03-03 08:35:12 INFO cache miss
2026-03-03 08:35:14 INFO user logout
2026-03-03 08:35:17 WARN user login ok
2026-03-03 08:35:19 WARN user login ok
2026-03-03 08:35:21 INFO request handled
2026-03-03 08:35:22 INFO user login ok
2026-03-03 08:35:24 INFO cache hit
2026-03-03 08:35:28 INFO invalid token
2026-03-03 08:35:31 INFO user login ok
2026-03-03 08:35:34 WARN user login ok
2026-03-03 08:35:36 WARN request handled
2026-03-03 08:35:37 WARN user login ok
2026-03-03 08:35:41 INFO user logout
2026-03-03 08:35:43 INFO request handled
2026-03-03 08:35:45 INFO user login ok
2026-03-03 08:35:46 INFO request handled
2026-03-03 08:35:50 WARN user login ok
2026-03-03 08:35:51 INFO cache miss
2026-03-03 08:35:52 INFO user logout
2026-03-03 08:35:53 INFO user login ok
2026-03-03 08:35:55 INFO database timeout
2026-03-03 08:35:59 INFO background job finished
2026-03-03 08:36:01 WARN user login ok
2026-03-03 08:36:03 INFO config reloaded
2026-03-03 08:36:05 INFO user logout
2026-03-03 08:36:09 INFO user login ok
2026-03-03 08:36:10 WARN user login ok
2026-03-03 08:36:11 INFO database timeout
2026-03-03 08:36:14 WARN user login ok
2026-03-03 08:36:16 INFO invalid token
2026-03-03 08:36:20 INFO user logout
2026-03-03 08:36:21 INFO user logout
2026-03-03 08:36:23 WARN connection reset by peer
2026-03-03 08:36:25 INFO cache miss
2026-03-03 08:36:28 INFO user login ok
2026-03-03 08:36:29 INFO database timeout
2026-03-03 08:36:33 WARN user logout
2026-03-03 08:36:37 INFO user login ok
2026-03-03 08:36:40 INFO connection reset by peer
2026-03-03 08:36:42 INFO database timeout
2026-03-03 08:36:46 ERROR cache miss
2026-03-03 08:36:49 INFO user login ok
2026-03-03 08:36:52 INFO user login ok
2026-03-03 08:36:54 INFO connection reset by peer
2026-03-03 08:36:58 INFO cache hit
2026-03-03 08:36:59 ERROR user logout
2026-03-03 08:37:03 INFO connection reset by peer
2026-03-03 08:37:05 INFO cache hit
2026-03-03 08:37:09 INFO connection reset by peer
2026-03-03 08:37:12 INFO user login ok
2026-03-03 08:37:13 INFO user logout
2026-03-03 08:37:14 INFO user logout
2026-03-03 08:37:15 INFO connection reset by peer
2026-03-03 08:37:16 INFO user login ok
2026-03-03 08:37:19 INFO invalid token
2026-03-03 08:37:21 INFO background job finished
2026-03-03 08:37:22 INFO slow query detected
2026-03-03 08:37:25 INFO user login ok
2026-03-03 08:37:29 WARN connection reset by peer
2026-03-03 08:37:31 INFO request handled
2026-03-03 08:37:34 INFO cache miss
2026-03-03 08:37:37 INFO disk usage high
2026-03-03 08:37:38 INFO user logout
2026-03-03 08:37:41 ERROR user login ok
2026-03-03 08:37:43 INFO config reloaded
2026-03-03 08:37:44 INFO slow query detected
2026-03-03 08:37:45 INFO database timeout
2026-03-03 08:37:46 INFO database timeout
2026-03-03 08:37:47 INFO user logout
2026-03-03 08:37:49 INFO cache miss
2026-03-03 08:37:53 INFO request handled
2026-03-03 08:37:57 WARN cache hit
2026-03-03 08:38:01 WARN user logout
2026-03-03 08:38:02 INFO user logout
2026-03-03 08:38:05 INFO invalid token
2026-03-03 08:38:06 ERROR user login ok
2026-03-03 08:38:09 WARN background job finished
2026-03-03 08:38:13 INFO slow query detected
2026-03-03 08:38:14 INFO user login ok
2026-03-03 08:38:18 INFO user login ok
2026-03-03 08:38:20 INFO background job finished
2026-03-03 08:38:22 INFO user login ok
2026-03-03 08:38:25 INFO user logout
2026-03-03 08:38:26 INFO user login ok
2026-03-03 08:38:30 INFO cache miss
2026-03-03 08:38:32 INFO slow query detected
2026-03-03 08:38:36 INFO user logout
2026-03-03 08:38:38 INFO database timeout
2026-03-03 08:38:42 WARN connection reset by peer
2026-03-03 08:38:45 INFO request handled
2026-03-03 08:38:46 INFO cache miss
2026-03-03 08:38:48 WARN user login ok
2026-03-03 08:38:52 INFO connection reset by peer
2026-03-03 08:38:54 INFO cache miss
2026-03-03 08:38:58 WARN user login ok
2026-03-03 08:39:02 INFO cache miss
2026-03-03 08:39:06 INFO user logout
2026-03-03 08:39:10 INFO user login ok
2026-03-03 08:39:12 INFO user logout
2026-03-03 08:39:14 INFO user login ok
2026-03-03 08:39:17 INFO cache hit
2026-03-03 08:39:20 INFO user login ok
2026-03-03 08:39:23 INFO user login ok
2026-03-03 08:39:25 INFO user logout
2026-03-03 08:39:29 INFO database timeout
2026-03-03 08:39:33 INFO cache miss
2026-03-03 08:39:35 INFO slow query detected
2026-03-03 08:39:36 INFO connection reset by peer
2026-03-03 08:39:39 WARN user logout
2026-03-03 08:39:43 INFO cache miss
2026-03-03 08:39:46 INFO user login ok
2026-03-03 08:39:48 INFO request handled
2026-03-03 08:39:52 INFO user login ok
2026-03-03 08:39:56 INFO user login ok
2026-03-03 08:39:57 INFO user login ok
2026-03-03 08:39:58 INFO connection reset by peer
2026-03-03 08:40:00 INFO invalid token
2026-03-03 08:40:01 INFO user login ok
2026-03-03 08:40:05 WARN disk usage high
2026-03-03 08:40:07 INFO user login ok
2026-03-03 08:40:10 INFO request handled
2026-03-03 08:40:11 INFO cache miss
2026-03-03 08:40:13 INFO user login ok
2026-03-03 08:40:17 WARN user login ok
2026-03-03 08:40:18 WARN config reloaded
2026-03-03 08:40:22 INFO user login ok
2026-03-03 08:40:25 INFO connection reset by peer
2026-03-03 08:40:27 INFO user logout
2026-03-03 08:40:31 INFO user login ok
2026-03-03 08:40:35 INFO slow query detected
2026-03-03 08:40:36 INFO connection reset by peer
2026-03-03 08:40:38 INFO disk usage high
2026-03-03 08:40:40 WARN connection reset by peer
2026-03-03 08:40:44 INFO database timeout
2026-03-03 08:40:46 INFO user login ok
2026-03-03 08:40:50 INFO user login ok
2026-03-03 08:40:51 INFO user logout
2026-03-03 08:40:52 INFO background job finished
2026-03-03 08:40:54 WARN connection reset by peer
2026-03-03 08:40:55 INFO database timeout
2026-03-03 08:40:57 INFO config reloaded
2026-03-03 08:40:59 WARN user login ok
2026-03-03 08:41:01 WARN cache hit
2026-03-03 08:41:02 ERROR user login ok
2026-03-03 08:41:06 WARN cache hit
2026-03-03 08:41:09 WARN user login ok
2026-03-03 08:41:10 INFO cache miss
2026-03-03 08:41:11 INFO database timeout
2026-03-03 08:41:12 INFO user login ok
2026-03-03 08:41:14 INFO user logout
2026-03-03 08:41:17 INFO cache hit
2026-03-03 08:41:19 INFO cache miss
2026-03-03 08:41:22 INFO user login ok
2026-03-03 08:41:24 WARN user login ok
2026-03-03 08:41:27 INFO background job finished
2026-03-03 08:41:28 ERROR user logout
2026-03-03 08:41:30 INFO slow query detected
2026-03-03 08:41:34 INFO user login ok
2026-03-03 08:41:37 INFO cache hit
2026-03-03 08:41:38 WARN database timeout
2026-03-03 08:41:41 INFO user login ok
2026-03-03 08:41:44 INFO cache miss
2026-03-03 08:41:48 INFO cache hit
2026-03-03 08:41:50 INFO slow query detected
2026-03-03 08:41:51 WARN background job finished
2026-03-03 08:41:54 INFO user login ok
2026-03-03 08:41:57 INFO user logout
2026-03-03 08:42:01 INFO cache hit
2026-03-03 08:42:02 WARN request handled
2026-03-03 08:42:03 INFO cache hit
2026-03-03 08:42:04 INFO user logout
2026-03-03 08:42:07 INFO database timeout
2026-03-03 08:42:08 INFO user login ok
### повреждённая строка ###
2026-03-03 08:42:13 INFO slow query detected
2026-03-03 08:42:17 INFO background job finished
2026-03-03 08:42:20 INFO request handled
2026-03-03 08:42:24 INFO slow query detected
2026-03-03 08:42:28 INFO cache hit
2026-03-03 08:42:29 WARN user login ok
2026-03-03 08:42:33 INFO cache hit
2026-03-03 08:42:34 INFO disk usage high
2026-03-03 08:42:38 INFO slow query detected
2026-03-03 08:42:39 INFO cache hit
2026-03-03 08:42:41 ERROR invalid token
2026-03-03 08:42:44 ERROR connection reset by peer
2026-03-03 08:42:45 INFO user logout
2026-03-03 08:42:46 INFO user logout
2026-03-03 08:42:50 INFO cache hit
2026-03-03 08:42:53 INFO disk usage high
2026-03-03 08:42:55 INFO disk usage high
2026-03-03 08:42:59 INFO cache miss
2026-03-03 08:43:00 ERROR background job finished
2026-03-03 08:43:04 INFO config reloaded
2026-03-03 08:43:07 INFO user login ok
2026-03-03 08:43:10 WARN cache hit
2026-03-03 08:43:12 INFO user login ok
2026-03-03 08:43:16 INFO cache hit
2026-03-03 08:43:20 INFO cache miss
2026-03-03 08:43:21 INFO cache miss
2026-03-03 08:43:24 INFO disk usage high
2026-03-03 08:43:27 INFO disk usage high
2026-03-03 08:43:31 INFO user login ok
2026-03-03 08:43:34 INFO connection reset by peer
2026-03-03 08:43:38 INFO background job finished
2026-03-03 08:43:41 INFO database timeout
2026-03-03 08:43:45 INFO user login ok
2026-03-03 08:43:49 INFO cache miss
2026-03-03 08:43:53 INFO cache hit
2026-03-03 08:43:54 INFO invalid token
2026-03-03 08:43:57 INFO user login ok
2026-03-03 08:43:59 INFO background job finished
2026-03-03 08:44:03 INFO user login ok
2026-03-03 08:44:04 INFO cache miss
2026-03-03 08:44:06 INFO cache miss
2026-03-03 08:44:07 WARN user login ok
2026-03-03 08:44:08 INFO user logout
2026-03-03 08:44:09 INFO user login ok
2026-03-03 08:44:12 INFO invalid token
2026-03-03 08:44:15 INFO cache miss
2026-03-03 08:44:19 WARN database timeout
2026-03-03 08:44:22 INFO user login ok
2026-03-03 08:44:25 INFO user logout
2026-03-03 08:44:26 WARN user logout
2026-03-03 08:44:28 INFO disk usage high
2026-03-03 08:44:30 INFO cache miss
2026-03-03 08:44:33 INFO request handled
2026-03-03 08:44:35 INFO config reloaded
2026-03-03 08:44:39 INFO request handled
2026-03-03 08:44:42 INFO user login ok
2026-03-03 08:44:44 INFO slow query detected
2026-03-03 08:44:47 INFO user login ok
2026-03-03 08:44:51 INFO cache hit
2026-03-03 08:44:53 INFO user login ok
2026-03-03 08:44:55 INFO background job finished
2026-03-03 08:44:57 INFO connection reset by peer
2026-03-03 08:45:00 INFO request handled
2026-03-03 08:45:01 INFO disk usage high
2026-03-03 08:45:04 INFO user logout
2026-03-03 08:45:07 WARN user login ok
2026-03-03 08:45:09 INFO user logout
2026-03-03 08:45:11 INFO slow query detected
2026-03-03 08:45:12 INFO user login ok
2026-03-03 08:45:15 INFO invalid token
2026-03-03 08:45:16 WARN user login ok
2026-03-03 08:45:17 INFO user login ok
2026-03-03 08:45:19 INFO cache hit
2026-03-03 08:45:22 INFO config reloaded
2026-03-03 08:45:23 INFO cache miss
2026-03-03 08:45:24 WARN user login ok
2026-03-03 08:45:27 ERROR connection reset by peer
2026-03-03 08:45:31 INFO config reloaded
2026-03-03 08:45:34 INFO user login ok
2026-03-03 08:45:38 INFO user login ok
2026-03-03 08:45:41 INFO cache miss
2026-03-03 08:45:43 INFO cache miss
2026-03-03 08:45:45 INFO disk usage high
2026-03-03 08:45:48 INFO user login ok
2026-03-03 08:45:51 WARN request handled
2026-03-03 08:45:52 INFO user login ok
2026-03-03 08:45:55 INFO user logout
2026-03-03 08:45:58 ERROR cache miss
2026-03-03 08:46:02 INFO invalid token
2026-03-03 08:46:06 WARN cache hit
2026-03-03 08:46:07 INFO cache miss
2026-03-03 08:46:09 INFO slow query detected
2026-03-03 08:46:10 INFO request handled
2026-03-03 08:46:12 INFO disk usage high
### повреждённая строка ###
2026-03-03 08:46:15 INFO user login ok
2026-03-03 08:46:18 INFO cache hit
2026-03-03 08:46:19 INFO database timeout
2026-03-03 08:46:20 ERROR user logout
2026-03-03 08:46:24 INFO disk usage high
2026-03-03 08:46:28 INFO cache miss
2026-03-03 08:46:32 INFO user login ok
2026-03-03 08:46:35 INFO user login ok
2026-03-03 08:46:39 INFO user login ok
2026-03-03 08:46:43 WARN user login ok
2026-03-03 08:46:46 INFO background job finished
2026-03-03 08:46:48 INFO user login ok
2026-03-03 08:46:50 INFO cache miss
2026-03-03 08:46:52 INFO user login ok
2026-03-03 08:46:53 INFO user login ok
2026-03-03 08:46:57 INFO slow query detected
2026-03-03 08:47:00 INFO cache miss
2026-03-03 08:47:02 INFO slow query detected
2026-03-03 08:47:05 INFO config reloaded
2026-03-03 08:47:09 INFO request handled
2026-03-03 08:47:12 INFO connection reset by peer
2026-03-03 08:47:16 INFO disk usage high
2026-03-03 08:47:18 INFO user login ok
2026-03-03 08:47:20 INFO cache hit
2026-03-03 08:47:24 INFO invalid token
2026-03-03 08:47:27 INFO slow query detected
2026-03-03 08:47:28 INFO user logout
2026-03-03 08:47:30 INFO request handled
2026-03-03 08:47:32 WARN cache hit
2026-03-03 08:47:33 INFO user login ok
2026-03-03 08:47:35 WARN slow query detected
2026-03-03 08:47:36 INFO connection reset by peer
2026-03-03 08:47:37 WARN user logout
2026-03-03 08:47:39 WARN database timeout
2026-03-03 08:47:40 INFO cache miss
2026-03-03 08:47:42 INFO config reloaded
### повреждённая строка ###
2026-03-03 08:47:46 INFO request handled
2026-03-03 08:47:47 INFO user login ok
2026-03-03 08:47:51 INFO invalid token
2026-03-03 08:47:55 INFO slow query detected
2026-03-03 08:47:56 INFO slow query detected
2026-03-03 08:47:59 INFO slow query detected
2026-03-03 08:48:03 INFO user logout
2026-03-03 08:48:05 INFO cache hit
2026-03-03 08:48:06 WARN invalid token
2026-03-03 08:48:09 INFO cache hit
2026-03-03 08:48:13 INFO user login ok
2026-03-03 08:48:14 INFO user login ok
2026-03-03 08:48:17 INFO slow query detected
2026-03-03 08:48:19 INFO cache hit
2026-03-03 08:48:20 INFO disk usage high
2026-03-03 08:48:23 INFO user login ok
2026-03-03 08:48:24 INFO user logout
2026-03-03 08:48:28 INFO background job finished
2026-03-03 08:48:30 INFO slow query detected
### повреждённая строка ###
2026-03-03 08:48:35 INFO user login ok
2026-03-03 08:48:39 ERROR config reloaded
2026-03-03 08:48:40 INFO invalid token
2026-03-03 08:48:43 INFO database timeout
2026-03-03 08:48:44 INFO user logout
2026-03-03 08:48:48 WARN user login ok
2026-03-03 08:48:49 INFO cache miss
2026-03-03 08:48:50 INFO cache hit
2026-03-03 08:48:52 INFO invalid token
2026-03-03 08:48:56 INFO user login ok
2026-03-03 08:48:57 INFO background job finished
2026-03-03 08:48:58 INFO user login ok
2026-03-03 08:49:02 WARN cache miss
2026-03-03 08:49:04 INFO cache miss
2026-03-03 08:49:06 INFO user login ok
2026-03-03 08:49:09 INFO user logout
2026-03-03 08:49:10 INFO user login ok
2026-03-03 08:49:11 INFO request handled
2026-03-03 08:49:15 INFO config reloaded
2026-03-03 08:49:16 INFO config reloaded
2026-03-03 08:49:19 INFO config reloaded
2026-03-03 08:49:23 ERROR disk usage high
2026-03-03 08:49:26 INFO cache miss
2026-03-03 08:49:30 INFO connection reset by peer
2026-03-03 08:49:33 INFO config reloaded
2026-03-03 08:49:37 INFO user login ok
2026-03-03 08:49:38 INFO request handled
2026-03-03 08:49:42 INFO config reloaded
### повреждённая строка ###
2026-03-03 08:49:45 WARN cache hit
2026-03-03 08:49:47 ERROR cache hit
2026-03-03 08:49:48 INFO config reloaded
2026-03-03 08:49:51 INFO cache hit
2026-03-03 08:49:55 INFO cache miss
2026-03-03 08:49:59 INFO user login ok
2026-03-03 08:50:02 INFO user login ok
2026-03-03 08:50:04 INFO disk usage high
2026-03-03 08:50:05 INFO user login ok
2026-03-03 08:50:06 INFO user login ok
2026-03-03 08:50:09 INFO user login ok
2026-03-03 08:50:13 INFO database timeout
2026-03-03 08:50:17 INFO cache miss
2026-03-03 08:50:19 INFO cache hit
2026-03-03 08:50:22 INFO config reloaded
2026-03-03 08:50:23 INFO request handled
2026-03-03 08:50:27 WARN cache miss
2026-03-03 08:50:29 INFO user login ok
2026-03-03 08:50:31 INFO user logout
2026-03-03 08:50:32 INFO database timeout
2026-03-03 08:50:34 INFO disk usage high
### повреждённая строка ###
2026-03-03 08:50:37 INFO user login ok
2026-03-03 08:50:38 INFO user login ok
2026-03-03 08:50:42 INFO background job finished
2026-03-03 08:50:44 INFO user login ok
2026-03-03 08:50:46 INFO user login ok
2026-03-03 08:50:47 INFO cache miss
2026-03-03 08:50:50 INFO connection reset by peer
2026-03-03 08:50:52 INFO cache miss
2026-03-03 08:50:55 INFO config reloaded
2026-03-03 08:50:57 INFO user login ok
2026-03-03 08:51:00 INFO user logout
2026-03-03 08:51:03 WARN user login ok
2026-03-03 08:51:05 INFO slow query detected
2026-03-03 08:51:07 INFO background job finished
2026-03-03 08:51:09 INFO cache hit
2026-03-03 08:51:10 INFO user login ok
2026-03-03 08:51:12 INFO cache hit
2026-03-03 08:51:15 WARN user logout
2026-03-03 08:51:19 WARN background job finished
### повреждённая строка ###
2026-03-03 08:51:25 ERROR user logout
2026-03-03 08:51:28 ERROR user login ok
2026-03-03 08:51:29 WARN user login ok
2026-03-03 08:51:31 INFO slow query detected
2026-03-03 08:51:33 WARN user logout
2026-03-03 08:51:37 INFO user login ok
2026-03-03 08:51:41 INFO request handled
2026-03-03 08:51:44 ERROR cache miss
2026-03-03 08:51:48 INFO user logout
2026-03-03 08:51:49 ERROR user login ok
2026-03-03 08:51:50 WARN user login ok
2026-03-03 08:51:53 WARN request handled
2026-03-03 08:51:57 INFO user logout
2026-03-03 08:51:58 WARN cache miss
2026-03-03 08:52:01 INFO user login ok
2026-03-03 08:52:02 INFO background job finished
2026-03-03 08:52:03 INFO cache hit
2026-03-03 08:52:05 INFO connection reset by peer
2026-03-03 08:52:07 INFO user login ok
2026-03-03 08:52:11 ERROR invalid token
2026-03-03 08:52:13 INFO user logout
2026-03-03 08:52:14 INFO user login ok
2026-03-03 08:52:18 INFO user login ok
2026-03-03 08:52:22 INFO user login ok
2026-03-03 08:52:26 INFO user login ok
2026-03-03 08:52:29 INFO cache hit
2026-03-03 08:52:31 INFO cache hit
2026-03-03 08:52:33 INFO connection reset by peer
2026-03-03 08:52:36 INFO cache miss
2026-03-03 08:52:40 WARN user login ok
2026-03-03 08:52:43 INFO user logout
2026-03-03 08:52:46 INFO user logout
2026-03-03 08:52:50 WARN user login ok
2026-03-03 08:52:52 INFO invalid token
2026-03-03 08:52:53 INFO user login ok
2026-03-03 08:52:57 INFO disk usage high
2026-03-03 08:52:59 WARN database timeout
2026-03-03 08:53:03 INFO user logout
2026-03-03 08:53:07 WARN connection reset by peer
2026-03-03 08:53:08 INFO user logout
2026-03-03 08:53:12 WARN background job finished
2026-03-03 08:53:13 INFO background job finished
2026-03-03 08:53:14 INFO user login ok
2026-03-03 08:53:15 INFO slow query detected
2026-03-03 08:53:19 INFO user logout
2026-03-03 08:53:23 INFO user login ok
2026-03-03 08:53:25 INFO database timeout
2026-03-03 08:53:28 INFO connection reset by peer
2026-03-03 08:53:32 ERROR config reloaded
2026-03-03 08:53:33 INFO request handled
2026-03-03 08:53:36 INFO cache miss
### повреждённая строка ###
2026-03-03 08:53:43 INFO invalid token
2026-03-03 08:53:47 WARN invalid token
2026-03-03 08:53:50 INFO user login ok
2026-03-03 08:53:52 INFO background job finished
2026-03-03 08:53:55 INFO connection reset by peer
2026-03-03 08:53:57 ERROR user login ok
2026-03-03 08:54:01 WARN cache hit
2026-03-03 08:54:05 INFO user login ok
2026-03-03 08:54:09 WARN cache hit
2026-03-03 08:54:10 INFO cache hit
2026-03-03 08:54:13 INFO user login ok
2026-03-03 08:54:15 INFO user login ok
2026-03-03 08:54:18 INFO user login ok
2026-03-03 08:54:21 ERROR user login ok
2026-03-03 08:54:22 WARN background job finished
2026-03-03 08:54:25 INFO background job finished
2026-03-03 08:54:27 INFO cache hit
2026-03-03 08:54:30 INFO user logout
2026-03-03 08:54:34 INFO user login ok
2026-03-03 08:54:37 INFO background job finished
2026-03-03 08:54:39 INFO config reloaded
2026-03-03 08:54:42 INFO invalid token
2026-03-03 08:54:44 INFO config reloaded
2026-03-03 08:54:46 INFO connection reset by peer
2026-03-03 08:54:47 INFO user login ok
2026-03-03 08:54:49 INFO cache miss
2026-03-03 08:54:51 ERROR user login ok
2026-03-03 08:54:52 INFO user login ok
2026-03-03 08:54:54 INFO config reloaded
2026-03-03 08:54:55 WARN user login ok
2026-03-03 08:54:59 INFO config reloaded
2026-03-03 08:55:01 INFO invalid token
2026-03-03 08:55:02 INFO invalid token
2026-03-03 08:55:03 INFO disk usage high
2026-03-03 08:55:04 INFO user logout
2026-03-03 08:55:05 INFO config reloaded
### повреждённая строка ###
2026-03-03 08:55:10 INFO user login ok
2026-03-03 08:55:13 WARN user login ok
2026-03-03 08:55:17 INFO user login ok
2026-03-03 08:55:21 INFO user login ok
2026-03-03 08:55:22 INFO user login ok
2026-03-03 08:55:24 INFO user login ok
2026-03-03 08:55:27 INFO user login ok
2026-03-03 08:55:29 INFO user login ok
2026-03-03 08:55:31 INFO user login ok
2026-03-03 08:55:32 INFO user logout
2026-03-03 08:55:36 INFO user logout
2026-03-03 08:55:39 INFO config reloaded
2026-03-03 08:55:41 INFO cache hit
2026-03-03 08:55:43 INFO request handled
2026-03-03 08:55:47 WARN user login ok
2026-03-03 08:55:51 INFO user login ok
2026-03-03 08:55:55 INFO background job finished
2026-03-03 08:55:58 INFO slow query detected
2026-03-03 08:56:02 INFO config reloaded
2026-03-03 08:56:04 WARN user login ok
2026-03-03 08:56:07 INFO user login ok
2026-03-03 08:56:10 INFO invalid token
2026-03-03 08:56:12 INFO request handled
2026-03-03 08:56:15 INFO connection reset by peer
2026-03-03 08:56:18 INFO user login ok
2026-03-03 08:56:19 INFO user login ok
2026-03-03 08:56:20 WARN user login ok
2026-03-03 08:56:22 INFO disk usage high
2026-03-03 08:56:25 INFO user login ok
2026-03-03 08:56:29 INFO request handled
2026-03-03 08:56:32 INFO cache hit
2026-03-03 08:56:34 INFO user login ok
2026-03-03 08:56:36 WARN user login ok
2026-03-03 08:56:40 INFO request handled
2026-03-03 08:56:41 INFO user logout
2026-03-03 08:56:43 INFO database timeout
2026-03-03 08:56:47 INFO connection reset by peer
2026-03-03 08:56:51 INFO background job finished
2026-03-03 08:56:55 INFO user login ok
2026-03-03 08:56:59 INFO cache hit
2026-03-03 08:57:01 INFO request handled
2026-03-03 08:57:04 INFO invalid token
2026-03-03 08:57:07 INFO user logout
2026-03-03 08:57:10 INFO user login ok
2026-03-03 08:57:11 INFO user login ok
2026-03-03 08:57:15 ERROR cache miss
2026-03-03 08:57:16 INFO request handled
2026-03-03 08:57:20 ERROR cache hit
2026-03-03 08:57:21 INFO request handled
2026-03-03 08:57:22 INFO user logout
2026-03-03 08:57:25 INFO config reloaded
2026-03-03 08:57:29 INFO user login ok
2026-03-03 08:57:31 INFO config reloaded
2026-03-03 08:57:35 INFO user logout
2026-03-03 08:57:38 WARN invalid token
2026-03-03 08:57:40 INFO config reloaded
2026-03-03 08:57:42 INFO request handled
2026-03-03 08:57:44 INFO invalid token
2026-03-03 08:57:46 INFO cache hit
2026-03-03 08:57:49 WARN user login ok
2026-03-03 08:57:50 INFO database timeout
2026-03-03 08:57:52 WARN request handled
2026-03-03 08:57:56 INFO cache hit
2026-03-03 08:58:00 INFO disk usage high
2026-03-03 08:58:02 INFO cache miss
2026-03-03 08:58:04 WARN user login ok
2026-03-03 08:58:07 INFO connection reset by peer
2026-03-03 08:58:09 INFO user login ok
2026-03-03 08:58:12 INFO user login ok
2026-03-03 08:58:16 INFO user logout
### повреждённая строка ###
2026-03-03 08:58:22 INFO request handled
2026-03-03 08:58:23 INFO user login ok
2026-03-03 08:58:24 INFO user logout
2026-03-03 08:58:27 INFO user login ok
2026-03-03 08:58:31 INFO slow query detected
2026-03-03 08:58:34 INFO config reloaded
2026-03-03 08:58:38 ERROR database timeout
2026-03-03 08:58:39 INFO user login ok
2026-03-03 08:58:41 INFO invalid token
2026-03-03 08:58:45 WARN cache hit
2026-03-03 08:58:46 INFO request handled
2026-03-03 08:58:50 INFO user login ok
2026-03-03 08:58:54 INFO cache hit
2026-03-03 08:58:57 INFO user login ok
2026-03-03 08:59:01 WARN database timeout
2026-03-03 08:59:02 INFO cache hit
2026-03-03 08:59:06 INFO user logout
2026-03-03 08:59:08 INFO config reloaded
2026-03-03 08:59:09 INFO user logout
2026-03-03 08:59:12 INFO user login ok
2026-03-03 08:59:16 INFO user logout
2026-03-03 08:59:17 INFO user logout
2026-03-03 08:59:21 WARN connection reset by peer
2026-03-03 08:59:24 INFO user login ok
2026-03-03 08:59:25 INFO user logout
2026-03-03 08:59:26 INFO database timeout
2026-03-03 08:59:30 INFO user logout
2026-03-03 08:59:33 INFO user login ok
2026-03-03 08:59:36 INFO invalid token
2026-03-03 08:59:37 INFO database timeout
2026-03-03 08:59:38 ERROR disk usage high
2026-03-03 08:59:40 WARN config reloaded
2026-03-03 08:59:42 INFO user login ok
2026-03-03 08:59:44 INFO user login ok
2026-03-03 08:59:45 INFO disk usage high
2026-03-03 08:59:46 INFO user login ok
2026-03-03 08:59:50 WARN database timeout
2026-03-03 08:59:52 WARN background job finished
2026-03-03 08:59:56 INFO cache hit
2026-03-03 08:59:57 INFO disk usage high
2026-03-03 09:00:00 WARN user logout
2026-03-03 09:00:04 INFO disk usage high
2026-03-03 09:00:07 INFO config reloaded
2026-03-03 09:00:09 ERROR disk usage high
2026-03-03 09:00:13 INFO cache hit
2026-03-03 09:00:15 INFO user login ok
2026-03-03 09:00:16 WARN user login ok
2026-03-03 09:00:19 INFO slow query detected
2026-03-03 09:00:22 INFO user login ok
2026-03-03 09:00:26 INFO user login ok
2026-03-03 09:00:28 WARN user logout
2026-03-03 09:00:31 ERROR request handled
2026-03-03 09:00:33 INFO user login ok
2026-03-03 09:00:37 INFO user login ok
2026-03-03 09:00:38 INFO invalid token
2026-03-03 09:00:39 INFO cache hit
2026-03-03 09:00:42 INFO connection reset by peer
2026-03-03 09:00:43 INFO user login ok
2026-03-03 09:00:44 WARN database timeout
2026-03-03 09:00:47 INFO user login ok
2026-03-03 09:00:51 INFO user logout
2026-03-03 09:00:52 ERROR user login ok
2026-03-03 09:00:56 INFO invalid token
2026-03-03 09:00:58 WARN user login ok
2026-03-03 09:01:00 INFO cache miss
2026-03-03 09:01:02 INFO cache hit
2026-03-03 09:01:04 INFO disk usage high
2026-03-03 09:01:07 INFO user login ok
2026-03-03 09:01:10 WARN background job finished
2026-03-03 09:01:12 INFO user login ok
2026-03-03 09:01:15 INFO cache miss
2026-03-03 09:01:17 ERROR user logout
2026-03-03 09:01:19 INFO cache miss
2026-03-03 09:01:20 INFO connection reset by peer
2026-03-03 09:01:23 WARN disk usage high
2026-03-03 09:01:26 WARN database timeout
2026-03-03 09:01:28 INFO user logout
2026-03-03 09:01:32 WARN disk usage high
2026-03-03 09:01:36 INFO disk usage high
2026-03-03 09:01:37 INFO user login ok
2026-03-03 09:01:41 INFO user logout
2026-03-03 09:01:42 INFO cache miss
2026-03-03 09:01:45 WARN user login ok
2026-03-03 09:01:46 INFO request handled
2026-03-03 09:01:47 INFO cache hit
2026-03-03 09:01:49 INFO invalid token
2026-03-03 09:01:51 INFO request handled
2026-03-03 09:01:53 INFO disk usage high
2026-03-03 09:01:56 WARN background job finished
2026-03-03 09:01:58 ERROR cache hit
2026-03-03 09:01:59 INFO background job finished
2026-03-03 09:02:00 INFO background job finished
2026-03-03 09:02:03 INFO user logout
2026-03-03 09:02:04 INFO user login ok
2026-03-03 09:02:05 INFO user logout
2026-03-03 09:02:09 INFO connection reset by peer
2026-03-03 09:02:11 ERROR user login ok
2026-03-03 09:02:13 INFO user login ok
2026-03-03 09:02:15 INFO cache miss
2026-03-03 09:02:18 INFO user login ok
2026-03-03 09:02:21 INFO user logout
2026-03-03 09:02:24 ERROR user login ok
2026-03-03 09:02:27 WARN background job finished
2026-03-03 09:02:28 INFO user login ok
2026-03-03 09:02:30 INFO user login ok
2026-03-03 09:02:31 WARN cache miss
2026-03-03 09:02:35 INFO user login ok
2026-03-03 09:02:37 INFO connection reset by peer
2026-03-03 09:02:39 INFO cache hit
2026-03-03 09:02:42 INFO database timeout
2026-03-03 09:02:44 INFO request handled
2026-03-03 09:02:45 INFO cache hit
2026-03-03 09:02:46 WARN background job finished
2026-03-03 09:02:50 INFO disk usage high
2026-03-03 09:02:54 INFO connection reset by peer
2026-03-03 09:02:56 INFO user login ok
2026-03-03 09:03:00 INFO cache hit
2026-03-03 09:03:04 INFO invalid token
2026-03-03 09:03:05 ERROR user login ok
2026-03-03 09:03:08 INFO user logout
2026-03-03 09:03:12 INFO cache hit
2026-03-03 09:03:14 ERROR connection reset by peer
2026-03-03 09:03:16 INFO user login ok
2026-03-03 09:03:17 INFO invalid token
2026-03-03 09:03:19 INFO connection reset by peer
2026-03-03 09:03:22 INFO user login ok
2026-03-03 09:03:24 INFO user login ok
2026-03-03 09:03:25 INFO user login ok
2026-03-03 09:03:26 INFO user logout
2026-03-03 09:03:29 INFO request handled
2026-03-03 09:03:30 WARN cache hit
2026-03-03 09:03:33 INFO user login ok
2026-03-03 09:03:35 INFO user login ok
2026-03-03 09:03:36 INFO user logout
2026-03-03 09:03:38 INFO user login ok
2026-03-03 09:03:41 ERROR user login ok
2026-03-03 09:03:42 INFO invalid token
2026-03-03 09:03:44 INFO cache hit
2026-03-03 09:03:47 INFO request handled
2026-03-03 09:03:51 INFO user login ok
2026-03-03 09:03:53 INFO cache miss
2026-03-03 09:03:55 INFO request handled
2026-03-03 09:03:57 INFO connection reset by peer
2026-03-03 09:03:58 INFO database timeout
2026-03-03 09:04:02 INFO request handled
2026-03-03 09:04:04 ERROR connection reset by peer
2026-03-03 09:04:08 INFO user login ok
2026-03-03 09:04:10 INFO user login ok
2026-03-03 09:04:13 WARN user login ok
2026-03-03 09:04:15 INFO user logout
2026-03-03 09:04:16 INFO user login ok
2026-03-03 09:04:20 WARN cache miss
2026-03-03 09:04:24 ERROR cache miss
2026-03-03 09:04:25 INFO config reloaded
2026-03-03 09:04:27 INFO user logout
2026-03-03 09:04:28 INFO user logout
2026-03-03 09:04:32 WARN user login ok
2026-03-03 09:04:34 INFO user login ok
2026-03-03 09:04:35 WARN user login ok
2026-03-03 09:04:36 INFO slow query detected
2026-03-03 09:04:37 INFO user logout
2026-03-03 09:04:41 INFO user logout
2026-03-03 09:04:44 INFO background job finished
2026-03-03 09:04:47 WARN slow query detected
2026-03-03 09:04:50 ERROR user logout
2026-03-03 09:04:51 INFO user login ok
2026-03-03 09:04:52 INFO request handled
2026-03-03 09:04:55 INFO cache hit
2026-03-03 09:04:57 WARN background job finished
2026-03-03 09:04:58 INFO database timeout
2026-03-03 09:05:00 INFO request handled
2026-03-03 09:05:04 INFO user login ok
2026-03-03 09:05:06 INFO invalid token
2026-03-03 09:05:07 INFO user login ok
2026-03-03 09:05:10 INFO user logout
2026-03-03 09:05:13 INFO cache hit
2026-03-03 09:05:14 INFO connection reset by peer
2026-03-03 09:05:16 WARN cache miss
2026-03-03 09:05:17 WARN connection reset by peer
2026-03-03 09:05:20 INFO request handled
2026-03-03 09:05:22 WARN request handled
2026-03-03 09:05:23 ERROR user login ok
2026-03-03 09:05:25 INFO user logout
2026-03-03 09:05:29 INFO database timeout
2026-03-03 09:05:32 INFO connection reset by peer
2026-03-03 09:05:36 WARN user logout
2026-03-03 09:05:40 INFO user logout
2026-03-03 09:05:44 INFO user login ok
2026-03-03 09:05:46 WARN database timeout
2026-03-03 09:05:49 INFO user login ok
2026-03-03 09:05:50 INFO user login ok
2026-03-03 09:05:53 WARN invalid token
2026-03-03 09:05:54 INFO config reloaded
2026-03-03 09:05:56 INFO cache hit
2026-03-03 09:06:00 ERROR user login ok
2026-03-03 09:06:02 WARN user login ok
2026-03-03 09:06:05 INFO user login ok
2026-03-03 09:06:07 INFO database timeout
2026-03-03 09:06:09 INFO user login ok
2026-03-03 09:06:12 INFO disk usage high
2026-03-03 09:06:14 INFO user login ok
2026-03-03 09:06:16 INFO cache hit
2026-03-03 09:06:20 ERROR config reloaded
2026-03-03 09:06:23 WARN database timeout
2026-03-03 09:06:25 INFO user login ok
2026-03-03 09:06:26 INFO user login ok
2026-03-03 09:06:29 INFO connection reset by peer
2026-03-03 09:06:30 INFO config reloaded
2026-03-03 09:06:34 INFO config reloaded
2026-03-03 09:06:37 INFO cache miss
2026-03-03 09:06:41 INFO database timeout
2026-03-03 09:06:45 INFO background job finished
2026-03-03 09:06:47 INFO cache hit
2026-03-03 09:06:51 INFO slow query detected
2026-03-03 09:06:53 INFO connection reset by peer
2026-03-03 09:06:54 INFO request handled
2026-03-03 09:06:55 WARN user login ok
2026-03-03 09:06:57 INFO user login ok
2026-03-03 09:06:59 INFO connection reset by peer
2026-03-03 09:07:02 INFO user login ok
2026-03-03 09:07:04 WARN user logout
2026-03-03 09:07:07 INFO invalid token
2026-03-03 09:07:10 INFO invalid token
2026-03-03 09:07:12 INFO config reloaded
2026-03-03 09:07:16 INFO request handled
2026-03-03 09:07:17 INFO user login ok
2026-03-03 09:07:20 INFO slow query detected
2026-03-03 09:07:24 INFO user login ok
2026-03-03 09:07:27 INFO request handled
2026-03-03 09:07:31 WARN database timeout
2026-03-03 09:07:35 INFO invalid token
2026-03-03 09:07:39 WARN background job finished
2026-03-03 09:07:40 INFO user logout
2026-03-03 09:07:41 INFO slow query detected
2026-03-03 09:07:42 INFO config reloaded
2026-03-03 09:07:45 INFO database timeout
2026-03-03 09:07:46 INFO user login ok
2026-03-03 09:07:49 INFO cache miss
2026-03-03 09:07:52 INFO user logout
2026-03-03 09:07:55 INFO cache miss
2026-03-03 09:07:59 INFO background job finished
2026-03-03 09:08:03 INFO cache miss
2026-03-03 09:08:06 INFO disk usage high
2026-03-03 09:08:07 WARN cache miss
2026-03-03 09:08:08 INFO database timeout
2026-03-03 09:08:12 INFO cache hit
2026-03-03 09:08:14 INFO cache hit
2026-03-03 09:08:17 INFO cache hit
2026-03-03 09:08:18 INFO config reloaded
2026-03-03 09:08:21 INFO user login ok
2026-03-03 09:08:24 INFO user logout
2026-03-03 09:08:26 INFO user login ok
2026-03-03 09:08:30 INFO user logout
2026-03-03 09:08:32 INFO invalid token
2026-03-03 09:08:36 INFO cache hit
2026-03-03 09:08:39 INFO user login ok
2026-03-03 09:08:43 WARN user login ok
2026-03-03 09:08:45 WARN user login ok
2026-03-03 09:08:46 INFO user login ok
2026-03-03 09:08:50 INFO cache hit
2026-03-03 09:08:54 INFO user logout
2026-03-03 09:08:55 INFO user logout
2026-03-03 09:08:59 INFO background job finished
2026-03-03 09:09:00 INFO user login ok
2026-03-03 09:09:02 WARN cache miss
2026-03-03 09:09:06 INFO user logout
2026-03-03 09:09:08 INFO user login ok
2026-03-03 09:09:11 INFO user login ok
2026-03-03 09:09:12 INFO connection reset by peer
2026-03-03 09:09:15 INFO connection reset by peer
2026-03-03 09:09:18 INFO slow query detected
2026-03-03 09:09:21 INFO user login ok
2026-03-03 09:09:23 INFO user login ok
2026-03-03 09:09:27 INFO request handled
2026-03-03 09:09:31 INFO user login ok
2026-03-03 09:09:35 INFO database timeout
2026-03-03 09:09:38 WARN slow query detected
2026-03-03 09:09:39 WARN connection reset by peer
2026-03-03 09:09:43 INFO slow query detected
2026-03-03 09:09:46 INFO cache miss
2026-03-03 09:09:48 INFO cache hit
2026-03-03 09:09:51 INFO background job finished
2026-03-03 09:09:53 INFO invalid token
2026-03-03 09:09:55 INFO slow query detected
2026-03-03 09:09:57 INFO cache miss
2026-03-03 09:09:59 INFO request handled
2026-03-03 09:10:03 WARN user logout
2026-03-03 09:10:04 INFO background job finished
2026-03-03 09:10:08 INFO slow query detected
2026-03-03 09:10:10 INFO user login ok
2026-03-03 09:10:14 ERROR invalid token
2026-03-03 09:10:16 ERROR user login ok
2026-03-03 09:10:18 INFO user logout
2026-03-03 09:10:19 ERROR cache miss
2026-03-03 09:10:23 WARN slow query detected
2026-03-03 09:10:27 INFO disk usage high
2026-03-03 09:10:28 INFO user login ok
2026-03-03 09:10:29 INFO user login ok
2026-03-03 09:10:32 ERROR cache miss
2026-03-03 09:10:34 INFO cache hit
2026-03-03 09:10:35 ERROR user logout
2026-03-03 09:10:39 INFO database timeout
2026-03-03 09:10:41 INFO cache hit
2026-03-03 09:10:45 INFO user login ok
2026-03-03 09:10:46 WARN cache miss
2026-03-03 09:10:50 INFO config reloaded
2026-03-03 09:10:53 INFO cache hit
2026-03-03 09:10:55 INFO background job finished
2026-03-03 09:10:59 INFO request handled
2026-03-03 09:11:02 WARN database timeout
2026-03-03 09:11:04 INFO request handled
2026-03-03 09:11:07 INFO user logout
2026-03-03 09:11:08 INFO cache hit
2026-03-03 09:11:12 INFO connection reset by peer
2026-03-03 09:11:15 INFO user logout
2026-03-03 09:11:18 WARN database timeout
2026-03-03 09:11:22 INFO connection reset by peer
2026-03-03 09:11:26 INFO slow query detected
2026-03-03 09:11:29 INFO user logout
2026-03-03 09:11:32 INFO slow query detected
2026-03-03 09:11:35 INFO request handled
2026-03-03 09:11:36 INFO cache miss
2026-03-03 09:11:37 INFO user login ok
2026-03-03 09:11:39 INFO cache miss
2026-03-03 09:11:42 WARN cache hit
2026-03-03 09:11:45 INFO cache hit
2026-03-03 09:11:49 INFO request handled
2026-03-03 09:11:50 WARN invalid token
2026-03-03 09:11:53 INFO cache hit
2026-03-03 09:11:57 INFO cache miss
2026-03-03 09:11:59 INFO cache hit
2026-03-03 09:12:02 INFO user login ok
2026-03-03 09:12:03 INFO user login ok
2026-03-03 09:12:05 INFO user login ok
2026-03-03 09:12:08 INFO cache miss
2026-03-03 09:12:10 INFO database timeout
2026-03-03 09:12:12 INFO user login ok
2026-03-03 09:12:15 WARN user login ok
2026-03-03 09:12:18 INFO user login ok
2026-03-03 09:12:19 INFO slow query detected
2026-03-03 09:12:20 INFO user login ok
2026-03-03 09:12:23 INFO user login ok
2026-03-03 09:12:25 INFO connection reset by peer
2026-03-03 09:12:28 INFO user login ok
2026-03-03 09:12:29 INFO disk usage high
2026-03-03 09:12:32 INFO user login ok
2026-03-03 09:12:36 INFO user logout
2026-03-03 09:12:37 WARN cache hit
2026-03-03 09:12:39 WARN user login ok
2026-03-03 09:12:42 INFO database timeout
2026-03-03 09:12:46 INFO user logout
2026-03-03 09:12:47 WARN user logout
2026-03-03 09:12:51 INFO user login ok
2026-03-03 09:12:55 INFO user login ok
2026-03-03 09:12:56 INFO disk usage high
2026-03-03 09:13:00 INFO cache miss
2026-03-03 09:13:04 WARN background job finished
2026-03-03 09:13:06 WARN user login ok
2026-03-03 09:13:07 INFO user login ok
2026-03-03 09:13:11 INFO slow query detected
2026-03-03 09:13:15 INFO user login ok
2026-03-03 09:13:18 INFO user logout
2026-03-03 09:13:22 ERROR user login ok
2026-03-03 09:13:23 INFO slow query detected
2026-03-03 09:13:24 INFO cache miss
2026-03-03 09:13:28 INFO cache miss
2026-03-03 09:13:30 INFO user login ok
2026-03-03 09:13:31 INFO user login ok
2026-03-03 09:13:33 INFO config reloaded
2026-03-03 09:13:34 INFO slow query detected
2026-03-03 09:13:36 INFO slow query detected
2026-03-03 09:13:38 INFO background job finished
2026-03-03 09:13:42 INFO cache hit
2026-03-03 09:13:45 ERROR user login ok
2026-03-03 09:13:48 INFO connection reset by peer
2026-03-03 09:13:51 INFO database timeout
2026-03-03 09:13:53 WARN user login ok
2026-03-03 09:13:56 INFO user login ok
2026-03-03 09:13:57 WARN request handled
2026-03-03 09:13:58 INFO user login ok
2026-03-03 09:14:00 INFO user login ok
2026-03-03 09:14:01 INFO user login ok
2026-03-03 09:14:05 INFO disk usage high
2026-03-03 09:14:06 INFO invalid token
2026-03-03 09:14:10 INFO cache miss
2026-03-03 09:14:11 INFO user login ok
2026-03-03 09:14:12 INFO cache hit
### повреждённая строка ###
2026-03-03 09:14:17 ERROR user login ok
2026-03-03 09:14:21 WARN cache hit
2026-03-03 09:14:24 INFO user login ok
2026-03-03 09:14:28 INFO request handled
2026-03-03 09:14:32 INFO database timeout
2026-03-03 09:14:33 INFO disk usage high
2026-03-03 09:14:37 INFO cache miss
2026-03-03 09:14:39 INFO user login ok
2026-03-03 09:14:43 ERROR request handled
2026-03-03 09:14:44 INFO config reloaded
2026-03-03 09:14:48 INFO cache hit
2026-03-03 09:14:49 WARN cache hit
2026-03-03 09:14:52 INFO user login ok
2026-03-03 09:14:56 INFO config reloaded
2026-03-03 09:14:59 INFO background job finished
2026-03-03 09:15:03 WARN user logout
2026-03-03 09:15:04 INFO slow query detected
2026-03-03 09:15:06 INFO disk usage high
2026-03-03 09:15:07 ERROR user login ok
2026-03-03 09:15:09 INFO database timeout
2026-03-03 09:15:12 INFO invalid token
2026-03-03 09:15:15 INFO user logout
2026-03-03 09:15:18 INFO cache miss
2026-03-03 09:15:20 INFO background job finished
2026-03-03 09:15:24 WARN config reloaded
2026-03-03 09:15:28 INFO slow query detected
2026-03-03 09:15:32 INFO background job finished
2026-03-03 09:15:36 WARN request handled
2026-03-03 09:15:40 INFO request handled
2026-03-03 09:15:43 ERROR cache miss
2026-03-03 09:15:44 INFO config reloaded
2026-03-03 09:15:46 WARN cache miss
2026-03-03 09:15:49 WARN user login ok
2026-03-03 09:15:52 WARN database timeout
2026-03-03 09:15:56 INFO background job finished
2026-03-03 09:16:00 INFO background job finished
2026-03-03 09:16:04 INFO background job finished
2026-03-03 09:16:07 INFO user login ok
2026-03-03 09:16:10 INFO user login ok
2026-03-03 09:16:11 INFO config reloaded
2026-03-03 09:16:14 INFO user login ok
2026-03-03 09:16:16 INFO user logout
2026-03-03 09:16:17 INFO disk usage high
2026-03-03 09:16:19 WARN cache miss
2026-03-03 09:16:22 ERROR user logout
2026-03-03 09:16:26 INFO cache miss
2026-03-03 09:16:30 INFO user logout
2026-03-03 09:16:33 INFO background job finished
2026-03-03 09:16:37 WARN user login ok
2026-03-03 09:16:39 INFO cache hit
2026-03-03 09:16:41 INFO invalid token
2026-03-03 09:16:42 INFO config reloaded
2026-03-03 09:16:45 WARN user login ok
2026-03-03 09:16:49 WARN slow query detected
2026-03-03 09:16:52 INFO background job finished
2026-03-03 09:16:53 INFO config reloaded
2026-03-03 09:16:56 INFO user login ok
2026-03-03 09:17:00 WARN database timeout
2026-03-03 09:17:04 INFO user login ok
2026-03-03 09:17:06 INFO user login ok
2026-03-03 09:17:08 INFO background job finished
2026-03-03 09:17:10 WARN user login ok
2026-03-03 09:17:12 INFO user login ok
2026-03-03 09:17:14 INFO config reloaded
2026-03-03 09:17:18 INFO cache hit
2026-03-03 09:17:21 INFO user logout
2026-03-03 09:17:25 WARN request handled
2026-03-03 09:17:29 INFO disk usage high
2026-03-03 09:17:32 INFO connection reset by peer
2026-03-03 09:17:33 INFO user login ok
2026-03-03 09:17:36 INFO slow query detected
2026-03-03 09:17:38 WARN database timeout
2026-03-03 09:17:39 INFO config reloaded
2026-03-03 09:17:43 INFO user login ok
2026-03-03 09:17:45 INFO cache miss
2026-03-03 09:17:47 INFO disk usage high
2026-03-03 09:17:48 INFO background job finished
2026-03-03 09:17:52 INFO connection reset by peer
2026-03-03 09:17:54 INFO slow query detected
2026-03-03 09:17:56 INFO user logout
2026-03-03 09:17:57 INFO user login ok
2026-03-03 09:17:58 INFO cache hit
2026-03-03 09:18:01 INFO user logout
2026-03-03 09:18:03 INFO config reloaded
2026-03-03 09:18:06 WARN request handled
2026-03-03 09:18:09 INFO request handled
2026-03-03 09:18:10 WARN user login ok
2026-03-03 09:18:12 ERROR user login ok
2026-03-03 09:18:16 INFO user logout
2026-03-03 09:18:19 INFO user login ok
2026-03-03 09:18:21 INFO user login ok
2026-03-03 09:18:24 INFO user logout
2026-03-03 09:18:27 WARN cache hit
2026-03-03 09:18:30 INFO user login ok
2026-03-03 09:18:33 INFO invalid token
2026-03-03 09:18:37 WARN slow query detected
2026-03-03 09:18:41 INFO slow query detected
2026-03-03 09:18:44 WARN request handled
2026-03-03 09:18:45 INFO user logout
### повреждённая строка ###
2026-03-03 09:18:49 INFO slow query detected
2026-03-03 09:18:51 INFO disk usage high
2026-03-03 09:18:54 WARN cache hit
2026-03-03 09:18:55 INFO user logout
2026-03-03 09:18:56 WARN cache miss
2026-03-03 09:19:00 ERROR invalid token
2026-03-03 09:19:04 WARN user login ok
2026-03-03 09:19:05 INFO user login ok
2026-03-03 09:19:06 INFO invalid token
2026-03-03 09:19:07 INFO request handled
2026-03-03 09:19:09 INFO config reloaded
2026-03-03 09:19:10 INFO background job finished
2026-03-03 09:19:11 ERROR user logout
2026-03-03 09:19:14 ERROR user login ok
2026-03-03 09:19:15 INFO user login ok
2026-03-03 09:19:16 WARN user login ok
2026-03-03 09:19:20 INFO disk usage high
2026-03-03 09:19:23 INFO user login ok
2026-03-03 09:19:27 ERROR config reloaded
2026-03-03 09:19:29 INFO cache hit
2026-03-03 09:19:33 INFO user logout
2026-03-03 09:19:37 WARN background job finished
2026-03-03 09:19:39 INFO disk usage high
2026-03-03 09:19:42 INFO user logout
2026-03-03 09:19:44 WARN disk usage high
2026-03-03 09:19:47 INFO connection reset by peer
2026-03-03 09:19:49 WARN database timeout
2026-03-03 09:19:53 INFO user login ok
2026-03-03 09:19:55 INFO cache hit
2026-03-03 09:19:59 INFO slow query detected
2026-03-03 09:20:03 INFO user login ok
2026-03-03 09:20:06 INFO user login ok
2026-03-03 09:20:07 WARN cache hit
2026-03-03 09:20:10 INFO config reloaded
2026-03-03 09:20:11 INFO user login ok
2026-03-03 09:20:13 INFO disk usage high
2026-03-03 09:20:14 INFO connection reset by peer
2026-03-03 09:20:15 INFO config reloaded
2026-03-03 09:20:17 WARN user login ok
2026-03-03 09:20:20 INFO cache hit
2026-03-03 09:20:22 INFO background job finished
2026-03-03 09:20:26 INFO user login ok
2026-03-03 09:20:29 INFO invalid token
2026-03-03 09:20:30 INFO disk usage high
2026-03-03 09:20:33 INFO user login ok
2026-03-03 09:20:34 INFO cache miss
2026-03-03 09:20:37 INFO user login ok
2026-03-03 09:20:41 INFO slow query detected
2026-03-03 09:20:44 INFO request handled
2026-03-03 09:20:46 INFO disk usage high
2026-03-03 09:20:50 INFO user login ok
2026-03-03 09:20:53 INFO cache miss
2026-03-03 09:20:56 INFO user login ok
2026-03-03 09:20:57 INFO user login ok
2026-03-03 09:21:00 INFO user logout
2026-03-03 09:21:04 INFO database timeout
2026-03-03 09:21:07 INFO connection reset by peer
2026-03-03 09:21:09 INFO connection reset by peer
2026-03-03 09:21:10 INFO user login ok
2026-03-03 09:21:13 INFO user logout
2026-03-03 09:21:15 INFO user logout
2026-03-03 09:21:16 WARN disk usage high
2026-03-03 09:21:17 INFO disk usage high
2026-03-03 09:21:19 INFO database timeout
2026-03-03 09:21:20 INFO request handled
2026-03-03 09:21:24 INFO user logout
2026-03-03 09:21:25 WARN invalid token
2026-03-03 09:21:26 INFO user login ok
2026-03-03 09:21:29 INFO cache hit
2026-03-03 09:21:33 INFO slow query detected
2026-03-03 09:21:36 INFO user login ok
2026-03-03 09:21:39 INFO connection reset by peer
2026-03-03 09:21:41 INFO user login ok
2026-03-03 09:21:43 INFO user logout
2026-03-03 09:21:47 INFO cache miss
2026-03-03 09:21:49 ERROR user login ok
2026-03-03 09:21:50 WARN user login ok
2026-03-03 09:21:51 INFO user logout
2026-03-03 09:21:54 INFO cache miss
2026-03-03 09:21:57 INFO user logout
2026-03-03 09:22:00 INFO database timeout
2026-03-03 09:22:02 INFO user login ok
2026-03-03 09:22:03 INFO request handled
2026-03-03 09:22:06 INFO user login ok
2026-03-03 09:22:10 INFO disk usage high
2026-03-03 09:22:13 INFO cache hit
2026-03-03 09:22:14 INFO cache hit
2026-03-03 09:22:17 INFO background job finished
2026-03-03 09:22:21 INFO cache hit
2026-03-03 09:22:25 WARN connection reset by peer
2026-03-03 09:22:26 INFO user login ok
2026-03-03 09:22:29 ERROR database timeout
2026-03-03 09:22:33 INFO user logout
2026-03-03 09:22:37 INFO user logout
2026-03-03 09:22:38 WARN user login ok
2026-03-03 09:22:39 INFO database timeout
2026-03-03 09:22:42 INFO cache hit
2026-03-03 09:22:45 WARN invalid token
2026-03-03 09:22:46 INFO user login ok
2026-03-03 09:22:47 INFO database timeout
2026-03-03 09:22:51 INFO user login ok
2026-03-03 09:22:53 WARN user login ok
2026-03-03 09:22:57 INFO cache hit
2026-03-03 09:23:00 INFO background job finished
2026-03-03 09:23:01 INFO cache miss
2026-03-03 09:23:05 INFO cache miss
2026-03-03 09:23:08 INFO request handled
2026-03-03 09:23:11 INFO user login ok
2026-03-03 09:23:15 INFO request handled
2026-03-03 09:23:18 WARN cache hit
2026-03-03 09:23:20 WARN user login ok
2026-03-03 09:23:21 INFO cache miss
2026-03-03 09:23:23 INFO disk usage high
2026-03-03 09:23:27 INFO cache miss
2026-03-03 09:23:30 INFO user login ok
2026-03-03 09:23:34 INFO request handled
2026-03-03 09:23:38 INFO slow query detected
2026-03-03 09:23:40 INFO user logout
2026-03-03 09:23:42 INFO user login ok
2026-03-03 09:23:46 INFO user logout
2026-03-03 09:23:47 INFO user logout
2026-03-03 09:23:51 ERROR config reloaded
2026-03-03 09:23:53 INFO user login ok
2026-03-03 09:23:54 INFO cache hit
2026-03-03 09:23:55 INFO cache hit
2026-03-03 09:23:58 WARN invalid token
2026-03-03 09:23:59 INFO request handled
2026-03-03 09:24:02 INFO database timeout
2026-03-03 09:24:06 INFO user logout
2026-03-03 09:24:07 INFO slow query detected
2026-03-03 09:24:10 INFO database timeout
2026-03-03 09:24:14 INFO cache miss
2026-03-03 09:24:17 INFO database timeout
2026-03-03 09:24:21 WARN user login ok
2026-03-03 09:24:23 INFO slow query detected
2026-03-03 09:24:27 INFO disk usage high
2026-03-03 09:24:31 INFO user login ok
2026-03-03 09:24:34 INFO cache hit
2026-03-03 09:24:38 INFO user login ok
2026-03-03 09:24:42 WARN disk usage high
2026-03-03 09:24:43 INFO database timeout
2026-03-03 09:24:45 INFO cache miss
2026-03-03 09:24:47 INFO cache miss
2026-03-03 09:24:50 INFO user login ok
2026-03-03 09:24:52 INFO cache miss
2026-03-03 09:24:53 INFO user login ok
2026-03-03 09:24:54 INFO database timeout
2026-03-03 09:24:58 INFO user login ok
2026-03-03 09:25:01 INFO request handled
2026-03-03 09:25:04 INFO user login ok
2026-03-03 09:25:06 INFO user logout
2026-03-03 09:25:07 INFO user login ok
2026-03-03 09:25:10 WARN slow query detected
2026-03-03 09:25:13 INFO user login ok
2026-03-03 09:25:14 INFO background job finished
2026-03-03 09:25:15 INFO connection reset by peer
2026-03-03 09:25:17 INFO user login ok
2026-03-03 09:25:20 INFO config reloaded
2026-03-03 09:25:21 INFO user login ok
2026-03-03 09:25:22 INFO request handled
2026-03-03 09:25:23 INFO disk usage high
2026-03-03 09:25:27 INFO background job finished
2026-03-03 09:25:29 INFO connection reset by peer
2026-03-03 09:25:33 INFO cache hit
2026-03-03 09:25:35 INFO user logout
2026-03-03 09:25:36 INFO config reloaded
2026-03-03 09:25:38 INFO user logout
2026-03-03 09:25:42 WARN user login ok
2026-03-03 09:25:46 INFO user logout
2026-03-03 09:25:49 INFO request handled
2026-03-03 09:25:53 INFO user login ok
2026-03-03 09:25:56 INFO background job finished
2026-03-03 09:25:57 INFO disk usage high
2026-03-03 09:26:01 INFO connection reset by peer
2026-03-03 09:26:03 INFO user login ok
2026-03-03 09:26:04 INFO user logout
2026-03-03 09:26:05 WARN user login ok
2026-03-03 09:26:08 INFO connection reset by peer
2026-03-03 09:26:10 INFO user login ok
2026-03-03 09:26:11 INFO background job finished
2026-03-03 09:26:13 INFO cache miss
2026-03-03 09:26:17 INFO invalid token
2026-03-03 09:26:20 WARN user login ok
2026-03-03 09:26:23 INFO disk usage high
2026-03-03 09:26:27 INFO request handled
2026-03-03 09:26:28 WARN database timeout
2026-03-03 09:26:29 INFO user login ok
2026-03-03 09:26:31 INFO user login ok
2026-03-03 09:26:35 WARN cache hit
2026-03-03 09:26:38 INFO invalid token
### повреждённая строка ###
2026-03-03 09:26:44 INFO user login ok
2026-03-03 09:26:45 INFO cache hit
2026-03-03 09:26:49 INFO user logout
2026-03-03 09:26:53 INFO user logout
2026-03-03 09:26:55 INFO invalid token
### повреждённая строка ###
2026-03-03 09:27:02 WARN user login ok
2026-03-03 09:27:03 INFO connection reset by peer
2026-03-03 09:27:07 INFO request handled
2026-03-03 09:27:09 WARN invalid token
2026-03-03 09:27:10 WARN user logout
2026-03-03 09:27:12 WARN user logout
2026-03-03 09:27:16 INFO request handled
2026-03-03 09:27:18 INFO user login ok
2026-03-03 09:27:19 INFO config reloaded
2026-03-03 09:27:20 INFO cache miss
2026-03-03 09:27:24 INFO database timeout
2026-03-03 09:27:27 WARN slow query detected
2026-03-03 09:27:30 INFO invalid token
2026-03-03 09:27:33 INFO connection reset by peer
2026-03-03 09:27:36 INFO cache hit
2026-03-03 09:27:38 INFO user login ok
2026-03-03 09:27:41 INFO cache hit
2026-03-03 09:27:45 INFO user login ok
2026-03-03 09:27:48 INFO user logout
2026-03-03 09:27:52 INFO disk usage high
2026-03-03 09:27:56 WARN invalid token
2026-03-03 09:28:00 INFO config reloaded
2026-03-03 09:28:01 INFO user logout
2026-03-03 09:28:03 INFO user logout
2026-03-03 09:28:07 INFO user logout
2026-03-03 09:28:08 WARN user login ok
2026-03-03 09:28:12 ERROR connection reset by peer
2026-03-03 09:28:13 ERROR disk usage high
2026-03-03 09:28:16 INFO database timeout
2026-03-03 09:28:18 INFO cache hit
2026-03-03 09:28:21 INFO user login ok
2026-03-03 09:28:24 INFO user logout
2026-03-03 09:28:25 INFO cache miss
2026-03-03 09:28:29 WARN slow query detected
2026-03-03 09:28:33 WARN user login ok
2026-03-03 09:28:36 INFO cache miss
2026-03-03 09:28:38 WARN user logout
2026-03-03 09:28:42 INFO user login ok
2026-03-03 09:28:46 INFO user logout
2026-03-03 09:28:49 INFO user logout
2026-03-03 09:28:52 WARN connection reset by peer
2026-03-03 09:28:53 INFO request handled
2026-03-03 09:28:55 INFO invalid token
2026-03-03 09:28:57 INFO invalid token
2026-03-03 09:28:58 INFO user login ok
2026-03-03 09:29:01 ERROR invalid token
2026-03-03 09:29:03 WARN cache miss
2026-03-03 09:29:04 INFO config reloaded
2026-03-03 09:29:06 INFO user logout
2026-03-03 09:29:08 ERROR cache hit
2026-03-03 09:29:12 WARN request handled
2026-03-03 09:29:13 WARN cache miss
2026-03-03 09:29:17 INFO user logout
2026-03-03 09:29:18 INFO user login ok
2026-03-03 09:29:21 WARN cache miss
2026-03-03 09:29:24 WARN user login ok
2026-03-03 09:29:27 INFO cache hit
2026-03-03 09:29:31 INFO user login ok
2026-03-03 09:29:32 INFO user login ok
2026-03-03 09:29:35 WARN disk usage high
2026-03-03 09:29:37 INFO user login ok
2026-03-03 09:29:38 INFO config reloaded
2026-03-03 09:29:42 INFO user logout
2026-03-03 09:29:43 INFO user logout
2026-03-03 09:29:46 INFO request handled
2026-03-03 09:29:48 INFO user login ok
2026-03-03 09:29:50 INFO config reloaded
2026-03-03 09:29:51 WARN user login ok
2026-03-03 09:29:52 WARN user login ok
2026-03-03 09:29:56 INFO user login ok
2026-03-03 09:29:59 INFO cache hit
2026-03-03 09:30:00 INFO slow query detected
2026-03-03 09:30:04 WARN user login ok
2026-03-03 09:30:08 WARN config reloaded
2026-03-03 09:30:11 INFO config reloaded
2026-03-03 09:30:15 INFO database timeout
2026-03-03 09:30:16 INFO user login ok
2026-03-03 09:30:17 INFO cache hit
2026-03-03 09:30:19 INFO user login ok
2026-03-03 09:30:20 INFO cache hit
2026-03-03 09:30:24 INFO disk usage high
2026-03-03 09:30:27 INFO user login ok
2026-03-03 09:30:31 WARN request handled
2026-03-03 09:30:32 INFO user login ok
2026-03-03 09:30:34 INFO invalid token
2026-03-03 09:30:38 ERROR disk usage high
2026-03-03 09:30:41 INFO slow query detected
2026-03-03 09:30:43 INFO cache miss
2026-03-03 09:30:45 WARN cache miss
2026-03-03 09:30:46 INFO cache hit
2026-03-03 09:30:48 INFO user login ok
2026-03-03 09:30:49 ERROR cache miss
2026-03-03 09:30:50 INFO user login ok
2026-03-03 09:30:52 INFO user login ok
2026-03-03 09:30:56 INFO user login ok
2026-03-03 09:30:57 INFO user login ok
2026-03-03 09:30:58 INFO request handled
2026-03-03 09:30:59 INFO background job finished
2026-03-03 09:31:01 INFO disk usage high
2026-03-03 09:31:03 WARN cache hit
2026-03-03 09:31:04 INFO slow query detected
2026-03-03 09:31:07 INFO cache hit
### повреждённая строка ###
2026-03-03 09:31:10 INFO user logout
2026-03-03 09:31:13 INFO user logout
2026-03-03 09:31:17 INFO config reloaded
2026-03-03 09:31:18 INFO user logout
2026-03-03 09:31:20 INFO user logout
2026-03-03 09:31:22 INFO invalid token
2026-03-03 09:31:23 INFO cache hit
2026-03-03 09:31:25 INFO config reloaded
2026-03-03 09:31:27 INFO background job finished
2026-03-03 09:31:30 WARN request handled
2026-03-03 09:31:31 INFO user logout
2026-03-03 09:31:35 INFO request handled
2026-03-03 09:31:38 INFO cache hit
2026-03-03 09:31:40 INFO cache miss
2026-03-03 09:31:43 INFO user logout
2026-03-03 09:31:46 INFO cache miss
2026-03-03 09:31:49 INFO user logout
2026-03-03 09:31:53 INFO user login ok
2026-03-03 09:31:54 WARN database timeout
2026-03-03 09:31:55 INFO user login ok
2026-03-03 09:31:57 INFO config reloaded
2026-03-03 09:31:58 ERROR connection reset by peer
2026-03-03 09:32:02 INFO connection reset by peer
2026-03-03 09:32:05 INFO user login ok
2026-03-03 09:32:06 INFO config reloaded
2026-03-03 09:32:09 INFO cache hit
2026-03-03 09:32:11 INFO connection reset by peer
2026-03-03 09:32:14 INFO background job finished
2026-03-03 09:32:17 WARN cache hit
2026-03-03 09:32:19 INFO user logout
2026-03-03 09:32:23 INFO slow query detected
2026-03-03 09:32:26 WARN disk usage high
2026-03-03 09:32:29 INFO config reloaded
2026-03-03 09:32:32 INFO user login ok
2026-03-03 09:32:33 INFO slow query detected
2026-03-03 09:32:37 INFO cache miss
2026-03-03 09:32:39 INFO slow query detected
2026-03-03 09:32:43 INFO cache miss
2026-03-03 09:32:45 INFO user logout
2026-03-03 09:32:47 WARN user login ok
2026-03-03 09:32:49 INFO cache hit
2026-03-03 09:32:53 INFO cache miss
2026-03-03 09:32:54 INFO connection reset by peer
2026-03-03 09:32:56 INFO user login ok
2026-03-03 09:32:59 INFO request handled
2026-03-03 09:33:00 INFO cache miss
2026-03-03 09:33:02 INFO user login ok
2026-03-03 09:33:05 INFO invalid token
2026-03-03 09:33:08 INFO user logout
2026-03-03 09:33:10 WARN user logout
2026-03-03 09:33:13 WARN cache hit
2026-03-03 09:33:17 INFO user login ok
2026-03-03 09:33:21 INFO user login ok
2026-03-03 09:33:25 INFO user login ok
2026-03-03 09:33:27 INFO request handled
2026-03-03 09:33:31 INFO user login ok
2026-03-03 09:33:32 INFO invalid token
2026-03-03 09:33:34 INFO user logout
2026-03-03 09:33:35 WARN slow query detected
2026-03-03 09:33:39 INFO user login ok
2026-03-03 09:33:42 WARN database timeout
2026-03-03 09:33:45 INFO request handled
2026-03-03 09:33:48 INFO user login ok
2026-03-03 09:33:51 INFO cache miss
2026-03-03 09:33:54 INFO invalid token
2026-03-03 09:33:56 WARN connection reset by peer
2026-03-03 09:33:59 ERROR cache hit
2026-03-03 09:34:03 WARN database timeout
2026-03-03 09:34:06 INFO connection reset by peer
2026-03-03 09:34:09 INFO cache hit
2026-03-03 09:34:13 INFO connection reset by peer
2026-03-03 09:34:16 INFO background job finished
2026-03-03 09:34:18 INFO user login ok
2026-03-03 09:34:20 WARN disk usage high
2026-03-03 09:34:23 WARN user login ok
2026-03-03 09:34:24 INFO cache hit
2026-03-03 09:34:25 INFO database timeout
2026-03-03 09:34:28 INFO user login ok
2026-03-03 09:34:30 INFO invalid token
2026-03-03 09:34:31 INFO slow query detected
2026-03-03 09:34:35 INFO user login ok
2026-03-03 09:34:39 INFO slow query detected
2026-03-03 09:34:42 INFO cache hit
2026-03-03 09:34:46 INFO request handled
2026-03-03 09:34:48 INFO cache miss
2026-03-03 09:34:51 INFO connection reset by peer
2026-03-03 09:34:53 INFO user login ok
2026-03-03 09:34:57 ERROR user login ok
2026-03-03 09:35:00 INFO cache miss
2026-03-03 09:35:04 INFO user logout
2026-03-03 09:35:07 INFO slow query detected
2026-03-03 09:35:11 INFO user logout
2026-03-03 09:35:14 INFO user logout
2026-03-03 09:35:17 INFO cache hit
2026-03-03 09:35:20 INFO user login ok
2026-03-03 09:35:23 INFO cache miss
2026-03-03 09:35:25 INFO user logout
2026-03-03 09:35:28 WARN user login ok
2026-03-03 09:35:32 INFO cache hit
2026-03-03 09:35:35 INFO cache hit
2026-03-03 09:35:38 INFO cache miss
### повреждённая строка ###
2026-03-03 09:35:42 INFO request handled
2026-03-03 09:35:44 WARN invalid token
2026-03-03 09:35:47 INFO cache hit
2026-03-03 09:35:49 INFO database timeout
2026-03-03 09:35:51 INFO cache hit
2026-03-03 09:35:54 WARN config reloaded
2026-03-03 09:35:58 ERROR user login ok
2026-03-03 09:36:02 WARN user logout
2026-03-03 09:36:06 WARN user logout
2026-03-03 09:36:08 INFO user login ok
2026-03-03 09:36:10 INFO user logout
2026-03-03 09:36:11 INFO user login ok
2026-03-03 09:36:14 INFO connection reset by peer
2026-03-03 09:36:15 INFO user login ok
2026-03-03 09:36:19 INFO user logout
2026-03-03 09:36:21 INFO database timeout
2026-03-03 09:36:22 WARN user login ok
2026-03-03 09:36:24 INFO slow query detected
2026-03-03 09:36:27 WARN database timeout
2026-03-03 09:36:29 INFO user logout
2026-03-03 09:36:33 ERROR connection reset by peer
2026-03-03 09:36:37 WARN user logout
2026-03-03 09:36:39 INFO disk usage high
2026-03-03 09:36:41 INFO user login ok
2026-03-03 09:36:43 WARN database timeout
2026-03-03 09:36:45 INFO request handled
2026-03-03 09:36:49 INFO user logout
2026-03-03 09:36:52 ERROR user login ok
2026-03-03 09:36:55 INFO user login ok
2026-03-03 09:36:56 INFO cache hit
2026-03-03 09:36:58 ERROR connection reset by peer
2026-03-03 09:37:01 INFO user logout
2026-03-03 09:37:03 INFO user login ok
2026-03-03 09:37:05 INFO cache miss
2026-03-03 09:37:09 INFO user login ok
2026-03-03 09:37:10 INFO config reloaded
2026-03-03 09:37:14 WARN user login ok
2026-03-03 09:37:16 WARN user logout
2026-03-03 09:37:17 ERROR background job finished
2026-03-03 09:37:21 INFO disk usage high
2026-03-03 09:37:22 INFO cache miss
2026-03-03 09:37:23 INFO user login ok
2026-03-03 09:37:24 WARN user login ok
2026-03-03 09:37:28 WARN invalid token
2026-03-03 09:37:31 ERROR background job finished
2026-03-03 09:37:35 WARN user login ok
2026-03-03 09:37:39 INFO user logout
2026-03-03 09:37:43 INFO database timeout
2026-03-03 09:37:45 INFO request handled
2026-03-03 09:37:49 INFO background job finished
2026-03-03 09:37:52 INFO user login ok
2026-03-03 09:37:55 INFO cache hit
2026-03-03 09:37:56 INFO user login ok
2026-03-03 09:38:00 INFO invalid token
2026-03-03 09:38:02 WARN slow query detected
2026-03-03 09:38:05 WARN user login ok
2026-03-03 09:38:06 INFO user login ok
2026-03-03 09:38:10 INFO user login ok
2026-03-03 09:38:12 INFO cache miss
2026-03-03 09:38:16 INFO disk usage high
2026-03-03 09:38:17 INFO user logout
2026-03-03 09:38:19 INFO cache hit
2026-03-03 09:38:22 INFO user login ok
2026-03-03 09:38:26 INFO disk usage high
2026-03-03 09:38:28 INFO cache hit
2026-03-03 09:38:31 INFO user login ok
2026-03-03 09:38:35 INFO connection reset by peer
2026-03-03 09:38:37 WARN cache hit
2026-03-03 09:38:38 INFO user login ok
2026-03-03 09:38:41 INFO user logout
2026-03-03 09:38:42 INFO background job finished
2026-03-03 09:38:46 INFO cache hit
2026-03-03 09:38:50 WARN disk usage high
2026-03-03 09:38:53 INFO user logout
2026-03-03 09:38:57 INFO user logout
2026-03-03 09:39:00 INFO user login ok
2026-03-03 09:39:02 WARN disk usage high
2026-03-03 09:39:06 ERROR user logout
2026-03-03 09:39:07 WARN database timeout
2026-03-03 09:39:08 INFO cache miss
2026-03-03 09:39:10 INFO cache hit
2026-03-03 09:39:13 INFO connection reset by peer
2026-03-03 09:39:14 INFO user login ok
2026-03-03 09:39:17 INFO request handled
2026-03-03 09:39:18 INFO background job finished
2026-03-03 09:39:19 INFO request handled
2026-03-03 09:39:21 INFO user login ok
2026-03-03 09:39:25 WARN cache hit
2026-03-03 09:39:29 INFO database timeout
2026-03-03 09:39:32 INFO user logout
2026-03-03 09:39:36 INFO config reloaded
2026-03-03 09:39:37 INFO config reloaded
2026-03-03 09:39:40 WARN connection reset by peer
2026-03-03 09:39:41 INFO connection reset by peer
2026-03-03 09:39:45 INFO user login ok
2026-03-03 09:39:49 INFO user login ok
2026-03-03 09:39:53 WARN connection reset by peer
2026-03-03 09:39:57 INFO request handled
2026-03-03 09:39:58 WARN user logout
2026-03-03 09:40:01 INFO user login ok
2026-03-03 09:40:04 INFO user login ok
2026-03-03 09:40:08 INFO user logout
2026-03-03 09:40:11 INFO background job finished
2026-03-03 09:40:15 INFO invalid token
2026-03-03 09:40:18 INFO cache hit
2026-03-03 09:40:21 WARN user logout
2026-03-03 09:40:23 INFO user login ok
2026-03-03 09:40:24 INFO user login ok
2026-03-03 09:40:26 INFO disk usage high
2026-03-03 09:40:30 ERROR invalid token
2026-03-03 09:40:33 INFO background job finished
2026-03-03 09:40:34 INFO user login ok
2026-03-03 09:40:37 INFO request handled
2026-03-03 09:40:40 INFO invalid token
2026-03-03 09:40:44 INFO cache miss
2026-03-03 09:40:48 INFO user login ok
2026-03-03 09:40:51 INFO invalid token
2026-03-03 09:40:54 INFO request handled
2026-03-03 09:40:58 INFO slow query detected
2026-03-03 09:41:00 INFO cache miss
2026-03-03 09:41:03 ERROR user logout
2026-03-03 09:41:04 INFO user login ok
2026-03-03 09:41:07 INFO cache hit
2026-03-03 09:41:08 INFO user login ok
2026-03-03 09:41:12 WARN config reloaded
2026-03-03 09:41:14 WARN cache miss
2026-03-03 09:41:16 INFO user logout
2026-03-03 09:41:18 INFO user logout
2026-03-03 09:41:22 INFO background job finished
2026-03-03 09:41:25 INFO cache hit
2026-03-03 09:41:28 INFO background job finished
2026-03-03 09:41:32 INFO cache miss
2026-03-03 09:41:36 INFO config reloaded
2026-03-03 09:41:37 ERROR user logout
2026-03-03 09:41:41 INFO database timeout
2026-03-03 09:41:44 INFO user login ok
2026-03-03 09:41:48 INFO user login ok
2026-03-03 09:41:52 WARN background job finished
2026-03-03 09:41:54 INFO user login ok
2026-03-03 09:41:57 ERROR user logout
2026-03-03 09:42:01 INFO database timeout
2026-03-03 09:42:05 INFO user login ok
2026-03-03 09:42:07 INFO user login ok
2026-03-03 09:42:09 WARN request handled
2026-03-03 09:42:10 INFO user login ok
2026-03-03 09:42:12 INFO request handled
2026-03-03 09:42:15 INFO user login ok
2026-03-03 09:42:17 INFO database timeout
2026-03-03 09:42:21 INFO user login ok
2026-03-03 09:42:25 WARN request handled
2026-03-03 09:42:27 INFO user logout
2026-03-03 09:42:31 INFO user login ok
2026-03-03 09:42:32 INFO database timeout
2026-03-03 09:42:34 ERROR user login ok
2026-03-03 09:42:37 INFO cache hit
2026-03-03 09:42:38 INFO slow query detected
2026-03-03 09:42:42 INFO user login ok
2026-03-03 09:42:44 INFO background job finished
2026-03-03 09:42:46 INFO user logout
2026-03-03 09:42:48 INFO user login ok
2026-03-03 09:42:50 INFO disk usage high
2026-03-03 09:42:51 INFO connection reset by peer
2026-03-03 09:42:52 ERROR user login ok
2026-03-03 09:42:55 INFO cache hit
2026-03-03 09:42:57 INFO connection reset by peer
2026-03-03 09:42:58 INFO user login ok
2026-03-03 09:43:02 INFO user login ok
2026-03-03 09:43:05 INFO user login ok
2026-03-03 09:43:08 INFO user login ok
2026-03-03 09:43:12 INFO user login ok
2026-03-03 09:43:16 INFO database timeout
2026-03-03 09:43:17 INFO connection reset by peer
2026-03-03 09:43:20 INFO request handled
2026-03-03 09:43:22 INFO request handled
2026-03-03 09:43:26 INFO cache hit
2026-03-03 09:43:30 INFO user login ok
2026-03-03 09:43:31 INFO user logout
2026-03-03 09:43:33 WARN request handled
2026-03-03 09:43:37 INFO disk usage high
2026-03-03 09:43:38 INFO user login ok
2026-03-03 09:43:40 INFO cache miss
2026-03-03 09:43:41 INFO user login ok
2026-03-03 09:43:45 INFO connection reset by peer
2026-03-03 09:43:47 WARN cache miss
2026-03-03 09:43:48 ERROR user login ok
2026-03-03 09:43:52 WARN disk usage high
2026-03-03 09:43:56 INFO request handled
2026-03-03 09:43:57 INFO config reloaded
2026-03-03 09:44:01 WARN cache miss
2026-03-03 09:44:03 INFO user login ok
2026-03-03 09:44:04 INFO user login ok
2026-03-03 09:44:05 INFO user login ok
2026-03-03 09:44:07 INFO connection reset by peer
2026-03-03 09:44:11 INFO connection reset by peer
2026-03-03 09:44:12 INFO user login ok
2026-03-03 09:44:13 INFO slow query detected
2026-03-03 09:44:15 INFO user logout
2026-03-03 09:44:16 INFO user login ok
2026-03-03 09:44:17 ERROR user logout
2026-03-03 09:44:19 WARN cache miss
2026-03-03 09:44:21 WARN user login ok
2026-03-03 09:44:23 WARN invalid token
2026-03-03 09:44:24 INFO disk usage high
2026-03-03 09:44:25 INFO cache hit
2026-03-03 09:44:29 WARN user login ok
2026-03-03 09:44:32 WARN request handled
2026-03-03 09:44:35 WARN disk usage high
2026-03-03 09:44:38 WARN user login ok
2026-03-03 09:44:40 INFO database timeout
2026-03-03 09:44:44 ERROR user login ok
2026-03-03 09:44:47 INFO request handled
2026-03-03 09:44:51 INFO user login ok
2026-03-03 09:44:54 INFO invalid token
2026-03-03 09:44:58 INFO user logout
2026-03-03 09:45:00 INFO background job finished
2026-03-03 09:45:04 ERROR user login ok
2026-03-03 09:45:06 INFO user login ok
2026-03-03 09:45:08 INFO user login ok
2026-03-03 09:45:12 ERROR cache hit
2026-03-03 09:45:16 INFO database timeout
2026-03-03 09:45:20 INFO cache miss
2026-03-03 09:45:23 INFO user logout
2026-03-03 09:45:24 INFO request handled
2026-03-03 09:45:27 INFO slow query detected
2026-03-03 09:45:29 INFO config reloaded
2026-03-03 09:45:33 INFO background job finished
2026-03-03 09:45:35 INFO invalid token
2026-03-03 09:45:38 INFO user login ok
2026-03-03 09:45:39 INFO user login ok
2026-03-03 09:45:41 INFO config reloaded
2026-03-03 09:45:43 INFO user login ok
2026-03-03 09:45:45 WARN request handled
2026-03-03 09:45:48 WARN invalid token
2026-03-03 09:45:49 INFO user login ok
2026-03-03 09:45:50 ERROR user logout
2026-03-03 09:45:52 INFO user logout
2026-03-03 09:45:55 INFO cache hit
2026-03-03 09:45:59 INFO user login ok
2026-03-03 09:46:02 INFO disk usage high
2026-03-03 09:46:03 INFO disk usage high
2026-03-03 09:46:06 INFO database timeout
2026-03-03 09:46:07 INFO invalid token
2026-03-03 09:46:09 INFO connection reset by peer
2026-03-03 09:46:13 WARN config reloaded
2026-03-03 09:46:14 INFO user logout
2026-03-03 09:46:17 INFO user login ok
2026-03-03 09:46:21 INFO user login ok
2026-03-03 09:46:25 INFO user login ok
2026-03-03 09:46:29 INFO user login ok
2026-03-03 09:46:33 WARN disk usage high
2026-03-03 09:46:37 INFO user login ok
2026-03-03 09:46:41 ERROR user login ok
2026-03-03 09:46:43 INFO user logout
2026-03-03 09:46:46 INFO slow query detected
2026-03-03 09:46:47 INFO cache hit
2026-03-03 09:46:51 WARN cache miss
2026-03-03 09:46:54 WARN user login ok
2026-03-03 09:46:57 INFO slow query detected
2026-03-03 09:46:58 INFO database timeout
2026-03-03 09:46:59 INFO database timeout
2026-03-03 09:47:03 INFO user logout
2026-03-03 09:47:04 INFO connection reset by peer
2026-03-03 09:47:06 WARN cache hit
2026-03-03 09:47:10 ERROR user login ok
2026-03-03 09:47:13 INFO cache miss
2026-03-03 09:47:15 INFO disk usage high
2026-03-03 09:47:18 INFO cache hit
2026-03-03 09:47:21 INFO connection reset by peer
2026-03-03 09:47:22 INFO user login ok
2026-03-03 09:47:24 INFO user login ok
2026-03-03 09:47:26 INFO invalid token
2026-03-03 09:47:28 INFO invalid token
2026-03-03 09:47:32 INFO user login ok
2026-03-03 09:47:33 INFO user login ok
2026-03-03 09:47:37 INFO connection reset by peer
2026-03-03 09:47:41 INFO user login ok
2026-03-03 09:47:43 INFO cache miss
2026-03-03 09:47:46 ERROR disk usage high
2026-03-03 09:47:50 WARN config reloaded
2026-03-03 09:47:53 INFO user logout
2026-03-03 09:47:54 WARN request handled
2026-03-03 09:47:55 INFO user login ok
2026-03-03 09:47:57 INFO cache miss
2026-03-03 09:48:01 INFO request handled
2026-03-03 09:48:04 INFO user login ok
2026-03-03 09:48:06 INFO user login ok
2026-03-03 09:48:09 WARN user login ok
2026-03-03 09:48:11 INFO user login ok
2026-03-03 09:48:14 INFO user login ok
2026-03-03 09:48:16 INFO slow query detected
2026-03-03 09:48:19 INFO user login ok
2026-03-03 09:48:21 INFO cache hit
2026-03-03 09:48:24 INFO user login ok
2026-03-03 09:48:26 INFO user login ok
2026-03-03 09:48:29 INFO user logout
2026-03-03 09:48:31 ERROR cache hit
2026-03-03 09:48:33 INFO user login ok
2026-03-03 09:48:34 INFO user login ok
2026-03-03 09:48:35 INFO database timeout
2026-03-03 09:48:36 INFO user login ok
2026-03-03 09:48:39 INFO user login ok
2026-03-03 09:48:43 WARN user logout
2026-03-03 09:48:45 ERROR user login ok
2026-03-03 09:48:49 INFO user login ok
2026-03-03 09:48:51 INFO connection reset by peer
2026-03-03 09:48:52 INFO user login ok
2026-03-03 09:48:54 INFO connection reset by peer
2026-03-03 09:48:56 INFO cache miss
2026-03-03 09:48:57 ERROR user logout
2026-03-03 09:48:58 WARN cache miss
2026-03-03 09:48:59 INFO cache hit
2026-03-03 09:49:03 INFO config reloaded
2026-03-03 09:49:06 INFO database timeout
2026-03-03 09:49:07 WARN database timeout
2026-03-03 09:49:08 INFO slow query detected
2026-03-03 09:49:10 WARN slow query detected
2026-03-03 09:49:13 WARN user logout
2026-03-03 09:49:16 INFO invalid token
2026-03-03 09:49:18 INFO slow query detected
2026-03-03 09:49:19 ERROR database timeout
2026-03-03 09:49:22 INFO cache miss
2026-03-03 09:49:24 INFO user logout
2026-03-03 09:49:25 INFO request handled
2026-03-03 09:49:28 INFO config reloaded
2026-03-03 09:49:30 WARN user logout
2026-03-03 09:49:32 INFO database timeout
2026-03-03 09:49:35 INFO user login ok
2026-03-03 09:49:38 INFO database timeout
2026-03-03 09:49:41 WARN request handled
2026-03-03 09:49:42 INFO user logout
2026-03-03 09:49:43 INFO cache hit
2026-03-03 09:49:45 INFO cache hit
2026-03-03 09:49:48 INFO user login ok
2026-03-03 09:49:51 INFO background job finished
2026-03-03 09:49:52 WARN user login ok
2026-03-03 09:49:53 INFO user logout
2026-03-03 09:49:57 INFO user login ok
2026-03-03 09:49:59 ERROR slow query detected
2026-03-03 09:50:02 INFO request handled
2026-03-03 09:50:04 WARN disk usage high
2026-03-03 09:50:05 INFO user login ok
2026-03-03 09:50:08 INFO cache miss
2026-03-03 09:50:11 INFO user login ok
2026-03-03 09:50:12 INFO cache hit
2026-03-03 09:50:16 INFO cache miss
2026-03-03 09:50:18 INFO user logout
2026-03-03 09:50:19 INFO database timeout
2026-03-03 09:50:22 INFO connection reset by peer
2026-03-03 09:50:26 INFO user login ok
2026-03-03 09:50:28 INFO cache hit
2026-03-03 09:50:30 INFO user login ok
2026-03-03 09:50:31 INFO user logout
2026-03-03 09:50:34 INFO user logout
2026-03-03 09:50:38 INFO database timeout
2026-03-03 09:50:39 INFO background job finished
2026-03-03 09:50:40 INFO cache hit
2026-03-03 09:50:42 INFO user logout
2026-03-03 09:50:45 INFO user login ok
2026-03-03 09:50:48 WARN user login ok
2026-03-03 09:50:49 INFO connection reset by peer
2026-03-03 09:50:50 ERROR user login ok
2026-03-03 09:50:53 INFO user logout
2026-03-03 09:50:56 INFO request handled
2026-03-03 09:50:59 INFO user login ok
2026-03-03 09:51:02 INFO user login ok
2026-03-03 09:51:04 INFO user login ok
2026-03-03 09:51:07 INFO user login ok
### повреждённая строка ###
2026-03-03 09:51:11 ERROR disk usage high
2026-03-03 09:51:14 WARN request handled
2026-03-03 09:51:17 INFO connection reset by peer
2026-03-03 09:51:20 INFO request handled
2026-03-03 09:51:23 WARN user logout
2026-03-03 09:51:25 WARN request handled
2026-03-03 09:51:28 INFO user login ok
2026-03-03 09:51:32 WARN cache hit
2026-03-03 09:51:33 WARN cache miss
2026-03-03 09:51:37 INFO cache miss
2026-03-03 09:51:39 INFO config reloaded
2026-03-03 09:51:42 INFO cache hit
2026-03-03 09:51:46 INFO user login ok
2026-03-03 09:51:48 WARN user logout
2026-03-03 09:51:49 INFO user logout
2026-03-03 09:51:50 WARN user login ok
2026-03-03 09:51:54 INFO user login ok
2026-03-03 09:51:58 INFO user logout
2026-03-03 09:51:59 WARN disk usage high
2026-03-03 09:52:00 INFO disk usage high
2026-03-03 09:52:02 INFO request handled
2026-03-03 09:52:05 INFO database timeout
2026-03-03 09:52:06 INFO cache hit
2026-03-03 09:52:07 INFO disk usage high
2026-03-03 09:52:11 INFO cache miss
### повреждённая строка ###
2026-03-03 09:52:15 WARN user login ok
2026-03-03 09:52:18 INFO background job finished
2026-03-03 09:52:19 INFO config reloaded
2026-03-03 09:52:20 INFO cache hit
2026-03-03 09:52:24 INFO connection reset by peer
2026-03-03 09:52:25 INFO user login ok
2026-03-03 09:52:29 INFO cache hit
2026-03-03 09:52:33 INFO user login ok
2026-03-03 09:52:36 INFO user logout
2026-03-03 09:52:38 WARN background job finished
2026-03-03 09:52:42 INFO user login ok
2026-03-03 09:52:46 INFO config reloaded
2026-03-03 09:52:49 INFO invalid token
2026-03-03 09:52:53 INFO user logout
2026-03-03 09:52:57 INFO user logout
2026-03-03 09:53:00 INFO request handled
2026-03-03 09:53:04 INFO user login ok
2026-03-03 09:53:07 ERROR user login ok
2026-03-03 09:53:10 INFO connection reset by peer
2026-03-03 09:53:13 WARN user login ok
2026-03-03 09:53:15 INFO user login ok
2026-03-03 09:53:18 INFO user logout
2026-03-03 09:53:20 INFO request handled
2026-03-03 09:53:21 INFO database timeout
2026-03-03 09:53:22 INFO cache hit
2026-03-03 09:53:24 WARN config reloaded
2026-03-03 09:53:28 INFO cache hit
2026-03-03 09:53:32 INFO user login ok
2026-03-03 09:53:34 INFO background job finished
2026-03-03 09:53:36 INFO user login ok
2026-03-03 09:53:37 INFO config reloaded
2026-03-03 09:53:40 INFO database timeout
2026-03-03 09:53:43 WARN user logout
2026-03-03 09:53:44 INFO user login ok
2026-03-03 09:53:46 INFO user login ok
2026-03-03 09:53:50 INFO user login ok
2026-03-03 09:53:54 INFO background job finished
2026-03-03 09:53:56 INFO invalid token
2026-03-03 09:54:00 WARN user login ok
2026-03-03 09:54:04 INFO user logout
2026-03-03 09:54:06 INFO connection reset by peer
2026-03-03 09:54:08 INFO user login ok
2026-03-03 09:54:12 INFO database timeout
2026-03-03 09:54:13 INFO user login ok
2026-03-03 09:54:15 INFO user login ok
2026-03-03 09:54:18 WARN user logout
2026-03-03 09:54:19 WARN user logout
2026-03-03 09:54:23 INFO user logout
2026-03-03 09:54:27 INFO disk usage high
2026-03-03 09:54:30 INFO invalid token
2026-03-03 09:54:34 INFO cache hit
2026-03-03 09:54:35 WARN background job finished
2026-03-03 09:54:36 INFO invalid token
2026-03-03 09:54:40 INFO disk usage high
2026-03-03 09:54:43 INFO user login ok
2026-03-03 09:54:45 ERROR disk usage high
2026-03-03 09:54:47 WARN background job finished
2026-03-03 09:54:51 INFO slow query detected
2026-03-03 09:54:54 WARN background job finished
2026-03-03 09:54:58 ERROR cache hit
2026-03-03 09:55:02 INFO invalid token
2026-03-03 09:55:03 INFO user login ok
2026-03-03 09:55:07 INFO user login ok
2026-03-03 09:55:08 INFO user login ok
2026-03-03 09:55:09 INFO user logout
2026-03-03 09:55:13 INFO user login ok
2026-03-03 09:55:14 INFO disk usage high
2026-03-03 09:55:17 INFO config reloaded
2026-03-03 09:55:18 INFO connection reset by peer
2026-03-03 09:55:20 INFO cache miss
2026-03-03 09:55:24 INFO database timeout
2026-03-03 09:55:28 INFO background job finished
2026-03-03 09:55:30 INFO disk usage high
2026-03-03 09:55:31 INFO cache miss
2026-03-03 09:55:32 WARN user logout
2026-03-03 09:55:34 INFO slow query detected
2026-03-03 09:55:36 INFO user logout
2026-03-03 09:55:37 INFO background job finished
2026-03-03 09:55:39 WARN slow query detected
2026-03-03 09:55:42 INFO user login ok
2026-03-03 09:55:43 INFO user login ok
2026-03-03 09:55:44 WARN database timeout
2026-03-03 09:55:46 INFO user logout
2026-03-03 09:55:48 INFO user login ok
2026-03-03 09:55:51 INFO disk usage high
2026-03-03 09:55:54 INFO user login ok
2026-03-03 09:55:55 INFO request handled
2026-03-03 09:55:56 INFO cache miss
2026-03-03 09:55:59 WARN config reloaded
2026-03-03 09:56:00 INFO invalid token
2026-03-03 09:56:03 WARN disk usage high
2026-03-03 09:56:06 INFO user logout
2026-03-03 09:56:08 INFO cache miss
2026-03-03 09:56:10 INFO user login ok
2026-03-03 09:56:13 WARN background job finished
2026-03-03 09:56:16 WARN user login ok
2026-03-03 09:56:18 ERROR cache hit
2026-03-03 09:56:21 WARN user login ok
2026-03-03 09:56:22 WARN background job finished
2026-03-03 09:56:25 ERROR config reloaded
2026-03-03 09:56:28 INFO cache miss
2026-03-03 09:56:29 INFO connection reset by peer
2026-03-03 09:56:33 ERROR user login ok
2026-03-03 09:56:35 INFO database timeout
2026-03-03 09:56:39 WARN user logout
2026-03-03 09:56:43 INFO user login ok
2026-03-03 09:56:45 INFO config reloaded
2026-03-03 09:56:49 INFO user login ok
2026-03-03 09:56:51 INFO cache miss
2026-03-03 09:56:55 INFO disk usage high
2026-03-03 09:56:58 INFO disk usage high
2026-03-03 09:57:00 INFO cache hit
2026-03-03 09:57:03 INFO user login ok
2026-03-03 09:57:05 INFO user login ok
2026-03-03 09:57:08 ERROR user login ok
2026-03-03 09:57:09 INFO request handled
2026-03-03 09:57:13 WARN background job finished
2026-03-03 09:57:16 INFO slow query detected
2026-03-03 09:57:17 INFO user login ok
2026-03-03 09:57:21 WARN cache miss
2026-03-03 09:57:24 WARN request handled
2026-03-03 09:57:26 INFO cache hit
2026-03-03 09:57:30 INFO slow query detected
2026-03-03 09:57:31 INFO user login ok
2026-03-03 09:57:35 INFO database timeout
2026-03-03 09:57:36 INFO user login ok
2026-03-03 09:57:39 INFO cache hit
2026-03-03 09:57:40 INFO user login ok
2026-03-03 09:57:42 INFO config reloaded
2026-03-03 09:57:45 INFO cache hit
2026-03-03 09:57:49 INFO user login ok
2026-03-03 09:57:52 INFO database timeout
2026-03-03 09:57:55 INFO user logout
2026-03-03 09:57:58 INFO user login ok
2026-03-03 09:58:02 INFO request handled
2026-03-03 09:58:06 WARN user login ok
2026-03-03 09:58:08 INFO cache miss
2026-03-03 09:58:10 WARN database timeout
2026-03-03 09:58:14 INFO cache hit
2026-03-03 09:58:16 INFO request handled
2026-03-03 09:58:20 INFO user login ok
2026-03-03 09:58:21 INFO user login ok
2026-03-03 09:58:24 INFO user login ok
2026-03-03 09:58:26 INFO cache hit
2026-03-03 09:58:28 WARN invalid token
2026-03-03 09:58:32 INFO background job finished
2026-03-03 09:58:33 INFO connection reset by peer
2026-03-03 09:58:35 INFO user login ok
2026-03-03 09:58:39 INFO user login ok
2026-03-03 09:58:40 INFO database timeout
2026-03-03 09:58:42 INFO user logout
2026-03-03 09:58:44 INFO background job finished
2026-03-03 09:58:46 INFO cache miss
2026-03-03 09:58:47 INFO cache hit
2026-03-03 09:58:51 INFO connection reset by peer
2026-03-03 09:58:55 INFO slow query detected
2026-03-03 09:58:56 INFO request handled
2026-03-03 09:58:57 ERROR user login ok
2026-03-03 09:59:00 INFO user login ok
2026-03-03 09:59:03 INFO connection reset by peer
2026-03-03 09:59:07 INFO cache hit
2026-03-03 09:59:10 INFO database timeout
2026-03-03 09:59:13 ERROR connection reset by peer
2026-03-03 09:59:17 INFO user login ok
2026-03-03 09:59:21 INFO connection reset by peer
2026-03-03 09:59:22 ERROR cache hit
2026-03-03 09:59:25 INFO invalid token
2026-03-03 09:59:29 INFO user logout
2026-03-03 09:59:32 INFO user login ok
2026-03-03 09:59:36 INFO cache hit
2026-03-03 09:59:39 INFO invalid token
2026-03-03 09:59:41 INFO user logout
2026-03-03 09:59:45 INFO slow query detected
2026-03-03 09:59:47 INFO database timeout
2026-03-03 09:59:48 INFO request handled
2026-03-03 09:59:50 INFO cache miss
2026-03-03 09:59:52 WARN database timeout
2026-03-03 09:59:53 INFO config reloaded
2026-03-03 09:59:55 INFO database timeout
2026-03-03 09:59:59 INFO config reloaded
2026-03-03 10:00:00 INFO cache miss
2026-03-03 10:00:01 INFO background job finished
2026-03-03 10:00:02 INFO request handled
2026-03-03 10:00:06 INFO disk usage high
2026-03-03 10:00:10 INFO user login ok
2026-03-03 10:00:12 INFO cache miss
2026-03-03 10:00:15 INFO user login ok
2026-03-03 10:00:16 WARN user login ok
2026-03-03 10:00:18 WARN cache miss
2026-03-03 10:00:20 INFO user login ok
2026-03-03 10:00:22 INFO invalid token
2026-03-03 10:00:26 INFO request handled
2026-03-03 10:00:30 INFO config reloaded
2026-03-03 10:00:34 INFO invalid token
2026-03-03 10:00:35 INFO user login ok
2026-03-03 10:00:38 INFO user logout
2026-03-03 10:00:39 WARN slow query detected
2026-03-03 10:00:42 WARN disk usage high
2026-03-03 10:00:43 INFO user logout
2026-03-03 10:00:44 INFO config reloaded
2026-03-03 10:00:45 INFO user login ok
2026-03-03 10:00:49 INFO cache hit
2026-03-03 10:00:50 INFO disk usage high
2026-03-03 10:00:51 INFO config reloaded
2026-03-03 10:00:55 INFO invalid token
2026-03-03 10:00:59 INFO cache miss
2026-03-03 10:01:01 INFO cache hit
2026-03-03 10:01:02 ERROR user login ok
2026-03-03 10:01:06 INFO request handled
2026-03-03 10:01:10 INFO user login ok
2026-03-03 10:01:12 WARN database timeout
2026-03-03 10:01:13 WARN user login ok
2026-03-03 10:01:15 INFO user login ok
2026-03-03 10:01:19 INFO user login ok
2026-03-03 10:01:21 INFO background job finished
2026-03-03 10:01:22 INFO connection reset by peer
2026-03-03 10:01:23 WARN cache hit
2026-03-03 10:01:25 WARN user logout
2026-03-03 10:01:28 INFO user logout
2026-03-03 10:01:29 INFO user logout
2026-03-03 10:01:30 INFO database timeout
2026-03-03 10:01:34 ERROR request handled
2026-03-03 10:01:35 INFO request handled
2026-03-03 10:01:37 INFO user logout
2026-03-03 10:01:38 INFO user login ok
2026-03-03 10:01:42 ERROR cache miss
2026-03-03 10:01:43 INFO slow query detected
2026-03-03 10:01:45 INFO user login ok
2026-03-03 10:01:47 INFO user login ok
2026-03-03 10:01:51 INFO request handled
2026-03-03 10:01:52 INFO connection reset by peer
2026-03-03 10:01:56 INFO user login ok
2026-03-03 10:01:59 INFO slow query detected
2026-03-03 10:02:00 INFO invalid token
2026-03-03 10:02:04 INFO connection reset by peer
2026-03-03 10:02:06 INFO user login ok
2026-03-03 10:02:09 WARN user login ok
2026-03-03 10:02:12 INFO invalid token
2026-03-03 10:02:13 INFO user login ok
2026-03-03 10:02:14 ERROR user login ok
2026-03-03 10:02:17 INFO disk usage high
2026-03-03 10:02:20 INFO user logout
2026-03-03 10:02:22 INFO user login ok
2026-03-03 10:02:25 INFO user login ok
2026-03-03 10:02:28 INFO user logout
2026-03-03 10:02:29 WARN config reloaded
2026-03-03 10:02:33 WARN config reloaded
2026-03-03 10:02:36 INFO background job finished
2026-03-03 10:02:38 INFO database timeout
2026-03-03 10:02:42 INFO cache hit
2026-03-03 10:02:44 WARN cache miss
2026-03-03 10:02:46 ERROR user login ok
2026-03-03 10:02:50 INFO request handled
2026-03-03 10:02:53 INFO user login ok
2026-03-03 10:02:57 WARN user login ok
2026-03-03 10:02:58 ERROR disk usage high
2026-03-03 10:03:01 INFO cache miss
2026-03-03 10:03:05 INFO user logout
2026-03-03 10:03:09 INFO user login ok
2026-03-03 10:03:11 INFO database timeout
2026-03-03 10:03:12 INFO cache miss
2026-03-03 10:03:16 INFO user login ok
2026-03-03 10:03:17 WARN slow query detected
2026-03-03 10:03:19 INFO disk usage high
2026-03-03 10:03:20 INFO config reloaded
2026-03-03 10:03:23 INFO invalid token
2026-03-03 10:03:24 INFO user login ok
2026-03-03 10:03:26 INFO request handled
2026-03-03 10:03:28 INFO user login ok
2026-03-03 10:03:29 INFO invalid token
2026-03-03 10:03:30 INFO background job finished
2026-03-03 10:03:33 INFO background job finished
2026-03-03 10:03:36 INFO connection reset by peer
2026-03-03 10:03:38 INFO config reloaded
2026-03-03 10:03:39 WARN user login ok
2026-03-03 10:03:41 INFO request handled
2026-03-03 10:03:43 INFO connection reset by peer
2026-03-03 10:03:46 INFO user login ok
2026-03-03 10:03:48 WARN user logout
2026-03-03 10:03:51 INFO disk usage high
2026-03-03 10:03:53 INFO config reloaded
2026-03-03 10:03:57 INFO disk usage high
2026-03-03 10:04:00 INFO user login ok
2026-03-03 10:04:02 INFO user login ok
2026-03-03 10:04:04 INFO user logout
2026-03-03 10:04:06 INFO user login ok
2026-03-03 10:04:10 WARN user logout
2026-03-03 10:04:12 INFO user login ok
2026-03-03 10:04:14 INFO user login ok
2026-03-03 10:04:15 INFO user login ok
2026-03-03 10:04:17 INFO connection reset by peer
2026-03-03 10:04:20 INFO disk usage high
2026-03-03 10:04:22 INFO cache miss
2026-03-03 10:04:23 INFO config reloaded
2026-03-03 10:04:24 INFO user logout
2026-03-03 10:04:25 WARN user logout
2026-03-03 10:04:29 INFO config reloaded
2026-03-03 10:04:30 INFO user login ok
2026-03-03 10:04:31 ERROR cache hit
2026-03-03 10:04:34 WARN cache hit
2026-03-03 10:04:37 WARN user login ok
2026-03-03 10:04:41 ERROR cache miss
2026-03-03 10:04:45 INFO request handled
2026-03-03 10:04:47 WARN invalid token
2026-03-03 10:04:49 WARN connection reset by peer
2026-03-03 10:04:53 INFO user login ok
2026-03-03 10:04:55 INFO cache hit
2026-03-03 10:04:59 ERROR config reloaded
2026-03-03 10:05:00 INFO user login ok
2026-03-03 10:05:04 INFO user login ok
2026-03-03 10:05:08 INFO background job finished
2026-03-03 10:05:11 INFO config reloaded
2026-03-03 10:05:15 INFO slow query detected
2026-03-03 10:05:19 INFO user login ok
2026-03-03 10:05:22 INFO cache miss
2026-03-03 10:05:23 WARN disk usage high
2026-03-03 10:05:27 INFO background job finished
2026-03-03 10:05:29 WARN config reloaded
2026-03-03 10:05:30 INFO cache miss
2026-03-03 10:05:32 INFO connection reset by peer
2026-03-03 10:05:36 INFO cache miss
2026-03-03 10:05:38 INFO cache miss
2026-03-03 10:05:39 INFO config reloaded
2026-03-03 10:05:42 INFO cache hit
2026-03-03 10:05:43 WARN background job finished
2026-03-03 10:05:45 INFO slow query detected
2026-03-03 10:05:49 WARN cache hit
2026-03-03 10:05:53 INFO user login ok
2026-03-03 10:05:56 WARN request handled
2026-03-03 10:06:00 INFO user login ok
2026-03-03 10:06:03 INFO database timeout
2026-03-03 10:06:04 INFO user login ok
2026-03-03 10:06:05 INFO database timeout
2026-03-03 10:06:07 INFO user login ok
2026-03-03 10:06:11 INFO user login ok
2026-03-03 10:06:14 INFO request handled
2026-03-03 10:06:18 WARN config reloaded
2026-03-03 10:06:22 INFO invalid token
2026-03-03 10:06:25 WARN user login ok
2026-03-03 10:06:26 WARN request handled
2026-03-03 10:06:27 INFO slow query detected
2026-03-03 10:06:29 WARN user logout
2026-03-03 10:06:31 INFO background job finished
2026-03-03 10:06:34 INFO user login ok
2026-03-03 10:06:35 INFO user login ok
2026-03-03 10:06:36 INFO user login ok
2026-03-03 10:06:40 WARN user login ok
2026-03-03 10:06:41 INFO user logout
2026-03-03 10:06:45 INFO request handled
2026-03-03 10:06:47 INFO invalid token
2026-03-03 10:06:51 INFO user login ok
2026-03-03 10:06:55 INFO database timeout
2026-03-03 10:06:58 INFO database timeout
2026-03-03 10:07:00 INFO user logout
2026-03-03 10:07:02 INFO user login ok
2026-03-03 10:07:06 INFO connection reset by peer
2026-03-03 10:07:10 INFO user login ok
2026-03-03 10:07:13 INFO cache hit
2026-03-03 10:07:17 INFO slow query detected
2026-03-03 10:07:20 INFO request handled
2026-03-03 10:07:23 INFO user logout
2026-03-03 10:07:25 INFO background job finished
2026-03-03 10:07:26 INFO cache hit
2026-03-03 10:07:27 WARN cache hit
2026-03-03 10:07:31 INFO user login ok
2026-03-03 10:07:33 INFO user login ok
2026-03-03 10:07:35 INFO user login ok
2026-03-03 10:07:38 WARN disk usage high
2026-03-03 10:07:41 INFO slow query detected
2026-03-03 10:07:45 INFO invalid token
2026-03-03 10:07:48 WARN user login ok
2026-03-03 10:07:51 INFO slow query detected
2026-03-03 10:07:54 INFO slow query detected
2026-03-03 10:07:55 INFO invalid token
2026-03-03 10:07:58 INFO request handled
2026-03-03 10:08:02 INFO cache miss
2026-03-03 10:08:06 INFO user login ok
2026-03-03 10:08:10 INFO user login ok
2026-03-03 10:08:13 INFO cache hit
2026-03-03 10:08:17 INFO cache hit
2026-03-03 10:08:20 WARN user logout
2026-03-03 10:08:22 INFO user login ok
2026-03-03 10:08:24 INFO cache miss
2026-03-03 10:08:26 WARN slow query detected
2026-03-03 10:08:29 INFO background job finished
2026-03-03 10:08:32 INFO user login ok
2026-03-03 10:08:34 INFO user login ok
2026-03-03 10:08:38 WARN config reloaded
2026-03-03 10:08:39 INFO cache miss
2026-03-03 10:08:41 WARN config reloaded
2026-03-03 10:08:42 INFO database timeout
2026-03-03 10:08:43 INFO disk usage high
2026-03-03 10:08:45 INFO user login ok
2026-03-03 10:08:47 INFO request handled
2026-03-03 10:08:49 INFO cache hit
2026-03-03 10:08:51 INFO cache hit
2026-03-03 10:08:54 INFO cache miss
2026-03-03 10:08:55 INFO user login ok
2026-03-03 10:08:56 INFO slow query detected
2026-03-03 10:08:58 ERROR background job finished
2026-03-03 10:08:59 INFO disk usage high
2026-03-03 10:09:02 INFO connection reset by peer
2026-03-03 10:09:04 INFO user login ok
2026-03-03 10:09:08 INFO user login ok
2026-03-03 10:09:11 WARN user logout
2026-03-03 10:09:13 INFO user logout
2026-03-03 10:09:16 ERROR request handled
2026-03-03 10:09:17 INFO database timeout
2026-03-03 10:09:18 INFO cache hit
2026-03-03 10:09:21 INFO cache hit
2026-03-03 10:09:23 WARN user login ok
2026-03-03 10:09:24 INFO user logout
2026-03-03 10:09:25 INFO request handled
2026-03-03 10:09:26 INFO cache miss
2026-03-03 10:09:27 WARN request handled
2026-03-03 10:09:29 INFO slow query detected
2026-03-03 10:09:32 INFO invalid token
2026-03-03 10:09:35 INFO invalid token
2026-03-03 10:09:37 WARN user logout
2026-03-03 10:09:39 INFO user login ok
2026-03-03 10:09:42 INFO background job finished
2026-03-03 10:09:45 INFO user login ok
2026-03-03 10:09:48 INFO cache hit
2026-03-03 10:09:52 INFO user login ok
2026-03-03 10:09:55 INFO user login ok
2026-03-03 10:09:57 INFO background job finished
2026-03-03 10:09:58 INFO disk usage high
2026-03-03 10:10:02 INFO user login ok
2026-03-03 10:10:06 WARN user logout
2026-03-03 10:10:09 INFO user login ok
2026-03-03 10:10:12 INFO connection reset by peer
2026-03-03 10:10:15 INFO user login ok
2026-03-03 10:10:17 INFO config reloaded
2026-03-03 10:10:21 WARN user login ok
2026-03-03 10:10:23 INFO config reloaded
2026-03-03 10:10:24 WARN connection reset by peer
2026-03-03 10:10:27 INFO slow query detected
2026-03-03 10:10:29 WARN user logout
2026-03-03 10:10:30 INFO connection reset by peer
2026-03-03 10:10:31 INFO user login ok
2026-03-03 10:10:35 INFO user logout
2026-03-03 10:10:36 INFO user login ok
2026-03-03 10:10:39 INFO cache miss
2026-03-03 10:10:43 INFO cache miss
2026-03-03 10:10:46 INFO invalid token
2026-03-03 10:10:50 WARN cache hit
2026-03-03 10:10:54 INFO user login ok
2026-03-03 10:10:56 INFO slow query detected
2026-03-03 10:10:59 INFO database timeout
2026-03-03 10:11:03 INFO background job finished
2026-03-03 10:11:04 INFO database timeout
2026-03-03 10:11:08 INFO user logout
2026-03-03 10:11:11 WARN cache hit
2026-03-03 10:11:14 INFO request handled
2026-03-03 10:11:18 INFO user login ok
2026-03-03 10:11:21 INFO invalid token
2026-03-03 10:11:25 INFO config reloaded
2026-03-03 10:11:26 INFO user login ok
2026-03-03 10:11:27 WARN cache hit
2026-03-03 10:11:29 INFO disk usage high
2026-03-03 10:11:31 INFO user login ok
2026-03-03 10:11:35 INFO connection reset by peer
2026-03-03 10:11:36 INFO user logout
2026-03-03 10:11:37 ERROR database timeout
2026-03-03 10:11:38 INFO slow query detected
2026-03-03 10:11:42 WARN config reloaded
2026-03-03 10:11:43 INFO config reloaded
2026-03-03 10:11:44 INFO user login ok
2026-03-03 10:11:46 WARN user logout
2026-03-03 10:11:48 INFO database timeout
2026-03-03 10:11:50 INFO connection reset by peer
2026-03-03 10:11:53 WARN disk usage high
2026-03-03 10:11:54 INFO user login ok
2026-03-03 10:11:55 INFO config reloaded
2026-03-03 10:11:56 WARN user login ok
2026-03-03 10:11:57 INFO cache hit
2026-03-03 10:12:00 WARN background job finished
2026-03-03 10:12:04 ERROR user logout
2026-03-03 10:12:06 INFO cache hit
2026-03-03 10:12:08 INFO user login ok
2026-03-03 10:12:12 INFO user login ok
2026-03-03 10:12:16 WARN request handled
2026-03-03 10:12:20 ERROR config reloaded
2026-03-03 10:12:23 INFO user login ok
2026-03-03 10:12:25 INFO background job finished
2026-03-03 10:12:28 INFO config reloaded
2026-03-03 10:12:30 INFO user login ok
2026-03-03 10:12:31 INFO user logout
2026-03-03 10:12:35 INFO user login ok
2026-03-03 10:12:38 INFO invalid token
2026-03-03 10:12:40 INFO connection reset by peer
2026-03-03 10:12:42 INFO connection reset by peer
2026-03-03 10:12:45 INFO background job finished
2026-03-03 10:12:48 INFO disk usage high
2026-03-03 10:12:51 INFO user login ok
2026-03-03 10:12:53 INFO slow query detected
2026-03-03 10:12:56 INFO request handled
2026-03-03 10:12:57 INFO request handled
2026-03-03 10:13:01 WARN config reloaded
2026-03-03 10:13:04 INFO user logout
2026-03-03 10:13:06 INFO user login ok
2026-03-03 10:13:09 INFO request handled
2026-03-03 10:13:13 INFO request handled
### повреждённая строка ###
2026-03-03 10:13:18 INFO config reloaded
2026-03-03 10:13:21 INFO disk usage high
2026-03-03 10:13:22 WARN disk usage high
2026-03-03 10:13:26 INFO cache hit
2026-03-03 10:13:27 WARN user login ok
2026-03-03 10:13:28 ERROR user login ok
2026-03-03 10:13:32 INFO user logout
2026-03-03 10:13:33 INFO disk usage high
2026-03-03 10:13:34 INFO user logout
2026-03-03 10:13:37 ERROR request handled
2026-03-03 10:13:39 INFO user login ok
2026-03-03 10:13:43 INFO user login ok
2026-03-03 10:13:47 INFO user login ok
2026-03-03 10:13:51 INFO config reloaded
2026-03-03 10:13:53 INFO slow query detected
2026-03-03 10:13:57 INFO user logout
2026-03-03 10:13:58 INFO request handled
2026-03-03 10:14:02 INFO slow query detected
2026-03-03 10:14:03 INFO disk usage high
2026-03-03 10:14:05 INFO user logout
2026-03-03 10:14:06 INFO slow query detected
2026-03-03 10:14:09 INFO slow query detected
2026-03-03 10:14:11 INFO user logout
2026-03-03 10:14:12 INFO connection reset by peer
2026-03-03 10:14:15 INFO request handled
2026-03-03 10:14:19 INFO disk usage high
2026-03-03 10:14:21 WARN user login ok
2026-03-03 10:14:22 INFO user login ok
2026-03-03 10:14:23 INFO connection reset by peer
2026-03-03 10:14:24 INFO config reloaded
2026-03-03 10:14:25 INFO disk usage high
2026-03-03 10:14:28 INFO user login ok
2026-03-03 10:14:31 INFO user login ok
2026-03-03 10:14:35 ERROR request handled
2026-03-03 10:14:39 INFO disk usage high
2026-03-03 10:14:42 INFO user login ok
2026-03-03 10:14:44 INFO invalid token
2026-03-03 10:14:48 INFO request handled
2026-03-03 10:14:52 INFO user logout
2026-03-03 10:14:53 INFO request handled
2026-03-03 10:14:55 ERROR background job finished
2026-03-03 10:14:59 INFO background job finished
2026-03-03 10:15:03 INFO user login ok
2026-03-03 10:15:07 ERROR user login ok
2026-03-03 10:15:10 INFO connection reset by peer
2026-03-03 10:15:13 WARN invalid token
2026-03-03 10:15:15 INFO invalid token
2026-03-03 10:15:19 INFO cache miss
2026-03-03 10:15:22 INFO user login ok
2026-03-03 10:15:26 WARN cache hit
2026-03-03 10:15:27 INFO user logout
2026-03-03 10:15:31 INFO connection reset by peer
2026-03-03 10:15:35 INFO user login ok
2026-03-03 10:15:36 INFO user login ok
2026-03-03 10:15:38 INFO background job finished
2026-03-03 10:15:42 INFO cache miss
2026-03-03 10:15:45 INFO cache hit
2026-03-03 10:15:46 INFO disk usage high
2026-03-03 10:15:50 INFO background job finished
2026-03-03 10:15:54 INFO user logout
2026-03-03 10:15:56 INFO cache miss
2026-03-03 10:15:57 INFO config reloaded
2026-03-03 10:16:01 INFO invalid token
2026-03-03 10:16:03 WARN user login ok
2026-03-03 10:16:05 WARN config reloaded
2026-03-03 10:16:06 INFO slow query detected
2026-03-03 10:16:08 INFO user login ok
2026-03-03 10:16:10 WARN user login ok
2026-03-03 10:16:13 INFO cache miss
2026-03-03 10:16:15 INFO background job finished
2026-03-03 10:16:18 INFO user logout
2026-03-03 10:16:21 INFO user login ok
2026-03-03 10:16:25 INFO slow query detected
2026-03-03 10:16:28 INFO user logout
2026-03-03 10:16:30 INFO cache hit
2026-03-03 10:16:32 INFO cache miss
2026-03-03 10:16:36 ERROR user login ok
2026-03-03 10:16:40 INFO cache hit
2026-03-03 10:16:42 INFO user logout
2026-03-03 10:16:43 INFO background job finished
2026-03-03 10:16:46 INFO cache miss
2026-03-03 10:16:47 INFO config reloaded
2026-03-03 10:16:49 WARN user logout
2026-03-03 10:16:51 WARN user login ok
2026-03-03 10:16:54 WARN disk usage high
2026-03-03 10:16:56 INFO invalid token
2026-03-03 10:16:58 INFO database timeout
2026-03-03 10:17:01 INFO connection reset by peer
2026-03-03 10:17:04 WARN request handled
2026-03-03 10:17:08 INFO user login ok
2026-03-03 10:17:10 INFO user login ok
2026-03-03 10:17:12 INFO connection reset by peer
2026-03-03 10:17:13 INFO cache hit
2026-03-03 10:17:15 WARN config reloaded
2026-03-03 10:17:18 INFO user login ok
2026-03-03 10:17:19 INFO cache hit
2026-03-03 10:17:22 INFO cache hit
2026-03-03 10:17:24 ERROR disk usage high
2026-03-03 10:17:28 INFO user login ok
2026-03-03 10:17:31 INFO cache miss
2026-03-03 10:17:33 INFO user login ok
2026-03-03 10:17:36 ERROR database timeout
2026-03-03 10:17:38 INFO background job finished
2026-03-03 10:17:42 INFO connection reset by peer
2026-03-03 10:17:46 INFO slow query detected
2026-03-03 10:17:47 INFO cache miss
2026-03-03 10:17:49 WARN user logout
2026-03-03 10:17:50 INFO cache miss
2026-03-03 10:17:52 INFO user login ok
2026-03-03 10:17:54 WARN config reloaded
2026-03-03 10:17:56 INFO user login ok
2026-03-03 10:17:58 INFO user login ok
2026-03-03 10:17:59 INFO slow query detected
2026-03-03 10:18:00 INFO config reloaded
2026-03-03 10:18:02 WARN invalid token
2026-03-03 10:18:06 WARN disk usage high
2026-03-03 10:18:10 INFO user login ok
2026-03-03 10:18:11 INFO user login ok
2026-03-03 10:18:14 INFO request handled
2026-03-03 10:18:15 INFO user login ok
2026-03-03 10:18:16 WARN request handled
2026-03-03 10:18:20 INFO cache hit
2026-03-03 10:18:21 INFO request handled
2026-03-03 10:18:24 INFO background job finished
2026-03-03 10:18:27 INFO user login ok
2026-03-03 10:18:31 WARN user login ok
2026-03-03 10:18:35 INFO cache miss
2026-03-03 10:18:36 WARN user logout
2026-03-03 10:18:37 WARN request handled
2026-03-03 10:18:39 INFO user logout
2026-03-03 10:18:43 ERROR cache hit
2026-03-03 10:18:47 INFO user login ok
2026-03-03 10:18:51 INFO cache hit
2026-03-03 10:18:53 INFO user login ok
2026-03-03 10:18:55 INFO cache hit
2026-03-03 10:18:57 INFO request handled
2026-03-03 10:19:01 WARN user login ok
2026-03-03 10:19:04 INFO user logout
2026-03-03 10:19:08 INFO user login ok
2026-03-03 10:19:10 INFO cache hit
2026-03-03 10:19:13 INFO connection reset by peer
2026-03-03 10:19:17 INFO disk usage high
2026-03-03 10:19:19 INFO user logout
2026-03-03 10:19:21 ERROR user login ok
2026-03-03 10:19:24 INFO user login ok
2026-03-03 10:19:25 ERROR user login ok
2026-03-03 10:19:26 INFO config reloaded
2026-03-03 10:19:30 INFO user login ok
2026-03-03 10:19:31 WARN config reloaded
2026-03-03 10:19:34 INFO config reloaded
2026-03-03 10:19:38 INFO cache hit
2026-03-03 10:19:40 INFO cache hit
2026-03-03 10:19:43 INFO user login ok
2026-03-03 10:19:47 WARN invalid token
2026-03-03 10:19:49 INFO cache miss
2026-03-03 10:19:51 INFO background job finished
2026-03-03 10:19:53 INFO user logout
2026-03-03 10:19:55 INFO user logout
2026-03-03 10:19:58 INFO cache hit
2026-03-03 10:20:00 WARN cache hit
2026-03-03 10:20:01 INFO user logout
2026-03-03 10:20:02 ERROR connection reset by peer
2026-03-03 10:20:04 INFO cache hit
2026-03-03 10:20:05 WARN disk usage high
2026-03-03 10:20:06 ERROR user login ok
2026-03-03 10:20:09 INFO cache hit
2026-03-03 10:20:10 INFO user login ok
2026-03-03 10:20:14 ERROR user logout
2026-03-03 10:20:17 INFO invalid token
2026-03-03 10:20:21 INFO disk usage high
2026-03-03 10:20:24 INFO cache hit
2026-03-03 10:20:28 INFO user logout
2026-03-03 10:20:31 ERROR user login ok
2026-03-03 10:20:34 INFO user logout
2026-03-03 10:20:35 WARN database timeout
2026-03-03 10:20:37 INFO invalid token
2026-03-03 10:20:38 INFO request handled
2026-03-03 10:20:40 ERROR disk usage high
2026-03-03 10:20:44 INFO invalid token
2026-03-03 10:20:48 WARN cache miss
2026-03-03 10:20:52 INFO config reloaded
2026-03-03 10:20:54 INFO user login ok
2026-03-03 10:20:56 WARN database timeout
2026-03-03 10:20:58 INFO user login ok
2026-03-03 10:21:00 WARN cache hit
2026-03-03 10:21:03 INFO connection reset by peer
2026-03-03 10:21:04 INFO user logout
2026-03-03 10:21:06 ERROR user login ok
2026-03-03 10:21:10 INFO background job finished
2026-03-03 10:21:11 INFO slow query detected
2026-03-03 10:21:12 INFO cache miss
2026-03-03 10:21:14 WARN user login ok
2026-03-03 10:21:15 INFO invalid token
2026-03-03 10:21:17 INFO user logout
2026-03-03 10:21:18 INFO user login ok
2026-03-03 10:21:22 INFO user login ok
2026-03-03 10:21:26 INFO invalid token
2026-03-03 10:21:28 INFO user login ok
2026-03-03 10:21:30 INFO cache miss
2026-03-03 10:21:32 INFO background job finished
2026-03-03 10:21:35 WARN user login ok
2026-03-03 10:21:37 INFO request handled
2026-03-03 10:21:39 WARN user login ok
2026-03-03 10:21:41 INFO user login ok
2026-03-03 10:21:42 INFO config reloaded
2026-03-03 10:21:43 INFO cache miss
2026-03-03 10:21:44 WARN cache hit
2026-03-03 10:21:46 INFO invalid token
2026-03-03 10:21:50 INFO user logout
2026-03-03 10:21:54 INFO database timeout
2026-03-03 10:21:57 INFO config reloaded
2026-03-03 10:22:00 WARN database timeout
2026-03-03 10:22:04 ERROR disk usage high
2026-03-03 10:22:08 INFO user login ok
2026-03-03 10:22:11 INFO cache hit
2026-03-03 10:22:14 INFO user login ok
2026-03-03 10:22:18 INFO user login ok
2026-03-03 10:22:19 INFO user login ok
2026-03-03 10:22:22 INFO database timeout
2026-03-03 10:22:24 WARN user login ok
2026-03-03 10:22:28 INFO cache hit
2026-03-03 10:22:31 INFO user login ok
2026-03-03 10:22:34 INFO user login ok
2026-03-03 10:22:37 INFO user login ok
2026-03-03 10:22:40 INFO config reloaded
2026-03-03 10:22:41 INFO user login ok
2026-03-03 10:22:43 INFO cache miss
2026-03-03 10:22:46 INFO user login ok
2026-03-03 10:22:50 INFO user login ok
2026-03-03 10:22:53 INFO cache miss
2026-03-03 10:22:56 INFO slow query detected
2026-03-03 10:22:57 WARN invalid token
2026-03-03 10:23:01 INFO invalid token
2026-03-03 10:23:05 INFO invalid token
2026-03-03 10:23:08 ERROR connection reset by peer
2026-03-03 10:23:11 INFO cache hit
2026-03-03 10:23:15 INFO user logout
2026-03-03 10:23:19 INFO database timeout
2026-03-03 10:23:22 INFO background job finished
2026-03-03 10:23:23 INFO user login ok
2026-03-03 10:23:24 INFO invalid token
2026-03-03 10:23:27 WARN database timeout
2026-03-03 10:23:30 INFO user login ok
2026-03-03 10:23:34 ERROR slow query detected
2026-03-03 10:23:37 INFO user login ok
2026-03-03 10:23:41 WARN user login ok
2026-03-03 10:23:42 INFO connection reset by peer
2026-03-03 10:23:45 INFO invalid token
2026-03-03 10:23:47 INFO slow query detected
2026-03-03 10:23:51 INFO config reloaded
2026-03-03 10:23:54 INFO cache hit
2026-03-03 10:23:58 INFO connection reset by peer
2026-03-03 10:24:02 INFO user login ok
2026-03-03 10:24:03 INFO user login ok
2026-03-03 10:24:05 WARN user login ok
2026-03-03 10:24:06 INFO database timeout
2026-03-03 10:24:10 INFO user logout
2026-03-03 10:24:13 INFO request handled
2026-03-03 10:24:17 INFO request handled
2026-03-03 10:24:19 ERROR slow query detected
2026-03-03 10:24:21 INFO user logout
2026-03-03 10:24:23 INFO user logout
2026-03-03 10:24:24 INFO cache hit
2026-03-03 10:24:25 INFO invalid token
2026-03-03 10:24:29 INFO cache hit
2026-03-03 10:24:32 INFO user login ok
### повреждённая строка ###
2026-03-03 10:24:38 INFO request handled
2026-03-03 10:24:41 INFO user login ok
2026-03-03 10:24:44 INFO user login ok
2026-03-03 10:24:48 INFO config reloaded
2026-03-03 10:24:51 INFO user login ok
2026-03-03 10:24:54 INFO user login ok
2026-03-03 10:24:58 INFO user login ok
2026-03-03 10:25:00 INFO cache hit
2026-03-03 10:25:04 WARN user login ok
2026-03-03 10:25:08 INFO cache miss
2026-03-03 10:25:11 INFO cache hit
2026-03-03 10:25:13 INFO user login ok
2026-03-03 10:25:15 INFO user login ok
2026-03-03 10:25:18 INFO cache hit
2026-03-03 10:25:20 INFO cache miss
2026-03-03 10:25:23 WARN database timeout
2026-03-03 10:25:24 INFO cache hit
2026-03-03 10:25:25 INFO config reloaded
2026-03-03 10:25:26 INFO user login ok
2026-03-03 10:25:30 INFO config reloaded
2026-03-03 10:25:31 WARN cache miss
2026-03-03 10:25:33 WARN user login ok
2026-03-03 10:25:37 INFO slow query detected
2026-03-03 10:25:40 INFO request handled
2026-03-03 10:25:41 INFO user login ok
2026-03-03 10:25:44 INFO connection reset by peer
2026-03-03 10:25:45 ERROR slow query detected
2026-03-03 10:25:49 ERROR disk usage high
2026-03-03 10:25:52 INFO background job finished
2026-03-03 10:25:55 INFO config reloaded
2026-03-03 10:25:57 ERROR config reloaded
2026-03-03 10:25:59 INFO user logout
2026-03-03 10:26:01 INFO user logout
2026-03-03 10:26:04 INFO user login ok
2026-03-03 10:26:08 INFO user logout
