2026-03-02 00:00:02 INFO cache miss
2026-03-02 00:00:06 INFO cache hit
2026-03-02 00:00:08 INFO user login ok
2026-03-02 00:00:11 WARN connection reset by peer
2026-03-02 00:00:12 INFO request handled
2026-03-02 00:00:13 INFO cache hit
2026-03-02 00:00:14 INFO user login ok
2026-03-02 00:00:16 INFO invalid token
2026-03-02 00:00:20 INFO disk usage high
2026-03-02 00:00:23 INFO request handled
2026-03-02 00:00:26 WARN config reloaded
2026-03-02 00:00:29 INFO user login ok
2026-03-02 00:00:30 INFO user login ok
2026-03-02 00:00:34 INFO user login ok
2026-03-02 00:00:37 WARN background job finished
2026-03-02 00:00:38 INFO connection reset by peer
2026-03-02 00:00:39 INFO cache hit
2026-03-02 00:00:43 INFO database timeout
2026-03-02 00:00:44 INFO user login ok
2026-03-02 00:00:46 INFO connection reset by peer
2026-03-02 00:00:49 ERROR connection reset by peer
2026-03-02 00:00:52 INFO disk usage high
2026-03-02 00:00:53 INFO cache miss
2026-03-02 00:00:54 INFO user logout
2026-03-02 00:00:58 INFO cache miss
2026-03-02 00:01:02 INFO cache hit
2026-03-02 00:01:04 INFO config reloaded
2026-03-02 00:01:07 INFO slow query detected
2026-03-02 00:01:09 INFO database timeout
2026-03-02 00:01:11 INFO user login ok
2026-03-02 00:01:13 INFO connection reset by peer
2026-03-02 00:01:14 WARN database timeout
2026-03-02 00:01:16 WARN connection reset by peer
2026-03-02 00:01:17 INFO user login ok
2026-03-02 00:01:20 INFO connection reset by peer
2026-03-02 00:01:24 WARN user login ok
2026-03-02 00:01:26 INFO config reloaded
2026-03-02 00:01:30 WARN user logout
2026-03-02 00:01:34 ERROR disk usage high
2026-03-02 00:01:38 WARN request handled
2026-03-02 00:01:42 INFO background job finished
2026-03-02 00:01:45 WARN user login ok
2026-03-02 00:01:47 INFO user login ok
2026-03-02 00:01:49 INFO database timeout
2026-03-02 00:01:51 WARN slow query detected
2026-03-02 00:01:54 INFO user login ok
2026-03-02 00:01:55 INFO user login ok
2026-03-02 00:01:56 INFO disk usage high
2026-03-02 00:01:59 ERROR cache miss
2026-03-02 00:02:01 WARN cache hit
2026-03-02 00:02:05 INFO slow query detected
2026-03-02 00:02:07 INFO connection reset by peer
2026-03-02 00:02:10 INFO user login ok
2026-03-02 00:02:13 INFO disk usage high
2026-03-02 00:02:16 INFO background job finished
2026-03-02 00:02:20 INFO user login ok
2026-03-02 00:02:24 INFO user logout
2026-03-02 00:02:28 INFO invalid token
2026-03-02 00:02:31 INFO user logout
2026-03-02 00:02:33 WARN disk usage high
2026-03-02 00:02:34 INFO user logout
2026-03-02 00:02:35 INFO user login ok
2026-03-02 00:02:36 INFO config reloaded
2026-03-02 00:02:40 INFO background job finished
2026-03-02 00:02:43 INFO cache miss
2026-03-02 00:02:44 INFO user login ok
2026-03-02 00:02:45 ERROR user login ok
2026-03-02 00:02:48 WARN request handled
2026-03-02 00:02:51 WARN user login ok
2026-03-02 00:02:53 ERROR user logout
2026-03-02 00:02:56 INFO user login ok
2026-03-02 00:02:57 WARN user logout
2026-03-02 00:03:01 INFO background job finished
2026-03-02 00:03:04 INFO user logout
2026-03-02 00:03:06 INFO user login ok
2026-03-02 00:03:09 INFO user logout
2026-03-02 00:03:10 INFO slow query detected
2026-03-02 00:03:12 ERROR user login ok
2026-03-02 00:03:16 INFO user login ok
2026-03-02 00:03:18 INFO database timeout
2026-03-02 00:03:19 INFO user login ok
2026-03-02 00:03:20 INFO user login ok
2026-03-02 00:03:22 INFO invalid token
2026-03-02 00:03:25 INFO user login ok
2026-03-02 00:03:26 INFO cache hit
2026-03-02 00:03:29 WARN user login ok
2026-03-02 00:03:30 INFO background job finished
2026-03-02 00:03:34 INFO background job finished
2026-03-02 00:03:37 INFO cache hit
### повреждённая строка ###
2026-03-02 00:03:42 WARN background job finished
2026-03-02 00:03:45 INFO disk usage high
2026-03-02 00:03:47 INFO user login ok
2026-03-02 00:03:51 INFO user logout
2026-03-02 00:03:53 WARN user login ok
2026-03-02 00:03:56 INFO background job finished
2026-03-02 00:03:57 INFO cache miss
2026-03-02 00:04:00 INFO cache miss
2026-03-02 00:04:02 INFO user logout
2026-03-02 00:04:06 INFO database timeout
2026-03-02 00:04:09 INFO user login ok
2026-03-02 00:04:11 INFO user logout
2026-03-02 00:04:12 INFO connection reset by peer
2026-03-02 00:04:15 INFO cache miss
2026-03-02 00:04:16 INFO user login ok
2026-03-02 00:04:19 ERROR user login ok
2026-03-02 00:04:21 INFO connection reset by peer
2026-03-02 00:04:23 INFO connection reset by peer
2026-03-02 00:04:25 INFO disk usage high
### повреждённая строка ###
### повреждённая строка ###
2026-03-02 00:04:32 INFO request handled
2026-03-02 00:04:34 INFO request handled
2026-03-02 00:04:36 WARN user logout
2026-03-02 00:04:38 INFO slow query detected
2026-03-02 00:04:41 ERROR user login ok
2026-03-02 00:04:45 INFO slow query detected
2026-03-02 00:04:49 INFO connection reset by peer
2026-03-02 00:04:50 INFO request handled
2026-03-02 00:04:51 INFO database timeout
2026-03-02 00:04:53 WARN cache hit
2026-03-02 00:04:55 WARN request handled
2026-03-02 00:04:58 ERROR user logout
2026-03-02 00:05:01 INFO user login ok
2026-03-02 00:05:04 INFO cache hit
2026-03-02 00:05:06 INFO cache miss
2026-03-02 00:05:09 ERROR user logout
2026-03-02 00:05:10 INFO user login ok
2026-03-02 00:05:11 INFO connection reset by peer
2026-03-02 00:05:15 INFO user login ok
2026-03-02 00:05:19 INFO user login ok
2026-03-02 00:05:22 INFO background job finished
2026-03-02 00:05:24 INFO user login ok
2026-03-02 00:05:25 WARN user login ok
2026-03-02 00:05:27 WARN invalid token
2026-03-02 00:05:30 INFO cache hit
2026-03-02 00:05:32 WARN slow query detected
2026-03-02 00:05:36 INFO invalid token
2026-03-02 00:05:40 INFO slow query detected
2026-03-02 00:05:41 INFO user logout
2026-03-02 00:05:44 INFO user login ok
2026-03-02 00:05:46 INFO user login ok
2026-03-02 00:05:47 INFO request handled
2026-03-02 00:05:50 INFO background job finished
2026-03-02 00:05:51 INFO connection reset by peer
2026-03-02 00:05:55 INFO cache hit
2026-03-02 00:05:59 INFO cache hit
2026-03-02 00:06:02 INFO user login ok
2026-03-02 00:06:05 INFO user login ok
2026-03-02 00:06:07 INFO background job finished
2026-03-02 00:06:08 INFO disk usage high
2026-03-02 00:06:12 ERROR cache hit
2026-03-02 00:06:15 INFO user login ok
2026-03-02 00:06:19 WARN invalid token
2026-03-02 00:06:22 INFO cache miss
2026-03-02 00:06:26 INFO request handled
2026-03-02 00:06:28 INFO user login ok
2026-03-02 00:06:29 INFO disk usage high
2026-03-02 00:06:33 INFO user login ok
2026-03-02 00:06:37 WARN request handled
2026-03-02 00:06:39 INFO background job finished
2026-03-02 00:06:42 INFO cache miss
2026-03-02 00:06:46 INFO user login ok
2026-03-02 00:06:49 INFO user logout
2026-03-02 00:06:53 INFO user login ok
2026-03-02 00:06:56 INFO invalid token
2026-03-02 00:06:58 INFO user login ok
2026-03-02 00:07:01 INFO user login ok
2026-03-02 00:07:03 INFO slow query detected
2026-03-02 00:07:04 INFO user login ok
2026-03-02 00:07:05 INFO invalid token
2026-03-02 00:07:06 INFO cache miss
2026-03-02 00:07:08 INFO user logout
2026-03-02 00:07:11 INFO database timeout
2026-03-02 00:07:12 INFO user login ok
2026-03-02 00:07:14 INFO user login ok
2026-03-02 00:07:15 INFO cache miss
2026-03-02 00:07:16 INFO user logout
2026-03-02 00:07:18 INFO disk usage high
2026-03-02 00:07:19 INFO user logout
2026-03-02 00:07:20 INFO disk usage high
2026-03-02 00:07:21 ERROR request handled
2026-03-02 00:07:23 INFO background job finished
2026-03-02 00:07:26 INFO user login ok
2026-03-02 00:07:30 ERROR config reloaded
2026-03-02 00:07:31 INFO disk usage high
2026-03-02 00:07:32 INFO user login ok
2026-03-02 00:07:36 INFO cache miss
2026-03-02 00:07:38 INFO user login ok
2026-03-02 00:07:41 INFO user login ok
2026-03-02 00:07:45 INFO user login ok
2026-03-02 00:07:49 INFO user login ok
2026-03-02 00:07:50 INFO cache hit
2026-03-02 00:07:54 INFO connection reset by peer
2026-03-02 00:07:58 INFO slow query detected
2026-03-02 00:08:01 INFO config reloaded
2026-03-02 00:08:03 INFO user login ok
2026-03-02 00:08:04 INFO request handled
2026-03-02 00:08:06 INFO database timeout
2026-03-02 00:08:07 ERROR request handled
2026-03-02 00:08:08 INFO user login ok
2026-03-02 00:08:10 INFO cache miss
2026-03-02 00:08:11 INFO request handled
2026-03-02 00:08:15 INFO cache hit
2026-03-02 00:08:17 INFO database timeout
2026-03-02 00:08:20 INFO cache hit
2026-03-02 00:08:24 WARN slow query detected
2026-03-02 00:08:26 INFO user logout
2026-03-02 00:08:27 INFO request handled
2026-03-02 00:08:28 INFO connection reset by peer
2026-03-02 00:08:29 ERROR user logout
2026-03-02 00:08:33 WARN background job finished
2026-03-02 00:08:34 INFO disk usage high
2026-03-02 00:08:35 INFO config reloaded
2026-03-02 00:08:39 INFO user logout
2026-03-02 00:08:42 INFO user login ok
2026-03-02 00:08:45 INFO request handled
2026-03-02 00:08:49 INFO database timeout
2026-03-02 00:08:50 INFO database timeout
2026-03-02 00:08:51 INFO user logout
2026-03-02 00:08:53 INFO user login ok
2026-03-02 00:08:56 WARN cache miss
2026-03-02 00:08:58 INFO database timeout
2026-03-02 00:08:59 INFO user login ok
2026-03-02 00:09:01 INFO user login ok
2026-03-02 00:09:03 INFO disk usage high
2026-03-02 00:09:06 INFO request handled
2026-03-02 00:09:09 INFO disk usage high
2026-03-02 00:09:12 INFO cache hit
2026-03-02 00:09:15 INFO config reloaded
2026-03-02 00:09:19 WARN user login ok
2026-03-02 00:09:23 INFO user logout
2026-03-02 00:09:27 INFO user logout
2026-03-02 00:09:31 INFO disk usage high
2026-03-02 00:09:33 INFO background job finished
2026-03-02 00:09:36 WARN user logout
2026-03-02 00:09:37 INFO request handled
2026-03-02 00:09:41 INFO user login ok
2026-03-02 00:09:44 INFO cache hit
2026-03-02 00:09:46 ERROR user login ok
2026-03-02 00:09:48 INFO invalid token
2026-03-02 00:09:50 WARN invalid token
2026-03-02 00:09:51 INFO user login ok
2026-03-02 00:09:54 INFO config reloaded
2026-03-02 00:09:58 INFO connection reset by peer
2026-03-02 00:09:59 INFO user login ok
2026-03-02 00:10:01 INFO user login ok
### повреждённая строка ###
2026-03-02 00:10:08 INFO background job finished
2026-03-02 00:10:10 INFO disk usage high
2026-03-02 00:10:12 INFO user logout
2026-03-02 00:10:15 ERROR disk usage high
2026-03-02 00:10:18 INFO slow query detected
2026-03-02 00:10:19 INFO user logout
2026-03-02 00:10:23 INFO user logout
2026-03-02 00:10:25 INFO user logout
2026-03-02 00:10:26 WARN user login ok
2026-03-02 00:10:28 INFO cache hit
2026-03-02 00:10:30 INFO slow query detected
2026-03-02 00:10:32 INFO user logout
2026-03-02 00:10:33 INFO user login ok
2026-03-02 00:10:36 INFO user logout
2026-03-02 00:10:39 INFO user login ok
2026-03-02 00:10:42 INFO config reloaded
2026-03-02 00:10:43 INFO request handled
2026-03-02 00:10:45 INFO user login ok
2026-03-02 00:10:46 INFO cache hit
2026-03-02 00:10:49 INFO user login ok
2026-03-02 00:10:52 INFO user logout
2026-03-02 00:10:54 INFO config reloaded
2026-03-02 00:10:57 INFO user login ok
2026-03-02 00:11:00 INFO request handled
2026-03-02 00:11:03 WARN user login ok
2026-03-02 00:11:06 INFO user login ok
2026-03-02 00:11:10 INFO cache miss
2026-03-02 00:11:14 INFO user logout
2026-03-02 00:11:16 INFO user login ok
2026-03-02 00:11:20 WARN connection reset by peer
2026-03-02 00:11:21 INFO user login ok
2026-03-02 00:11:25 INFO slow query detected
2026-03-02 00:11:28 INFO cache hit
2026-03-02 00:11:29 INFO user login ok
2026-03-02 00:11:31 INFO disk usage high
2026-03-02 00:11:34 INFO user login ok
2026-03-02 00:11:36 INFO connection reset by peer
2026-03-02 00:11:40 ERROR background job finished
2026-03-02 00:11:41 INFO user login ok
2026-03-02 00:11:45 INFO user login ok
2026-03-02 00:11:47 WARN background job finished
2026-03-02 00:11:51 INFO slow query detected
2026-03-02 00:11:53 INFO disk usage high
2026-03-02 00:11:54 INFO user login ok
2026-03-02 00:11:58 INFO user logout
2026-03-02 00:11:59 INFO slow query detected
2026-03-02 00:12:01 INFO config reloaded
2026-03-02 00:12:03 INFO disk usage high
2026-03-02 00:12:04 INFO config reloaded
2026-03-02 00:12:06 INFO user login ok
2026-03-02 00:12:07 INFO user logout
2026-03-02 00:12:09 INFO request handled
2026-03-02 00:12:13 INFO request handled
2026-03-02 00:12:17 INFO slow query detected
2026-03-02 00:12:18 INFO user login ok
2026-03-02 00:12:19 INFO slow query detected
2026-03-02 00:12:22 INFO disk usage high
2026-03-02 00:12:23 INFO slow query detected
2026-03-02 00:12:25 INFO user login ok
2026-03-02 00:12:26 WARN cache miss
2026-03-02 00:12:30 INFO user login ok
2026-03-02 00:12:34 INFO user login ok
2026-03-02 00:12:38 INFO request handled
2026-03-02 00:12:41 INFO user logout
2026-03-02 00:12:42 INFO user login ok
2026-03-02 00:12:43 INFO cache hit
2026-03-02 00:12:45 WARN user login ok
2026-03-02 00:12:47 INFO user login ok
2026-03-02 00:12:48 ERROR slow query detected
2026-03-02 00:12:50 ERROR user login ok
2026-03-02 00:12:53 INFO connection reset by peer
2026-03-02 00:12:55 WARN request handled
2026-03-02 00:12:59 INFO user login ok
### повреждённая строка ###
2026-03-02 00:13:05 ERROR request handled
2026-03-02 00:13:06 INFO slow query detected
2026-03-02 00:13:07 INFO user logout
2026-03-02 00:13:09 INFO user login ok
2026-03-02 00:13:12 WARN slow query detected
2026-03-02 00:13:16 INFO user logout
2026-03-02 00:13:19 INFO user logout
2026-03-02 00:13:22 INFO connection reset by peer
2026-03-02 00:13:24 INFO disk usage high
2026-03-02 00:13:25 INFO slow query detected
2026-03-02 00:13:26 INFO user logout
2026-03-02 00:13:29 INFO cache miss
2026-03-02 00:13:33 INFO disk usage high
2026-03-02 00:13:35 INFO slow query detected
2026-03-02 00:13:36 INFO request handled
2026-03-02 00:13:37 WARN cache hit
2026-03-02 00:13:40 INFO request handled
2026-03-02 00:13:41 INFO background job finished
2026-03-02 00:13:43 INFO slow query detected
2026-03-02 00:13:47 INFO user login ok
2026-03-02 00:13:51 INFO invalid token
2026-03-02 00:13:54 INFO cache hit
2026-03-02 00:13:58 INFO user logout
2026-03-02 00:14:00 ERROR slow query detected
2026-03-02 00:14:04 INFO slow query detected
2026-03-02 00:14:05 INFO user logout
2026-03-02 00:14:06 INFO disk usage high
2026-03-02 00:14:10 INFO user login ok
2026-03-02 00:14:11 INFO background job finished
2026-03-02 00:14:13 INFO user login ok
2026-03-02 00:14:16 INFO user login ok
2026-03-02 00:14:20 WARN user logout
2026-03-02 00:14:21 INFO invalid token
2026-03-02 00:14:22 INFO disk usage high
2026-03-02 00:14:26 INFO cache miss
2026-03-02 00:14:28 INFO invalid token
2026-03-02 00:14:30 INFO user login ok
2026-03-02 00:14:34 INFO config reloaded
2026-03-02 00:14:37 INFO user login ok
2026-03-02 00:14:40 INFO connection reset by peer
2026-03-02 00:14:41 INFO background job finished
2026-03-02 00:14:45 WARN connection reset by peer
2026-03-02 00:14:49 ERROR user login ok
2026-03-02 00:14:53 INFO user login ok
2026-03-02 00:14:54 WARN user login ok
2026-03-02 00:14:56 INFO connection reset by peer
2026-03-02 00:14:58 INFO connection reset by peer
2026-03-02 00:15:01 INFO disk usage high
2026-03-02 00:15:02 INFO database timeout
2026-03-02 00:15:04 INFO user login ok
2026-03-02 00:15:08 ERROR database timeout
2026-03-02 00:15:10 INFO user login ok
2026-03-02 00:15:11 WARN slow query detected
2026-03-02 00:15:12 INFO user login ok
2026-03-02 00:15:15 ERROR connection reset by peer
2026-03-02 00:15:16 INFO cache miss
2026-03-02 00:15:18 INFO cache hit
2026-03-02 00:15:20 WARN request handled
2026-03-02 00:15:24 INFO user login ok
2026-03-02 00:15:26 INFO database timeout
2026-03-02 00:15:28 INFO cache hit
2026-03-02 00:15:32 WARN user login ok
2026-03-02 00:15:36 INFO config reloaded
2026-03-02 00:15:39 ERROR background job finished
2026-03-02 00:15:41 INFO user login ok
2026-03-02 00:15:42 INFO cache hit
2026-03-02 00:15:43 ERROR cache hit
2026-03-02 00:15:44 WARN cache miss
2026-03-02 00:15:46 INFO user login ok
2026-03-02 00:15:49 INFO user login ok
2026-03-02 00:15:50 INFO user logout
2026-03-02 00:15:54 INFO cache miss
2026-03-02 00:15:57 INFO disk usage high
2026-03-02 00:16:00 INFO database timeout
2026-03-02 00:16:03 INFO user logout
2026-03-02 00:16:04 INFO user login ok
2026-03-02 00:16:06 INFO database timeout
2026-03-02 00:16:09 INFO disk usage high
2026-03-02 00:16:10 INFO user login ok
2026-03-02 00:16:14 INFO cache hit
2026-03-02 00:16:18 INFO request handled
2026-03-02 00:16:22 INFO connection reset by peer
2026-03-02 00:16:24 INFO disk usage high
2026-03-02 00:16:26 INFO user login ok
2026-03-02 00:16:27 INFO database timeout
2026-03-02 00:16:31 INFO user logout
2026-03-02 00:16:32 INFO cache miss
2026-03-02 00:16:36 INFO cache miss
2026-03-02 00:16:37 INFO cache hit
2026-03-02 00:16:39 WARN cache miss
2026-03-02 00:16:40 INFO background job finished
2026-03-02 00:16:44 INFO background job finished
2026-03-02 00:16:48 INFO user logout
2026-03-02 00:16:49 INFO config reloaded
2026-03-02 00:16:53 INFO cache hit
2026-03-02 00:16:56 INFO user login ok
2026-03-02 00:17:00 INFO user login ok
2026-03-02 00:17:04 INFO database timeout
2026-03-02 00:17:06 INFO disk usage high
2026-03-02 00:17:08 INFO cache hit
2026-03-02 00:17:11 INFO user login ok
2026-03-02 00:17:12 INFO user login ok
2026-03-02 00:17:16 INFO database timeout
2026-03-02 00:17:17 INFO invalid token
2026-03-02 00:17:19 INFO slow query detected
2026-03-02 00:17:20 INFO user login ok
2026-03-02 00:17:23 INFO user login ok
2026-03-02 00:17:24 INFO cache miss
2026-03-02 00:17:27 INFO slow query detected
2026-03-02 00:17:31 ERROR cache hit
2026-03-02 00:17:33 WARN background job finished
2026-03-02 00:17:35 INFO request handled
2026-03-02 00:17:36 INFO invalid token
2026-03-02 00:17:40 INFO cache miss
2026-03-02 00:17:41 INFO config reloaded
2026-03-02 00:17:44 INFO connection reset by peer
2026-03-02 00:17:48 WARN user login ok
2026-03-02 00:17:50 INFO disk usage high
2026-03-02 00:17:51 INFO user login ok
2026-03-02 00:17:52 INFO background job finished
2026-03-02 00:17:55 INFO user logout
2026-03-02 00:17:58 INFO database timeout
2026-03-02 00:18:00 INFO connection reset by peer
2026-03-02 00:18:04 INFO user login ok
2026-03-02 00:18:08 WARN request handled
2026-03-02 00:18:10 INFO database timeout
2026-03-02 00:18:13 ERROR connection reset by peer
2026-03-02 00:18:15 INFO disk usage high
2026-03-02 00:18:16 INFO user login ok
2026-03-02 00:18:20 INFO cache hit
2026-03-02 00:18:23 INFO cache hit
2026-03-02 00:18:26 INFO user login ok
2026-03-02 00:18:27 INFO user login ok
2026-03-02 00:18:28 WARN invalid token
2026-03-02 00:18:29 INFO connection reset by peer
2026-03-02 00:18:33 INFO user login ok
2026-03-02 00:18:36 INFO user login ok
2026-03-02 00:18:40 INFO cache miss
2026-03-02 00:18:42 INFO slow query detected
2026-03-02 00:18:45 INFO invalid token
2026-03-02 00:18:46 WARN user login ok
2026-03-02 00:18:48 INFO cache miss
2026-03-02 00:18:51 INFO user login ok
2026-03-02 00:18:55 WARN request handled
2026-03-02 00:18:59 INFO disk usage high
2026-03-02 00:19:01 INFO user logout
2026-03-02 00:19:03 WARN user login ok
2026-03-02 00:19:06 INFO user logout
2026-03-02 00:19:10 INFO user login ok
2026-03-02 00:19:11 INFO user logout
2026-03-02 00:19:15 WARN user logout
2026-03-02 00:19:19 INFO user login ok
2026-03-02 00:19:21 INFO slow query detected
2026-03-02 00:19:22 INFO user login ok
2026-03-02 00:19:25 INFO connection reset by peer
2026-03-02 00:19:29 INFO request handled
2026-03-02 00:19:31 INFO user logout
2026-03-02 00:19:35 INFO user login ok
2026-03-02 00:19:37 WARN user logout
2026-03-02 00:19:38 INFO disk usage high
2026-03-02 00:19:42 INFO database timeout
2026-03-02 00:19:44 ERROR user logout
2026-03-02 00:19:47 INFO user logout
2026-03-02 00:19:49 ERROR disk usage high
2026-03-02 00:19:53 INFO disk usage high
2026-03-02 00:19:56 INFO disk usage high
2026-03-02 00:19:57 INFO user login ok
2026-03-02 00:20:01 INFO user login ok
2026-03-02 00:20:05 INFO user login ok
2026-03-02 00:20:07 WARN request handled
2026-03-02 00:20:08 WARN user login ok
2026-03-02 00:20:09 INFO slow query detected
2026-03-02 00:20:11 INFO config reloaded
2026-03-02 00:20:15 INFO connection reset by peer
2026-03-02 00:20:17 WARN user login ok
2026-03-02 00:20:21 INFO disk usage high
2026-03-02 00:20:23 INFO disk usage high
2026-03-02 00:20:24 INFO request handled
2026-03-02 00:20:26 ERROR user login ok
2026-03-02 00:20:28 WARN user login ok
2026-03-02 00:20:30 INFO cache hit
2026-03-02 00:20:34 INFO user logout
2026-03-02 00:20:36 WARN config reloaded
2026-03-02 00:20:37 ERROR config reloaded
2026-03-02 00:20:38 ERROR user login ok
2026-03-02 00:20:39 ERROR invalid token
2026-03-02 00:20:43 INFO user login ok
2026-03-02 00:20:44 INFO cache hit
2026-03-02 00:20:46 INFO background job finished
2026-03-02 00:20:48 INFO request handled
2026-03-02 00:20:50 WARN cache miss
2026-03-02 00:20:51 INFO cache hit
2026-03-02 00:20:52 WARN user login ok
2026-03-02 00:20:56 INFO disk usage high
2026-03-02 00:20:57 INFO slow query detected
2026-03-02 00:20:59 INFO user login ok
2026-03-02 00:21:01 INFO user login ok
2026-03-02 00:21:05 INFO user logout
2026-03-02 00:21:08 INFO cache miss
2026-03-02 00:21:10 ERROR background job finished
2026-03-02 00:21:12 INFO cache hit
2026-03-02 00:21:16 INFO user login ok
2026-03-02 00:21:17 INFO user login ok
2026-03-02 00:21:18 INFO connection reset by peer
2026-03-02 00:21:22 ERROR disk usage high
2026-03-02 00:21:24 INFO user logout
2026-03-02 00:21:27 INFO user login ok
2026-03-02 00:21:29 INFO cache miss
2026-03-02 00:21:31 INFO background job finished
2026-03-02 00:21:34 INFO request handled
2026-03-02 00:21:37 INFO disk usage high
2026-03-02 00:21:38 INFO user login ok
2026-03-02 00:21:40 INFO cache miss
2026-03-02 00:21:42 ERROR database timeout
2026-03-02 00:21:46 INFO invalid token
2026-03-02 00:21:48 WARN cache miss
2026-03-02 00:21:51 INFO request handled
2026-03-02 00:21:55 INFO request handled
2026-03-02 00:21:57 INFO user login ok
2026-03-02 00:22:00 INFO disk usage high
2026-03-02 00:22:01 INFO cache miss
2026-03-02 00:22:04 WARN user login ok
2026-03-02 00:22:05 INFO cache hit
2026-03-02 00:22:08 INFO user logout
2026-03-02 00:22:10 INFO cache hit
2026-03-02 00:22:11 INFO user logout
2026-03-02 00:22:14 INFO user login ok
2026-03-02 00:22:18 INFO config reloaded
2026-03-02 00:22:20 INFO user login ok
2026-03-02 00:22:22 INFO request handled
2026-03-02 00:22:24 WARN disk usage high
2026-03-02 00:22:28 INFO user login ok
2026-03-02 00:22:29 INFO user login ok
2026-03-02 00:22:33 ERROR user login ok
2026-03-02 00:22:37 INFO user login ok
2026-03-02 00:22:39 INFO cache miss
2026-03-02 00:22:43 INFO cache hit
2026-03-02 00:22:47 INFO user logout
2026-03-02 00:22:51 INFO user login ok
2026-03-02 00:22:52 INFO user logout
2026-03-02 00:22:56 INFO slow query detected
2026-03-02 00:22:59 INFO connection reset by peer
2026-03-02 00:23:00 INFO cache hit
2026-03-02 00:23:04 INFO disk usage high
2026-03-02 00:23:08 INFO user logout
2026-03-02 00:23:12 WARN user logout
2026-03-02 00:23:15 INFO user logout
2026-03-02 00:23:17 INFO disk usage high
2026-03-02 00:23:18 INFO cache hit
2026-03-02 00:23:20 INFO user login ok
2026-03-02 00:23:22 ERROR user login ok
2026-03-02 00:23:24 ERROR user login ok
2026-03-02 00:23:25 INFO user login ok
2026-03-02 00:23:26 INFO config reloaded
2026-03-02 00:23:27 INFO cache miss
2026-03-02 00:23:29 INFO background job finished
2026-03-02 00:23:31 INFO cache miss
2026-03-02 00:23:33 INFO user login ok
2026-03-02 00:23:34 INFO user login ok
2026-03-02 00:23:38 WARN user login ok
2026-03-02 00:23:39 INFO cache hit
2026-03-02 00:23:40 INFO user logout
2026-03-02 00:23:42 INFO config reloaded
2026-03-02 00:23:45 INFO cache hit
2026-03-02 00:23:48 INFO cache miss
2026-03-02 00:23:50 INFO invalid token
2026-03-02 00:23:52 INFO cache miss
2026-03-02 00:23:56 INFO connection reset by peer
2026-03-02 00:23:59 WARN disk usage high
2026-03-02 00:24:03 INFO user login ok
2026-03-02 00:24:07 INFO config reloaded
2026-03-02 00:24:11 INFO config reloaded
2026-03-02 00:24:15 INFO cache miss
2026-03-02 00:24:18 INFO disk usage high
2026-03-02 00:24:22 INFO user login ok
2026-03-02 00:24:24 WARN cache miss
2026-03-02 00:24:28 INFO background job finished
2026-03-02 00:24:31 INFO cache hit
2026-03-02 00:24:32 WARN invalid token
2026-03-02 00:24:34 INFO connection reset by peer
2026-03-02 00:24:37 INFO slow query detected
2026-03-02 00:24:40 INFO invalid token
2026-03-02 00:24:42 INFO user login ok
2026-03-02 00:24:46 INFO cache miss
2026-03-02 00:24:48 INFO cache miss
2026-03-02 00:24:49 WARN user login ok
2026-03-02 00:24:51 INFO cache hit
2026-03-02 00:24:53 INFO background job finished
2026-03-02 00:24:56 INFO config reloaded
2026-03-02 00:24:57 INFO invalid token
2026-03-02 00:24:58 INFO request handled
2026-03-02 00:25:02 WARN request handled
2026-03-02 00:25:06 INFO connection reset by peer
2026-03-02 00:25:08 INFO config reloaded
2026-03-02 00:25:09 WARN config reloaded
2026-03-02 00:25:10 WARN user logout
2026-03-02 00:25:12 INFO user login ok
2026-03-02 00:25:16 INFO user login ok
2026-03-02 00:25:18 WARN connection reset by peer
2026-03-02 00:25:20 INFO cache miss
2026-03-02 00:25:23 WARN cache hit
2026-03-02 00:25:24 INFO user login ok
2026-03-02 00:25:27 WARN user login ok
2026-03-02 00:25:28 INFO user logout
2026-03-02 00:25:30 INFO config reloaded
2026-03-02 00:25:34 INFO disk usage high
2026-03-02 00:25:35 INFO user logout
2026-03-02 00:25:39 INFO user logout
2026-03-02 00:25:43 INFO slow query detected
2026-03-02 00:25:46 INFO user login ok
2026-03-02 00:25:48 INFO disk usage high
2026-03-02 00:25:52 INFO disk usage high
2026-03-02 00:25:53 INFO cache miss
2026-03-02 00:25:54 INFO user login ok
2026-03-02 00:25:58 INFO connection reset by peer
2026-03-02 00:26:01 INFO cache miss
2026-03-02 00:26:02 INFO connection reset by peer
2026-03-02 00:26:05 WARN config reloaded
2026-03-02 00:26:07 WARN user login ok
2026-03-02 00:26:08 INFO disk usage high
2026-03-02 00:26:09 INFO slow query detected
2026-03-02 00:26:12 INFO cache miss
2026-03-02 00:26:14 INFO user login ok
2026-03-02 00:26:15 ERROR invalid token
2026-03-02 00:26:18 INFO user login ok
2026-03-02 00:26:20 INFO disk usage high
2026-03-02 00:26:23 INFO user login ok
2026-03-02 00:26:26 INFO user login ok
2026-03-02 00:26:29 ERROR cache hit
2026-03-02 00:26:30 INFO cache hit
2026-03-02 00:26:33 INFO user logout
2026-03-02 00:26:37 INFO connection reset by peer
2026-03-02 00:26:40 INFO user logout
2026-03-02 00:26:44 INFO user login ok
2026-03-02 00:26:46 INFO background job finished
2026-03-02 00:26:50 ERROR user login ok
2026-03-02 00:26:53 INFO user login ok
2026-03-02 00:26:56 INFO connection reset by peer
2026-03-02 00:26:58 ERROR cache hit
2026-03-02 00:27:00 INFO user login ok
2026-03-02 00:27:02 INFO background job finished
2026-03-02 00:27:03 INFO user login ok
2026-03-02 00:27:06 INFO invalid token
2026-03-02 00:27:09 INFO user login ok
2026-03-02 00:27:13 INFO user logout
2026-03-02 00:27:15 INFO request handled
2026-03-02 00:27:18 WARN config reloaded
2026-03-02 00:27:21 INFO invalid token
2026-03-02 00:27:24 INFO slow query detected
2026-03-02 00:27:28 INFO user login ok
2026-03-02 00:27:30 INFO user login ok
2026-03-02 00:27:31 INFO slow query detected
2026-03-02 00:27:33 INFO database timeout
2026-03-02 00:27:35 INFO user logout
2026-03-02 00:27:36 WARN connection reset by peer
2026-03-02 00:27:39 INFO slow query detected
2026-03-02 00:27:43 INFO cache hit
2026-03-02 00:27:44 INFO user login ok
2026-03-02 00:27:46 INFO cache hit
2026-03-02 00:27:47 INFO disk usage high
2026-03-02 00:27:48 WARN background job finished
2026-03-02 00:27:50 INFO disk usage high
2026-03-02 00:27:51 INFO database timeout
2026-03-02 00:27:55 INFO slow query detected
2026-03-02 00:27:58 INFO user login ok
2026-03-02 00:28:00 INFO invalid token
2026-03-02 00:28:01 ERROR invalid token
2026-03-02 00:28:03 ERROR cache hit
2026-03-02 00:28:07 ERROR user login ok
2026-03-02 00:28:11 INFO database timeout
2026-03-02 00:28:14 INFO invalid token
2026-03-02 00:28:15 INFO user logout
2026-03-02 00:28:16 INFO database timeout
2026-03-02 00:28:17 INFO request handled
2026-03-02 00:28:19 INFO invalid token
2026-03-02 00:28:20 INFO connection reset by peer
2026-03-02 00:28:23 INFO cache hit
2026-03-02 00:28:25 ERROR invalid token
2026-03-02 00:28:28 WARN user logout
2026-03-02 00:28:31 WARN user login ok
2026-03-02 00:28:35 INFO config reloaded
2026-03-02 00:28:36 INFO cache miss
2026-03-02 00:28:37 INFO config reloaded
2026-03-02 00:28:41 INFO config reloaded
2026-03-02 00:28:43 ERROR request handled
2026-03-02 00:28:44 INFO user login ok
2026-03-02 00:28:47 INFO request handled
2026-03-02 00:28:49 INFO user login ok
2026-03-02 00:28:51 INFO user login ok
2026-03-02 00:28:52 INFO slow query detected
2026-03-02 00:28:56 INFO database timeout
2026-03-02 00:28:59 INFO cache miss
2026-03-02 00:29:01 WARN request handled
2026-03-02 00:29:02 INFO user login ok
2026-03-02 00:29:06 ERROR user login ok
2026-03-02 00:29:09 INFO user logout
2026-03-02 00:29:11 INFO invalid token
2026-03-02 00:29:13 WARN user login ok
2026-03-02 00:29:17 INFO request handled
2026-03-02 00:29:21 INFO config reloaded
2026-03-02 00:29:24 WARN user login ok
2026-03-02 00:29:25 ERROR user login ok
2026-03-02 00:29:29 INFO user login ok
2026-03-02 00:29:30 INFO user login ok
2026-03-02 00:29:34 INFO connection reset by peer
2026-03-02 00:29:37 INFO connection reset by peer
2026-03-02 00:29:39 WARN user login ok
2026-03-02 00:29:41 INFO config reloaded
2026-03-02 00:29:42 INFO disk usage high
2026-03-02 00:29:44 INFO request handled
2026-03-02 00:29:45 INFO user login ok
2026-03-02 00:29:46 INFO user login ok
2026-03-02 00:29:50 INFO background job finished
2026-03-02 00:29:53 INFO cache hit
2026-03-02 00:29:57 INFO database timeout
2026-03-02 00:29:59 INFO cache miss
2026-03-02 00:30:03 WARN user login ok
2026-03-02 00:30:05 INFO user logout
2026-03-02 00:30:09 INFO user login ok
2026-03-02 00:30:12 INFO cache miss
2026-03-02 00:30:15 WARN cache miss
2026-03-02 00:30:16 INFO connection reset by peer
2026-03-02 00:30:19 INFO background job finished
2026-03-02 00:30:23 INFO connection reset by peer
2026-03-02 00:30:25 INFO cache miss
2026-03-02 00:30:26 INFO user login ok
2026-03-02 00:30:28 INFO slow query detected
2026-03-02 00:30:29 INFO cache hit
2026-03-02 00:30:30 INFO invalid token
2026-03-02 00:30:31 INFO cache miss
2026-03-02 00:30:35 INFO user login ok
2026-03-02 00:30:39 INFO user logout
2026-03-02 00:30:41 INFO user login ok
2026-03-02 00:30:44 INFO database timeout
2026-03-02 00:30:48 INFO database timeout
2026-03-02 00:30:49 WARN user login ok
2026-03-02 00:30:50 WARN cache hit
2026-03-02 00:30:51 INFO config reloaded
2026-03-02 00:30:54 INFO connection reset by peer
2026-03-02 00:30:56 INFO cache miss
2026-03-02 00:30:59 INFO disk usage high
2026-03-02 00:31:00 INFO user login ok
2026-03-02 00:31:03 INFO invalid token
2026-03-02 00:31:04 INFO user login ok
2026-03-02 00:31:07 INFO invalid token
2026-03-02 00:31:11 INFO request handled
2026-03-02 00:31:14 INFO cache hit
2026-03-02 00:31:17 INFO cache hit
2026-03-02 00:31:19 INFO connection reset by peer
2026-03-02 00:31:23 INFO user login ok
2026-03-02 00:31:26 INFO slow query detected
2026-03-02 00:31:29 INFO cache miss
2026-03-02 00:31:31 INFO cache miss
2026-03-02 00:31:35 ERROR user login ok
2026-03-02 00:31:38 INFO user login ok
2026-03-02 00:31:39 INFO user login ok
2026-03-02 00:31:42 INFO user logout
2026-03-02 00:31:45 INFO request handled
2026-03-02 00:31:48 WARN invalid token
2026-03-02 00:31:49 WARN request handled
2026-03-02 00:31:53 INFO invalid token
2026-03-02 00:31:55 WARN cache miss
2026-03-02 00:31:58 WARN invalid token
2026-03-02 00:32:01 INFO user login ok
2026-03-02 00:32:02 INFO disk usage high
2026-03-02 00:32:03 INFO connection reset by peer
2026-03-02 00:32:06 INFO request handled
2026-03-02 00:32:08 INFO request handled
2026-03-02 00:32:12 WARN connection reset by peer
2026-03-02 00:32:13 INFO cache miss
2026-03-02 00:32:14 WARN background job finished
2026-03-02 00:32:18 INFO cache miss
2026-03-02 00:32:21 INFO request handled
2026-03-02 00:32:22 INFO cache hit
2026-03-02 00:32:25 INFO cache miss
2026-03-02 00:32:26 WARN user login ok
2026-03-02 00:32:27 INFO user logout
2026-03-02 00:32:30 INFO database timeout
2026-03-02 00:32:34 WARN user login ok
2026-03-02 00:32:38 INFO cache hit
2026-03-02 00:32:39 INFO invalid token
2026-03-02 00:32:40 INFO disk usage high
2026-03-02 00:32:43 WARN database timeout
2026-03-02 00:32:47 INFO cache hit
2026-03-02 00:32:51 WARN cache hit
2026-03-02 00:32:55 INFO cache hit
2026-03-02 00:32:56 ERROR database timeout
2026-03-02 00:32:58 INFO cache hit
2026-03-02 00:33:02 INFO user logout
2026-03-02 00:33:03 INFO background job finished
2026-03-02 00:33:04 INFO user login ok
2026-03-02 00:33:08 INFO connection reset by peer
2026-03-02 00:33:09 INFO cache hit
2026-03-02 00:33:10 INFO slow query detected
2026-03-02 00:33:12 INFO cache hit
2026-03-02 00:33:13 INFO cache hit
2026-03-02 00:33:15 INFO connection reset by peer
2026-03-02 00:33:17 INFO background job finished
2026-03-02 00:33:20 INFO cache hit
2026-03-02 00:33:24 INFO slow query detected
2026-03-02 00:33:26 INFO connection reset by peer
2026-03-02 00:33:27 INFO user logout
2026-03-02 00:33:30 INFO invalid token
2026-03-02 00:33:34 WARN user login ok
2026-03-02 00:33:37 INFO request handled
2026-03-02 00:33:39 INFO slow query detected
2026-03-02 00:33:41 INFO request handled
2026-03-02 00:33:44 WARN user login ok
2026-03-02 00:33:45 WARN slow query detected
2026-03-02 00:33:47 WARN invalid token
2026-03-02 00:33:51 INFO request handled
2026-03-02 00:33:54 WARN request handled
2026-03-02 00:33:58 INFO connection reset by peer
2026-03-02 00:34:02 INFO user logout
2026-03-02 00:34:03 WARN user login ok
2026-03-02 00:34:06 INFO database timeout
2026-03-02 00:34:10 INFO user logout
2026-03-02 00:34:13 INFO user login ok
2026-03-02 00:34:16 INFO database timeout
2026-03-02 00:34:20 INFO user login ok
2026-03-02 00:34:22 INFO user logout
2026-03-02 00:34:23 INFO user login ok
2026-03-02 00:34:26 WARN disk usage high
2026-03-02 00:34:27 INFO user logout
2026-03-02 00:34:29 INFO user logout
2026-03-02 00:34:31 INFO user login ok
2026-03-02 00:34:35 INFO user login ok
2026-03-02 00:34:38 WARN cache hit
2026-03-02 00:34:39 INFO request handled
2026-03-02 00:34:40 ERROR cache miss
2026-03-02 00:34:43 INFO slow query detected
2026-03-02 00:34:46 INFO request handled
2026-03-02 00:34:49 INFO user login ok
2026-03-02 00:34:50 INFO request handled
2026-03-02 00:34:52 INFO user login ok
2026-03-02 00:34:56 INFO user login ok
2026-03-02 00:35:00 INFO disk usage high
2026-03-02 00:35:04 INFO background job finished
2026-03-02 00:35:06 WARN user login ok
2026-03-02 00:35:07 INFO user login ok
2026-03-02 00:35:10 INFO connection reset by peer
2026-03-02 00:35:13 INFO user login ok
2026-03-02 00:35:17 INFO user logout
2026-03-02 00:35:18 INFO request handled
2026-03-02 00:35:21 ERROR disk usage high
2026-03-02 00:35:25 INFO background job finished
2026-03-02 00:35:27 INFO connection reset by peer
2026-03-02 00:35:30 INFO request handled
2026-03-02 00:35:31 INFO cache hit
2026-03-02 00:35:32 INFO cache miss
2026-03-02 00:35:34 INFO disk usage high
2026-03-02 00:35:35 WARN user logout
2026-03-02 00:35:36 WARN slow query detected
2026-03-02 00:35:39 INFO connection reset by peer
2026-03-02 00:35:42 INFO user logout
2026-03-02 00:35:46 WARN user logout
2026-03-02 00:35:49 WARN user login ok
2026-03-02 00:35:50 INFO background job finished
2026-03-02 00:35:54 INFO database timeout
2026-03-02 00:35:55 INFO user login ok
2026-03-02 00:35:59 INFO background job finished
2026-03-02 00:36:01 WARN slow query detected
2026-03-02 00:36:03 INFO cache miss
2026-03-02 00:36:04 INFO background job finished
2026-03-02 00:36:07 ERROR request handled
2026-03-02 00:36:11 INFO user login ok
2026-03-02 00:36:15 INFO user login ok
2026-03-02 00:36:18 INFO request handled
2026-03-02 00:36:21 INFO disk usage high
2026-03-02 00:36:23 INFO config reloaded
2026-03-02 00:36:25 INFO user login ok
2026-03-02 00:36:29 INFO database timeout
2026-03-02 00:36:31 INFO cache miss
2026-03-02 00:36:35 INFO user logout
2026-03-02 00:36:38 INFO user logout
2026-03-02 00:36:40 INFO user login ok
2026-03-02 00:36:41 WARN user login ok
2026-03-02 00:36:45 INFO background job finished
2026-03-02 00:36:49 WARN cache hit
2026-03-02 00:36:53 WARN user logout
2026-03-02 00:36:54 ERROR cache hit
2026-03-02 00:36:56 INFO user login ok
2026-03-02 00:36:58 INFO user login ok
2026-03-02 00:37:00 WARN slow query detected
2026-03-02 00:37:03 INFO background job finished
2026-03-02 00:37:04 INFO user login ok
2026-03-02 00:37:06 INFO user logout
2026-03-02 00:37:10 INFO cache hit
2026-03-02 00:37:12 INFO user login ok
2026-03-02 00:37:14 INFO user login ok
2026-03-02 00:37:17 INFO cache hit
2026-03-02 00:37:21 INFO request handled
2026-03-02 00:37:24 INFO user logout
2026-03-02 00:37:28 INFO cache miss
2026-03-02 00:37:29 INFO background job finished
2026-03-02 00:37:30 INFO user logout
2026-03-02 00:37:34 INFO background job finished
2026-03-02 00:37:35 ERROR user login ok
2026-03-02 00:37:39 INFO user login ok
2026-03-02 00:37:42 ERROR invalid token
2026-03-02 00:37:44 INFO user login ok
2026-03-02 00:37:46 INFO user login ok
2026-03-02 00:37:50 INFO cache miss
2026-03-02 00:37:54 INFO background job finished
2026-03-02 00:37:56 INFO request handled
2026-03-02 00:38:00 INFO user login ok
2026-03-02 00:38:04 WARN request handled
2026-03-02 00:38:07 INFO user login ok
2026-03-02 00:38:08 INFO cache miss
2026-03-02 00:38:11 ERROR cache hit
2026-03-02 00:38:14 ERROR request handled
2026-03-02 00:38:16 ERROR background job finished
2026-03-02 00:38:20 INFO cache hit
2026-03-02 00:38:23 INFO database timeout
2026-03-02 00:38:26 INFO database timeout
2026-03-02 00:38:28 INFO database timeout
2026-03-02 00:38:29 INFO config reloaded
2026-03-02 00:38:31 WARN slow query detected
2026-03-02 00:38:32 WARN cache miss
2026-03-02 00:38:33 INFO user login ok
2026-03-02 00:38:34 INFO disk usage high
2026-03-02 00:38:37 INFO background job finished
2026-03-02 00:38:40 INFO database timeout
2026-03-02 00:38:41 INFO user login ok
2026-03-02 00:38:44 INFO user login ok
2026-03-02 00:38:47 INFO invalid token
2026-03-02 00:38:49 WARN request handled
2026-03-02 00:38:50 INFO cache miss
2026-03-02 00:38:54 ERROR connection reset by peer
2026-03-02 00:38:58 INFO background job finished
2026-03-02 00:39:01 INFO database timeout
2026-03-02 00:39:02 INFO background job finished
2026-03-02 00:39:04 INFO disk usage high
2026-03-02 00:39:06 INFO cache hit
2026-03-02 00:39:10 INFO background job finished
2026-03-02 00:39:12 WARN config reloaded
2026-03-02 00:39:13 ERROR request handled
2026-03-02 00:39:17 INFO cache miss
2026-03-02 00:39:21 INFO user login ok
2026-03-02 00:39:22 INFO cache hit
2026-03-02 00:39:24 INFO user logout
2026-03-02 00:39:25 INFO user login ok
2026-03-02 00:39:28 INFO connection reset by peer
2026-03-02 00:39:32 INFO cache hit
2026-03-02 00:39:34 INFO user logout
2026-03-02 00:39:38 ERROR user logout
2026-03-02 00:39:39 INFO user login ok
2026-03-02 00:39:40 INFO cache miss
2026-03-02 00:39:42 INFO user logout
2026-03-02 00:39:46 INFO slow query detected
2026-03-02 00:39:47 INFO user logout
2026-03-02 00:39:51 INFO disk usage high
2026-03-02 00:39:54 INFO background job finished
2026-03-02 00:39:57 INFO connection reset by peer
2026-03-02 00:39:58 INFO request handled
2026-03-02 00:40:00 WARN background job finished
2026-03-02 00:40:03 INFO user logout
2026-03-02 00:40:07 INFO user login ok
2026-03-02 00:40:09 INFO user login ok
2026-03-02 00:40:11 INFO background job finished
2026-03-02 00:40:15 INFO user login ok
2026-03-02 00:40:17 WARN slow query detected
2026-03-02 00:40:19 INFO slow query detected
2026-03-02 00:40:23 WARN cache miss
2026-03-02 00:40:27 INFO user login ok
2026-03-02 00:40:31 WARN user login ok
2026-03-02 00:40:32 INFO user login ok
2026-03-02 00:40:36 INFO connection reset by peer
2026-03-02 00:40:38 INFO user login ok
2026-03-02 00:40:39 INFO database timeout
2026-03-02 00:40:41 INFO user logout
2026-03-02 00:40:43 INFO request handled
2026-03-02 00:40:44 WARN slow query detected
2026-03-02 00:40:45 INFO cache miss
2026-03-02 00:40:47 INFO disk usage high
2026-03-02 00:40:49 WARN background job finished
2026-03-02 00:40:50 INFO user logout
2026-03-02 00:40:52 INFO user login ok
2026-03-02 00:40:54 INFO background job finished
2026-03-02 00:40:57 WARN user login ok
2026-03-02 00:41:00 INFO connection reset by peer
2026-03-02 00:41:02 INFO background job finished
2026-03-02 00:41:06 INFO user login ok
2026-03-02 00:41:07 INFO cache hit
2026-03-02 00:41:11 INFO user logout
2026-03-02 00:41:13 INFO user login ok
2026-03-02 00:41:15 INFO background job finished
2026-03-02 00:41:17 INFO user login ok
2026-03-02 00:41:21 INFO request handled
2026-03-02 00:41:23 INFO cache miss
2026-03-02 00:41:27 WARN cache hit
2026-03-02 00:41:28 INFO user login ok
2026-03-02 00:41:29 INFO user login ok
2026-03-02 00:41:33 INFO user login ok
### повреждённая строка ###
2026-03-02 00:41:38 WARN user login ok
2026-03-02 00:41:41 INFO slow query detected
2026-03-02 00:41:45 WARN background job finished
2026-03-02 00:41:48 INFO user logout
2026-03-02 00:41:49 INFO user login ok
2026-03-02 00:41:51 INFO cache hit
2026-03-02 00:41:53 INFO user login ok
2026-03-02 00:41:56 WARN user login ok
2026-03-02 00:41:58 INFO disk usage high
2026-03-02 00:41:59 INFO cache miss
2026-03-02 00:42:03 INFO request handled
2026-03-02 00:42:04 INFO user logout
2026-03-02 00:42:05 INFO connection reset by peer
2026-03-02 00:42:06 ERROR slow query detected
2026-03-02 00:42:07 INFO cache hit
2026-03-02 00:42:08 INFO user login ok
2026-03-02 00:42:10 INFO user logout
2026-03-02 00:42:11 INFO user login ok
2026-03-02 00:42:12 INFO slow query detected
2026-03-02 00:42:14 INFO disk usage high
2026-03-02 00:42:15 WARN user login ok
2026-03-02 00:42:19 INFO connection reset by peer
2026-03-02 00:42:21 INFO disk usage high
2026-03-02 00:42:23 INFO user login ok
2026-03-02 00:42:25 INFO user login ok
2026-03-02 00:42:28 INFO database timeout
2026-03-02 00:42:30 WARN user login ok
2026-03-02 00:42:31 INFO cache miss
2026-03-02 00:42:33 INFO user login ok
2026-03-02 00:42:36 INFO user login ok
2026-03-02 00:42:40 INFO user login ok
2026-03-02 00:42:44 INFO slow query detected
2026-03-02 00:42:46 ERROR user login ok
2026-03-02 00:42:49 INFO connection reset by peer
2026-03-02 00:42:51 INFO background job finished
2026-03-02 00:42:52 WARN config reloaded
2026-03-02 00:42:53 INFO user login ok
2026-03-02 00:42:57 INFO user login ok
2026-03-02 00:43:01 ERROR config reloaded
2026-03-02 00:43:03 INFO request handled
2026-03-02 00:43:06 INFO background job finished
2026-03-02 00:43:08 WARN database timeout
2026-03-02 00:43:10 INFO user login ok
2026-03-02 00:43:11 INFO user login ok
2026-03-02 00:43:13 INFO user login ok
2026-03-02 00:43:17 INFO database timeout
2026-03-02 00:43:18 WARN user login ok
2026-03-02 00:43:19 WARN slow query detected
2026-03-02 00:43:20 INFO user logout
2026-03-02 00:43:24 INFO cache hit
2026-03-02 00:43:26 INFO user login ok
2026-03-02 00:43:29 INFO cache hit
2026-03-02 00:43:33 INFO cache miss
2026-03-02 00:43:35 INFO cache hit
2026-03-02 00:43:37 INFO connection reset by peer
2026-03-02 00:43:40 INFO request handled
2026-03-02 00:43:43 WARN request handled
2026-03-02 00:43:44 WARN user login ok
2026-03-02 00:43:46 INFO config reloaded
2026-03-02 00:43:48 INFO slow query detected
2026-03-02 00:43:49 INFO cache hit
2026-03-02 00:43:52 WARN request handled
2026-03-02 00:43:56 WARN request handled
2026-03-02 00:44:00 INFO invalid token
2026-03-02 00:44:02 INFO user login ok
2026-03-02 00:44:06 INFO user login ok
2026-03-02 00:44:10 INFO user login ok
2026-03-02 00:44:11 INFO connection reset by peer
2026-03-02 00:44:15 INFO slow query detected
2026-03-02 00:44:16 ERROR cache miss
2026-03-02 00:44:17 WARN cache hit
2026-03-02 00:44:21 INFO user login ok
2026-03-02 00:44:23 INFO background job finished
2026-03-02 00:44:24 INFO connection reset by peer
2026-03-02 00:44:27 WARN connection reset by peer
2026-03-02 00:44:29 INFO request handled
2026-03-02 00:44:30 WARN user login ok
2026-03-02 00:44:31 INFO connection reset by peer
2026-03-02 00:44:33 INFO invalid token
2026-03-02 00:44:35 WARN connection reset by peer
2026-03-02 00:44:39 INFO slow query detected
2026-03-02 00:44:42 WARN database timeout
2026-03-02 00:44:43 INFO user login ok
2026-03-02 00:44:46 INFO connection reset by peer
2026-03-02 00:44:47 INFO request handled
2026-03-02 00:44:51 INFO cache hit
2026-03-02 00:44:53 WARN disk usage high
2026-03-02 00:44:54 INFO cache miss
2026-03-02 00:44:55 WARN user logout
2026-03-02 00:44:59 INFO user login ok
2026-03-02 00:45:03 INFO user login ok
2026-03-02 00:45:07 INFO user login ok
2026-03-02 00:45:08 INFO user logout
2026-03-02 00:45:09 INFO slow query detected
2026-03-02 00:45:11 WARN database timeout
2026-03-02 00:45:14 INFO invalid token
2026-03-02 00:45:15 INFO slow query detected
2026-03-02 00:45:16 INFO user login ok
2026-03-02 00:45:20 INFO cache hit
2026-03-02 00:45:21 INFO background job finished
2026-03-02 00:45:23 INFO request handled
2026-03-02 00:45:25 INFO request handled
2026-03-02 00:45:27 INFO cache hit
2026-03-02 00:45:31 INFO background job finished
2026-03-02 00:45:32 INFO invalid token
2026-03-02 00:45:34 INFO user logout
2026-03-02 00:45:38 INFO user login ok
2026-03-02 00:45:41 INFO user login ok
2026-03-02 00:45:44 ERROR connection reset by peer
2026-03-02 00:45:46 INFO cache hit
2026-03-02 00:45:48 INFO user login ok
### повреждённая строка ###
2026-03-02 00:45:51 INFO config reloaded
2026-03-02 00:45:54 INFO database timeout
2026-03-02 00:45:55 INFO background job finished
2026-03-02 00:45:56 INFO user logout
2026-03-02 00:45:57 INFO request handled
2026-03-02 00:46:00 INFO user login ok
2026-03-02 00:46:03 INFO disk usage high
2026-03-02 00:46:07 INFO config reloaded
2026-03-02 00:46:08 WARN user login ok
2026-03-02 00:46:10 INFO user login ok
2026-03-02 00:46:14 WARN connection reset by peer
2026-03-02 00:46:16 INFO user login ok
2026-03-02 00:46:19 INFO config reloaded
2026-03-02 00:46:22 INFO cache hit
2026-03-02 00:46:26 INFO user login ok
2026-03-02 00:46:29 INFO user login ok
2026-03-02 00:46:32 INFO slow query detected
2026-03-02 00:46:36 INFO user logout
2026-03-02 00:46:40 INFO user logout
2026-03-02 00:46:43 INFO cache miss
2026-03-02 00:46:44 INFO config reloaded
2026-03-02 00:46:46 WARN config reloaded
2026-03-02 00:46:47 INFO config reloaded
2026-03-02 00:46:49 INFO user login ok
2026-03-02 00:46:50 INFO cache miss
2026-03-02 00:46:53 INFO cache miss
2026-03-02 00:46:57 INFO invalid token
2026-03-02 00:47:00 INFO user login ok
2026-03-02 00:47:02 INFO user login ok
2026-03-02 00:47:03 INFO user login ok
2026-03-02 00:47:06 INFO cache hit
2026-03-02 00:47:09 INFO disk usage high
2026-03-02 00:47:10 INFO user login ok
2026-03-02 00:47:14 INFO cache miss
2026-03-02 00:47:17 INFO user login ok
2026-03-02 00:47:18 INFO user logout
2026-03-02 00:47:21 INFO user login ok
2026-03-02 00:47:24 WARN cache hit
2026-03-02 00:47:26 INFO user login ok
2026-03-02 00:47:30 INFO background job finished
2026-03-02 00:47:34 INFO connection reset by peer
2026-03-02 00:47:36 INFO user login ok
2026-03-02 00:47:39 WARN cache hit
2026-03-02 00:47:41 INFO user login ok
2026-03-02 00:47:44 WARN user logout
2026-03-02 00:47:48 INFO cache hit
2026-03-02 00:47:50 WARN user login ok
2026-03-02 00:47:52 ERROR user login ok
2026-03-02 00:47:53 INFO cache miss
2026-03-02 00:47:55 ERROR request handled
2026-03-02 00:47:57 INFO user login ok
2026-03-02 00:48:01 INFO user login ok
2026-03-02 00:48:03 WARN cache hit
2026-03-02 00:48:05 INFO invalid token
2026-03-02 00:48:06 INFO user logout
2026-03-02 00:48:08 INFO disk usage high
2026-03-02 00:48:10 INFO slow query detected
2026-03-02 00:48:12 INFO user login ok
2026-03-02 00:48:14 WARN background job finished
2026-03-02 00:48:18 INFO user login ok
2026-03-02 00:48:21 INFO user logout
2026-03-02 00:48:25 INFO user logout
2026-03-02 00:48:29 INFO connection reset by peer
2026-03-02 00:48:33 WARN request handled
2026-03-02 00:48:34 INFO user login ok
2026-03-02 00:48:35 INFO connection reset by peer
2026-03-02 00:48:36 INFO cache hit
2026-03-02 00:48:39 ERROR user login ok
2026-03-02 00:48:40 INFO invalid token
2026-03-02 00:48:42 INFO user logout
2026-03-02 00:48:45 INFO user login ok
2026-03-02 00:48:49 INFO user login ok
2026-03-02 00:48:53 WARN invalid token
2026-03-02 00:48:54 WARN slow query detected
2026-03-02 00:48:55 INFO request handled
2026-03-02 00:48:58 INFO background job finished
2026-03-02 00:49:00 INFO user login ok
2026-03-02 00:49:04 INFO slow query detected
2026-03-02 00:49:08 INFO user logout
2026-03-02 00:49:09 INFO user logout
2026-03-02 00:49:13 INFO user logout
2026-03-02 00:49:16 INFO database timeout
2026-03-02 00:49:17 INFO disk usage high
2026-03-02 00:49:20 WARN request handled
2026-03-02 00:49:23 INFO user logout
2026-03-02 00:49:26 INFO user logout
2026-03-02 00:49:27 INFO request handled
2026-03-02 00:49:30 WARN user login ok
2026-03-02 00:49:34 INFO background job finished
2026-03-02 00:49:35 INFO cache hit
2026-03-02 00:49:36 INFO user logout
2026-03-02 00:49:40 ERROR user login ok
2026-03-02 00:49:44 WARN user logout
2026-03-02 00:49:45 INFO background job finished
2026-03-02 00:49:48 WARN background job finished
2026-03-02 00:49:52 INFO disk usage high
2026-03-02 00:49:56 WARN user login ok
2026-03-02 00:49:58 INFO user login ok
2026-03-02 00:50:00 INFO user login ok
2026-03-02 00:50:04 INFO user logout
2026-03-02 00:50:08 INFO cache hit
2026-03-02 00:50:12 INFO config reloaded
2026-03-02 00:50:16 INFO user login ok
2026-03-02 00:50:19 INFO request handled
2026-03-02 00:50:21 WARN user login ok
2026-03-02 00:50:24 INFO config reloaded
2026-03-02 00:50:26 INFO database timeout
2026-03-02 00:50:29 WARN user login ok
2026-03-02 00:50:33 INFO slow query detected
2026-03-02 00:50:34 INFO disk usage high
2026-03-02 00:50:37 INFO request handled
2026-03-02 00:50:40 INFO user login ok
2026-03-02 00:50:43 WARN user logout
2026-03-02 00:50:45 INFO user login ok
2026-03-02 00:50:48 INFO user logout
2026-03-02 00:50:51 INFO user login ok
2026-03-02 00:50:53 INFO request handled
2026-03-02 00:50:57 INFO cache miss
2026-03-02 00:50:58 INFO user login ok
2026-03-02 00:51:02 INFO user login ok
2026-03-02 00:51:05 INFO user login ok
2026-03-02 00:51:06 ERROR user logout
2026-03-02 00:51:09 INFO disk usage high
2026-03-02 00:51:12 INFO invalid token
2026-03-02 00:51:13 INFO request handled
2026-03-02 00:51:17 INFO user logout
2026-03-02 00:51:19 INFO request handled
2026-03-02 00:51:20 INFO slow query detected
2026-03-02 00:51:22 ERROR user login ok
2026-03-02 00:51:25 ERROR config reloaded
2026-03-02 00:51:26 INFO request handled
2026-03-02 00:51:28 INFO user logout
2026-03-02 00:51:30 INFO cache miss
2026-03-02 00:51:34 WARN invalid token
2026-03-02 00:51:35 WARN slow query detected
2026-03-02 00:51:39 INFO cache hit
2026-03-02 00:51:41 ERROR connection reset by peer
2026-03-02 00:51:45 INFO user logout
2026-03-02 00:51:48 INFO user logout
2026-03-02 00:51:52 INFO cache hit
2026-03-02 00:51:56 INFO cache hit
2026-03-02 00:51:59 INFO connection reset by peer
2026-03-02 00:52:03 INFO invalid token
2026-03-02 00:52:05 INFO disk usage high
2026-03-02 00:52:08 INFO invalid token
2026-03-02 00:52:11 INFO user login ok
2026-03-02 00:52:12 INFO user login ok
2026-03-02 00:52:14 WARN disk usage high
2026-03-02 00:52:15 INFO user login ok
2026-03-02 00:52:16 ERROR user login ok
2026-03-02 00:52:19 INFO user logout
2026-03-02 00:52:21 INFO slow query detected
2026-03-02 00:52:25 INFO slow query detected
2026-03-02 00:52:29 WARN background job finished
2026-03-02 00:52:32 INFO database timeout
2026-03-02 00:52:34 WARN user login ok
2026-03-02 00:52:38 WARN user logout
2026-03-02 00:52:42 INFO user login ok
2026-03-02 00:52:43 INFO user logout
2026-03-02 00:52:46 INFO user login ok
2026-03-02 00:52:47 INFO disk usage high
2026-03-02 00:52:50 INFO user login ok
2026-03-02 00:52:53 WARN database timeout
2026-03-02 00:52:55 INFO cache miss
2026-03-02 00:52:57 WARN user logout
2026-03-02 00:52:59 INFO cache miss
2026-03-02 00:53:01 INFO user login ok
2026-03-02 00:53:04 INFO user login ok
2026-03-02 00:53:08 INFO cache hit
2026-03-02 00:53:12 INFO database timeout
2026-03-02 00:53:16 INFO slow query detected
2026-03-02 00:53:18 INFO user login ok
2026-03-02 00:53:20 WARN user login ok
2026-03-02 00:53:23 INFO user login ok
2026-03-02 00:53:24 INFO user login ok
2026-03-02 00:53:28 WARN request handled
2026-03-02 00:53:31 WARN request handled
2026-03-02 00:53:35 INFO invalid token
2026-03-02 00:53:38 INFO invalid token
2026-03-02 00:53:41 INFO user login ok
2026-03-02 00:53:43 INFO disk usage high
2026-03-02 00:53:45 INFO user logout
2026-03-02 00:53:48 INFO cache hit
2026-03-02 00:53:49 INFO user logout
2026-03-02 00:53:51 INFO cache hit
2026-03-02 00:53:55 INFO cache hit
2026-03-02 00:53:56 INFO user logout
2026-03-02 00:53:57 INFO user login ok
2026-03-02 00:54:01 INFO user login ok
2026-03-02 00:54:03 WARN user logout
2026-03-02 00:54:05 INFO slow query detected
2026-03-02 00:54:08 INFO request handled
2026-03-02 00:54:10 INFO user login ok
2026-03-02 00:54:11 INFO disk usage high
2026-03-02 00:54:15 INFO database timeout
2026-03-02 00:54:19 INFO user login ok
2026-03-02 00:54:20 INFO slow query detected
2026-03-02 00:54:24 INFO user login ok
2026-03-02 00:54:27 INFO database timeout
2026-03-02 00:54:30 INFO user logout
2026-03-02 00:54:32 INFO request handled
2026-03-02 00:54:34 ERROR config reloaded
2026-03-02 00:54:38 INFO database timeout
2026-03-02 00:54:40 INFO user login ok
2026-03-02 00:54:42 WARN background job finished
2026-03-02 00:54:43 INFO slow query detected
2026-03-02 00:54:46 WARN user login ok
2026-03-02 00:54:50 INFO user login ok
2026-03-02 00:54:52 INFO cache hit
2026-03-02 00:54:54 INFO user login ok
2026-03-02 00:54:55 INFO request handled
2026-03-02 00:54:59 INFO user login ok
2026-03-02 00:55:00 INFO connection reset by peer
2026-03-02 00:55:03 INFO database timeout
2026-03-02 00:55:07 ERROR disk usage high
2026-03-02 00:55:10 INFO request handled
2026-03-02 00:55:14 WARN user login ok
2026-03-02 00:55:15 INFO user logout
2026-03-02 00:55:18 INFO user login ok
2026-03-02 00:55:21 WARN database timeout
2026-03-02 00:55:22 INFO user login ok
2026-03-02 00:55:23 WARN user logout
2026-03-02 00:55:24 INFO user login ok
2026-03-02 00:55:27 WARN slow query detected
2026-03-02 00:55:31 INFO cache miss
2026-03-02 00:55:34 ERROR user login ok
2026-03-02 00:55:37 INFO slow query detected
2026-03-02 00:55:40 INFO user login ok
2026-03-02 00:55:41 WARN cache miss
2026-03-02 00:55:42 INFO user login ok
2026-03-02 00:55:44 INFO disk usage high
2026-03-02 00:55:47 INFO disk usage high
2026-03-02 00:55:49 INFO database timeout
2026-03-02 00:55:53 INFO slow query detected
2026-03-02 00:55:55 INFO disk usage high
2026-03-02 00:55:56 INFO user login ok
2026-03-02 00:56:00 INFO connection reset by peer
2026-03-02 00:56:03 INFO slow query detected
2026-03-02 00:56:04 INFO cache hit
2026-03-02 00:56:08 WARN invalid token
2026-03-02 00:56:10 WARN connection reset by peer
2026-03-02 00:56:11 INFO invalid token
2026-03-02 00:56:13 INFO cache hit
2026-03-02 00:56:16 WARN cache hit
2026-03-02 00:56:17 INFO connection reset by peer
2026-03-02 00:56:19 INFO cache miss
2026-03-02 00:56:22 INFO slow query detected
2026-03-02 00:56:24 ERROR user login ok
2026-03-02 00:56:28 INFO user logout
2026-03-02 00:56:31 INFO user login ok
2026-03-02 00:56:32 INFO user login ok
2026-03-02 00:56:35 INFO user login ok
2026-03-02 00:56:39 INFO user logout
2026-03-02 00:56:43 INFO user login ok
2026-03-02 00:56:44 INFO user login ok
2026-03-02 00:56:48 WARN disk usage high
2026-03-02 00:56:51 INFO disk usage high
2026-03-02 00:56:54 INFO cache miss
2026-03-02 00:56:57 INFO user logout
2026-03-02 00:57:00 INFO disk usage high
2026-03-02 00:57:04 INFO cache hit
2026-03-02 00:57:07 INFO disk usage high
2026-03-02 00:57:08 INFO user logout
2026-03-02 00:57:11 INFO database timeout
2026-03-02 00:57:14 WARN cache miss
2026-03-02 00:57:15 INFO user logout
2026-03-02 00:57:19 INFO cache hit
2026-03-02 00:57:20 INFO user logout
2026-03-02 00:57:21 INFO user logout
2026-03-02 00:57:22 INFO user login ok
2026-03-02 00:57:23 INFO request handled
2026-03-02 00:57:27 INFO cache hit
2026-03-02 00:57:31 WARN cache miss
2026-03-02 00:57:33 INFO user login ok
2026-03-02 00:57:37 INFO user login ok
2026-03-02 00:57:39 INFO user login ok
2026-03-02 00:57:41 INFO connection reset by peer
2026-03-02 00:57:42 INFO user logout
2026-03-02 00:57:44 ERROR user login ok
2026-03-02 00:57:47 INFO user logout
2026-03-02 00:57:50 INFO slow query detected
2026-03-02 00:57:54 INFO user login ok
2026-03-02 00:57:56 WARN connection reset by peer
2026-03-02 00:58:00 INFO cache hit
2026-03-02 00:58:01 INFO cache hit
2026-03-02 00:58:05 INFO slow query detected
2026-03-02 00:58:06 INFO user login ok
2026-03-02 00:58:10 INFO user login ok
2026-03-02 00:58:12 INFO user logout
2026-03-02 00:58:13 INFO request handled
2026-03-02 00:58:17 INFO slow query detected
2026-03-02 00:58:18 INFO slow query detected
2026-03-02 00:58:20 INFO database timeout
2026-03-02 00:58:21 INFO user login ok
2026-03-02 00:58:24 INFO config reloaded
2026-03-02 00:58:25 WARN database timeout
2026-03-02 00:58:26 INFO config reloaded
2026-03-02 00:58:30 INFO user logout
2026-03-02 00:58:33 INFO user logout
2026-03-02 00:58:36 INFO user login ok
2026-03-02 00:58:38 INFO config reloaded
2026-03-02 00:58:42 INFO user login ok
2026-03-02 00:58:44 INFO user logout
2026-03-02 00:58:48 INFO request handled
2026-03-02 00:58:52 INFO user login ok
2026-03-02 00:58:55 INFO invalid token
2026-03-02 00:58:59 INFO background job finished
2026-03-02 00:59:02 INFO user logout
2026-03-02 00:59:06 ERROR cache miss
2026-03-02 00:59:10 INFO invalid token
2026-03-02 00:59:13 INFO background job finished
2026-03-02 00:59:14 INFO user login ok
2026-03-02 00:59:15 WARN request handled
2026-03-02 00:59:16 INFO connection reset by peer
2026-03-02 00:59:17 INFO background job finished
2026-03-02 00:59:19 INFO cache hit
2026-03-02 00:59:20 INFO cache hit
2026-03-02 00:59:24 INFO user logout
2026-03-02 00:59:28 INFO user login ok
2026-03-02 00:59:32 INFO connection reset by peer
2026-03-02 00:59:35 INFO user login ok
2026-03-02 00:59:37 INFO cache miss
2026-03-02 00:59:39 INFO user logout
2026-03-02 00:59:42 INFO user login ok
2026-03-02 00:59:43 INFO disk usage high
2026-03-02 00:59:47 INFO database timeout
2026-03-02 00:59:48 WARN user login ok
2026-03-02 00:59:52 INFO invalid token
2026-03-02 00:59:55 INFO connection reset by peer
2026-03-02 00:59:57 INFO disk usage high
2026-03-02 01:00:01 INFO disk usage high
2026-03-02 01:00:02 INFO database timeout
2026-03-02 01:00:06 INFO cache miss
2026-03-02 01:00:10 INFO cache miss
2026-03-02 01:00:13 INFO cache hit
2026-03-02 01:00:17 INFO user logout
2026-03-02 01:00:19 WARN connection reset by peer
2026-03-02 01:00:22 INFO user login ok
2026-03-02 01:00:24 INFO user logout
2026-03-02 01:00:28 INFO config reloaded
2026-03-02 01:00:30 WARN user logout
2026-03-02 01:00:33 INFO user logout
2026-03-02 01:00:35 INFO background job finished
2026-03-02 01:00:38 INFO user login ok
2026-03-02 01:00:39 WARN cache miss
2026-03-02 01:00:40 INFO invalid token
2026-03-02 01:00:43 INFO user login ok
2026-03-02 01:00:47 INFO background job finished
2026-03-02 01:00:51 ERROR user login ok
2026-03-02 01:00:54 ERROR config reloaded
2026-03-02 01:00:57 WARN cache hit
2026-03-02 01:01:00 WARN user login ok
2026-03-02 01:01:03 INFO disk usage high
2026-03-02 01:01:06 INFO config reloaded
2026-03-02 01:01:07 INFO invalid token
2026-03-02 01:01:09 INFO user login ok
2026-03-02 01:01:13 INFO user login ok
2026-03-02 01:01:17 INFO user logout
2026-03-02 01:01:20 INFO slow query detected
2026-03-02 01:01:22 INFO user login ok
2026-03-02 01:01:26 INFO database timeout
2026-03-02 01:01:27 INFO config reloaded
2026-03-02 01:01:29 INFO cache miss
2026-03-02 01:01:31 WARN user login ok
2026-03-02 01:01:33 INFO user logout
2026-03-02 01:01:37 INFO user login ok
2026-03-02 01:01:38 INFO request handled
2026-03-02 01:01:40 INFO config reloaded
2026-03-02 01:01:42 WARN disk usage high
2026-03-02 01:01:43 INFO request handled
2026-03-02 01:01:46 INFO config reloaded
2026-03-02 01:01:48 INFO cache miss
2026-03-02 01:01:52 INFO invalid token
2026-03-02 01:01:56 INFO user logout
2026-03-02 01:01:58 INFO user login ok
2026-03-02 01:02:00 INFO connection reset by peer
2026-03-02 01:02:01 INFO cache miss
2026-03-02 01:02:04 INFO user login ok
2026-03-02 01:02:08 INFO config reloaded
2026-03-02 01:02:10 INFO user login ok
2026-03-02 01:02:12 INFO user logout
2026-03-02 01:02:14 INFO database timeout
2026-03-02 01:02:18 INFO slow query detected
2026-03-02 01:02:20 INFO slow query detected
2026-03-02 01:02:22 INFO cache miss
2026-03-02 01:02:23 INFO cache miss
2026-03-02 01:02:26 INFO invalid token
2026-03-02 01:02:28 INFO disk usage high
2026-03-02 01:02:30 INFO database timeout
2026-03-02 01:02:33 INFO user login ok
2026-03-02 01:02:37 INFO invalid token
2026-03-02 01:02:40 INFO user login ok
2026-03-02 01:02:41 INFO user login ok
2026-03-02 01:02:44 INFO connection reset by peer
2026-03-02 01:02:46 INFO cache hit
2026-03-02 01:02:47 INFO cache hit
2026-03-02 01:02:51 INFO disk usage high
2026-03-02 01:02:53 INFO user logout
2026-03-02 01:02:57 INFO user login ok
2026-03-02 01:03:01 INFO user logout
2026-03-02 01:03:04 WARN user login ok
2026-03-02 01:03:08 INFO user logout
2026-03-02 01:03:12 INFO user login ok
2026-03-02 01:03:15 INFO config reloaded
2026-03-02 01:03:17 WARN cache hit
2026-03-02 01:03:19 INFO background job finished
2026-03-02 01:03:23 INFO cache hit
2026-03-02 01:03:24 INFO user login ok
2026-03-02 01:03:26 WARN user login ok
2026-03-02 01:03:28 INFO slow query detected
2026-03-02 01:03:32 INFO config reloaded
2026-03-02 01:03:33 INFO cache hit
2026-03-02 01:03:34 INFO invalid token
2026-03-02 01:03:38 INFO database timeout
2026-03-02 01:03:39 WARN background job finished
2026-03-02 01:03:40 INFO user login ok
2026-03-02 01:03:41 INFO user login ok
2026-03-02 01:03:45 INFO config reloaded
2026-03-02 01:03:47 INFO user login ok
2026-03-02 01:03:51 INFO slow query detected
2026-03-02 01:03:52 WARN cache miss
2026-03-02 01:03:55 WARN user login ok
2026-03-02 01:03:57 INFO user login ok
2026-03-02 01:03:58 INFO user login ok
2026-03-02 01:03:59 INFO disk usage high
2026-03-02 01:04:00 INFO cache hit
2026-03-02 01:04:02 INFO cache hit
2026-03-02 01:04:04 INFO disk usage high
2026-03-02 01:04:06 INFO database timeout
2026-03-02 01:04:08 INFO cache hit
2026-03-02 01:04:11 INFO config reloaded
2026-03-02 01:04:13 INFO user login ok
2026-03-02 01:04:16 ERROR invalid token
2026-03-02 01:04:20 INFO user login ok
2026-03-02 01:04:22 WARN connection reset by peer
2026-03-02 01:04:24 WARN user logout
2026-03-02 01:04:27 WARN user login ok
2026-03-02 01:04:30 WARN user login ok
2026-03-02 01:04:34 INFO request handled
2026-03-02 01:04:35 INFO connection reset by peer
2026-03-02 01:04:37 INFO disk usage high
2026-03-02 01:04:38 INFO user login ok
2026-03-02 01:04:42 INFO background job finished
2026-03-02 01:04:45 INFO user logout
2026-03-02 01:04:46 INFO cache hit
2026-03-02 01:04:50 INFO request handled
2026-03-02 01:04:54 INFO database timeout
2026-03-02 01:04:56 ERROR cache hit
2026-03-02 01:05:00 INFO background job finished
2026-03-02 01:05:04 INFO user login ok
2026-03-02 01:05:06 INFO slow query detected
2026-03-02 01:05:08 INFO background job finished
2026-03-02 01:05:10 ERROR config reloaded
2026-03-02 01:05:14 INFO user login ok
2026-03-02 01:05:15 INFO user login ok
2026-03-02 01:05:19 INFO user login ok
2026-03-02 01:05:20 INFO cache miss
2026-03-02 01:05:23 INFO cache hit
2026-03-02 01:05:24 INFO user login ok
2026-03-02 01:05:26 INFO disk usage high
2026-03-02 01:05:29 INFO user logout
2026-03-02 01:05:30 INFO user login ok
2026-03-02 01:05:33 INFO request handled
2026-03-02 01:05:37 INFO slow query detected
2026-03-02 01:05:40 INFO user logout
2026-03-02 01:05:42 INFO disk usage high
2026-03-02 01:05:43 INFO background job finished
2026-03-02 01:05:46 INFO disk usage high
2026-03-02 01:05:50 INFO cache hit
2026-03-02 01:05:53 WARN slow query detected
2026-03-02 01:05:55 INFO user login ok
2026-03-02 01:05:56 WARN user login ok
2026-03-02 01:06:00 INFO cache miss
2026-03-02 01:06:01 INFO user login ok
2026-03-02 01:06:05 INFO invalid token
2026-03-02 01:06:09 INFO request handled
2026-03-02 01:06:12 INFO connection reset by peer
2026-03-02 01:06:16 INFO invalid token
2026-03-02 01:06:17 INFO user login ok
2026-03-02 01:06:19 WARN cache miss
2026-03-02 01:06:20 INFO user login ok
2026-03-02 01:06:23 INFO connection reset by peer
2026-03-02 01:06:27 INFO invalid token
2026-03-02 01:06:30 INFO user login ok
2026-03-02 01:06:33 INFO user logout
2026-03-02 01:06:37 INFO user login ok
2026-03-02 01:06:41 ERROR user login ok
2026-03-02 01:06:45 INFO user login ok
2026-03-02 01:06:48 INFO user login ok
2026-03-02 01:06:49 INFO cache miss
2026-03-02 01:06:52 INFO slow query detected
2026-03-02 01:06:53 INFO cache hit
2026-03-02 01:06:57 INFO cache miss
2026-03-02 01:07:00 INFO connection reset by peer
2026-03-02 01:07:01 WARN user logout
2026-03-02 01:07:03 INFO config reloaded
2026-03-02 01:07:07 INFO connection reset by peer
2026-03-02 01:07:09 INFO cache hit
2026-03-02 01:07:10 INFO connection reset by peer
2026-03-02 01:07:13 INFO cache hit
2026-03-02 01:07:15 INFO user logout
2026-03-02 01:07:17 WARN user login ok
2026-03-02 01:07:18 WARN invalid token
2026-03-02 01:07:19 INFO user logout
2026-03-02 01:07:20 INFO cache miss
2026-03-02 01:07:23 INFO user login ok
2026-03-02 01:07:27 INFO user login ok
2026-03-02 01:07:30 INFO user login ok
2026-03-02 01:07:34 INFO slow query detected
2026-03-02 01:07:35 INFO user login ok
2026-03-02 01:07:39 INFO slow query detected
2026-03-02 01:07:43 INFO request handled
2026-03-02 01:07:45 INFO cache hit
2026-03-02 01:07:46 INFO database timeout
2026-03-02 01:07:47 INFO cache miss
2026-03-02 01:07:51 INFO user login ok
2026-03-02 01:07:54 INFO database timeout
2026-03-02 01:07:55 INFO slow query detected
2026-03-02 01:07:58 INFO user login ok
2026-03-02 01:08:00 WARN database timeout
2026-03-02 01:08:03 INFO config reloaded
2026-03-02 01:08:05 WARN user login ok
2026-03-02 01:08:09 INFO config reloaded
2026-03-02 01:08:11 INFO config reloaded
2026-03-02 01:08:13 INFO connection reset by peer
2026-03-02 01:08:15 INFO request handled
2026-03-02 01:08:16 INFO database timeout
2026-03-02 01:08:20 INFO user login ok
2026-03-02 01:08:23 INFO cache hit
2026-03-02 01:08:26 INFO background job finished
2026-03-02 01:08:30 INFO user logout
2026-03-02 01:08:33 ERROR disk usage high
2026-03-02 01:08:34 INFO user login ok
2026-03-02 01:08:38 INFO background job finished
2026-03-02 01:08:40 INFO user login ok
2026-03-02 01:08:43 INFO disk usage high
2026-03-02 01:08:45 INFO user login ok
2026-03-02 01:08:47 INFO slow query detected
2026-03-02 01:08:49 INFO user login ok
2026-03-02 01:08:51 INFO database timeout
2026-03-02 01:08:54 INFO cache hit
2026-03-02 01:08:58 WARN user login ok
2026-03-02 01:09:01 INFO cache miss
2026-03-02 01:09:05 INFO user login ok
2026-03-02 01:09:09 INFO user login ok
2026-03-02 01:09:10 INFO user login ok
2026-03-02 01:09:13 INFO database timeout
2026-03-02 01:09:16 INFO user login ok
2026-03-02 01:09:20 INFO user logout
2026-03-02 01:09:24 INFO connection reset by peer
2026-03-02 01:09:28 INFO user login ok
2026-03-02 01:09:31 INFO background job finished
2026-03-02 01:09:35 WARN user logout
2026-03-02 01:09:37 INFO disk usage high
2026-03-02 01:09:38 INFO slow query detected
2026-03-02 01:09:40 INFO user login ok
2026-03-02 01:09:43 INFO request handled
2026-03-02 01:09:46 INFO background job finished
2026-03-02 01:09:49 INFO connection reset by peer
2026-03-02 01:09:50 INFO cache miss
2026-03-02 01:09:53 INFO user login ok
2026-03-02 01:09:57 INFO cache miss
2026-03-02 01:09:58 WARN user login ok
2026-03-02 01:09:59 INFO user logout
2026-03-02 01:10:02 INFO config reloaded
2026-03-02 01:10:04 INFO cache hit
2026-03-02 01:10:08 INFO config reloaded
2026-03-02 01:10:12 INFO user login ok
2026-03-02 01:10:15 INFO request handled
2026-03-02 01:10:19 INFO user logout
2026-03-02 01:10:22 INFO user login ok
2026-03-02 01:10:26 WARN user logout
2026-03-02 01:10:30 WARN user login ok
2026-03-02 01:10:34 INFO connection reset by peer
2026-03-02 01:10:38 INFO config reloaded
2026-03-02 01:10:41 INFO user logout
2026-03-02 01:10:43 INFO database timeout
2026-03-02 01:10:45 INFO database timeout
2026-03-02 01:10:46 INFO user login ok
2026-03-02 01:10:47 INFO user logout
2026-03-02 01:10:49 INFO connection reset by peer
2026-03-02 01:10:52 WARN user login ok
2026-03-02 01:10:56 INFO background job finished
2026-03-02 01:11:00 INFO connection reset by peer
2026-03-02 01:11:04 INFO user login ok
2026-03-02 01:11:08 INFO slow query detected
2026-03-02 01:11:12 INFO user login ok
2026-03-02 01:11:14 INFO database timeout
2026-03-02 01:11:18 INFO invalid token
2026-03-02 01:11:19 INFO cache hit
2026-03-02 01:11:21 INFO user login ok
2026-03-02 01:11:22 ERROR user logout
2026-03-02 01:11:24 INFO cache hit
2026-03-02 01:11:25 INFO user login ok
2026-03-02 01:11:26 INFO invalid token
2026-03-02 01:11:28 WARN cache hit
2026-03-02 01:11:32 WARN slow query detected
2026-03-02 01:11:33 INFO user logout
2026-03-02 01:11:36 INFO user login ok
2026-03-02 01:11:39 INFO cache miss
2026-03-02 01:11:42 INFO user login ok
2026-03-02 01:11:44 INFO connection reset by peer
2026-03-02 01:11:45 INFO cache miss
2026-03-02 01:11:49 INFO user login ok
2026-03-02 01:11:52 INFO user login ok
2026-03-02 01:11:55 ERROR user login ok
2026-03-02 01:11:58 INFO user logout
2026-03-02 01:12:00 INFO user login ok
2026-03-02 01:12:03 INFO user logout
2026-03-02 01:12:05 INFO user login ok
2026-03-02 01:12:08 WARN user login ok
2026-03-02 01:12:10 INFO request handled
2026-03-02 01:12:14 INFO background job finished
2026-03-02 01:12:17 INFO invalid token
2026-03-02 01:12:18 ERROR cache miss
2026-03-02 01:12:20 INFO user logout
2026-03-02 01:12:22 INFO user login ok
2026-03-02 01:12:24 WARN user login ok
2026-03-02 01:12:25 INFO invalid token
2026-03-02 01:12:28 INFO disk usage high
2026-03-02 01:12:32 INFO request handled
2026-03-02 01:12:36 INFO user login ok
2026-03-02 01:12:40 INFO disk usage high
2026-03-02 01:12:41 WARN user login ok
2026-03-02 01:12:44 INFO user logout
2026-03-02 01:12:47 INFO user login ok
2026-03-02 01:12:51 INFO invalid token
2026-03-02 01:12:52 INFO user login ok
2026-03-02 01:12:56 INFO disk usage high
2026-03-02 01:12:57 INFO connection reset by peer
2026-03-02 01:12:58 INFO request handled
2026-03-02 01:13:02 WARN user logout
2026-03-02 01:13:06 INFO cache miss
2026-03-02 01:13:08 INFO user login ok
2026-03-02 01:13:09 INFO user login ok
2026-03-02 01:13:11 INFO cache hit
2026-03-02 01:13:13 INFO user logout
2026-03-02 01:13:17 INFO cache hit
2026-03-02 01:13:21 INFO invalid token
2026-03-02 01:13:24 WARN request handled
2026-03-02 01:13:28 WARN request handled
2026-03-02 01:13:29 INFO connection reset by peer
2026-03-02 01:13:32 WARN user logout
2026-03-02 01:13:33 INFO request handled
2026-03-02 01:13:34 INFO invalid token
2026-03-02 01:13:37 WARN cache hit
2026-03-02 01:13:38 INFO user logout
2026-03-02 01:13:39 INFO database timeout
2026-03-02 01:13:41 INFO request handled
2026-03-02 01:13:45 WARN user login ok
2026-03-02 01:13:49 WARN user login ok
2026-03-02 01:13:53 INFO cache miss
2026-03-02 01:13:55 WARN user login ok
2026-03-02 01:13:57 INFO user login ok
2026-03-02 01:14:01 INFO config reloaded
2026-03-02 01:14:02 INFO cache hit
2026-03-02 01:14:05 INFO invalid token
2026-03-02 01:14:07 INFO database timeout
2026-03-02 01:14:11 INFO request handled
2026-03-02 01:14:14 WARN config reloaded
2026-03-02 01:14:17 INFO user login ok
2026-03-02 01:14:20 WARN cache miss
2026-03-02 01:14:24 INFO cache miss
2026-03-02 01:14:25 INFO database timeout
2026-03-02 01:14:26 INFO cache miss
2026-03-02 01:14:29 INFO cache hit
2026-03-02 01:14:31 INFO cache miss
2026-03-02 01:14:34 INFO cache miss
2026-03-02 01:14:38 INFO background job finished
2026-03-02 01:14:40 INFO user login ok
2026-03-02 01:14:43 INFO background job finished
2026-03-02 01:14:46 INFO slow query detected
2026-03-02 01:14:49 INFO user login ok
2026-03-02 01:14:50 INFO cache hit
2026-03-02 01:14:51 INFO user login ok
2026-03-02 01:14:55 INFO config reloaded
2026-03-02 01:14:58 INFO user login ok
2026-03-02 01:14:59 INFO invalid token
2026-03-02 01:15:02 INFO user login ok
2026-03-02 01:15:03 INFO database timeout
2026-03-02 01:15:07 INFO cache hit
2026-03-02 01:15:09 INFO request handled
2026-03-02 01:15:12 INFO user logout
2026-03-02 01:15:15 INFO cache miss
2026-03-02 01:15:17 INFO slow query detected
2026-03-02 01:15:19 INFO cache miss
2026-03-02 01:15:20 INFO user login ok
2026-03-02 01:15:23 INFO slow query detected
2026-03-02 01:15:25 WARN slow query detected
2026-03-02 01:15:29 INFO config reloaded
2026-03-02 01:15:33 INFO request handled
2026-03-02 01:15:36 WARN cache miss
2026-03-02 01:15:37 INFO request handled
2026-03-02 01:15:41 INFO user logout
2026-03-02 01:15:44 INFO request handled
2026-03-02 01:15:48 INFO slow query detected
2026-03-02 01:15:50 INFO database timeout
2026-03-02 01:15:53 INFO user logout
2026-03-02 01:15:54 INFO slow query detected
2026-03-02 01:15:58 INFO user login ok
2026-03-02 01:16:02 ERROR user login ok
2026-03-02 01:16:04 INFO cache hit
2026-03-02 01:16:05 WARN disk usage high
2026-03-02 01:16:07 INFO background job finished
2026-03-02 01:16:10 WARN cache miss
2026-03-02 01:16:11 INFO user login ok
2026-03-02 01:16:14 INFO request handled
2026-03-02 01:16:17 INFO user login ok
2026-03-02 01:16:18 INFO config reloaded
2026-03-02 01:16:22 INFO config reloaded
2026-03-02 01:16:26 INFO user login ok
2026-03-02 01:16:30 WARN cache miss
2026-03-02 01:16:32 INFO cache miss
2026-03-02 01:16:35 INFO user login ok
2026-03-02 01:16:38 INFO connection reset by peer
2026-03-02 01:16:42 INFO config reloaded
2026-03-02 01:16:43 INFO config reloaded
2026-03-02 01:16:45 INFO config reloaded
2026-03-02 01:16:48 INFO user login ok
2026-03-02 01:16:52 INFO invalid token
2026-03-02 01:16:55 INFO disk usage high
2026-03-02 01:16:56 ERROR cache miss
2026-03-02 01:16:58 INFO user login ok
2026-03-02 01:17:02 INFO database timeout
2026-03-02 01:17:04 WARN user login ok
2026-03-02 01:17:06 WARN user login ok
2026-03-02 01:17:09 INFO user login ok
2026-03-02 01:17:13 INFO slow query detected
2026-03-02 01:17:16 WARN user login ok
2026-03-02 01:17:17 INFO cache miss
2026-03-02 01:17:18 INFO user login ok
2026-03-02 01:17:19 INFO disk usage high
2026-03-02 01:17:22 INFO user logout
2026-03-02 01:17:26 INFO user logout
2026-03-02 01:17:30 INFO cache hit
2026-03-02 01:17:31 WARN disk usage high
2026-03-02 01:17:32 INFO user login ok
2026-03-02 01:17:34 INFO user login ok
2026-03-02 01:17:37 INFO disk usage high
2026-03-02 01:17:39 INFO background job finished
2026-03-02 01:17:40 INFO connection reset by peer
2026-03-02 01:17:43 INFO connection reset by peer
2026-03-02 01:17:46 INFO user login ok
2026-03-02 01:17:50 INFO slow query detected
2026-03-02 01:17:54 INFO cache hit
2026-03-02 01:17:58 INFO background job finished
2026-03-02 01:17:59 INFO user login ok
2026-03-02 01:18:01 INFO user logout
2026-03-02 01:18:02 INFO cache miss
2026-03-02 01:18:06 INFO user login ok
2026-03-02 01:18:07 INFO disk usage high
2026-03-02 01:18:10 INFO user login ok
2026-03-02 01:18:11 INFO background job finished
2026-03-02 01:18:15 INFO cache miss
2026-03-02 01:18:19 INFO background job finished
2026-03-02 01:18:23 INFO cache hit
2026-03-02 01:18:24 INFO database timeout
2026-03-02 01:18:27 INFO user login ok
2026-03-02 01:18:29 INFO request handled
2026-03-02 01:18:31 WARN user login ok
2026-03-02 01:18:34 INFO user logout
2026-03-02 01:18:35 WARN slow query detected
2026-03-02 01:18:39 INFO user login ok
2026-03-02 01:18:41 INFO slow query detected
2026-03-02 01:18:42 WARN user login ok
2026-03-02 01:18:43 INFO user login ok
2026-03-02 01:18:45 INFO slow query detected
2026-03-02 01:18:49 INFO user login ok
2026-03-02 01:18:53 INFO request handled
2026-03-02 01:18:57 INFO user login ok
2026-03-02 01:19:01 INFO user login ok
2026-03-02 01:19:02 INFO config reloaded
2026-03-02 01:19:06 WARN config reloaded
2026-03-02 01:19:08 INFO user login ok
2026-03-02 01:19:09 INFO user logout
2026-03-02 01:19:13 INFO user login ok
2026-03-02 01:19:16 INFO cache hit
2026-03-02 01:19:19 INFO user login ok
2026-03-02 01:19:22 INFO user logout
2026-03-02 01:19:24 INFO user logout
2026-03-02 01:19:25 INFO invalid token
2026-03-02 01:19:26 INFO disk usage high
2026-03-02 01:19:27 INFO user logout
2026-03-02 01:19:30 INFO cache hit
2026-03-02 01:19:34 INFO cache hit
2026-03-02 01:19:37 INFO cache hit
2026-03-02 01:19:39 ERROR cache hit
2026-03-02 01:19:40 INFO user login ok
2026-03-02 01:19:42 INFO request handled
2026-03-02 01:19:45 INFO user login ok
2026-03-02 01:19:46 WARN disk usage high
2026-03-02 01:19:48 ERROR user login ok
2026-03-02 01:19:51 INFO connection reset by peer
2026-03-02 01:19:52 ERROR background job finished
2026-03-02 01:19:55 INFO config reloaded
2026-03-02 01:19:56 INFO config reloaded
2026-03-02 01:19:58 INFO user login ok
2026-03-02 01:20:00 WARN cache miss
2026-03-02 01:20:01 INFO user login ok
2026-03-02 01:20:03 INFO user login ok
2026-03-02 01:20:07 ERROR user logout
2026-03-02 01:20:08 INFO slow query detected
2026-03-02 01:20:10 INFO user login ok
2026-03-02 01:20:13 INFO database timeout
2026-03-02 01:20:17 INFO user login ok
2026-03-02 01:20:21 INFO user logout
2026-03-02 01:20:23 INFO user login ok
2026-03-02 01:20:25 INFO database timeout
2026-03-02 01:20:26 WARN request handled
2026-03-02 01:20:29 WARN invalid token
2026-03-02 01:20:30 INFO user login ok
2026-03-02 01:20:33 INFO database timeout
2026-03-02 01:20:34 INFO request handled
2026-03-02 01:20:36 INFO disk usage high
2026-03-02 01:20:37 WARN connection reset by peer
2026-03-02 01:20:40 INFO cache miss
2026-03-02 01:20:44 INFO user login ok
2026-03-02 01:20:45 INFO user login ok
2026-03-02 01:20:47 INFO user logout
2026-03-02 01:20:49 INFO cache hit
2026-03-02 01:20:53 INFO invalid token
2026-03-02 01:20:56 INFO config reloaded
2026-03-02 01:20:59 INFO config reloaded
2026-03-02 01:21:00 INFO cache hit
2026-03-02 01:21:02 INFO user login ok
2026-03-02 01:21:05 INFO connection reset by peer
2026-03-02 01:21:06 INFO request handled
2026-03-02 01:21:07 INFO cache hit
2026-03-02 01:21:08 ERROR request handled
2026-03-02 01:21:10 WARN background job finished
2026-03-02 01:21:12 WARN cache hit
2026-03-02 01:21:13 WARN user login ok
2026-03-02 01:21:14 INFO user login ok
2026-03-02 01:21:16 INFO cache hit
2026-03-02 01:21:17 INFO user logout
2026-03-02 01:21:18 INFO invalid token
2026-03-02 01:21:20 INFO user login ok
2026-03-02 01:21:22 INFO user login ok
2026-03-02 01:21:24 INFO connection reset by peer
2026-03-02 01:21:26 WARN cache miss
2026-03-02 01:21:28 INFO user login ok
2026-03-02 01:21:31 INFO invalid token
2026-03-02 01:21:35 INFO user logout
2026-03-02 01:21:37 INFO cache hit
2026-03-02 01:21:39 INFO user login ok
2026-03-02 01:21:40 INFO database timeout
2026-03-02 01:21:44 INFO config reloaded
2026-03-02 01:21:47 INFO disk usage high
2026-03-02 01:21:51 INFO user login ok
2026-03-02 01:21:52 INFO user login ok
2026-03-02 01:21:54 INFO user login ok
2026-03-02 01:21:55 INFO request handled
2026-03-02 01:21:58 INFO invalid token
2026-03-02 01:21:59 WARN request handled
2026-03-02 01:22:03 INFO user login ok
2026-03-02 01:22:05 WARN user login ok
2026-03-02 01:22:08 INFO user login ok
2026-03-02 01:22:10 INFO slow query detected
2026-03-02 01:22:11 WARN user login ok
2026-03-02 01:22:13 INFO cache hit
2026-03-02 01:22:15 INFO cache hit
2026-03-02 01:22:16 INFO user login ok
2026-03-02 01:22:20 INFO user logout
2026-03-02 01:22:21 INFO request handled
2026-03-02 01:22:25 ERROR invalid token
2026-03-02 01:22:29 INFO background job finished
2026-03-02 01:22:32 WARN cache hit
2026-03-02 01:22:34 WARN slow query detected
2026-03-02 01:22:37 INFO user login ok
2026-03-02 01:22:39 INFO connection reset by peer
2026-03-02 01:22:41 INFO user logout
2026-03-02 01:22:43 INFO cache miss
2026-03-02 01:22:44 WARN cache hit
2026-03-02 01:22:45 WARN disk usage high
2026-03-02 01:22:47 INFO user login ok
2026-03-02 01:22:50 INFO user login ok
2026-03-02 01:22:51 INFO disk usage high
2026-03-02 01:22:55 INFO user login ok
2026-03-02 01:22:58 INFO user login ok
2026-03-02 01:23:00 INFO cache miss
### повреждённая строка ###
2026-03-02 01:23:03 INFO cache miss
2026-03-02 01:23:07 INFO invalid token
2026-03-02 01:23:11 INFO config reloaded
2026-03-02 01:23:14 INFO user login ok
2026-03-02 01:23:17 INFO slow query detected
2026-03-02 01:23:19 INFO user logout
2026-03-02 01:23:20 INFO config reloaded
2026-03-02 01:23:22 INFO config reloaded
2026-03-02 01:23:24 INFO user login ok
2026-03-02 01:23:27 INFO user login ok
2026-03-02 01:23:30 INFO user logout
2026-03-02 01:23:31 INFO database timeout
2026-03-02 01:23:33 INFO cache hit
2026-03-02 01:23:37 INFO invalid token
2026-03-02 01:23:39 INFO user login ok
2026-03-02 01:23:43 INFO user login ok
2026-03-02 01:23:45 INFO user login ok
2026-03-02 01:23:48 ERROR cache miss
2026-03-02 01:23:52 INFO invalid token
2026-03-02 01:23:53 INFO user logout
2026-03-02 01:23:55 INFO disk usage high
2026-03-02 01:23:59 INFO config reloaded
2026-03-02 01:24:03 INFO request handled
2026-03-02 01:24:04 INFO user login ok
2026-03-02 01:24:08 WARN cache hit
2026-03-02 01:24:11 INFO user login ok
2026-03-02 01:24:14 INFO user login ok
2026-03-02 01:24:18 INFO database timeout
2026-03-02 01:24:22 WARN cache miss
2026-03-02 01:24:26 INFO background job finished
2026-03-02 01:24:27 INFO user logout
2026-03-02 01:24:31 INFO user login ok
2026-03-02 01:24:32 INFO cache hit
2026-03-02 01:24:36 INFO cache miss
2026-03-02 01:24:39 WARN disk usage high
2026-03-02 01:24:42 INFO disk usage high
2026-03-02 01:24:45 WARN user login ok
2026-03-02 01:24:48 INFO cache hit
2026-03-02 01:24:49 INFO user login ok
2026-03-02 01:24:52 ERROR slow query detected
2026-03-02 01:24:55 INFO disk usage high
2026-03-02 01:24:57 INFO cache miss
2026-03-02 01:24:59 WARN database timeout
2026-03-02 01:25:02 INFO user login ok
2026-03-02 01:25:04 WARN user login ok
2026-03-02 01:25:07 INFO connection reset by peer
2026-03-02 01:25:08 INFO disk usage high
2026-03-02 01:25:09 INFO user logout
2026-03-02 01:25:13 WARN user login ok
2026-03-02 01:25:14 INFO user login ok
2026-03-02 01:25:17 INFO cache miss
2026-03-02 01:25:20 INFO user login ok
2026-03-02 01:25:22 INFO invalid token
2026-03-02 01:25:24 WARN slow query detected
2026-03-02 01:25:27 WARN user login ok
2026-03-02 01:25:28 INFO user login ok
2026-03-02 01:25:32 INFO cache miss
2026-03-02 01:25:34 INFO slow query detected
2026-03-02 01:25:37 INFO config reloaded
2026-03-02 01:25:41 INFO connection reset by peer
2026-03-02 01:25:43 INFO request handled
2026-03-02 01:25:44 INFO slow query detected
2026-03-02 01:25:47 INFO disk usage high
2026-03-02 01:25:49 INFO user logout
2026-03-02 01:25:53 INFO cache hit
2026-03-02 01:25:55 INFO user login ok
2026-03-02 01:25:56 INFO cache miss
2026-03-02 01:25:59 INFO user logout
2026-03-02 01:26:03 INFO user logout
2026-03-02 01:26:04 INFO disk usage high
2026-03-02 01:26:08 WARN user login ok
2026-03-02 01:26:10 INFO connection reset by peer
2026-03-02 01:26:13 INFO background job finished
2026-03-02 01:26:16 INFO disk usage high
2026-03-02 01:26:18 INFO user logout
2026-03-02 01:26:19 INFO invalid token
2026-03-02 01:26:20 INFO user login ok
2026-03-02 01:26:24 INFO cache hit
2026-03-02 01:26:25 INFO cache hit
2026-03-02 01:26:28 INFO user login ok
2026-03-02 01:26:31 INFO cache hit
2026-03-02 01:26:35 INFO user login ok
2026-03-02 01:26:38 INFO user login ok
2026-03-02 01:26:41 INFO database timeout
2026-03-02 01:26:45 INFO request handled
2026-03-02 01:26:49 INFO database timeout
2026-03-02 01:26:50 INFO cache hit
2026-03-02 01:26:52 ERROR user login ok
2026-03-02 01:26:53 INFO user login ok
2026-03-02 01:26:55 INFO cache miss
2026-03-02 01:26:57 INFO invalid token
2026-03-02 01:26:58 INFO disk usage high
2026-03-02 01:27:01 INFO cache miss
2026-03-02 01:27:04 INFO user login ok
2026-03-02 01:27:07 INFO user login ok
2026-03-02 01:27:10 WARN config reloaded
2026-03-02 01:27:14 INFO config reloaded
2026-03-02 01:27:18 INFO disk usage high
2026-03-02 01:27:20 WARN user login ok
2026-03-02 01:27:23 INFO user login ok
2026-03-02 01:27:26 INFO user login ok
2026-03-02 01:27:28 INFO slow query detected
2026-03-02 01:27:31 INFO background job finished
2026-03-02 01:27:35 INFO cache hit
2026-03-02 01:27:39 INFO user login ok
2026-03-02 01:27:41 WARN user login ok
2026-03-02 01:27:42 INFO cache miss
2026-03-02 01:27:44 INFO user login ok
2026-03-02 01:27:48 INFO background job finished
2026-03-02 01:27:52 INFO user logout
2026-03-02 01:27:56 INFO user login ok
2026-03-02 01:28:00 INFO user logout
2026-03-02 01:28:04 INFO slow query detected
2026-03-02 01:28:06 WARN connection reset by peer
2026-03-02 01:28:09 WARN slow query detected
2026-03-02 01:28:12 INFO database timeout
2026-03-02 01:28:13 INFO slow query detected
2026-03-02 01:28:16 INFO user login ok
2026-03-02 01:28:20 INFO background job finished
2026-03-02 01:28:23 INFO cache miss
2026-03-02 01:28:26 INFO user login ok
2026-03-02 01:28:27 INFO database timeout
2026-03-02 01:28:31 INFO connection reset by peer
2026-03-02 01:28:34 INFO user login ok
2026-03-02 01:28:36 INFO user login ok
2026-03-02 01:28:40 INFO user login ok
2026-03-02 01:28:44 INFO config reloaded
2026-03-02 01:28:47 INFO request handled
2026-03-02 01:28:48 INFO user login ok
2026-03-02 01:28:52 INFO slow query detected
2026-03-02 01:28:54 INFO cache miss
2026-03-02 01:28:58 WARN cache miss
2026-03-02 01:29:02 WARN database timeout
2026-03-02 01:29:05 INFO request handled
2026-03-02 01:29:08 INFO user login ok
2026-03-02 01:29:09 INFO connection reset by peer
2026-03-02 01:29:13 INFO cache miss
2026-03-02 01:29:15 ERROR cache hit
2026-03-02 01:29:16 WARN connection reset by peer
2026-03-02 01:29:17 INFO cache hit
2026-03-02 01:29:18 INFO user logout
2026-03-02 01:29:20 INFO cache hit
2026-03-02 01:29:22 WARN user login ok
2026-03-02 01:29:25 INFO user login ok
2026-03-02 01:29:27 INFO connection reset by peer
2026-03-02 01:29:29 INFO cache hit
2026-03-02 01:29:31 INFO user logout
2026-03-02 01:29:34 INFO disk usage high
2026-03-02 01:29:36 INFO cache hit
2026-03-02 01:29:40 INFO user login ok
2026-03-02 01:29:43 INFO cache hit
2026-03-02 01:29:45 INFO request handled
2026-03-02 01:29:48 INFO invalid token
2026-03-02 01:29:52 INFO connection reset by peer
2026-03-02 01:29:56 WARN request handled
2026-03-02 01:29:59 INFO slow query detected
2026-03-02 01:30:01 INFO cache miss
2026-03-02 01:30:05 INFO user login ok
2026-03-02 01:30:09 INFO user login ok
2026-03-02 01:30:10 INFO cache hit
2026-03-02 01:30:13 INFO user login ok
2026-03-02 01:30:17 INFO invalid token
2026-03-02 01:30:20 INFO user login ok
2026-03-02 01:30:21 INFO slow query detected
2026-03-02 01:30:22 INFO user logout
2026-03-02 01:30:23 INFO cache hit
2026-03-02 01:30:25 INFO database timeout
2026-03-02 01:30:26 INFO database timeout
2026-03-02 01:30:30 INFO user login ok
2026-03-02 01:30:31 WARN slow query detected
2026-03-02 01:30:33 INFO database timeout
2026-03-02 01:30:37 INFO user login ok
2026-03-02 01:30:41 INFO user login ok
2026-03-02 01:30:45 INFO cache hit
2026-03-02 01:30:47 INFO user login ok
2026-03-02 01:30:51 INFO user logout
2026-03-02 01:30:54 INFO user login ok
2026-03-02 01:30:56 WARN cache hit
2026-03-02 01:31:00 WARN user logout
2026-03-02 01:31:04 INFO user logout
2026-03-02 01:31:07 INFO slow query detected
2026-03-02 01:31:08 WARN cache hit
2026-03-02 01:31:12 ERROR background job finished
2026-03-02 01:31:14 INFO cache miss
2026-03-02 01:31:18 INFO connection reset by peer
2026-03-02 01:31:22 WARN slow query detected
2026-03-02 01:31:24 INFO user login ok
2026-03-02 01:31:26 INFO user logout
2026-03-02 01:31:30 INFO user login ok
2026-03-02 01:31:32 INFO request handled
2026-03-02 01:31:35 INFO user logout
2026-03-02 01:31:37 INFO user login ok
2026-03-02 01:31:38 INFO connection reset by peer
2026-03-02 01:31:39 INFO cache miss
2026-03-02 01:31:43 INFO config reloaded
2026-03-02 01:31:44 WARN user login ok
2026-03-02 01:31:48 INFO cache miss
2026-03-02 01:31:49 INFO user logout
2026-03-02 01:31:51 WARN user logout
2026-03-02 01:31:52 WARN database timeout
2026-03-02 01:31:54 WARN cache hit
2026-03-02 01:31:55 INFO cache hit
### повреждённая строка ###
2026-03-02 01:32:01 INFO slow query detected
2026-03-02 01:32:05 ERROR cache hit
2026-03-02 01:32:09 INFO cache hit
2026-03-02 01:32:12 INFO request handled
2026-03-02 01:32:13 INFO user logout
2026-03-02 01:32:16 INFO user logout
2026-03-02 01:32:19 INFO user login ok
2026-03-02 01:32:22 INFO database timeout
2026-03-02 01:32:26 INFO slow query detected
2026-03-02 01:32:27 INFO background job finished
2026-03-02 01:32:30 WARN cache hit
2026-03-02 01:32:31 INFO connection reset by peer
2026-03-02 01:32:32 INFO user login ok
2026-03-02 01:32:36 WARN slow query detected
2026-03-02 01:32:40 INFO user login ok
2026-03-02 01:32:43 WARN user logout
2026-03-02 01:32:46 INFO config reloaded
2026-03-02 01:32:47 WARN request handled
2026-03-02 01:32:51 INFO user logout
2026-03-02 01:32:55 INFO disk usage high
2026-03-02 01:32:59 INFO user login ok
2026-03-02 01:33:00 WARN cache hit
2026-03-02 01:33:04 INFO cache hit
2026-03-02 01:33:07 INFO user login ok
2026-03-02 01:33:09 INFO user logout
2026-03-02 01:33:10 INFO user login ok
2026-03-02 01:33:13 INFO slow query detected
2026-03-02 01:33:14 WARN slow query detected
2026-03-02 01:33:18 WARN cache hit
2026-03-02 01:33:22 INFO user logout
2026-03-02 01:33:26 INFO user login ok
2026-03-02 01:33:27 INFO user login ok
2026-03-02 01:33:28 WARN slow query detected
2026-03-02 01:33:31 INFO connection reset by peer
2026-03-02 01:33:33 INFO config reloaded
2026-03-02 01:33:34 INFO slow query detected
2026-03-02 01:33:37 INFO user login ok
2026-03-02 01:33:41 INFO user login ok
2026-03-02 01:33:43 WARN disk usage high
2026-03-02 01:33:47 INFO user logout
2026-03-02 01:33:50 WARN request handled
2026-03-02 01:33:52 WARN request handled
2026-03-02 01:33:54 INFO cache hit
2026-03-02 01:33:58 INFO config reloaded
2026-03-02 01:34:01 WARN invalid token
2026-03-02 01:34:02 WARN user logout
2026-03-02 01:34:04 INFO config reloaded
2026-03-02 01:34:05 INFO cache hit
2026-03-02 01:34:06 WARN database timeout
2026-03-02 01:34:07 WARN user logout
2026-03-02 01:34:09 INFO user login ok
2026-03-02 01:34:12 WARN disk usage high
2026-03-02 01:34:13 INFO request handled
2026-03-02 01:34:17 INFO user login ok
2026-03-02 01:34:19 INFO database timeout
2026-03-02 01:34:20 INFO user login ok
2026-03-02 01:34:21 INFO user login ok
2026-03-02 01:34:24 ERROR slow query detected
2026-03-02 01:34:27 INFO user login ok
2026-03-02 01:34:28 INFO user login ok
2026-03-02 01:34:29 INFO user login ok
2026-03-02 01:34:30 INFO user login ok
2026-03-02 01:34:32 INFO user login ok
2026-03-02 01:34:33 INFO cache miss
2026-03-02 01:34:35 INFO request handled
2026-03-02 01:34:36 WARN slow query detected
2026-03-02 01:34:40 WARN user login ok
2026-03-02 01:34:43 INFO invalid token
2026-03-02 01:34:45 ERROR cache hit
2026-03-02 01:34:47 WARN cache hit
2026-03-02 01:34:50 INFO disk usage high
2026-03-02 01:34:51 INFO user login ok
2026-03-02 01:34:53 INFO cache hit
2026-03-02 01:34:54 INFO user login ok
2026-03-02 01:34:58 INFO request handled
2026-03-02 01:34:59 INFO disk usage high
2026-03-02 01:35:01 ERROR connection reset by peer
2026-03-02 01:35:03 INFO cache miss
2026-03-02 01:35:04 INFO slow query detected
2026-03-02 01:35:08 INFO user login ok
2026-03-02 01:35:11 INFO disk usage high
2026-03-02 01:35:15 INFO cache miss
2026-03-02 01:35:19 INFO cache miss
2026-03-02 01:35:20 INFO cache hit
2026-03-02 01:35:22 INFO user logout
2026-03-02 01:35:26 INFO invalid token
2026-03-02 01:35:27 INFO user logout
2026-03-02 01:35:28 INFO user logout
2026-03-02 01:35:32 INFO user logout
2026-03-02 01:35:35 INFO user logout
2026-03-02 01:35:38 ERROR slow query detected
2026-03-02 01:35:42 INFO database timeout
2026-03-02 01:35:44 INFO config reloaded
2026-03-02 01:35:45 INFO user login ok
2026-03-02 01:35:46 INFO user login ok
2026-03-02 01:35:49 INFO disk usage high
2026-03-02 01:35:51 INFO database timeout
2026-03-02 01:35:53 INFO user login ok
2026-03-02 01:35:54 INFO disk usage high
2026-03-02 01:35:57 ERROR user logout
2026-03-02 01:36:00 INFO user login ok
2026-03-02 01:36:02 INFO invalid token
2026-03-02 01:36:04 INFO config reloaded
2026-03-02 01:36:08 INFO user login ok
2026-03-02 01:36:11 INFO user login ok
2026-03-02 01:36:13 INFO user login ok
2026-03-02 01:36:16 INFO cache miss
2026-03-02 01:36:17 INFO request handled
2026-03-02 01:36:18 WARN cache miss
2026-03-02 01:36:19 INFO connection reset by peer
2026-03-02 01:36:23 INFO user login ok
2026-03-02 01:36:25 INFO user logout
2026-03-02 01:36:29 INFO user login ok
2026-03-02 01:36:32 INFO slow query detected
2026-03-02 01:36:34 INFO user login ok
2026-03-02 01:36:35 INFO slow query detected
2026-03-02 01:36:39 INFO slow query detected
2026-03-02 01:36:42 INFO user logout
2026-03-02 01:36:43 INFO connection reset by peer
2026-03-02 01:36:46 INFO disk usage high
2026-03-02 01:36:49 INFO connection reset by peer
2026-03-02 01:36:52 INFO user login ok
2026-03-02 01:36:56 INFO cache hit
2026-03-02 01:36:59 INFO user login ok
2026-03-02 01:37:02 WARN background job finished
2026-03-02 01:37:06 ERROR cache hit
2026-03-02 01:37:10 INFO user logout
2026-03-02 01:37:14 INFO background job finished
2026-03-02 01:37:17 INFO user login ok
2026-03-02 01:37:20 INFO user logout
2026-03-02 01:37:21 INFO user login ok
2026-03-02 01:37:22 INFO user logout
2026-03-02 01:37:26 INFO disk usage high
2026-03-02 01:37:30 INFO slow query detected
2026-03-02 01:37:34 INFO database timeout
2026-03-02 01:37:35 WARN background job finished
2026-03-02 01:37:36 INFO database timeout
2026-03-02 01:37:39 INFO disk usage high
2026-03-02 01:37:40 INFO user login ok
2026-03-02 01:37:42 WARN invalid token
2026-03-02 01:37:45 INFO config reloaded
2026-03-02 01:37:48 WARN cache miss
2026-03-02 01:37:51 ERROR user login ok
2026-03-02 01:37:54 ERROR user login ok
2026-03-02 01:37:56 INFO slow query detected
2026-03-02 01:37:59 INFO disk usage high
2026-03-02 01:38:01 INFO user logout
2026-03-02 01:38:04 INFO user login ok
2026-03-02 01:38:06 INFO user login ok
2026-03-02 01:38:07 INFO background job finished
2026-03-02 01:38:10 WARN user login ok
2026-03-02 01:38:13 INFO connection reset by peer
2026-03-02 01:38:15 INFO request handled
2026-03-02 01:38:18 INFO cache miss
2026-03-02 01:38:21 INFO user login ok
2026-03-02 01:38:23 WARN user login ok
2026-03-02 01:38:26 INFO user login ok
2026-03-02 01:38:27 INFO user login ok
2026-03-02 01:38:30 INFO user login ok
2026-03-02 01:38:34 INFO database timeout
2026-03-02 01:38:35 INFO cache hit
2026-03-02 01:38:39 INFO cache miss
2026-03-02 01:38:40 INFO user login ok
2026-03-02 01:38:42 INFO cache hit
2026-03-02 01:38:44 WARN user logout
2026-03-02 01:38:46 INFO user logout
2026-03-02 01:38:48 WARN database timeout
2026-03-02 01:38:49 INFO connection reset by peer
2026-03-02 01:38:51 INFO config reloaded
2026-03-02 01:38:53 INFO connection reset by peer
2026-03-02 01:38:54 INFO background job finished
2026-03-02 01:38:57 ERROR slow query detected
2026-03-02 01:38:58 INFO request handled
2026-03-02 01:38:59 INFO request handled
2026-03-02 01:39:02 INFO user login ok
2026-03-02 01:39:06 WARN request handled
2026-03-02 01:39:07 INFO user logout
2026-03-02 01:39:09 INFO user logout
2026-03-02 01:39:11 WARN user logout
2026-03-02 01:39:12 INFO connection reset by peer
2026-03-02 01:39:13 INFO invalid token
2026-03-02 01:39:16 INFO user login ok
2026-03-02 01:39:20 INFO connection reset by peer
2026-03-02 01:39:22 INFO user login ok
2026-03-02 01:39:25 INFO cache hit
2026-03-02 01:39:26 INFO cache hit
2026-03-02 01:39:30 INFO config reloaded
2026-03-02 01:39:33 INFO disk usage high
2026-03-02 01:39:35 INFO cache miss
2026-03-02 01:39:38 INFO cache hit
2026-03-02 01:39:40 INFO database timeout
2026-03-02 01:39:41 INFO config reloaded
2026-03-02 01:39:43 INFO user login ok
2026-03-02 01:39:46 WARN cache hit
2026-03-02 01:39:48 INFO database timeout
2026-03-02 01:39:50 INFO invalid token
2026-03-02 01:39:51 INFO database timeout
2026-03-02 01:39:55 INFO user login ok
2026-03-02 01:39:58 WARN user login ok
2026-03-02 01:40:00 WARN disk usage high
2026-03-02 01:40:02 INFO cache hit
2026-03-02 01:40:05 INFO database timeout
2026-03-02 01:40:06 INFO connection reset by peer
2026-03-02 01:40:09 WARN disk usage high
2026-03-02 01:40:12 ERROR user logout
2026-03-02 01:40:16 INFO slow query detected
2026-03-02 01:40:17 INFO cache miss
2026-03-02 01:40:19 INFO cache hit
2026-03-02 01:40:23 WARN config reloaded
2026-03-02 01:40:24 INFO user logout
2026-03-02 01:40:26 INFO disk usage high
2026-03-02 01:40:29 INFO disk usage high
2026-03-02 01:40:33 INFO user logout
2026-03-02 01:40:35 WARN user logout
2026-03-02 01:40:39 INFO background job finished
2026-03-02 01:40:43 INFO invalid token
2026-03-02 01:40:46 INFO user login ok
2026-03-02 01:40:48 INFO cache miss
2026-03-02 01:40:49 INFO user login ok
2026-03-02 01:40:51 INFO user login ok
2026-03-02 01:40:54 INFO user logout
2026-03-02 01:40:57 INFO cache hit
2026-03-02 01:40:58 INFO user logout
2026-03-02 01:40:59 ERROR user login ok
2026-03-02 01:41:00 INFO request handled
2026-03-02 01:41:01 INFO user login ok
2026-03-02 01:41:02 INFO user login ok
2026-03-02 01:41:03 INFO slow query detected
2026-03-02 01:41:05 INFO cache hit
2026-03-02 01:41:08 WARN request handled
2026-03-02 01:41:10 INFO request handled
2026-03-02 01:41:13 INFO slow query detected
2026-03-02 01:41:15 INFO user login ok
2026-03-02 01:41:18 INFO user login ok
2026-03-02 01:41:19 INFO slow query detected
2026-03-02 01:41:20 INFO user logout
2026-03-02 01:41:22 INFO cache hit
2026-03-02 01:41:25 INFO request handled
2026-03-02 01:41:26 INFO cache miss
2026-03-02 01:41:27 INFO user login ok
2026-03-02 01:41:31 INFO database timeout
2026-03-02 01:41:32 INFO request handled
2026-03-02 01:41:33 INFO cache hit
2026-03-02 01:41:35 ERROR user logout
2026-03-02 01:41:36 INFO config reloaded
2026-03-02 01:41:38 INFO user login ok
2026-03-02 01:41:41 INFO database timeout
2026-03-02 01:41:42 INFO user login ok
2026-03-02 01:41:46 INFO request handled
2026-03-02 01:41:48 INFO database timeout
2026-03-02 01:41:50 INFO cache miss
2026-03-02 01:41:52 INFO cache miss
2026-03-02 01:41:53 INFO request handled
2026-03-02 01:41:57 INFO background job finished
2026-03-02 01:42:00 WARN slow query detected
2026-03-02 01:42:03 INFO user logout
### повреждённая строка ###
2026-03-02 01:42:08 INFO request handled
2026-03-02 01:42:09 INFO invalid token
2026-03-02 01:42:12 WARN user login ok
2026-03-02 01:42:13 INFO user login ok
2026-03-02 01:42:16 INFO cache hit
2026-03-02 01:42:19 INFO slow query detected
2026-03-02 01:42:23 INFO background job finished
2026-03-02 01:42:24 INFO disk usage high
2026-03-02 01:42:26 INFO user login ok
2026-03-02 01:42:28 INFO config reloaded
2026-03-02 01:42:31 INFO cache hit
2026-03-02 01:42:32 INFO user login ok
2026-03-02 01:42:33 INFO config reloaded
2026-03-02 01:42:36 INFO connection reset by peer
2026-03-02 01:42:37 INFO user login ok
2026-03-02 01:42:41 INFO user logout
2026-03-02 01:42:43 INFO user login ok
2026-03-02 01:42:44 INFO background job finished
2026-03-02 01:42:48 INFO user logout
2026-03-02 01:42:51 WARN user login ok
2026-03-02 01:42:53 INFO request handled
2026-03-02 01:42:57 INFO config reloaded
2026-03-02 01:43:01 INFO cache hit
2026-03-02 01:43:04 WARN database timeout
2026-03-02 01:43:06 ERROR cache hit
2026-03-02 01:43:07 INFO user logout
2026-03-02 01:43:09 INFO request handled
2026-03-02 01:43:12 INFO user login ok
2026-03-02 01:43:15 INFO user logout
2026-03-02 01:43:16 INFO config reloaded
2026-03-02 01:43:17 INFO database timeout
2026-03-02 01:43:21 INFO request handled
2026-03-02 01:43:22 INFO user login ok
2026-03-02 01:43:24 INFO slow query detected
2026-03-02 01:43:25 INFO invalid token
2026-03-02 01:43:26 INFO background job finished
2026-03-02 01:43:29 INFO user login ok
2026-03-02 01:43:33 INFO cache miss
2026-03-02 01:43:37 INFO database timeout
2026-03-02 01:43:40 INFO user logout
2026-03-02 01:43:44 INFO disk usage high
2026-03-02 01:43:48 ERROR user login ok
### повреждённая строка ###
2026-03-02 01:43:55 INFO cache hit
2026-03-02 01:43:58 INFO user login ok
2026-03-02 01:44:01 INFO user login ok
2026-03-02 01:44:04 INFO user login ok
2026-03-02 01:44:08 INFO invalid token
2026-03-02 01:44:11 INFO disk usage high
2026-03-02 01:44:12 INFO request handled
2026-03-02 01:44:13 WARN user login ok
2026-03-02 01:44:16 INFO disk usage high
2026-03-02 01:44:18 INFO config reloaded
2026-03-02 01:44:21 INFO database timeout
2026-03-02 01:44:22 INFO background job finished
2026-03-02 01:44:26 INFO database timeout
2026-03-02 01:44:27 INFO request handled
2026-03-02 01:44:31 INFO background job finished
2026-03-02 01:44:32 INFO user logout
2026-03-02 01:44:34 INFO user login ok
2026-03-02 01:44:37 INFO user login ok
2026-03-02 01:44:40 INFO cache hit
2026-03-02 01:44:41 INFO background job finished
2026-03-02 01:44:44 INFO user login ok
2026-03-02 01:44:45 INFO user login ok
2026-03-02 01:44:47 INFO cache miss
2026-03-02 01:44:50 WARN user login ok
2026-03-02 01:44:53 INFO slow query detected
2026-03-02 01:44:56 WARN request handled
2026-03-02 01:44:57 INFO invalid token
2026-03-02 01:44:59 INFO cache hit
2026-03-02 01:45:01 INFO user login ok
2026-03-02 01:45:05 INFO config reloaded
2026-03-02 01:45:07 INFO cache miss
2026-03-02 01:45:09 INFO cache hit
2026-03-02 01:45:12 INFO user login ok
2026-03-02 01:45:14 INFO cache miss
2026-03-02 01:45:16 INFO user login ok
2026-03-02 01:45:18 WARN user login ok
2026-03-02 01:45:19 INFO user login ok
2026-03-02 01:45:22 INFO cache miss
2026-03-02 01:45:26 INFO invalid token
2026-03-02 01:45:27 ERROR cache hit
2026-03-02 01:45:28 INFO database timeout
2026-03-02 01:45:30 INFO invalid token
2026-03-02 01:45:32 INFO database timeout
2026-03-02 01:45:33 WARN database timeout
2026-03-02 01:45:36 WARN cache miss
2026-03-02 01:45:39 INFO user logout
### повреждённая строка ###
2026-03-02 01:45:42 INFO user login ok
2026-03-02 01:45:43 INFO request handled
2026-03-02 01:45:44 INFO user login ok
2026-03-02 01:45:45 INFO slow query detected
2026-03-02 01:45:47 INFO user login ok
2026-03-02 01:45:51 INFO database timeout
2026-03-02 01:45:54 WARN connection reset by peer
2026-03-02 01:45:56 WARN user login ok
2026-03-02 01:45:59 INFO user login ok
2026-03-02 01:46:01 INFO database timeout
2026-03-02 01:46:02 INFO cache miss
2026-03-02 01:46:05 INFO user login ok
2026-03-02 01:46:09 INFO disk usage high
2026-03-02 01:46:11 INFO user logout
2026-03-02 01:46:12 INFO cache miss
2026-03-02 01:46:16 INFO config reloaded
2026-03-02 01:46:17 INFO user logout
2026-03-02 01:46:20 INFO connection reset by peer
2026-03-02 01:46:22 WARN invalid token
2026-03-02 01:46:23 INFO user login ok
2026-03-02 01:46:26 INFO user login ok
2026-03-02 01:46:27 WARN user logout
2026-03-02 01:46:28 INFO cache hit
2026-03-02 01:46:31 INFO request handled
2026-03-02 01:46:35 INFO config reloaded
2026-03-02 01:46:37 INFO disk usage high
2026-03-02 01:46:40 INFO user login ok
2026-03-02 01:46:44 INFO user logout
2026-03-02 01:46:48 INFO connection reset by peer
2026-03-02 01:46:51 INFO connection reset by peer
2026-03-02 01:46:55 INFO background job finished
2026-03-02 01:46:57 INFO user logout
2026-03-02 01:47:01 INFO user login ok
2026-03-02 01:47:02 INFO cache hit
2026-03-02 01:47:03 INFO slow query detected
2026-03-02 01:47:07 INFO cache hit
2026-03-02 01:47:10 INFO cache miss
2026-03-02 01:47:13 ERROR user logout
2026-03-02 01:47:15 INFO user login ok
2026-03-02 01:47:19 INFO disk usage high
2026-03-02 01:47:20 INFO user login ok
2026-03-02 01:47:21 INFO slow query detected
2026-03-02 01:47:24 INFO user login ok
2026-03-02 01:47:28 INFO request handled
2026-03-02 01:47:31 INFO cache miss
2026-03-02 01:47:33 INFO user login ok
2026-03-02 01:47:34 INFO slow query detected
2026-03-02 01:47:36 INFO cache hit
2026-03-02 01:47:40 INFO cache miss
2026-03-02 01:47:41 WARN user login ok
2026-03-02 01:47:42 INFO user login ok
2026-03-02 01:47:46 INFO cache hit
2026-03-02 01:47:49 INFO slow query detected
2026-03-02 01:47:52 INFO user logout
2026-03-02 01:47:56 INFO disk usage high
2026-03-02 01:47:59 INFO background job finished
2026-03-02 01:48:02 INFO user login ok
2026-03-02 01:48:05 INFO cache hit
2026-03-02 01:48:09 INFO disk usage high
2026-03-02 01:48:11 INFO user login ok
2026-03-02 01:48:12 INFO user login ok
2026-03-02 01:48:14 INFO user logout
2026-03-02 01:48:18 WARN user logout
2026-03-02 01:48:20 INFO user login ok
2026-03-02 01:48:21 INFO user login ok
2026-03-02 01:48:22 INFO background job finished
2026-03-02 01:48:24 INFO cache miss
2026-03-02 01:48:25 INFO slow query detected
2026-03-02 01:48:26 INFO user logout
2026-03-02 01:48:29 INFO user login ok
2026-03-02 01:48:32 INFO cache hit
2026-03-02 01:48:34 INFO connection reset by peer
2026-03-02 01:48:37 INFO config reloaded
2026-03-02 01:48:39 INFO database timeout
2026-03-02 01:48:42 INFO connection reset by peer
2026-03-02 01:48:45 INFO user logout
2026-03-02 01:48:47 INFO user login ok
2026-03-02 01:48:49 INFO disk usage high
2026-03-02 01:48:52 INFO background job finished
2026-03-02 01:48:55 INFO user login ok
2026-03-02 01:48:59 INFO user login ok
2026-03-02 01:49:02 INFO user login ok
2026-03-02 01:49:03 INFO slow query detected
2026-03-02 01:49:06 WARN user login ok
2026-03-02 01:49:10 INFO user logout
2026-03-02 01:49:12 WARN user logout
2026-03-02 01:49:16 INFO invalid token
2026-03-02 01:49:19 INFO user login ok
2026-03-02 01:49:20 INFO user login ok
2026-03-02 01:49:23 INFO invalid token
2026-03-02 01:49:24 INFO disk usage high
2026-03-02 01:49:25 INFO cache hit
2026-03-02 01:49:26 INFO cache miss
2026-03-02 01:49:30 INFO user login ok
2026-03-02 01:49:33 INFO cache hit
2026-03-02 01:49:34 WARN user login ok
2026-03-02 01:49:38 INFO connection reset by peer
2026-03-02 01:49:42 INFO cache hit
2026-03-02 01:49:46 INFO user login ok
2026-03-02 01:49:50 INFO cache hit
2026-03-02 01:49:53 INFO cache miss
2026-03-02 01:49:55 WARN cache hit
2026-03-02 01:49:56 INFO invalid token
2026-03-02 01:49:58 INFO user logout
2026-03-02 01:50:01 INFO user logout
2026-03-02 01:50:02 INFO invalid token
2026-03-02 01:50:06 INFO request handled
2026-03-02 01:50:08 INFO background job finished
2026-03-02 01:50:10 INFO request handled
2026-03-02 01:50:13 INFO cache miss
2026-03-02 01:50:16 INFO request handled
2026-03-02 01:50:19 WARN invalid token
2026-03-02 01:50:20 INFO user login ok
2026-03-02 01:50:22 INFO user login ok
2026-03-02 01:50:24 INFO disk usage high
2026-03-02 01:50:26 INFO config reloaded
2026-03-02 01:50:27 INFO user login ok
2026-03-02 01:50:28 INFO connection reset by peer
2026-03-02 01:50:32 INFO user login ok
2026-03-02 01:50:33 INFO user login ok
2026-03-02 01:50:34 INFO user logout
2026-03-02 01:50:36 INFO cache miss
2026-03-02 01:50:40 INFO connection reset by peer
2026-03-02 01:50:44 INFO user logout
2026-03-02 01:50:47 INFO connection reset by peer
2026-03-02 01:50:51 WARN disk usage high
2026-03-02 01:50:52 INFO user login ok
2026-03-02 01:50:56 INFO cache miss
2026-03-02 01:50:57 INFO cache hit
2026-03-02 01:51:00 INFO user login ok
2026-03-02 01:51:01 ERROR invalid token
2026-03-02 01:51:03 INFO disk usage high
2026-03-02 01:51:04 INFO cache miss
2026-03-02 01:51:06 INFO user login ok
2026-03-02 01:51:10 INFO cache miss
2026-03-02 01:51:13 WARN slow query detected
2026-03-02 01:51:14 INFO user login ok
2026-03-02 01:51:17 INFO request handled
2026-03-02 01:51:21 INFO cache hit
2026-03-02 01:51:25 INFO invalid token
2026-03-02 01:51:26 INFO user login ok
2026-03-02 01:51:30 INFO disk usage high
2026-03-02 01:51:34 INFO slow query detected
2026-03-02 01:51:38 INFO config reloaded
2026-03-02 01:51:39 ERROR user login ok
2026-03-02 01:51:40 INFO slow query detected
2026-03-02 01:51:43 INFO user login ok
2026-03-02 01:51:47 INFO request handled
2026-03-02 01:51:49 INFO connection reset by peer
2026-03-02 01:51:53 INFO user login ok
2026-03-02 01:51:56 INFO connection reset by peer
2026-03-02 01:52:00 INFO user login ok
2026-03-02 01:52:02 INFO user logout
2026-03-02 01:52:04 INFO user login ok
2026-03-02 01:52:07 INFO request handled
2026-03-02 01:52:09 WARN cache hit
2026-03-02 01:52:11 INFO background job finished
2026-03-02 01:52:15 INFO connection reset by peer
2026-03-02 01:52:19 INFO cache miss
2026-03-02 01:52:21 INFO user login ok
2026-03-02 01:52:24 INFO cache hit
2026-03-02 01:52:26 INFO user logout
2026-03-02 01:52:28 INFO request handled
2026-03-02 01:52:29 WARN connection reset by peer
2026-03-02 01:52:31 INFO user login ok
2026-03-02 01:52:35 ERROR cache hit
2026-03-02 01:52:36 WARN user login ok
2026-03-02 01:52:37 INFO cache miss
2026-03-02 01:52:39 INFO background job finished
2026-03-02 01:52:41 INFO request handled
2026-03-02 01:52:42 INFO user login ok
### повреждённая строка ###
2026-03-02 01:52:46 INFO user logout
2026-03-02 01:52:50 INFO user login ok
2026-03-02 01:52:51 INFO disk usage high
2026-03-02 01:52:52 INFO cache miss
2026-03-02 01:52:53 INFO config reloaded
2026-03-02 01:52:56 INFO user logout
2026-03-02 01:52:59 INFO user login ok
2026-03-02 01:53:01 INFO cache hit
2026-03-02 01:53:03 INFO cache hit
2026-03-02 01:53:07 WARN background job finished
2026-03-02 01:53:11 ERROR user login ok
2026-03-02 01:53:13 WARN user login ok
2026-03-02 01:53:17 INFO user login ok
2026-03-02 01:53:18 INFO user login ok
2026-03-02 01:53:21 INFO request handled
2026-03-02 01:53:23 WARN user logout
2026-03-02 01:53:24 INFO connection reset by peer
2026-03-02 01:53:26 INFO user login ok
2026-03-02 01:53:27 INFO user login ok
2026-03-02 01:53:31 WARN user logout
2026-03-02 01:53:33 INFO user login ok
2026-03-02 01:53:34 INFO connection reset by peer
2026-03-02 01:53:37 INFO database timeout
2026-03-02 01:53:40 INFO cache hit
2026-03-02 01:53:44 INFO cache miss
2026-03-02 01:53:48 INFO user login ok
2026-03-02 01:53:50 INFO user login ok
2026-03-02 01:53:51 WARN user logout
2026-03-02 01:53:53 INFO cache hit
2026-03-02 01:53:57 INFO config reloaded
2026-03-02 01:54:00 INFO background job finished
2026-03-02 01:54:04 INFO user login ok
2026-03-02 01:54:05 INFO connection reset by peer
2026-03-02 01:54:09 INFO slow query detected
2026-03-02 01:54:10 WARN user logout
2026-03-02 01:54:11 WARN disk usage high
2026-03-02 01:54:14 INFO connection reset by peer
2026-03-02 01:54:18 INFO user login ok
2026-03-02 01:54:19 INFO cache miss
2026-03-02 01:54:22 INFO user login ok
2026-03-02 01:54:23 INFO user login ok
2026-03-02 01:54:27 INFO user logout
2026-03-02 01:54:31 INFO user login ok
2026-03-02 01:54:33 INFO invalid token
2026-03-02 01:54:34 INFO user login ok
2026-03-02 01:54:36 INFO user login ok
2026-03-02 01:54:40 INFO request handled
2026-03-02 01:54:43 WARN cache hit
2026-03-02 01:54:44 INFO cache hit
2026-03-02 01:54:47 INFO database timeout
2026-03-02 01:54:51 WARN config reloaded
2026-03-02 01:54:52 INFO disk usage high
2026-03-02 01:54:55 INFO connection reset by peer
2026-03-02 01:54:56 INFO user login ok
2026-03-02 01:54:59 INFO user login ok
2026-03-02 01:55:02 WARN slow query detected
2026-03-02 01:55:03 INFO user login ok
2026-03-02 01:55:04 ERROR request handled
2026-03-02 01:55:08 INFO invalid token
2026-03-02 01:55:12 INFO connection reset by peer
2026-03-02 01:55:16 INFO user login ok
2026-03-02 01:55:19 INFO invalid token
2026-03-02 01:55:21 INFO user login ok
2026-03-02 01:55:22 INFO cache hit
2026-03-02 01:55:25 WARN user login ok
2026-03-02 01:55:28 INFO invalid token
2026-03-02 01:55:29 INFO cache hit
2026-03-02 01:55:31 INFO user login ok
2026-03-02 01:55:32 INFO connection reset by peer
2026-03-02 01:55:33 WARN config reloaded
2026-03-02 01:55:37 INFO background job finished
2026-03-02 01:55:40 INFO disk usage high
2026-03-02 01:55:43 INFO user login ok
2026-03-02 01:55:44 INFO user logout
2026-03-02 01:55:46 INFO user login ok
2026-03-02 01:55:50 INFO request handled
2026-03-02 01:55:51 INFO request handled
2026-03-02 01:55:55 INFO database timeout
2026-03-02 01:55:57 INFO cache hit
2026-03-02 01:56:00 INFO user login ok
2026-03-02 01:56:03 INFO slow query detected
2026-03-02 01:56:04 ERROR cache miss
2026-03-02 01:56:05 INFO cache miss
2026-03-02 01:56:09 INFO user logout
2026-03-02 01:56:13 INFO request handled
2026-03-02 01:56:16 INFO user login ok
2026-03-02 01:56:17 INFO invalid token
2026-03-02 01:56:19 INFO slow query detected
2026-03-02 01:56:22 INFO user login ok
2026-03-02 01:56:24 INFO request handled
2026-03-02 01:56:25 WARN database timeout
2026-03-02 01:56:29 INFO user login ok
2026-03-02 01:56:31 INFO cache hit
2026-03-02 01:56:34 INFO cache miss
2026-03-02 01:56:37 INFO user login ok
2026-03-02 01:56:40 INFO user logout
2026-03-02 01:56:41 INFO cache miss
2026-03-02 01:56:44 INFO database timeout
2026-03-02 01:56:48 ERROR cache miss
2026-03-02 01:56:52 INFO user login ok
2026-03-02 01:56:56 INFO user login ok
2026-03-02 01:56:57 WARN slow query detected
2026-03-02 01:57:00 INFO request handled
2026-03-02 01:57:03 INFO background job finished
2026-03-02 01:57:05 INFO request handled
2026-03-02 01:57:09 INFO disk usage high
2026-03-02 01:57:11 INFO user logout
2026-03-02 01:57:15 INFO user login ok
2026-03-02 01:57:19 WARN cache miss
2026-03-02 01:57:22 INFO invalid token
2026-03-02 01:57:26 INFO cache hit
2026-03-02 01:57:27 INFO cache miss
2026-03-02 01:57:28 WARN invalid token
2026-03-02 01:57:31 WARN request handled
2026-03-02 01:57:35 ERROR user login ok
2026-03-02 01:57:38 INFO cache hit
2026-03-02 01:57:42 WARN invalid token
2026-03-02 01:57:44 INFO request handled
2026-03-02 01:57:46 INFO slow query detected
2026-03-02 01:57:47 INFO user login ok
2026-03-02 01:57:49 INFO user login ok
2026-03-02 01:57:52 INFO cache miss
2026-03-02 01:57:54 ERROR user logout
2026-03-02 01:57:57 INFO cache miss
2026-03-02 01:58:00 INFO database timeout
2026-03-02 01:58:04 ERROR user login ok
2026-03-02 01:58:08 INFO request handled
2026-03-02 01:58:10 INFO user login ok
2026-03-02 01:58:13 INFO user logout
2026-03-02 01:58:16 INFO connection reset by peer
2026-03-02 01:58:20 INFO background job finished
2026-03-02 01:58:24 INFO cache miss
2026-03-02 01:58:28 INFO user login ok
2026-03-02 01:58:30 INFO connection reset by peer
2026-03-02 01:58:31 WARN connection reset by peer
2026-03-02 01:58:34 INFO connection reset by peer
2026-03-02 01:58:36 INFO invalid token
2026-03-02 01:58:40 INFO user login ok
2026-03-02 01:58:41 ERROR user login ok
2026-03-02 01:58:43 ERROR user login ok
2026-03-02 01:58:46 INFO cache miss
2026-03-02 01:58:49 INFO cache hit
2026-03-02 01:58:53 INFO slow query detected
2026-03-02 01:58:56 INFO request handled
2026-03-02 01:58:57 INFO user login ok
2026-03-02 01:58:59 INFO disk usage high
2026-03-02 01:59:03 INFO user login ok
2026-03-02 01:59:07 INFO slow query detected
2026-03-02 01:59:11 WARN config reloaded
2026-03-02 01:59:12 WARN config reloaded
2026-03-02 01:59:14 INFO slow query detected
2026-03-02 01:59:16 INFO user login ok
2026-03-02 01:59:19 INFO invalid token
2026-03-02 01:59:21 WARN invalid token
2026-03-02 01:59:23 WARN user login ok
2026-03-02 01:59:25 INFO connection reset by peer
2026-03-02 01:59:28 INFO user logout
2026-03-02 01:59:32 INFO user logout
2026-03-02 01:59:33 INFO background job finished
2026-03-02 01:59:37 INFO user logout
2026-03-02 01:59:41 INFO background job finished
2026-03-02 01:59:43 INFO user logout
2026-03-02 01:59:45 INFO slow query detected
2026-03-02 01:59:48 INFO slow query detected
2026-03-02 01:59:49 INFO connection reset by peer
2026-03-02 01:59:53 INFO connection reset by peer
2026-03-02 01:59:57 INFO disk usage high
2026-03-02 01:59:59 INFO database timeout
2026-03-02 02:00:00 INFO slow query detected
2026-03-02 02:00:02 WARN config reloaded
2026-03-02 02:00:06 INFO user logout
2026-03-02 02:00:10 INFO user login ok
2026-03-02 02:00:14 INFO cache hit
2026-03-02 02:00:15 INFO user login ok
2026-03-02 02:00:19 WARN slow query detected
2026-03-02 02:00:20 INFO user login ok
2026-03-02 02:00:22 WARN user login ok
2026-03-02 02:00:25 INFO config reloaded
2026-03-02 02:00:27 INFO user login ok
2026-03-02 02:00:28 INFO user logout
2026-03-02 02:00:30 INFO cache miss
2026-03-02 02:00:33 INFO slow query detected
2026-03-02 02:00:37 INFO background job finished
2026-03-02 02:00:38 INFO user logout
2026-03-02 02:00:41 INFO cache miss
2026-03-02 02:00:43 INFO cache hit
2026-03-02 02:00:45 INFO user login ok
2026-03-02 02:00:48 INFO user login ok
2026-03-02 02:00:51 INFO cache miss
2026-03-02 02:00:55 INFO connection reset by peer
2026-03-02 02:00:57 INFO background job finished
2026-03-02 02:00:58 INFO database timeout
2026-03-02 02:01:02 INFO cache miss
2026-03-02 02:01:04 INFO user login ok
2026-03-02 02:01:06 INFO request handled
2026-03-02 02:01:09 WARN connection reset by peer
2026-03-02 02:01:11 ERROR user login ok
2026-03-02 02:01:14 INFO user login ok
2026-03-02 02:01:17 INFO user logout
2026-03-02 02:01:21 INFO config reloaded
2026-03-02 02:01:24 ERROR slow query detected
2026-03-02 02:01:26 INFO user login ok
2026-03-02 02:01:30 ERROR user login ok
2026-03-02 02:01:31 INFO connection reset by peer
2026-03-02 02:01:34 INFO slow query detected
2026-03-02 02:01:37 INFO slow query detected
2026-03-02 02:01:41 WARN database timeout
2026-03-02 02:01:42 WARN config reloaded
2026-03-02 02:01:44 INFO cache hit
2026-03-02 02:01:47 INFO user login ok
2026-03-02 02:01:50 ERROR database timeout
2026-03-02 02:01:51 INFO cache hit
2026-03-02 02:01:52 INFO invalid token
2026-03-02 02:01:55 INFO user login ok
2026-03-02 02:01:58 INFO user login ok
2026-03-02 02:02:00 INFO user login ok
2026-03-02 02:02:03 INFO slow query detected
2026-03-02 02:02:04 INFO cache hit
2026-03-02 02:02:05 INFO connection reset by peer
2026-03-02 02:02:06 INFO database timeout
2026-03-02 02:02:07 WARN user logout
2026-03-02 02:02:10 INFO invalid token
2026-03-02 02:02:13 WARN slow query detected
2026-03-02 02:02:17 INFO user login ok
2026-03-02 02:02:20 INFO user logout
2026-03-02 02:02:24 INFO user logout
2026-03-02 02:02:25 INFO user logout
2026-03-02 02:02:26 INFO background job finished
2026-03-02 02:02:27 INFO user login ok
2026-03-02 02:02:28 INFO user logout
2026-03-02 02:02:29 INFO request handled
2026-03-02 02:02:32 INFO request handled
2026-03-02 02:02:35 WARN background job finished
2026-03-02 02:02:38 INFO cache hit
2026-03-02 02:02:41 WARN request handled
2026-03-02 02:02:42 ERROR user logout
2026-03-02 02:02:43 WARN cache hit
2026-03-02 02:02:47 INFO user login ok
2026-03-02 02:02:51 WARN slow query detected
2026-03-02 02:02:52 INFO disk usage high
2026-03-02 02:02:53 INFO user logout
2026-03-02 02:02:54 INFO user login ok
2026-03-02 02:02:58 WARN cache miss
2026-03-02 02:03:01 INFO connection reset by peer
2026-03-02 02:03:02 ERROR invalid token
2026-03-02 02:03:04 INFO user logout
2026-03-02 02:03:07 INFO user login ok
2026-03-02 02:03:09 WARN connection reset by peer
2026-03-02 02:03:13 INFO user login ok
2026-03-02 02:03:15 INFO disk usage high
2026-03-02 02:03:17 INFO invalid token
2026-03-02 02:03:19 WARN cache miss
2026-03-02 02:03:21 INFO cache hit
2026-03-02 02:03:22 INFO database timeout
2026-03-02 02:03:25 INFO disk usage high
2026-03-02 02:03:26 INFO user login ok
2026-03-02 02:03:29 INFO cache miss
2026-03-02 02:03:33 ERROR disk usage high
2026-03-02 02:03:34 INFO slow query detected
2026-03-02 02:03:37 INFO background job finished
2026-03-02 02:03:38 INFO cache miss
2026-03-02 02:03:39 INFO user login ok
2026-03-02 02:03:43 INFO user logout
2026-03-02 02:03:45 INFO request handled
2026-03-02 02:03:46 INFO cache hit
2026-03-02 02:03:48 INFO request handled
2026-03-02 02:03:49 WARN background job finished
2026-03-02 02:03:52 ERROR database timeout
2026-03-02 02:03:54 INFO disk usage high
2026-03-02 02:03:55 INFO slow query detected
2026-03-02 02:03:56 INFO user login ok
2026-03-02 02:03:59 ERROR user logout
2026-03-02 02:04:02 INFO slow query detected
2026-03-02 02:04:03 INFO cache hit
2026-03-02 02:04:05 INFO user login ok
2026-03-02 02:04:06 INFO user logout
2026-03-02 02:04:10 INFO user login ok
2026-03-02 02:04:11 INFO request handled
2026-03-02 02:04:12 INFO user login ok
2026-03-02 02:04:16 INFO cache hit
2026-03-02 02:04:20 WARN user login ok
2026-03-02 02:04:22 INFO request handled
2026-03-02 02:04:24 INFO disk usage high
2026-03-02 02:04:28 INFO background job finished
2026-03-02 02:04:32 INFO connection reset by peer
2026-03-02 02:04:36 INFO config reloaded
2026-03-02 02:04:38 INFO user logout
2026-03-02 02:04:41 INFO connection reset by peer
2026-03-02 02:04:42 INFO user login ok
2026-03-02 02:04:46 INFO user logout
2026-03-02 02:04:48 INFO user login ok
2026-03-02 02:04:51 INFO request handled
2026-03-02 02:04:54 INFO invalid token
2026-03-02 02:04:55 INFO cache hit
2026-03-02 02:04:57 WARN background job finished
2026-03-02 02:04:59 INFO cache hit
2026-03-02 02:05:01 INFO cache hit
2026-03-02 02:05:03 INFO user login ok
2026-03-02 02:05:06 INFO connection reset by peer
2026-03-02 02:05:08 INFO user logout
2026-03-02 02:05:11 INFO user login ok
2026-03-02 02:05:15 INFO user logout
2026-03-02 02:05:19 INFO user logout
2026-03-02 02:05:20 INFO cache hit
2026-03-02 02:05:21 INFO cache miss
2026-03-02 02:05:22 INFO user login ok
2026-03-02 02:05:24 WARN slow query detected
### повреждённая строка ###
### повреждённая строка ###
2026-03-02 02:05:32 INFO slow query detected
2026-03-02 02:05:33 INFO background job finished
2026-03-02 02:05:34 INFO user login ok
2026-03-02 02:05:36 INFO user login ok
2026-03-02 02:05:37 INFO cache hit
2026-03-02 02:05:41 INFO user login ok
2026-03-02 02:05:44 INFO invalid token
2026-03-02 02:05:48 INFO invalid token
2026-03-02 02:05:52 INFO database timeout
2026-03-02 02:05:56 WARN slow query detected
2026-03-02 02:05:57 INFO request handled
2026-03-02 02:06:01 INFO slow query detected
2026-03-02 02:06:05 INFO cache miss
2026-03-02 02:06:09 INFO config reloaded
2026-03-02 02:06:10 INFO user login ok
2026-03-02 02:06:12 INFO user login ok
2026-03-02 02:06:15 INFO cache hit
2026-03-02 02:06:19 INFO cache miss
2026-03-02 02:06:20 INFO connection reset by peer
2026-03-02 02:06:22 INFO slow query detected
2026-03-02 02:06:25 INFO user logout
2026-03-02 02:06:27 ERROR slow query detected
2026-03-02 02:06:28 INFO invalid token
2026-03-02 02:06:32 INFO slow query detected
2026-03-02 02:06:34 INFO user logout
2026-03-02 02:06:37 INFO user logout
2026-03-02 02:06:38 INFO user logout
2026-03-02 02:06:39 WARN user login ok
2026-03-02 02:06:42 INFO user login ok
2026-03-02 02:06:44 WARN user login ok
2026-03-02 02:06:45 INFO user logout
2026-03-02 02:06:49 INFO user login ok
2026-03-02 02:06:50 ERROR user login ok
2026-03-02 02:06:51 INFO invalid token
2026-03-02 02:06:54 INFO user login ok
2026-03-02 02:06:55 INFO slow query detected
2026-03-02 02:06:56 INFO cache miss
2026-03-02 02:06:57 INFO config reloaded
2026-03-02 02:06:59 INFO user logout
2026-03-02 02:07:00 INFO user logout
2026-03-02 02:07:02 INFO user login ok
2026-03-02 02:07:05 INFO background job finished
2026-03-02 02:07:07 INFO slow query detected
2026-03-02 02:07:09 INFO cache miss
2026-03-02 02:07:11 INFO cache miss
2026-03-02 02:07:13 INFO user login ok
2026-03-02 02:07:17 WARN user login ok
2026-03-02 02:07:20 INFO user login ok
2026-03-02 02:07:23 INFO cache hit
2026-03-02 02:07:26 INFO cache hit
2026-03-02 02:07:29 INFO slow query detected
2026-03-02 02:07:33 INFO slow query detected
2026-03-02 02:07:37 WARN user login ok
2026-03-02 02:07:38 INFO database timeout
2026-03-02 02:07:42 INFO user login ok
2026-03-02 02:07:43 INFO user login ok
2026-03-02 02:07:47 INFO cache hit
2026-03-02 02:07:48 WARN database timeout
2026-03-02 02:07:51 INFO user login ok
2026-03-02 02:07:52 INFO config reloaded
2026-03-02 02:07:55 INFO user logout
2026-03-02 02:07:58 INFO disk usage high
2026-03-02 02:08:00 INFO request handled
2026-03-02 02:08:04 INFO user logout
2026-03-02 02:08:07 WARN user login ok
2026-03-02 02:08:09 WARN user logout
2026-03-02 02:08:13 INFO connection reset by peer
2026-03-02 02:08:17 INFO user login ok
2026-03-02 02:08:21 INFO cache miss
2026-03-02 02:08:25 INFO invalid token
2026-03-02 02:08:26 INFO user login ok
2026-03-02 02:08:28 WARN user logout
2026-03-02 02:08:30 INFO config reloaded
2026-03-02 02:08:33 INFO user login ok
2026-03-02 02:08:37 INFO cache hit
2026-03-02 02:08:39 INFO disk usage high
2026-03-02 02:08:43 INFO user logout
2026-03-02 02:08:45 INFO config reloaded
2026-03-02 02:08:48 WARN connection reset by peer
2026-03-02 02:08:52 INFO user logout
2026-03-02 02:08:53 INFO cache miss
2026-03-02 02:08:55 WARN user logout
2026-03-02 02:08:57 INFO user login ok
2026-03-02 02:09:01 WARN user login ok
2026-03-02 02:09:03 INFO user login ok
2026-03-02 02:09:04 WARN user logout
2026-03-02 02:09:07 INFO invalid token
### повреждённая строка ###
2026-03-02 02:09:12 INFO cache miss
2026-03-02 02:09:15 INFO request handled
2026-03-02 02:09:17 INFO cache miss
2026-03-02 02:09:19 INFO disk usage high
2026-03-02 02:09:20 INFO slow query detected
2026-03-02 02:09:23 INFO cache miss
2026-03-02 02:09:24 INFO request handled
2026-03-02 02:09:25 INFO request handled
2026-03-02 02:09:29 INFO invalid token
### повреждённая строка ###
2026-03-02 02:09:33 INFO user login ok
2026-03-02 02:09:34 INFO connection reset by peer
2026-03-02 02:09:38 INFO request handled
2026-03-02 02:09:40 INFO cache miss
2026-03-02 02:09:44 INFO connection reset by peer
2026-03-02 02:09:48 INFO user login ok
2026-03-02 02:09:50 INFO cache hit
2026-03-02 02:09:51 INFO user login ok
2026-03-02 02:09:55 INFO config reloaded
2026-03-02 02:09:57 INFO user logout
2026-03-02 02:09:59 INFO cache miss
2026-03-02 02:10:00 INFO connection reset by peer
2026-03-02 02:10:04 INFO user login ok
2026-03-02 02:10:07 WARN cache hit
2026-03-02 02:10:08 INFO cache hit
2026-03-02 02:10:09 INFO database timeout
2026-03-02 02:10:12 INFO request handled
2026-03-02 02:10:16 INFO cache hit
2026-03-02 02:10:18 INFO request handled
2026-03-02 02:10:22 INFO database timeout
2026-03-02 02:10:24 INFO user login ok
2026-03-02 02:10:25 INFO background job finished
2026-03-02 02:10:26 INFO background job finished
2026-03-02 02:10:30 INFO user login ok
2026-03-02 02:10:31 INFO invalid token
2026-03-02 02:10:35 INFO request handled
2026-03-02 02:10:38 INFO cache miss
2026-03-02 02:10:40 INFO slow query detected
2026-03-02 02:10:44 ERROR cache hit
2026-03-02 02:10:45 INFO user login ok
2026-03-02 02:10:49 WARN user logout
2026-03-02 02:10:51 INFO invalid token
2026-03-02 02:10:53 INFO user login ok
2026-03-02 02:10:55 INFO user logout
2026-03-02 02:10:56 INFO cache miss
2026-03-02 02:10:59 WARN cache miss
2026-03-02 02:11:00 INFO request handled
2026-03-02 02:11:01 INFO database timeout
2026-03-02 02:11:02 INFO connection reset by peer
2026-03-02 02:11:05 INFO disk usage high
2026-03-02 02:11:09 WARN cache hit
2026-03-02 02:11:11 INFO user login ok
2026-03-02 02:11:13 INFO user logout
2026-03-02 02:11:17 WARN user logout
2026-03-02 02:11:18 WARN user login ok
2026-03-02 02:11:19 WARN invalid token
2026-03-02 02:11:21 INFO cache miss
2026-03-02 02:11:24 ERROR user login ok
2026-03-02 02:11:26 INFO user login ok
2026-03-02 02:11:30 ERROR cache hit
2026-03-02 02:11:32 INFO cache hit
2026-03-02 02:11:33 INFO user login ok
2026-03-02 02:11:36 WARN background job finished
2026-03-02 02:11:40 WARN user login ok
2026-03-02 02:11:41 INFO cache miss
2026-03-02 02:11:42 ERROR user logout
2026-03-02 02:11:46 ERROR connection reset by peer
2026-03-02 02:11:48 INFO config reloaded
2026-03-02 02:11:50 INFO cache miss
2026-03-02 02:11:54 ERROR user login ok
2026-03-02 02:11:58 WARN user login ok
2026-03-02 02:12:02 INFO user login ok
2026-03-02 02:12:04 WARN user login ok
2026-03-02 02:12:08 INFO user login ok
2026-03-02 02:12:10 INFO request handled
2026-03-02 02:12:14 INFO slow query detected
2026-03-02 02:12:18 INFO user login ok
2026-03-02 02:12:22 ERROR user logout
2026-03-02 02:12:25 ERROR user login ok
2026-03-02 02:12:27 WARN connection reset by peer
2026-03-02 02:12:30 INFO disk usage high
2026-03-02 02:12:34 INFO cache hit
2026-03-02 02:12:36 INFO user logout
2026-03-02 02:12:39 INFO cache hit
2026-03-02 02:12:43 INFO disk usage high
2026-03-02 02:12:44 INFO cache hit
2026-03-02 02:12:47 INFO request handled
2026-03-02 02:12:49 INFO request handled
2026-03-02 02:12:52 INFO request handled
2026-03-02 02:12:55 WARN user login ok
2026-03-02 02:12:57 ERROR user login ok
2026-03-02 02:13:01 INFO connection reset by peer
2026-03-02 02:13:02 WARN user login ok
2026-03-02 02:13:03 INFO user login ok
2026-03-02 02:13:07 INFO database timeout
2026-03-02 02:13:08 WARN cache miss
2026-03-02 02:13:12 WARN slow query detected
2026-03-02 02:13:13 WARN request handled
2026-03-02 02:13:15 INFO invalid token
2026-03-02 02:13:19 INFO disk usage high
2026-03-02 02:13:21 WARN config reloaded
2026-03-02 02:13:22 INFO database timeout
2026-03-02 02:13:25 INFO slow query detected
2026-03-02 02:13:26 INFO invalid token
2026-03-02 02:13:29 INFO user login ok
2026-03-02 02:13:30 INFO config reloaded
2026-03-02 02:13:32 INFO slow query detected
2026-03-02 02:13:35 INFO connection reset by peer
2026-03-02 02:13:37 WARN user login ok
2026-03-02 02:13:41 INFO user login ok
2026-03-02 02:13:42 INFO connection reset by peer
2026-03-02 02:13:46 INFO request handled
2026-03-02 02:13:49 WARN config reloaded
2026-03-02 02:13:50 INFO invalid token
2026-03-02 02:13:53 INFO user logout
2026-03-02 02:13:57 INFO cache miss
2026-03-02 02:14:01 INFO user login ok
2026-03-02 02:14:03 WARN database timeout
2026-03-02 02:14:05 INFO disk usage high
2026-03-02 02:14:06 INFO slow query detected
2026-03-02 02:14:10 INFO user logout
2026-03-02 02:14:14 INFO slow query detected
2026-03-02 02:14:15 INFO user login ok
2026-03-02 02:14:16 INFO cache miss
2026-03-02 02:14:18 INFO user logout
2026-03-02 02:14:19 INFO disk usage high
2026-03-02 02:14:23 INFO cache hit
2026-03-02 02:14:25 WARN invalid token
2026-03-02 02:14:29 INFO user login ok
2026-03-02 02:14:33 WARN user login ok
2026-03-02 02:14:34 WARN user login ok
2026-03-02 02:14:38 INFO invalid token
2026-03-02 02:14:40 INFO request handled
2026-03-02 02:14:41 WARN disk usage high
2026-03-02 02:14:43 INFO user login ok
2026-03-02 02:14:46 INFO cache hit
2026-03-02 02:14:48 INFO user logout
2026-03-02 02:14:50 INFO user login ok
2026-03-02 02:14:53 WARN config reloaded
2026-03-02 02:14:55 INFO disk usage high
2026-03-02 02:14:56 INFO config reloaded
2026-03-02 02:15:00 INFO slow query detected
2026-03-02 02:15:02 INFO disk usage high
2026-03-02 02:15:04 INFO user login ok
2026-03-02 02:15:05 WARN user login ok
2026-03-02 02:15:09 WARN config reloaded
2026-03-02 02:15:10 INFO cache hit
2026-03-02 02:15:11 INFO request handled
2026-03-02 02:15:12 INFO user logout
2026-03-02 02:15:15 INFO config reloaded
2026-03-02 02:15:16 ERROR cache miss
2026-03-02 02:15:20 INFO invalid token
2026-03-02 02:15:21 INFO background job finished
2026-03-02 02:15:22 ERROR user login ok
2026-03-02 02:15:23 INFO connection reset by peer
2026-03-02 02:15:27 INFO cache hit
2026-03-02 02:15:28 INFO user logout
2026-03-02 02:15:31 INFO cache miss
2026-03-02 02:15:35 INFO config reloaded
2026-03-02 02:15:37 INFO slow query detected
2026-03-02 02:15:39 ERROR user login ok
2026-03-02 02:15:41 INFO user logout
2026-03-02 02:15:42 INFO background job finished
2026-03-02 02:15:44 ERROR slow query detected
2026-03-02 02:15:45 INFO disk usage high
2026-03-02 02:15:46 INFO user logout
2026-03-02 02:15:48 INFO cache hit
2026-03-02 02:15:52 INFO request handled
2026-03-02 02:15:56 INFO cache miss
2026-03-02 02:16:00 WARN background job finished
2026-03-02 02:16:01 INFO background job finished
2026-03-02 02:16:05 INFO background job finished
2026-03-02 02:16:09 INFO disk usage high
2026-03-02 02:16:11 INFO slow query detected
2026-03-02 02:16:13 INFO user login ok
2026-03-02 02:16:15 INFO request handled
2026-03-02 02:16:16 INFO user logout
2026-03-02 02:16:17 WARN slow query detected
2026-03-02 02:16:20 INFO user login ok
2026-03-02 02:16:24 INFO invalid token
2026-03-02 02:16:26 INFO cache miss
2026-03-02 02:16:27 INFO request handled
2026-03-02 02:16:31 INFO user login ok
2026-03-02 02:16:33 INFO cache hit
2026-03-02 02:16:36 ERROR invalid token
2026-03-02 02:16:40 INFO slow query detected
2026-03-02 02:16:42 INFO invalid token
2026-03-02 02:16:44 INFO user logout
2026-03-02 02:16:48 INFO user logout
2026-03-02 02:16:51 WARN connection reset by peer
2026-03-02 02:16:55 INFO user login ok
2026-03-02 02:16:56 INFO database timeout
2026-03-02 02:17:00 INFO user login ok
2026-03-02 02:17:02 INFO cache miss
2026-03-02 02:17:05 INFO slow query detected
2026-03-02 02:17:09 WARN request handled
2026-03-02 02:17:12 INFO user login ok
2026-03-02 02:17:14 INFO config reloaded
2026-03-02 02:17:18 INFO user login ok
2026-03-02 02:17:22 INFO user logout
2026-03-02 02:17:25 WARN connection reset by peer
2026-03-02 02:17:29 INFO connection reset by peer
2026-03-02 02:17:30 INFO user login ok
2026-03-02 02:17:31 INFO cache miss
2026-03-02 02:17:33 INFO request handled
2026-03-02 02:17:34 INFO user login ok
2026-03-02 02:17:37 INFO slow query detected
2026-03-02 02:17:38 INFO cache hit
2026-03-02 02:17:39 INFO invalid token
2026-03-02 02:17:41 INFO invalid token
2026-03-02 02:17:42 WARN user login ok
2026-03-02 02:17:43 INFO user login ok
2026-03-02 02:17:47 INFO disk usage high
2026-03-02 02:17:51 WARN background job finished
### повреждённая строка ###
2026-03-02 02:17:55 INFO cache hit
2026-03-02 02:17:58 INFO request handled
2026-03-02 02:18:00 INFO user login ok
### повреждённая строка ###
2026-03-02 02:18:04 INFO user login ok
2026-03-02 02:18:06 INFO request handled
2026-03-02 02:18:09 INFO request handled
2026-03-02 02:18:13 INFO disk usage high
2026-03-02 02:18:16 ERROR user logout
2026-03-02 02:18:18 WARN user login ok
2026-03-02 02:18:22 INFO user login ok
2026-03-02 02:18:24 INFO user logout
2026-03-02 02:18:28 INFO background job finished
2026-03-02 02:18:32 INFO user login ok
2026-03-02 02:18:35 WARN connection reset by peer
2026-03-02 02:18:37 INFO user login ok
2026-03-02 02:18:40 INFO user logout
2026-03-02 02:18:43 ERROR user login ok
2026-03-02 02:18:45 INFO connection reset by peer
2026-03-02 02:18:48 INFO user logout
2026-03-02 02:18:51 INFO database timeout
2026-03-02 02:18:53 INFO user logout
2026-03-02 02:18:56 INFO request handled
2026-03-02 02:18:59 INFO slow query detected
2026-03-02 02:19:01 INFO slow query detected
2026-03-02 02:19:02 INFO database timeout
2026-03-02 02:19:03 INFO user login ok
2026-03-02 02:19:05 WARN connection reset by peer
2026-03-02 02:19:08 INFO user login ok
2026-03-02 02:19:11 INFO user login ok
2026-03-02 02:19:12 WARN database timeout
2026-03-02 02:19:13 INFO slow query detected
2026-03-02 02:19:17 INFO cache miss
2026-03-02 02:19:21 INFO cache hit
2026-03-02 02:19:22 INFO request handled
2026-03-02 02:19:23 WARN user login ok
2026-03-02 02:19:25 INFO user login ok
2026-03-02 02:19:26 INFO request handled
2026-03-02 02:19:30 INFO user login ok
2026-03-02 02:19:34 INFO cache hit
2026-03-02 02:19:35 INFO request handled
2026-03-02 02:19:39 INFO user login ok
2026-03-02 02:19:42 INFO config reloaded
2026-03-02 02:19:45 WARN cache miss
2026-03-02 02:19:48 INFO database timeout
2026-03-02 02:19:51 WARN cache miss
2026-03-02 02:19:53 WARN cache hit
2026-03-02 02:19:55 WARN request handled
2026-03-02 02:19:58 INFO user login ok
2026-03-02 02:20:01 INFO request handled
2026-03-02 02:20:02 INFO user login ok
2026-03-02 02:20:04 INFO user login ok
2026-03-02 02:20:05 INFO user login ok
2026-03-02 02:20:08 WARN user login ok
2026-03-02 02:20:09 INFO connection reset by peer
2026-03-02 02:20:11 INFO connection reset by peer
2026-03-02 02:20:12 INFO user logout
2026-03-02 02:20:16 INFO invalid token
2026-03-02 02:20:19 WARN user logout
2026-03-02 02:20:23 INFO invalid token
2026-03-02 02:20:25 INFO user login ok
2026-03-02 02:20:27 INFO disk usage high
2026-03-02 02:20:30 WARN connection reset by peer
2026-03-02 02:20:32 INFO request handled
2026-03-02 02:20:33 INFO cache hit
2026-03-02 02:20:35 INFO slow query detected
2026-03-02 02:20:37 INFO user login ok
2026-03-02 02:20:41 INFO config reloaded
2026-03-02 02:20:44 INFO config reloaded
2026-03-02 02:20:45 WARN user login ok
2026-03-02 02:20:47 INFO slow query detected
2026-03-02 02:20:51 INFO request handled
2026-03-02 02:20:54 INFO background job finished
2026-03-02 02:20:57 ERROR database timeout
2026-03-02 02:20:58 INFO user login ok
2026-03-02 02:21:01 INFO cache hit
2026-03-02 02:21:04 INFO request handled
2026-03-02 02:21:05 WARN slow query detected
2026-03-02 02:21:09 INFO user logout
2026-03-02 02:21:12 INFO user login ok
2026-03-02 02:21:13 INFO cache miss
2026-03-02 02:21:16 INFO user logout
2026-03-02 02:21:18 ERROR cache miss
2026-03-02 02:21:21 INFO background job finished
2026-03-02 02:21:25 INFO user login ok
2026-03-02 02:21:29 WARN disk usage high
2026-03-02 02:21:30 INFO slow query detected
2026-03-02 02:21:31 INFO background job finished
2026-03-02 02:21:35 INFO cache hit
2026-03-02 02:21:36 INFO database timeout
2026-03-02 02:21:37 INFO user login ok
2026-03-02 02:21:39 INFO user login ok
2026-03-02 02:21:43 INFO user login ok
2026-03-02 02:21:47 WARN config reloaded
2026-03-02 02:21:50 INFO user login ok
2026-03-02 02:21:52 WARN background job finished
2026-03-02 02:21:54 INFO user login ok
2026-03-02 02:21:55 INFO cache miss
2026-03-02 02:21:57 INFO user login ok
2026-03-02 02:22:00 INFO user login ok
2026-03-02 02:22:02 INFO config reloaded
2026-03-02 02:22:03 INFO request handled
2026-03-02 02:22:06 INFO disk usage high
2026-03-02 02:22:10 INFO background job finished
2026-03-02 02:22:11 INFO user logout
2026-03-02 02:22:13 INFO user login ok
2026-03-02 02:22:14 INFO user login ok
2026-03-02 02:22:17 INFO user login ok
2026-03-02 02:22:19 INFO cache miss
2026-03-02 02:22:22 INFO connection reset by peer
2026-03-02 02:22:26 INFO cache miss
2026-03-02 02:22:28 INFO database timeout
2026-03-02 02:22:30 WARN request handled
2026-03-02 02:22:34 INFO request handled
2026-03-02 02:22:37 WARN background job finished
2026-03-02 02:22:38 INFO user login ok
2026-03-02 02:22:39 INFO user login ok
2026-03-02 02:22:41 INFO cache hit
2026-03-02 02:22:43 INFO cache hit
2026-03-02 02:22:47 INFO user login ok
2026-03-02 02:22:50 INFO background job finished
2026-03-02 02:22:53 INFO disk usage high
2026-03-02 02:22:54 INFO user login ok
2026-03-02 02:22:57 WARN cache hit
2026-03-02 02:23:00 WARN user login ok
2026-03-02 02:23:02 INFO background job finished
2026-03-02 02:23:04 WARN user login ok
2026-03-02 02:23:06 INFO request handled
2026-03-02 02:23:09 INFO user login ok
2026-03-02 02:23:11 INFO user logout
2026-03-02 02:23:15 INFO user login ok
2026-03-02 02:23:19 INFO user login ok
2026-03-02 02:23:21 INFO connection reset by peer
2026-03-02 02:23:22 INFO request handled
2026-03-02 02:23:26 INFO request handled
2026-03-02 02:23:30 INFO user login ok
2026-03-02 02:23:32 INFO cache hit
2026-03-02 02:23:33 WARN database timeout
2026-03-02 02:23:34 INFO connection reset by peer
2026-03-02 02:23:35 INFO user logout
2026-03-02 02:23:37 INFO config reloaded
2026-03-02 02:23:41 INFO connection reset by peer
2026-03-02 02:23:44 INFO slow query detected
2026-03-02 02:23:47 WARN user login ok
2026-03-02 02:23:51 INFO connection reset by peer
2026-03-02 02:23:53 INFO user login ok
2026-03-02 02:23:56 INFO invalid token
2026-03-02 02:23:58 INFO disk usage high
2026-03-02 02:24:00 WARN cache hit
2026-03-02 02:24:03 INFO user login ok
2026-03-02 02:24:06 ERROR user logout
2026-03-02 02:24:09 INFO connection reset by peer
2026-03-02 02:24:10 INFO user logout
2026-03-02 02:24:12 WARN user login ok
2026-03-02 02:24:13 INFO connection reset by peer
2026-03-02 02:24:17 INFO user login ok
2026-03-02 02:24:20 INFO config reloaded
2026-03-02 02:24:21 INFO user login ok
2026-03-02 02:24:22 INFO cache miss
2026-03-02 02:24:26 INFO background job finished
2026-03-02 02:24:28 INFO slow query detected
2026-03-02 02:24:30 INFO disk usage high
2026-03-02 02:24:32 INFO user login ok
2026-03-02 02:24:35 INFO user logout
2026-03-02 02:24:36 INFO request handled
2026-03-02 02:24:38 INFO connection reset by peer
2026-03-02 02:24:42 INFO slow query detected
2026-03-02 02:24:45 INFO user login ok
2026-03-02 02:24:48 INFO disk usage high
2026-03-02 02:24:50 WARN user login ok
2026-03-02 02:24:54 INFO cache hit
2026-03-02 02:24:57 INFO slow query detected
2026-03-02 02:25:01 INFO slow query detected
2026-03-02 02:25:05 INFO cache miss
2026-03-02 02:25:08 WARN user login ok
2026-03-02 02:25:11 INFO disk usage high
2026-03-02 02:25:13 INFO config reloaded
2026-03-02 02:25:14 INFO cache hit
2026-03-02 02:25:16 INFO request handled
2026-03-02 02:25:18 INFO disk usage high
2026-03-02 02:25:21 INFO cache miss
2026-03-02 02:25:24 ERROR user logout
2026-03-02 02:25:25 INFO connection reset by peer
2026-03-02 02:25:28 INFO connection reset by peer
2026-03-02 02:25:30 INFO database timeout
2026-03-02 02:25:34 WARN user logout
2026-03-02 02:25:35 INFO user logout
2026-03-02 02:25:37 INFO user login ok
2026-03-02 02:25:40 INFO slow query detected
2026-03-02 02:25:43 INFO cache hit
2026-03-02 02:25:47 INFO connection reset by peer
2026-03-02 02:25:50 INFO cache miss
2026-03-02 02:25:52 WARN user logout
2026-03-02 02:25:56 INFO user login ok
2026-03-02 02:25:59 INFO user login ok
2026-03-02 02:26:02 INFO user logout
2026-03-02 02:26:05 WARN request handled
2026-03-02 02:26:09 INFO disk usage high
2026-03-02 02:26:10 INFO user logout
2026-03-02 02:26:14 WARN slow query detected
2026-03-02 02:26:16 INFO user logout
2026-03-02 02:26:20 INFO slow query detected
2026-03-02 02:26:23 INFO cache hit
2026-03-02 02:26:26 WARN slow query detected
2026-03-02 02:26:28 INFO user logout
2026-03-02 02:26:31 INFO disk usage high
2026-03-02 02:26:33 INFO request handled
2026-03-02 02:26:36 WARN user logout
2026-03-02 02:26:37 INFO config reloaded
2026-03-02 02:26:38 INFO cache miss
2026-03-02 02:26:40 INFO user login ok
2026-03-02 02:26:44 INFO cache hit
2026-03-02 02:26:45 INFO cache hit
2026-03-02 02:26:46 INFO user login ok
2026-03-02 02:26:47 INFO user login ok
2026-03-02 02:26:51 INFO disk usage high
2026-03-02 02:26:54 INFO user login ok
2026-03-02 02:26:56 ERROR slow query detected
2026-03-02 02:26:57 INFO disk usage high
2026-03-02 02:26:59 INFO cache miss
2026-03-02 02:27:02 WARN cache hit
2026-03-02 02:27:04 INFO request handled
2026-03-02 02:27:08 INFO database timeout
2026-03-02 02:27:10 INFO slow query detected
2026-03-02 02:27:11 ERROR background job finished
2026-03-02 02:27:12 INFO cache miss
2026-03-02 02:27:15 INFO user login ok
2026-03-02 02:27:18 ERROR user logout
2026-03-02 02:27:22 INFO cache hit
2026-03-02 02:27:23 INFO connection reset by peer
2026-03-02 02:27:24 INFO cache hit
2026-03-02 02:27:25 INFO user logout
2026-03-02 02:27:26 INFO background job finished
2026-03-02 02:27:28 INFO background job finished
2026-03-02 02:27:31 INFO cache hit
2026-03-02 02:27:32 INFO user login ok
2026-03-02 02:27:34 INFO cache hit
2026-03-02 02:27:38 INFO user logout
2026-03-02 02:27:42 INFO user login ok
2026-03-02 02:27:43 ERROR user login ok
2026-03-02 02:27:44 INFO user login ok
2026-03-02 02:27:45 WARN user logout
2026-03-02 02:27:48 INFO user logout
2026-03-02 02:27:50 INFO database timeout
2026-03-02 02:27:52 INFO user login ok
2026-03-02 02:27:53 INFO config reloaded
2026-03-02 02:27:57 INFO invalid token
2026-03-02 02:28:01 INFO database timeout
2026-03-02 02:28:04 INFO user login ok
2026-03-02 02:28:08 INFO cache miss
2026-03-02 02:28:12 INFO user logout
2026-03-02 02:28:13 INFO user logout
2026-03-02 02:28:16 INFO user login ok
2026-03-02 02:28:20 INFO user login ok
2026-03-02 02:28:24 INFO request handled
2026-03-02 02:28:25 INFO request handled
2026-03-02 02:28:26 INFO cache hit
2026-03-02 02:28:28 INFO user login ok
2026-03-02 02:28:30 INFO user login ok
2026-03-02 02:28:31 INFO config reloaded
2026-03-02 02:28:34 INFO user logout
2026-03-02 02:28:38 INFO user login ok
2026-03-02 02:28:39 INFO user logout
2026-03-02 02:28:41 INFO connection reset by peer
2026-03-02 02:28:42 INFO disk usage high
2026-03-02 02:28:45 INFO slow query detected
2026-03-02 02:28:47 INFO user login ok
2026-03-02 02:28:50 INFO user login ok
2026-03-02 02:28:53 INFO user login ok
2026-03-02 02:28:55 INFO user login ok
2026-03-02 02:28:58 INFO user logout
2026-03-02 02:29:00 WARN user login ok
2026-03-02 02:29:04 INFO connection reset by peer
2026-03-02 02:29:05 WARN user login ok
2026-03-02 02:29:07 INFO user logout
2026-03-02 02:29:11 INFO cache miss
2026-03-02 02:29:15 INFO connection reset by peer
2026-03-02 02:29:17 INFO database timeout
2026-03-02 02:29:20 INFO user login ok
2026-03-02 02:29:21 INFO slow query detected
2026-03-02 02:29:25 INFO user login ok
2026-03-02 02:29:29 INFO slow query detected
2026-03-02 02:29:30 INFO slow query detected
2026-03-02 02:29:31 WARN user login ok
### повреждённая строка ###
2026-03-02 02:29:34 ERROR cache hit
2026-03-02 02:29:38 INFO cache miss
2026-03-02 02:29:39 INFO database timeout
2026-03-02 02:29:42 INFO background job finished
2026-03-02 02:29:45 INFO cache hit
2026-03-02 02:29:46 INFO slow query detected
2026-03-02 02:29:49 INFO cache hit
2026-03-02 02:29:50 INFO user login ok
2026-03-02 02:29:52 INFO user login ok
2026-03-02 02:29:56 INFO connection reset by peer
2026-03-02 02:30:00 INFO config reloaded
2026-03-02 02:30:01 INFO background job finished
2026-03-02 02:30:03 INFO user login ok
2026-03-02 02:30:07 ERROR config reloaded
2026-03-02 02:30:09 INFO user logout
2026-03-02 02:30:11 WARN invalid token
2026-03-02 02:30:12 WARN background job finished
2026-03-02 02:30:14 INFO disk usage high
2026-03-02 02:30:15 INFO user logout
2026-03-02 02:30:16 INFO user logout
2026-03-02 02:30:17 INFO user login ok
2026-03-02 02:30:18 INFO invalid token
2026-03-02 02:30:20 INFO user login ok
2026-03-02 02:30:24 INFO connection reset by peer
2026-03-02 02:30:28 INFO user login ok
2026-03-02 02:30:31 INFO user logout
2026-03-02 02:30:32 INFO user login ok
2026-03-02 02:30:34 INFO request handled
2026-03-02 02:30:37 INFO user login ok
2026-03-02 02:30:39 INFO user login ok
2026-03-02 02:30:40 INFO user login ok
2026-03-02 02:30:43 INFO disk usage high
2026-03-02 02:30:46 WARN disk usage high
2026-03-02 02:30:50 ERROR user logout
2026-03-02 02:30:53 WARN slow query detected
2026-03-02 02:30:56 INFO connection reset by peer
2026-03-02 02:30:59 INFO user login ok
2026-03-02 02:31:01 INFO request handled
2026-03-02 02:31:05 INFO connection reset by peer
2026-03-02 02:31:07 ERROR cache hit
2026-03-02 02:31:08 INFO config reloaded
2026-03-02 02:31:09 INFO user logout
2026-03-02 02:31:12 INFO request handled
2026-03-02 02:31:16 INFO cache miss
2026-03-02 02:31:17 WARN user login ok
2026-03-02 02:31:18 INFO user login ok
2026-03-02 02:31:20 WARN connection reset by peer
2026-03-02 02:31:21 INFO cache hit
2026-03-02 02:31:22 INFO background job finished
2026-03-02 02:31:26 INFO slow query detected
2026-03-02 02:31:27 WARN user login ok
2026-03-02 02:31:29 INFO background job finished
2026-03-02 02:31:33 INFO user login ok
2026-03-02 02:31:37 INFO connection reset by peer
2026-03-02 02:31:41 WARN cache miss
2026-03-02 02:31:43 WARN disk usage high
2026-03-02 02:31:45 INFO user login ok
2026-03-02 02:31:46 INFO connection reset by peer
2026-03-02 02:31:48 INFO user login ok
2026-03-02 02:31:51 WARN background job finished
2026-03-02 02:31:54 INFO request handled
2026-03-02 02:31:57 INFO cache miss
2026-03-02 02:32:00 INFO connection reset by peer
2026-03-02 02:32:01 INFO user login ok
2026-03-02 02:32:03 INFO user login ok
2026-03-02 02:32:07 INFO cache hit
2026-03-02 02:32:08 INFO disk usage high
2026-03-02 02:32:12 INFO connection reset by peer
2026-03-02 02:32:13 INFO user login ok
2026-03-02 02:32:15 INFO user login ok
2026-03-02 02:32:17 INFO user login ok
2026-03-02 02:32:19 INFO user login ok
2026-03-02 02:32:23 INFO user login ok
2026-03-02 02:32:27 INFO user login ok
2026-03-02 02:32:28 INFO cache hit
2026-03-02 02:32:30 INFO user login ok
2026-03-02 02:32:31 INFO request handled
2026-03-02 02:32:35 INFO database timeout
2026-03-02 02:32:38 WARN background job finished
2026-03-02 02:32:39 INFO connection reset by peer
2026-03-02 02:32:40 INFO user login ok
2026-03-02 02:32:41 WARN cache hit
2026-03-02 02:32:43 INFO config reloaded
2026-03-02 02:32:45 INFO user login ok
2026-03-02 02:32:46 INFO config reloaded
2026-03-02 02:32:48 INFO cache hit
### повреждённая строка ###
2026-03-02 02:32:54 WARN user logout
2026-03-02 02:32:56 INFO slow query detected
2026-03-02 02:32:57 INFO config reloaded
2026-03-02 02:32:58 INFO cache hit
2026-03-02 02:32:59 INFO slow query detected
2026-03-02 02:33:00 INFO user login ok
2026-03-02 02:33:02 INFO user login ok
2026-03-02 02:33:04 ERROR database timeout
2026-03-02 02:33:06 WARN config reloaded
2026-03-02 02:33:08 WARN user login ok
2026-03-02 02:33:11 INFO slow query detected
2026-03-02 02:33:12 WARN user login ok
2026-03-02 02:33:13 INFO background job finished
2026-03-02 02:33:14 INFO invalid token
2026-03-02 02:33:17 INFO config reloaded
2026-03-02 02:33:19 INFO slow query detected
2026-03-02 02:33:22 INFO request handled
2026-03-02 02:33:25 INFO user login ok
2026-03-02 02:33:29 WARN cache hit
2026-03-02 02:33:30 INFO config reloaded
2026-03-02 02:33:32 INFO cache miss
2026-03-02 02:33:33 INFO user login ok
2026-03-02 02:33:35 ERROR slow query detected
2026-03-02 02:33:37 INFO connection reset by peer
2026-03-02 02:33:39 INFO user login ok
2026-03-02 02:33:41 INFO user login ok
2026-03-02 02:33:44 INFO connection reset by peer
2026-03-02 02:33:46 INFO user login ok
2026-03-02 02:33:48 INFO request handled
2026-03-02 02:33:49 INFO request handled
2026-03-02 02:33:50 INFO disk usage high
2026-03-02 02:33:51 INFO request handled
2026-03-02 02:33:53 INFO config reloaded
2026-03-02 02:33:56 WARN database timeout
2026-03-02 02:33:58 INFO config reloaded
2026-03-02 02:33:59 WARN user login ok
2026-03-02 02:34:01 INFO user login ok
2026-03-02 02:34:02 INFO cache hit
2026-03-02 02:34:04 WARN disk usage high
2026-03-02 02:34:06 INFO user logout
2026-03-02 02:34:10 WARN user login ok
2026-03-02 02:34:14 WARN background job finished
2026-03-02 02:34:15 INFO connection reset by peer
2026-03-02 02:34:18 INFO config reloaded
2026-03-02 02:34:22 INFO user logout
2026-03-02 02:34:24 ERROR cache miss
2026-03-02 02:34:26 INFO connection reset by peer
2026-03-02 02:34:30 INFO user login ok
2026-03-02 02:34:33 INFO user login ok
2026-03-02 02:34:37 WARN user logout
2026-03-02 02:34:40 INFO user logout
2026-03-02 02:34:44 INFO user logout
2026-03-02 02:34:45 INFO disk usage high
2026-03-02 02:34:48 INFO cache hit
2026-03-02 02:34:50 INFO user login ok
2026-03-02 02:34:51 INFO connection reset by peer
2026-03-02 02:34:52 INFO cache hit
2026-03-02 02:34:56 INFO user login ok
2026-03-02 02:34:59 INFO disk usage high
2026-03-02 02:35:03 WARN slow query detected
2026-03-02 02:35:06 WARN cache miss
2026-03-02 02:35:09 INFO user login ok
2026-03-02 02:35:13 INFO cache hit
2026-03-02 02:35:14 WARN cache hit
2026-03-02 02:35:17 INFO user login ok
2026-03-02 02:35:19 INFO request handled
2026-03-02 02:35:22 INFO user login ok
2026-03-02 02:35:24 INFO user login ok
2026-03-02 02:35:27 INFO user login ok
2026-03-02 02:35:31 INFO user login ok
2026-03-02 02:35:34 WARN background job finished
2026-03-02 02:35:38 INFO slow query detected
2026-03-02 02:35:40 INFO slow query detected
2026-03-02 02:35:42 INFO user login ok
2026-03-02 02:35:46 INFO config reloaded
2026-03-02 02:35:48 ERROR user login ok
2026-03-02 02:35:51 INFO config reloaded
2026-03-02 02:35:55 INFO user login ok
2026-03-02 02:35:59 INFO user logout
2026-03-02 02:36:03 INFO disk usage high
2026-03-02 02:36:07 INFO database timeout
2026-03-02 02:36:09 INFO user login ok
2026-03-02 02:36:10 INFO cache hit
2026-03-02 02:36:12 INFO user login ok
2026-03-02 02:36:13 INFO cache miss
2026-03-02 02:36:15 INFO database timeout
2026-03-02 02:36:19 ERROR slow query detected
2026-03-02 02:36:21 INFO cache hit
2026-03-02 02:36:23 INFO slow query detected
2026-03-02 02:36:27 INFO database timeout
2026-03-02 02:36:28 WARN connection reset by peer
2026-03-02 02:36:32 WARN invalid token
2026-03-02 02:36:35 INFO user login ok
2026-03-02 02:36:36 INFO user logout
2026-03-02 02:36:37 WARN connection reset by peer
2026-03-02 02:36:38 INFO cache hit
2026-03-02 02:36:39 INFO cache miss
2026-03-02 02:36:42 INFO config reloaded
2026-03-02 02:36:44 ERROR config reloaded
2026-03-02 02:36:46 INFO cache miss
2026-03-02 02:36:49 INFO user login ok
2026-03-02 02:36:50 INFO user login ok
2026-03-02 02:36:53 INFO user login ok
2026-03-02 02:36:55 WARN disk usage high
2026-03-02 02:36:59 INFO cache hit
2026-03-02 02:37:00 INFO user login ok
2026-03-02 02:37:03 INFO request handled
2026-03-02 02:37:04 INFO disk usage high
2026-03-02 02:37:06 INFO user login ok
2026-03-02 02:37:08 WARN disk usage high
2026-03-02 02:37:09 INFO request handled
2026-03-02 02:37:10 INFO disk usage high
2026-03-02 02:37:14 INFO user login ok
2026-03-02 02:37:17 WARN disk usage high
2026-03-02 02:37:19 INFO user login ok
2026-03-02 02:37:20 INFO cache miss
2026-03-02 02:37:24 INFO slow query detected
2026-03-02 02:37:28 INFO cache hit
2026-03-02 02:37:29 INFO user login ok
2026-03-02 02:37:32 INFO request handled
2026-03-02 02:37:34 INFO user login ok
2026-03-02 02:37:37 INFO user login ok
2026-03-02 02:37:40 INFO cache hit
2026-03-02 02:37:44 ERROR user login ok
2026-03-02 02:37:47 WARN user login ok
2026-03-02 02:37:51 INFO user logout
2026-03-02 02:37:53 WARN cache hit
2026-03-02 02:37:57 INFO background job finished
2026-03-02 02:37:59 INFO cache miss
2026-03-02 02:38:03 INFO cache hit
2026-03-02 02:38:06 INFO cache miss
2026-03-02 02:38:09 INFO request handled
2026-03-02 02:38:13 INFO cache miss
2026-03-02 02:38:14 WARN user login ok
2026-03-02 02:38:15 WARN cache hit
2026-03-02 02:38:17 INFO user login ok
2026-03-02 02:38:18 ERROR config reloaded
2026-03-02 02:38:21 INFO cache hit
2026-03-02 02:38:22 ERROR user logout
2026-03-02 02:38:24 INFO connection reset by peer
2026-03-02 02:38:27 INFO user logout
2026-03-02 02:38:30 INFO request handled
2026-03-02 02:38:32 INFO user login ok
2026-03-02 02:38:33 INFO user login ok
2026-03-02 02:38:36 INFO connection reset by peer
2026-03-02 02:38:37 INFO user logout
2026-03-02 02:38:41 INFO user login ok
2026-03-02 02:38:42 INFO user login ok
2026-03-02 02:38:44 INFO user login ok
2026-03-02 02:38:46 INFO invalid token
2026-03-02 02:38:48 INFO invalid token
2026-03-02 02:38:52 INFO database timeout
2026-03-02 02:38:53 INFO connection reset by peer
2026-03-02 02:38:56 WARN user logout
2026-03-02 02:38:59 INFO user logout
2026-03-02 02:39:03 INFO user logout
2026-03-02 02:39:07 INFO invalid token
2026-03-02 02:39:10 INFO user login ok
2026-03-02 02:39:14 INFO cache miss
2026-03-02 02:39:17 INFO invalid token
2026-03-02 02:39:21 INFO request handled
2026-03-02 02:39:23 ERROR cache hit
2026-03-02 02:39:25 INFO request handled
2026-03-02 02:39:27 INFO cache hit
2026-03-02 02:39:28 INFO cache miss
2026-03-02 02:39:30 INFO request handled
2026-03-02 02:39:34 INFO background job finished
2026-03-02 02:39:36 INFO user login ok
2026-03-02 02:39:38 INFO user logout
2026-03-02 02:39:40 INFO invalid token
2026-03-02 02:39:44 INFO cache miss
### повреждённая строка ###
2026-03-02 02:39:50 WARN request handled
2026-03-02 02:39:53 INFO cache miss
2026-03-02 02:39:54 INFO database timeout
2026-03-02 02:39:58 INFO connection reset by peer
2026-03-02 02:40:01 WARN slow query detected
2026-03-02 02:40:05 INFO user login ok
2026-03-02 02:40:06 INFO cache hit
2026-03-02 02:40:07 INFO disk usage high
2026-03-02 02:40:11 INFO user login ok
2026-03-02 02:40:12 INFO user logout
2026-03-02 02:40:14 INFO background job finished
2026-03-02 02:40:15 WARN cache hit
2026-03-02 02:40:18 INFO slow query detected
2026-03-02 02:40:20 INFO config reloaded
2026-03-02 02:40:24 INFO cache hit
2026-03-02 02:40:26 INFO request handled
2026-03-02 02:40:29 WARN user login ok
2026-03-02 02:40:30 INFO invalid token
2026-03-02 02:40:31 WARN user login ok
2026-03-02 02:40:32 WARN cache miss
2026-03-02 02:40:35 INFO user login ok
2026-03-02 02:40:36 INFO database timeout
2026-03-02 02:40:40 INFO background job finished
2026-03-02 02:40:41 WARN user login ok
2026-03-02 02:40:43 INFO connection reset by peer
2026-03-02 02:40:45 INFO connection reset by peer
2026-03-02 02:40:46 INFO user login ok
2026-03-02 02:40:50 INFO user login ok
2026-03-02 02:40:52 INFO connection reset by peer
2026-03-02 02:40:53 INFO connection reset by peer
2026-03-02 02:40:54 INFO slow query detected
2026-03-02 02:40:56 INFO user login ok
2026-03-02 02:40:59 INFO user login ok
2026-03-02 02:41:02 INFO user logout
2026-03-02 02:41:04 INFO config reloaded
2026-03-02 02:41:08 INFO cache miss
2026-03-02 02:41:10 INFO user logout
2026-03-02 02:41:11 WARN cache hit
2026-03-02 02:41:14 INFO user logout
2026-03-02 02:41:15 INFO request handled
2026-03-02 02:41:18 INFO cache miss
2026-03-02 02:41:21 INFO user login ok
2026-03-02 02:41:25 INFO config reloaded
2026-03-02 02:41:27 INFO user login ok
2026-03-02 02:41:28 INFO background job finished
2026-03-02 02:41:30 WARN user logout
2026-03-02 02:41:33 INFO disk usage high
2026-03-02 02:41:37 INFO disk usage high
2026-03-02 02:41:41 INFO invalid token
2026-03-02 02:41:45 INFO cache hit
2026-03-02 02:41:47 INFO disk usage high
2026-03-02 02:41:49 INFO user login ok
2026-03-02 02:41:52 INFO cache miss
2026-03-02 02:41:53 ERROR cache miss
2026-03-02 02:41:54 INFO user login ok
2026-03-02 02:41:57 INFO invalid token
2026-03-02 02:42:01 INFO config reloaded
### повреждённая строка ###
2026-03-02 02:42:05 INFO background job finished
2026-03-02 02:42:09 INFO disk usage high
2026-03-02 02:42:12 INFO invalid token
2026-03-02 02:42:13 INFO user login ok
2026-03-02 02:42:17 INFO disk usage high
2026-03-02 02:42:19 INFO connection reset by peer
2026-03-02 02:42:21 INFO background job finished
2026-03-02 02:42:25 INFO slow query detected
2026-03-02 02:42:29 ERROR cache hit
2026-03-02 02:42:32 INFO disk usage high
2026-03-02 02:42:33 INFO user login ok
2026-03-02 02:42:34 INFO database timeout
2026-03-02 02:42:38 WARN user login ok
2026-03-02 02:42:39 INFO request handled
2026-03-02 02:42:40 INFO slow query detected
2026-03-02 02:42:44 INFO user logout
2026-03-02 02:42:46 ERROR user login ok
2026-03-02 02:42:49 INFO invalid token
2026-03-02 02:42:52 INFO cache miss
2026-03-02 02:42:55 INFO user login ok
2026-03-02 02:42:58 INFO cache miss
2026-03-02 02:43:00 INFO user logout
2026-03-02 02:43:04 INFO user login ok
2026-03-02 02:43:08 INFO connection reset by peer
2026-03-02 02:43:12 INFO config reloaded
2026-03-02 02:43:15 INFO cache hit
2026-03-02 02:43:17 INFO database timeout
2026-03-02 02:43:21 INFO background job finished
2026-03-02 02:43:23 INFO request handled
2026-03-02 02:43:27 INFO slow query detected
2026-03-02 02:43:29 INFO user login ok
2026-03-02 02:43:32 INFO user login ok
2026-03-02 02:43:36 INFO user login ok
2026-03-02 02:43:37 WARN request handled
2026-03-02 02:43:41 INFO user logout
2026-03-02 02:43:44 INFO user login ok
2026-03-02 02:43:48 INFO cache hit
2026-03-02 02:43:50 INFO request handled
2026-03-02 02:43:51 INFO user login ok
2026-03-02 02:43:52 ERROR database timeout
2026-03-02 02:43:53 INFO cache miss
2026-03-02 02:43:54 WARN slow query detected
2026-03-02 02:43:55 INFO user login ok
2026-03-02 02:43:58 INFO cache hit
2026-03-02 02:44:02 INFO cache miss
2026-03-02 02:44:06 INFO cache hit
2026-03-02 02:44:08 INFO background job finished
2026-03-02 02:44:11 INFO background job finished
2026-03-02 02:44:15 INFO request handled
2026-03-02 02:44:17 INFO database timeout
2026-03-02 02:44:21 INFO user logout
2026-03-02 02:44:25 INFO user login ok
2026-03-02 02:44:29 INFO cache miss
2026-03-02 02:44:32 INFO background job finished
2026-03-02 02:44:35 INFO user logout
2026-03-02 02:44:39 INFO slow query detected
2026-03-02 02:44:41 INFO slow query detected
2026-03-02 02:44:45 INFO connection reset by peer
2026-03-02 02:44:48 INFO slow query detected
2026-03-02 02:44:51 INFO cache miss
2026-03-02 02:44:53 INFO user login ok
2026-03-02 02:44:55 INFO user login ok
2026-03-02 02:44:58 INFO user login ok
2026-03-02 02:44:59 WARN cache hit
2026-03-02 02:45:02 INFO user login ok
2026-03-02 02:45:06 WARN cache miss
2026-03-02 02:45:09 INFO cache miss
2026-03-02 02:45:11 INFO user login ok
2026-03-02 02:45:12 INFO user login ok
2026-03-02 02:45:16 INFO background job finished
2026-03-02 02:45:18 INFO request handled
2026-03-02 02:45:22 INFO request handled
2026-03-02 02:45:24 INFO user logout
2026-03-02 02:45:28 ERROR connection reset by peer
2026-03-02 02:45:30 INFO cache miss
2026-03-02 02:45:32 INFO database timeout
2026-03-02 02:45:35 WARN user login ok
2026-03-02 02:45:36 INFO config reloaded
2026-03-02 02:45:40 INFO cache miss
2026-03-02 02:45:41 INFO user logout
2026-03-02 02:45:43 INFO cache miss
2026-03-02 02:45:45 INFO user login ok
2026-03-02 02:45:47 INFO connection reset by peer
2026-03-02 02:45:51 INFO invalid token
2026-03-02 02:45:53 INFO disk usage high
2026-03-02 02:45:55 ERROR user logout
2026-03-02 02:45:57 WARN user login ok
2026-03-02 02:45:59 INFO slow query detected
2026-03-02 02:46:01 INFO invalid token
2026-03-02 02:46:03 INFO request handled
2026-03-02 02:46:07 INFO background job finished
2026-03-02 02:46:10 INFO invalid token
2026-03-02 02:46:12 INFO user login ok
2026-03-02 02:46:15 ERROR slow query detected
2026-03-02 02:46:17 INFO disk usage high
2026-03-02 02:46:19 WARN slow query detected
2026-03-02 02:46:23 INFO request handled
2026-03-02 02:46:24 INFO cache hit
2026-03-02 02:46:26 WARN disk usage high
2026-03-02 02:46:27 INFO user login ok
2026-03-02 02:46:29 INFO database timeout
2026-03-02 02:46:30 WARN user logout
2026-03-02 02:46:32 WARN database timeout
2026-03-02 02:46:33 INFO user logout
2026-03-02 02:46:35 WARN slow query detected
2026-03-02 02:46:36 INFO slow query detected
2026-03-02 02:46:38 INFO request handled
2026-03-02 02:46:40 INFO disk usage high
2026-03-02 02:46:42 WARN user logout
2026-03-02 02:46:45 INFO slow query detected
2026-03-02 02:46:46 INFO user login ok
2026-03-02 02:46:47 INFO config reloaded
2026-03-02 02:46:50 ERROR cache miss
2026-03-02 02:46:52 INFO cache hit
2026-03-02 02:46:54 INFO user login ok
2026-03-02 02:46:58 INFO config reloaded
2026-03-02 02:46:59 INFO user login ok
2026-03-02 02:47:01 INFO user login ok
2026-03-02 02:47:03 WARN user login ok
2026-03-02 02:47:06 INFO user logout
2026-03-02 02:47:10 INFO cache miss
2026-03-02 02:47:11 INFO slow query detected
2026-03-02 02:47:12 INFO cache hit
2026-03-02 02:47:15 INFO connection reset by peer
2026-03-02 02:47:18 INFO request handled
2026-03-02 02:47:21 INFO invalid token
2026-03-02 02:47:23 INFO disk usage high
2026-03-02 02:47:24 INFO cache hit
2026-03-02 02:47:25 INFO user login ok
2026-03-02 02:47:27 INFO cache miss
2026-03-02 02:47:29 WARN config reloaded
2026-03-02 02:47:31 INFO user login ok
2026-03-02 02:47:34 INFO config reloaded
2026-03-02 02:47:37 INFO cache miss
2026-03-02 02:47:39 INFO user logout
2026-03-02 02:47:42 INFO database timeout
2026-03-02 02:47:43 INFO cache miss
2026-03-02 02:47:46 INFO cache miss
2026-03-02 02:47:49 WARN cache miss
2026-03-02 02:47:52 INFO user login ok
2026-03-02 02:47:55 INFO user logout
2026-03-02 02:47:59 INFO cache hit
2026-03-02 02:48:00 INFO user login ok
2026-03-02 02:48:01 INFO user login ok
2026-03-02 02:48:02 INFO config reloaded
2026-03-02 02:48:04 INFO cache miss
2026-03-02 02:48:05 INFO disk usage high
2026-03-02 02:48:06 INFO user logout
2026-03-02 02:48:07 INFO slow query detected
2026-03-02 02:48:08 INFO background job finished
2026-03-02 02:48:09 ERROR request handled
2026-03-02 02:48:10 INFO user login ok
2026-03-02 02:48:12 WARN cache hit
2026-03-02 02:48:14 INFO disk usage high
2026-03-02 02:48:16 INFO connection reset by peer
2026-03-02 02:48:20 INFO connection reset by peer
2026-03-02 02:48:23 WARN request handled
2026-03-02 02:48:25 INFO connection reset by peer
2026-03-02 02:48:28 INFO disk usage high
2026-03-02 02:48:29 INFO config reloaded
2026-03-02 02:48:33 INFO config reloaded
2026-03-02 02:48:37 ERROR disk usage high
2026-03-02 02:48:38 INFO database timeout
2026-03-02 02:48:42 INFO user logout
2026-03-02 02:48:45 INFO cache hit
2026-03-02 02:48:47 WARN request handled
2026-03-02 02:48:50 INFO request handled
2026-03-02 02:48:53 INFO config reloaded
2026-03-02 02:48:57 INFO user login ok
2026-03-02 02:48:58 INFO user login ok
2026-03-02 02:49:02 INFO slow query detected
2026-03-02 02:49:03 INFO connection reset by peer
2026-03-02 02:49:05 INFO user login ok
2026-03-02 02:49:08 INFO connection reset by peer
2026-03-02 02:49:09 INFO slow query detected
2026-03-02 02:49:10 WARN connection reset by peer
2026-03-02 02:49:12 INFO user logout
2026-03-02 02:49:14 INFO user login ok
2026-03-02 02:49:17 INFO request handled
2026-03-02 02:49:18 WARN cache miss
2026-03-02 02:49:19 INFO user login ok
2026-03-02 02:49:20 INFO user logout
2026-03-02 02:49:22 INFO user login ok
2026-03-02 02:49:23 INFO user login ok
2026-03-02 02:49:25 ERROR user login ok
2026-03-02 02:49:29 INFO request handled
2026-03-02 02:49:32 INFO config reloaded
2026-03-02 02:49:35 WARN database timeout
2026-03-02 02:49:37 INFO config reloaded
2026-03-02 02:49:38 INFO invalid token
2026-03-02 02:49:40 INFO cache hit
2026-03-02 02:49:44 INFO user login ok
2026-03-02 02:49:47 INFO user login ok
2026-03-02 02:49:49 INFO disk usage high
2026-03-02 02:49:51 INFO slow query detected
2026-03-02 02:49:55 INFO slow query detected
2026-03-02 02:49:59 INFO slow query detected
2026-03-02 02:50:01 WARN cache miss
2026-03-02 02:50:04 INFO cache hit
2026-03-02 02:50:08 INFO user logout
2026-03-02 02:50:12 WARN cache hit
2026-03-02 02:50:16 INFO background job finished
2026-03-02 02:50:19 INFO cache hit
2026-03-02 02:50:21 WARN cache miss
2026-03-02 02:50:22 INFO user login ok
2026-03-02 02:50:26 INFO user login ok
2026-03-02 02:50:28 ERROR slow query detected
2026-03-02 02:50:29 INFO user logout
2026-03-02 02:50:31 INFO user login ok
2026-03-02 02:50:35 INFO cache hit
2026-03-02 02:50:39 INFO user login ok
2026-03-02 02:50:40 INFO config reloaded
2026-03-02 02:50:41 WARN request handled
2026-03-02 02:50:44 INFO cache miss
2026-03-02 02:50:48 INFO disk usage high
2026-03-02 02:50:51 INFO invalid token
2026-03-02 02:50:54 INFO slow query detected
2026-03-02 02:50:55 INFO user login ok
2026-03-02 02:50:59 INFO user login ok
2026-03-02 02:51:02 WARN user logout
2026-03-02 02:51:06 WARN user logout
2026-03-02 02:51:10 INFO user login ok
2026-03-02 02:51:14 WARN connection reset by peer
2026-03-02 02:51:15 INFO user login ok
2026-03-02 02:51:17 INFO cache miss
2026-03-02 02:51:20 INFO user login ok
2026-03-02 02:51:21 INFO config reloaded
2026-03-02 02:51:25 INFO user login ok
2026-03-02 02:51:28 INFO disk usage high
2026-03-02 02:51:31 INFO cache hit
2026-03-02 02:51:33 WARN disk usage high
2026-03-02 02:51:37 INFO disk usage high
2026-03-02 02:51:39 INFO user logout
2026-03-02 02:51:43 INFO disk usage high
2026-03-02 02:51:46 ERROR config reloaded
2026-03-02 02:51:47 INFO user login ok
2026-03-02 02:51:49 INFO user logout
2026-03-02 02:51:52 WARN user login ok
2026-03-02 02:51:56 INFO user logout
2026-03-02 02:51:58 INFO user login ok
2026-03-02 02:52:00 INFO background job finished
2026-03-02 02:52:04 INFO user logout
2026-03-02 02:52:06 INFO disk usage high
2026-03-02 02:52:07 INFO request handled
2026-03-02 02:52:11 INFO background job finished
2026-03-02 02:52:15 INFO cache hit
2026-03-02 02:52:19 INFO user login ok
2026-03-02 02:52:22 INFO invalid token
2026-03-02 02:52:26 WARN user login ok
2026-03-02 02:52:28 INFO user login ok
2026-03-02 02:52:30 WARN database timeout
2026-03-02 02:52:33 INFO cache miss
2026-03-02 02:52:37 INFO cache hit
2026-03-02 02:52:38 INFO cache hit
2026-03-02 02:52:40 INFO user login ok
2026-03-02 02:52:42 INFO request handled
2026-03-02 02:52:44 WARN invalid token
2026-03-02 02:52:48 INFO disk usage high
2026-03-02 02:52:49 INFO user login ok
2026-03-02 02:52:51 INFO slow query detected
2026-03-02 02:52:53 INFO user logout
2026-03-02 02:52:54 INFO background job finished
2026-03-02 02:52:55 INFO disk usage high
2026-03-02 02:52:57 INFO user login ok
2026-03-02 02:53:01 INFO user login ok
2026-03-02 02:53:05 INFO slow query detected
2026-03-02 02:53:08 INFO user login ok
2026-03-02 02:53:12 INFO user login ok
2026-03-02 02:53:16 INFO slow query detected
2026-03-02 02:53:18 INFO slow query detected
2026-03-02 02:53:21 INFO user login ok
2026-03-02 02:53:24 INFO user login ok
2026-03-02 02:53:28 INFO connection reset by peer
2026-03-02 02:53:32 INFO cache hit
2026-03-02 02:53:34 INFO cache miss
2026-03-02 02:53:36 INFO user login ok
2026-03-02 02:53:38 ERROR user logout
2026-03-02 02:53:41 INFO invalid token
2026-03-02 02:53:45 ERROR cache miss
2026-03-02 02:53:48 INFO user login ok
2026-03-02 02:53:52 INFO user logout
2026-03-02 02:53:53 WARN user logout
2026-03-02 02:53:56 INFO user login ok
2026-03-02 02:53:57 INFO user login ok
2026-03-02 02:54:00 INFO user login ok
2026-03-02 02:54:02 INFO request handled
2026-03-02 02:54:06 WARN user login ok
2026-03-02 02:54:08 INFO user login ok
2026-03-02 02:54:09 INFO user login ok
2026-03-02 02:54:12 WARN user login ok
2026-03-02 02:54:14 INFO config reloaded
2026-03-02 02:54:18 WARN user logout
2026-03-02 02:54:22 WARN config reloaded
2026-03-02 02:54:25 INFO user login ok
2026-03-02 02:54:28 WARN disk usage high
2026-03-02 02:54:31 INFO user login ok
2026-03-02 02:54:32 WARN invalid token
2026-03-02 02:54:35 INFO connection reset by peer
2026-03-02 02:54:36 INFO user login ok
2026-03-02 02:54:40 INFO user login ok
2026-03-02 02:54:41 INFO user login ok
2026-03-02 02:54:45 INFO slow query detected
2026-03-02 02:54:49 INFO user logout
2026-03-02 02:54:53 INFO user logout
2026-03-02 02:54:56 INFO slow query detected
2026-03-02 02:54:58 INFO disk usage high
2026-03-02 02:54:59 ERROR cache hit
2026-03-02 02:55:01 INFO user login ok
2026-03-02 02:55:03 INFO cache hit
2026-03-02 02:55:06 WARN connection reset by peer
2026-03-02 02:55:10 WARN user login ok
2026-03-02 02:55:14 INFO cache miss
2026-03-02 02:55:17 INFO cache miss
2026-03-02 02:55:19 INFO disk usage high
2026-03-02 02:55:23 INFO background job finished
2026-03-02 02:55:26 WARN background job finished
2026-03-02 02:55:27 INFO user logout
2026-03-02 02:55:28 INFO user logout
2026-03-02 02:55:31 INFO slow query detected
2026-03-02 02:55:32 INFO user login ok
2026-03-02 02:55:34 INFO slow query detected
2026-03-02 02:55:37 INFO user login ok
2026-03-02 02:55:40 INFO invalid token
2026-03-02 02:55:44 INFO cache hit
### повреждённая строка ###
2026-03-02 02:55:49 INFO cache hit
2026-03-02 02:55:52 INFO request handled
2026-03-02 02:55:53 INFO invalid token
2026-03-02 02:55:54 INFO config reloaded
2026-03-02 02:55:56 INFO cache miss
2026-03-02 02:55:58 WARN request handled
2026-03-02 02:55:59 INFO request handled
2026-03-02 02:56:00 WARN connection reset by peer
2026-03-02 02:56:04 INFO cache hit
2026-03-02 02:56:07 INFO cache hit
2026-03-02 02:56:11 INFO request handled
2026-03-02 02:56:14 WARN background job finished
2026-03-02 02:56:17 INFO user logout
2026-03-02 02:56:18 INFO user login ok
2026-03-02 02:56:22 INFO slow query detected
2026-03-02 02:56:26 INFO background job finished
2026-03-02 02:56:29 INFO background job finished
2026-03-02 02:56:30 ERROR user logout
2026-03-02 02:56:32 INFO connection reset by peer
2026-03-02 02:56:33 INFO user login ok
2026-03-02 02:56:37 INFO user login ok
2026-03-02 02:56:41 WARN background job finished
2026-03-02 02:56:43 INFO user login ok
2026-03-02 02:56:45 INFO user login ok
2026-03-02 02:56:47 WARN invalid token
2026-03-02 02:56:50 INFO user logout
2026-03-02 02:56:53 WARN user logout
2026-03-02 02:56:56 INFO user logout
2026-03-02 02:57:00 INFO connection reset by peer
2026-03-02 02:57:02 INFO cache miss
2026-03-02 02:57:04 INFO user login ok
2026-03-02 02:57:07 ERROR request handled
2026-03-02 02:57:11 INFO cache hit
2026-03-02 02:57:13 INFO slow query detected
2026-03-02 02:57:17 INFO user login ok
2026-03-02 02:57:20 INFO user logout
2026-03-02 02:57:24 ERROR request handled
### повреждённая строка ###
2026-03-02 02:57:27 INFO cache miss
2026-03-02 02:57:31 WARN cache hit
2026-03-02 02:57:35 INFO cache miss
2026-03-02 02:57:37 WARN cache miss
2026-03-02 02:57:41 INFO request handled
2026-03-02 02:57:44 INFO user login ok
2026-03-02 02:57:45 ERROR user login ok
2026-03-02 02:57:46 WARN background job finished
2026-03-02 02:57:49 INFO invalid token
2026-03-02 02:57:51 INFO cache miss
2026-03-02 02:57:55 INFO user login ok
2026-03-02 02:57:56 WARN cache miss
2026-03-02 02:58:00 INFO config reloaded
2026-03-02 02:58:01 INFO user logout
2026-03-02 02:58:04 INFO cache hit
2026-03-02 02:58:06 INFO user logout
2026-03-02 02:58:07 WARN slow query detected
2026-03-02 02:58:08 INFO slow query detected
2026-03-02 02:58:11 INFO request handled
2026-03-02 02:58:15 INFO user login ok
2026-03-02 02:58:18 WARN database timeout
2026-03-02 02:58:19 INFO slow query detected
2026-03-02 02:58:20 ERROR user login ok
2026-03-02 02:58:22 WARN request handled
2026-03-02 02:58:25 INFO invalid token
2026-03-02 02:58:29 WARN user login ok
2026-03-02 02:58:31 INFO config reloaded
2026-03-02 02:58:35 INFO user login ok
2026-03-02 02:58:37 INFO user login ok
2026-03-02 02:58:38 INFO user login ok
2026-03-02 02:58:39 INFO cache hit
2026-03-02 02:58:42 INFO user login ok
2026-03-02 02:58:45 INFO slow query detected
2026-03-02 02:58:49 INFO slow query detected
2026-03-02 02:58:51 INFO user logout
2026-03-02 02:58:52 WARN user login ok
2026-03-02 02:58:54 WARN slow query detected
2026-03-02 02:58:57 INFO database timeout
2026-03-02 02:58:58 INFO config reloaded
2026-03-02 02:59:02 WARN user logout
2026-03-02 02:59:03 WARN request handled
2026-03-02 02:59:05 WARN user login ok
2026-03-02 02:59:07 ERROR user login ok
2026-03-02 02:59:11 INFO database timeout
2026-03-02 02:59:15 INFO user login ok
2026-03-02 02:59:18 INFO config reloaded
2026-03-02 02:59:21 INFO cache miss
2026-03-02 02:59:24 INFO user login ok
2026-03-02 02:59:27 INFO cache hit
2026-03-02 02:59:29 WARN request handled
2026-03-02 02:59:30 INFO connection reset by peer
2026-03-02 02:59:31 INFO connection reset by peer
2026-03-02 02:59:33 INFO user login ok
2026-03-02 02:59:37 ERROR background job finished
2026-03-02 02:59:41 INFO connection reset by peer
2026-03-02 02:59:43 INFO request handled
2026-03-02 02:59:47 INFO user login ok
2026-03-02 02:59:48 WARN request handled
2026-03-02 02:59:49 INFO connection reset by peer
2026-03-02 02:59:50 INFO cache hit
2026-03-02 02:59:51 INFO cache hit
2026-03-02 02:59:55 ERROR cache miss
2026-03-02 02:59:56 INFO user login ok
2026-03-02 02:59:59 INFO user logout
2026-03-02 03:00:01 INFO connection reset by peer
2026-03-02 03:00:02 INFO request handled
2026-03-02 03:00:04 WARN user login ok
2026-03-02 03:00:06 INFO user login ok
2026-03-02 03:00:09 INFO slow query detected
2026-03-02 03:00:13 WARN cache miss
2026-03-02 03:00:16 INFO cache hit
2026-03-02 03:00:19 INFO cache miss
2026-03-02 03:00:22 INFO disk usage high
2026-03-02 03:00:24 INFO user logout
2026-03-02 03:00:26 INFO user logout
2026-03-02 03:00:28 INFO database timeout
2026-03-02 03:00:29 WARN user login ok
2026-03-02 03:00:33 WARN user login ok
2026-03-02 03:00:36 INFO background job finished
2026-03-02 03:00:40 INFO slow query detected
2026-03-02 03:00:43 INFO user logout
2026-03-02 03:00:47 INFO user login ok
2026-03-02 03:00:48 INFO background job finished
2026-03-02 03:00:50 ERROR user login ok
2026-03-02 03:00:53 INFO cache hit
2026-03-02 03:00:57 ERROR user login ok
2026-03-02 03:01:00 INFO user login ok
2026-03-02 03:01:02 INFO invalid token
2026-03-02 03:01:03 INFO invalid token
2026-03-02 03:01:05 ERROR user login ok
2026-03-02 03:01:09 INFO cache miss
2026-03-02 03:01:13 INFO cache hit
2026-03-02 03:01:17 INFO cache miss
2026-03-02 03:01:18 INFO config reloaded
2026-03-02 03:01:22 INFO user login ok
2026-03-02 03:01:25 INFO config reloaded
2026-03-02 03:01:28 INFO cache miss
2026-03-02 03:01:29 INFO cache hit
2026-03-02 03:01:31 INFO config reloaded
2026-03-02 03:01:32 INFO user login ok
2026-03-02 03:01:34 INFO request handled
2026-03-02 03:01:38 INFO user login ok
2026-03-02 03:01:42 INFO cache hit
2026-03-02 03:01:45 INFO user login ok
2026-03-02 03:01:47 INFO connection reset by peer
2026-03-02 03:01:49 INFO background job finished
2026-03-02 03:01:51 INFO user login ok
2026-03-02 03:01:54 INFO user login ok
2026-03-02 03:01:58 INFO user login ok
2026-03-02 03:02:00 INFO background job finished
2026-03-02 03:02:02 INFO user login ok
2026-03-02 03:02:03 INFO background job finished
2026-03-02 03:02:06 INFO slow query detected
2026-03-02 03:02:09 WARN user login ok
2026-03-02 03:02:10 INFO database timeout
2026-03-02 03:02:12 INFO user logout
2026-03-02 03:02:16 INFO request handled
2026-03-02 03:02:17 INFO user login ok
2026-03-02 03:02:18 WARN config reloaded
2026-03-02 03:02:21 WARN request handled
2026-03-02 03:02:25 ERROR disk usage high
2026-03-02 03:02:28 INFO user logout
2026-03-02 03:02:32 INFO connection reset by peer
2026-03-02 03:02:36 INFO user login ok
2026-03-02 03:02:37 INFO user logout
2026-03-02 03:02:39 WARN user login ok
2026-03-02 03:02:40 INFO invalid token
2026-03-02 03:02:44 INFO invalid token
2026-03-02 03:02:48 INFO user login ok
2026-03-02 03:02:49 INFO cache hit
2026-03-02 03:02:51 INFO user login ok
2026-03-02 03:02:54 WARN cache miss
2026-03-02 03:02:58 INFO disk usage high
2026-03-02 03:03:00 INFO user login ok
2026-03-02 03:03:02 INFO config reloaded
2026-03-02 03:03:06 WARN user login ok
2026-03-02 03:03:07 WARN user login ok
2026-03-02 03:03:08 INFO user logout
2026-03-02 03:03:12 INFO config reloaded
2026-03-02 03:03:13 INFO user login ok
2026-03-02 03:03:14 INFO user login ok
2026-03-02 03:03:15 INFO user login ok
2026-03-02 03:03:16 INFO request handled
2026-03-02 03:03:17 INFO user logout
2026-03-02 03:03:21 INFO user login ok
2026-03-02 03:03:24 INFO user login ok
2026-03-02 03:03:25 INFO cache miss
2026-03-02 03:03:29 INFO background job finished
2026-03-02 03:03:30 INFO slow query detected
2026-03-02 03:03:32 INFO request handled
2026-03-02 03:03:33 WARN user login ok
2026-03-02 03:03:36 WARN cache hit
2026-03-02 03:03:37 INFO user logout
2026-03-02 03:03:39 INFO disk usage high
2026-03-02 03:03:43 INFO connection reset by peer
2026-03-02 03:03:46 INFO user login ok
2026-03-02 03:03:47 INFO user logout
2026-03-02 03:03:50 INFO user login ok
2026-03-02 03:03:52 WARN slow query detected
2026-03-02 03:03:54 INFO user login ok
2026-03-02 03:03:58 ERROR cache hit
2026-03-02 03:04:01 INFO config reloaded
2026-03-02 03:04:04 INFO cache hit
2026-03-02 03:04:05 INFO user login ok
2026-03-02 03:04:09 WARN database timeout
2026-03-02 03:04:11 INFO invalid token
2026-03-02 03:04:12 WARN connection reset by peer
2026-03-02 03:04:15 WARN connection reset by peer
2026-03-02 03:04:16 INFO invalid token
2026-03-02 03:04:17 INFO cache hit
2026-03-02 03:04:21 INFO invalid token
2026-03-02 03:04:22 INFO user login ok
2026-03-02 03:04:24 INFO config reloaded
2026-03-02 03:04:25 INFO request handled
2026-03-02 03:04:26 INFO user logout
2026-03-02 03:04:27 INFO cache hit
2026-03-02 03:04:28 INFO user logout
2026-03-02 03:04:31 INFO disk usage high
2026-03-02 03:04:33 INFO cache hit
2026-03-02 03:04:36 WARN user login ok
2026-03-02 03:04:37 WARN background job finished
2026-03-02 03:04:38 INFO connection reset by peer
2026-03-02 03:04:39 INFO user login ok
2026-03-02 03:04:40 INFO user login ok
2026-03-02 03:04:42 WARN invalid token
2026-03-02 03:04:46 INFO database timeout
2026-03-02 03:04:49 INFO request handled
2026-03-02 03:04:51 INFO connection reset by peer
2026-03-02 03:04:54 WARN user login ok
2026-03-02 03:04:55 INFO user logout
2026-03-02 03:04:57 INFO user login ok
2026-03-02 03:05:01 WARN user logout
2026-03-02 03:05:02 INFO cache miss
2026-03-02 03:05:04 INFO invalid token
2026-03-02 03:05:05 ERROR config reloaded
2026-03-02 03:05:08 ERROR cache hit
2026-03-02 03:05:09 WARN background job finished
2026-03-02 03:05:13 INFO connection reset by peer
2026-03-02 03:05:14 INFO user logout
2026-03-02 03:05:17 INFO cache hit
2026-03-02 03:05:20 WARN request handled
2026-03-02 03:05:24 INFO user logout
2026-03-02 03:05:26 INFO invalid token
2026-03-02 03:05:29 INFO user logout
2026-03-02 03:05:33 INFO user logout
2026-03-02 03:05:35 INFO connection reset by peer
2026-03-02 03:05:36 INFO cache miss
2026-03-02 03:05:38 INFO user login ok
2026-03-02 03:05:41 WARN cache miss
2026-03-02 03:05:43 WARN connection reset by peer
2026-03-02 03:05:46 WARN user login ok
2026-03-02 03:05:49 INFO user logout
2026-03-02 03:05:51 INFO slow query detected
2026-03-02 03:05:55 INFO user login ok
2026-03-02 03:05:59 INFO user logout
2026-03-02 03:06:00 INFO user login ok
2026-03-02 03:06:04 INFO user login ok
2026-03-02 03:06:06 INFO invalid token
2026-03-02 03:06:07 INFO cache hit
2026-03-02 03:06:10 INFO user login ok
2026-03-02 03:06:11 INFO user login ok
2026-03-02 03:06:13 WARN user login ok
2026-03-02 03:06:17 INFO invalid token
2026-03-02 03:06:18 INFO background job finished
2026-03-02 03:06:20 WARN request handled
2026-03-02 03:06:24 INFO user login ok
2026-03-02 03:06:27 INFO cache hit
2026-03-02 03:06:30 INFO disk usage high
2026-03-02 03:06:34 WARN user login ok
2026-03-02 03:06:37 INFO user login ok
2026-03-02 03:06:40 INFO user logout
### повреждённая строка ###
2026-03-02 03:06:46 INFO config reloaded
2026-03-02 03:06:47 WARN disk usage high
2026-03-02 03:06:51 INFO user login ok
2026-03-02 03:06:52 INFO user login ok
2026-03-02 03:06:55 INFO user login ok
2026-03-02 03:06:58 WARN user login ok
2026-03-02 03:07:01 INFO slow query detected
2026-03-02 03:07:04 ERROR user login ok
2026-03-02 03:07:06 INFO invalid token
2026-03-02 03:07:10 INFO request handled
2026-03-02 03:07:11 INFO user logout
2026-03-02 03:07:14 INFO disk usage high
2026-03-02 03:07:16 WARN request handled
2026-03-02 03:07:20 INFO database timeout
2026-03-02 03:07:23 INFO user logout
2026-03-02 03:07:27 ERROR connection reset by peer
2026-03-02 03:07:28 INFO user login ok
2026-03-02 03:07:31 INFO cache miss
2026-03-02 03:07:33 WARN slow query detected
2026-03-02 03:07:36 INFO user login ok
2026-03-02 03:07:38 INFO cache hit
2026-03-02 03:07:41 WARN connection reset by peer
2026-03-02 03:07:43 INFO cache hit
2026-03-02 03:07:47 INFO user logout
2026-03-02 03:07:50 INFO request handled
2026-03-02 03:07:52 INFO user login ok
2026-03-02 03:07:56 INFO user login ok
2026-03-02 03:07:58 INFO config reloaded
2026-03-02 03:07:59 INFO cache miss
2026-03-02 03:08:01 INFO user login ok
2026-03-02 03:08:04 INFO user login ok
2026-03-02 03:08:05 INFO background job finished
2026-03-02 03:08:08 INFO request handled
### повреждённая строка ###
2026-03-02 03:08:16 INFO user logout
2026-03-02 03:08:20 INFO user logout
2026-03-02 03:08:22 INFO cache hit
2026-03-02 03:08:24 INFO user login ok
2026-03-02 03:08:25 ERROR background job finished
2026-03-02 03:08:28 INFO database timeout
2026-03-02 03:08:29 INFO background job finished
2026-03-02 03:08:31 INFO config reloaded
2026-03-02 03:08:34 INFO cache hit
2026-03-02 03:08:35 INFO background job finished
2026-03-02 03:08:39 INFO request handled
2026-03-02 03:08:42 WARN user login ok
2026-03-02 03:08:45 INFO user login ok
2026-03-02 03:08:46 INFO cache hit
2026-03-02 03:08:47 WARN slow query detected
2026-03-02 03:08:51 INFO cache miss
2026-03-02 03:08:52 INFO cache hit
2026-03-02 03:08:55 INFO database timeout
2026-03-02 03:08:57 INFO user login ok
2026-03-02 03:08:58 INFO user login ok
2026-03-02 03:09:02 INFO user login ok
### повреждённая строка ###
2026-03-02 03:09:08 WARN user logout
2026-03-02 03:09:09 INFO user logout
2026-03-02 03:09:10 INFO user login ok
2026-03-02 03:09:11 INFO user login ok
2026-03-02 03:09:12 INFO slow query detected
2026-03-02 03:09:16 INFO disk usage high
2026-03-02 03:09:19 WARN disk usage high
2026-03-02 03:09:21 INFO user login ok
2026-03-02 03:09:22 INFO slow query detected
2026-03-02 03:09:24 INFO user login ok
2026-03-02 03:09:26 INFO disk usage high
2026-03-02 03:09:29 INFO user login ok
2026-03-02 03:09:31 INFO connection reset by peer
2026-03-02 03:09:35 INFO background job finished
2026-03-02 03:09:37 INFO disk usage high
2026-03-02 03:09:41 WARN user login ok
2026-03-02 03:09:45 INFO user login ok
2026-03-02 03:09:48 INFO cache miss
2026-03-02 03:09:51 ERROR slow query detected
2026-03-02 03:09:55 INFO cache miss
2026-03-02 03:09:56 INFO user login ok
2026-03-02 03:09:59 INFO slow query detected
2026-03-02 03:10:00 INFO database timeout
2026-03-02 03:10:03 INFO background job finished
2026-03-02 03:10:05 INFO cache miss
2026-03-02 03:10:07 INFO connection reset by peer
2026-03-02 03:10:09 WARN user logout
2026-03-02 03:10:12 INFO config reloaded
2026-03-02 03:10:13 INFO user login ok
2026-03-02 03:10:16 INFO user login ok
2026-03-02 03:10:18 INFO cache miss
2026-03-02 03:10:19 INFO cache hit
2026-03-02 03:10:22 INFO cache hit
2026-03-02 03:10:26 INFO background job finished
2026-03-02 03:10:27 WARN config reloaded
2026-03-02 03:10:31 INFO user login ok
2026-03-02 03:10:35 WARN background job finished
2026-03-02 03:10:37 INFO user logout
2026-03-02 03:10:38 INFO disk usage high
2026-03-02 03:10:40 WARN cache miss
2026-03-02 03:10:42 ERROR user login ok
2026-03-02 03:10:46 INFO user login ok
2026-03-02 03:10:50 INFO user login ok
2026-03-02 03:10:53 INFO user login ok
2026-03-02 03:10:55 INFO database timeout
2026-03-02 03:10:58 INFO request handled
2026-03-02 03:11:00 INFO user logout
2026-03-02 03:11:02 WARN background job finished
2026-03-02 03:11:06 INFO request handled
2026-03-02 03:11:09 INFO invalid token
2026-03-02 03:11:13 WARN user login ok
2026-03-02 03:11:14 INFO user login ok
2026-03-02 03:11:15 INFO invalid token
2026-03-02 03:11:18 INFO config reloaded
2026-03-02 03:11:19 INFO user logout
2026-03-02 03:11:22 INFO database timeout
2026-03-02 03:11:23 INFO cache hit
2026-03-02 03:11:25 INFO slow query detected
2026-03-02 03:11:28 INFO user logout
2026-03-02 03:11:29 INFO user login ok
2026-03-02 03:11:32 INFO cache hit
2026-03-02 03:11:33 INFO connection reset by peer
2026-03-02 03:11:34 WARN database timeout
2026-03-02 03:11:35 WARN slow query detected
2026-03-02 03:11:36 INFO cache hit
2026-03-02 03:11:38 INFO background job finished
2026-03-02 03:11:41 INFO slow query detected
2026-03-02 03:11:42 INFO request handled
2026-03-02 03:11:43 INFO disk usage high
2026-03-02 03:11:46 INFO user login ok
2026-03-02 03:11:50 INFO user login ok
2026-03-02 03:11:51 INFO user login ok
2026-03-02 03:11:53 INFO background job finished
2026-03-02 03:11:56 INFO cache hit
2026-03-02 03:11:57 WARN user login ok
2026-03-02 03:11:58 INFO request handled
2026-03-02 03:11:59 INFO request handled
2026-03-02 03:12:01 INFO user login ok
2026-03-02 03:12:04 INFO user logout
### повреждённая строка ###
2026-03-02 03:12:11 WARN database timeout
2026-03-02 03:12:14 INFO cache hit
2026-03-02 03:12:16 INFO user login ok
2026-03-02 03:12:20 WARN user login ok
2026-03-02 03:12:24 INFO connection reset by peer
2026-03-02 03:12:28 INFO database timeout
2026-03-02 03:12:30 INFO slow query detected
2026-03-02 03:12:32 INFO user login ok
2026-03-02 03:12:33 INFO cache miss
2026-03-02 03:12:36 INFO user logout
2026-03-02 03:12:37 INFO slow query detected
2026-03-02 03:12:40 INFO connection reset by peer
2026-03-02 03:12:43 INFO request handled
2026-03-02 03:12:46 INFO user logout
2026-03-02 03:12:49 INFO request handled
2026-03-02 03:12:51 INFO user login ok
2026-03-02 03:12:55 INFO user login ok
2026-03-02 03:12:56 WARN slow query detected
2026-03-02 03:12:57 INFO user login ok
2026-03-02 03:13:01 INFO disk usage high
2026-03-02 03:13:03 INFO cache hit
2026-03-02 03:13:05 INFO user login ok
2026-03-02 03:13:09 INFO user login ok
2026-03-02 03:13:12 INFO cache hit
2026-03-02 03:13:16 INFO config reloaded
2026-03-02 03:13:19 INFO disk usage high
2026-03-02 03:13:21 INFO request handled
2026-03-02 03:13:23 WARN user login ok
2026-03-02 03:13:26 INFO cache hit
2026-03-02 03:13:27 WARN disk usage high
2026-03-02 03:13:31 INFO user logout
2026-03-02 03:13:33 WARN slow query detected
2026-03-02 03:13:35 INFO request handled
2026-03-02 03:13:38 INFO user login ok
2026-03-02 03:13:40 INFO user login ok
2026-03-02 03:13:42 INFO user logout
2026-03-02 03:13:43 WARN user login ok
2026-03-02 03:13:46 ERROR user logout
2026-03-02 03:13:49 INFO user login ok
2026-03-02 03:13:52 WARN user login ok
2026-03-02 03:13:54 INFO cache hit
2026-03-02 03:13:57 INFO user login ok
2026-03-02 03:14:01 INFO cache miss
2026-03-02 03:14:05 WARN user login ok
2026-03-02 03:14:08 INFO disk usage high
2026-03-02 03:14:09 INFO background job finished
2026-03-02 03:14:10 INFO user login ok
2026-03-02 03:14:11 INFO cache hit
2026-03-02 03:14:14 INFO database timeout
2026-03-02 03:14:16 INFO user login ok
2026-03-02 03:14:17 INFO invalid token
2026-03-02 03:14:21 WARN disk usage high
2026-03-02 03:14:23 INFO invalid token
2026-03-02 03:14:27 ERROR cache miss
2026-03-02 03:14:29 INFO user login ok
2026-03-02 03:14:33 INFO user login ok
2026-03-02 03:14:35 WARN user login ok
2026-03-02 03:14:36 WARN request handled
2026-03-02 03:14:39 INFO user login ok
2026-03-02 03:14:41 INFO background job finished
2026-03-02 03:14:45 INFO config reloaded
2026-03-02 03:14:49 INFO user login ok
2026-03-02 03:14:53 INFO cache miss
2026-03-02 03:14:56 INFO user login ok
2026-03-02 03:14:57 ERROR slow query detected
2026-03-02 03:14:58 INFO cache hit
2026-03-02 03:15:02 INFO background job finished
2026-03-02 03:15:03 WARN cache hit
2026-03-02 03:15:06 INFO background job finished
2026-03-02 03:15:09 INFO user login ok
2026-03-02 03:15:10 INFO user logout
2026-03-02 03:15:13 INFO user login ok
2026-03-02 03:15:16 INFO user login ok
2026-03-02 03:15:17 ERROR config reloaded
2026-03-02 03:15:18 INFO user logout
2026-03-02 03:15:22 INFO user login ok
2026-03-02 03:15:25 INFO cache hit
2026-03-02 03:15:26 INFO user login ok
2026-03-02 03:15:28 INFO cache hit
2026-03-02 03:15:29 INFO disk usage high
2026-03-02 03:15:31 INFO request handled
2026-03-02 03:15:34 INFO user logout
2026-03-02 03:15:38 INFO cache miss
2026-03-02 03:15:39 INFO config reloaded
2026-03-02 03:15:40 INFO disk usage high
2026-03-02 03:15:41 INFO cache hit
2026-03-02 03:15:45 INFO user login ok
2026-03-02 03:15:47 ERROR user login ok
2026-03-02 03:15:49 INFO cache hit
2026-03-02 03:15:50 INFO config reloaded
### повреждённая строка ###
2026-03-02 03:15:56 INFO user login ok
2026-03-02 03:15:59 ERROR cache hit
2026-03-02 03:16:03 INFO cache miss
2026-03-02 03:16:05 INFO database timeout
2026-03-02 03:16:09 WARN cache miss
2026-03-02 03:16:12 INFO slow query detected
2026-03-02 03:16:13 INFO user login ok
2026-03-02 03:16:16 WARN invalid token
2026-03-02 03:16:19 WARN user login ok
2026-03-02 03:16:22 INFO invalid token
2026-03-02 03:16:26 INFO cache miss
2026-03-02 03:16:27 INFO slow query detected
2026-03-02 03:16:30 INFO user login ok
2026-03-02 03:16:32 INFO invalid token
2026-03-02 03:16:36 INFO cache hit
2026-03-02 03:16:39 INFO user logout
2026-03-02 03:16:42 INFO cache miss
2026-03-02 03:16:45 INFO disk usage high
2026-03-02 03:16:48 INFO user logout
2026-03-02 03:16:50 INFO invalid token
2026-03-02 03:16:52 INFO request handled
2026-03-02 03:16:55 WARN user login ok
2026-03-02 03:16:56 INFO connection reset by peer
2026-03-02 03:17:00 WARN connection reset by peer
2026-03-02 03:17:03 INFO cache hit
2026-03-02 03:17:05 INFO user login ok
2026-03-02 03:17:07 INFO cache hit
2026-03-02 03:17:09 INFO connection reset by peer
2026-03-02 03:17:10 INFO database timeout
2026-03-02 03:17:12 WARN database timeout
2026-03-02 03:17:14 INFO config reloaded
2026-03-02 03:17:15 INFO disk usage high
2026-03-02 03:17:17 INFO user logout
2026-03-02 03:17:19 INFO background job finished
2026-03-02 03:17:20 INFO user login ok
2026-03-02 03:17:21 INFO user logout
2026-03-02 03:17:22 INFO cache miss
2026-03-02 03:17:26 WARN cache miss
2026-03-02 03:17:27 INFO disk usage high
2026-03-02 03:17:30 INFO disk usage high
2026-03-02 03:17:32 INFO background job finished
2026-03-02 03:17:35 INFO slow query detected
2026-03-02 03:17:37 INFO request handled
2026-03-02 03:17:41 INFO slow query detected
2026-03-02 03:17:42 WARN config reloaded
2026-03-02 03:17:45 INFO user logout
2026-03-02 03:17:47 INFO cache miss
2026-03-02 03:17:50 INFO slow query detected
2026-03-02 03:17:54 INFO disk usage high
2026-03-02 03:17:55 INFO config reloaded
2026-03-02 03:17:59 INFO user login ok
2026-03-02 03:18:00 INFO cache miss
2026-03-02 03:18:04 INFO user login ok
2026-03-02 03:18:05 INFO request handled
2026-03-02 03:18:09 INFO slow query detected
2026-03-02 03:18:11 WARN user login ok
2026-03-02 03:18:15 INFO user logout
2026-03-02 03:18:16 INFO cache miss
2026-03-02 03:18:20 INFO user logout
2026-03-02 03:18:22 INFO cache hit
2026-03-02 03:18:25 INFO disk usage high
2026-03-02 03:18:27 WARN slow query detected
2026-03-02 03:18:30 WARN request handled
2026-03-02 03:18:34 ERROR user login ok
2026-03-02 03:18:38 INFO invalid token
2026-03-02 03:18:41 INFO database timeout
2026-03-02 03:18:45 INFO request handled
2026-03-02 03:18:48 INFO user login ok
2026-03-02 03:18:51 WARN config reloaded
2026-03-02 03:18:52 INFO background job finished
2026-03-02 03:18:55 INFO background job finished
### повреждённая строка ###
2026-03-02 03:18:59 INFO config reloaded
2026-03-02 03:19:02 INFO slow query detected
2026-03-02 03:19:04 INFO cache hit
2026-03-02 03:19:05 INFO user logout
2026-03-02 03:19:07 INFO background job finished
2026-03-02 03:19:08 INFO slow query detected
2026-03-02 03:19:10 INFO invalid token
2026-03-02 03:19:13 INFO cache hit
2026-03-02 03:19:15 INFO slow query detected
2026-03-02 03:19:17 INFO user login ok
2026-03-02 03:19:20 INFO user login ok
2026-03-02 03:19:24 INFO user login ok
2026-03-02 03:19:27 INFO user logout
2026-03-02 03:19:31 INFO user logout
2026-03-02 03:19:33 INFO user logout
2026-03-02 03:19:36 INFO connection reset by peer
2026-03-02 03:19:38 INFO user login ok
2026-03-02 03:19:42 INFO request handled
2026-03-02 03:19:44 INFO connection reset by peer
2026-03-02 03:19:46 INFO connection reset by peer
2026-03-02 03:19:50 INFO cache miss
2026-03-02 03:19:52 INFO user login ok
2026-03-02 03:19:54 INFO database timeout
2026-03-02 03:19:58 INFO cache hit
2026-03-02 03:20:00 INFO cache miss
2026-03-02 03:20:04 INFO slow query detected
2026-03-02 03:20:05 INFO user login ok
2026-03-02 03:20:08 INFO user logout
2026-03-02 03:20:09 INFO background job finished
2026-03-02 03:20:11 INFO user login ok
2026-03-02 03:20:12 INFO user login ok
2026-03-02 03:20:13 INFO user login ok
2026-03-02 03:20:15 INFO request handled
2026-03-02 03:20:18 INFO request handled
2026-03-02 03:20:22 INFO slow query detected
2026-03-02 03:20:24 INFO config reloaded
2026-03-02 03:20:25 INFO user logout
2026-03-02 03:20:27 INFO user logout
2026-03-02 03:20:31 INFO cache miss
2026-03-02 03:20:35 INFO user login ok
2026-03-02 03:20:38 INFO user login ok
2026-03-02 03:20:41 ERROR connection reset by peer
2026-03-02 03:20:45 INFO user login ok
2026-03-02 03:20:49 WARN user logout
2026-03-02 03:20:51 INFO request handled
2026-03-02 03:20:54 INFO disk usage high
2026-03-02 03:20:58 INFO user login ok
2026-03-02 03:21:00 INFO user login ok
2026-03-02 03:21:04 INFO disk usage high
2026-03-02 03:21:07 WARN cache hit
2026-03-02 03:21:09 INFO cache hit
2026-03-02 03:21:13 INFO cache miss
2026-03-02 03:21:16 INFO config reloaded
2026-03-02 03:21:18 WARN user logout
2026-03-02 03:21:20 INFO user login ok
2026-03-02 03:21:24 INFO slow query detected
2026-03-02 03:21:25 ERROR slow query detected
2026-03-02 03:21:27 WARN slow query detected
2026-03-02 03:21:30 INFO disk usage high
2026-03-02 03:21:31 INFO user login ok
2026-03-02 03:21:32 INFO cache hit
2026-03-02 03:21:33 INFO cache miss
2026-03-02 03:21:34 INFO invalid token
2026-03-02 03:21:37 INFO user login ok
2026-03-02 03:21:38 INFO slow query detected
2026-03-02 03:21:42 INFO background job finished
2026-03-02 03:21:46 WARN user login ok
2026-03-02 03:21:48 INFO user login ok
2026-03-02 03:21:51 ERROR cache hit
2026-03-02 03:21:55 WARN disk usage high
2026-03-02 03:21:57 INFO config reloaded
2026-03-02 03:22:01 INFO database timeout
2026-03-02 03:22:02 INFO config reloaded
2026-03-02 03:22:04 INFO user login ok
2026-03-02 03:22:05 INFO invalid token
2026-03-02 03:22:07 INFO disk usage high
2026-03-02 03:22:11 INFO disk usage high
2026-03-02 03:22:15 INFO slow query detected
2026-03-02 03:22:19 INFO slow query detected
2026-03-02 03:22:22 INFO disk usage high
2026-03-02 03:22:26 INFO database timeout
2026-03-02 03:22:27 INFO config reloaded
2026-03-02 03:22:29 INFO user login ok
2026-03-02 03:22:30 INFO database timeout
2026-03-02 03:22:32 INFO user logout
2026-03-02 03:22:35 INFO user login ok
2026-03-02 03:22:37 WARN database timeout
2026-03-02 03:22:40 INFO user login ok
2026-03-02 03:22:44 INFO config reloaded
2026-03-02 03:22:48 INFO slow query detected
2026-03-02 03:22:50 INFO user login ok
2026-03-02 03:22:52 INFO invalid token
2026-03-02 03:22:54 INFO disk usage high
2026-03-02 03:22:58 INFO config reloaded
2026-03-02 03:23:00 INFO connection reset by peer
2026-03-02 03:23:02 INFO user logout
2026-03-02 03:23:06 INFO background job finished
2026-03-02 03:23:10 ERROR user login ok
2026-03-02 03:23:12 INFO slow query detected
2026-03-02 03:23:16 INFO user logout
2026-03-02 03:23:17 INFO database timeout
2026-03-02 03:23:19 INFO connection reset by peer
2026-03-02 03:23:21 ERROR user logout
2026-03-02 03:23:22 INFO user login ok
2026-03-02 03:23:25 INFO request handled
2026-03-02 03:23:29 ERROR connection reset by peer
2026-03-02 03:23:32 INFO user login ok
2026-03-02 03:23:34 INFO database timeout
2026-03-02 03:23:35 ERROR user login ok
2026-03-02 03:23:39 INFO user login ok
2026-03-02 03:23:43 WARN request handled
2026-03-02 03:23:45 INFO request handled
2026-03-02 03:23:48 INFO user login ok
2026-03-02 03:23:49 INFO background job finished
2026-03-02 03:23:50 INFO connection reset by peer
2026-03-02 03:23:51 INFO user login ok
2026-03-02 03:23:53 WARN connection reset by peer
2026-03-02 03:23:54 INFO background job finished
2026-03-02 03:23:58 INFO request handled
2026-03-02 03:24:00 INFO user login ok
2026-03-02 03:24:03 WARN user login ok
2026-03-02 03:24:06 ERROR invalid token
2026-03-02 03:24:09 INFO connection reset by peer
2026-03-02 03:24:12 INFO database timeout
2026-03-02 03:24:16 INFO cache miss
2026-03-02 03:24:20 INFO user login ok
2026-03-02 03:24:24 INFO slow query detected
2026-03-02 03:24:26 INFO connection reset by peer
2026-03-02 03:24:30 INFO user login ok
2026-03-02 03:24:32 INFO request handled
2026-03-02 03:24:33 INFO request handled
2026-03-02 03:24:37 WARN cache hit
2026-03-02 03:24:39 INFO config reloaded
2026-03-02 03:24:41 INFO slow query detected
2026-03-02 03:24:42 WARN config reloaded
2026-03-02 03:24:46 INFO user logout
2026-03-02 03:24:49 WARN request handled
2026-03-02 03:24:53 INFO cache miss
2026-03-02 03:24:54 INFO user login ok
2026-03-02 03:24:56 INFO request handled
2026-03-02 03:25:00 INFO user logout
2026-03-02 03:25:02 INFO user login ok
2026-03-02 03:25:05 INFO database timeout
2026-03-02 03:25:08 ERROR database timeout
2026-03-02 03:25:11 INFO user logout
2026-03-02 03:25:13 INFO disk usage high
2026-03-02 03:25:17 INFO user login ok
2026-03-02 03:25:21 INFO connection reset by peer
2026-03-02 03:25:25 INFO user login ok
2026-03-02 03:25:27 INFO background job finished
2026-03-02 03:25:31 INFO cache miss
2026-03-02 03:25:35 INFO slow query detected
2026-03-02 03:25:37 WARN invalid token
2026-03-02 03:25:40 INFO background job finished
2026-03-02 03:25:43 INFO user login ok
2026-03-02 03:25:45 INFO request handled
2026-03-02 03:25:49 INFO user login ok
2026-03-02 03:25:51 INFO disk usage high
2026-03-02 03:25:53 INFO database timeout
2026-03-02 03:25:57 INFO user login ok
2026-03-02 03:25:58 INFO slow query detected
2026-03-02 03:26:02 INFO slow query detected
2026-03-02 03:26:06 INFO user login ok
2026-03-02 03:26:07 INFO background job finished
2026-03-02 03:26:08 INFO invalid token
2026-03-02 03:26:09 INFO cache hit
2026-03-02 03:26:13 INFO slow query detected
2026-03-02 03:26:14 INFO user logout
2026-03-02 03:26:15 INFO user login ok
2026-03-02 03:26:18 INFO request handled
2026-03-02 03:26:21 INFO slow query detected
2026-03-02 03:26:22 INFO connection reset by peer
2026-03-02 03:26:24 INFO user login ok
2026-03-02 03:26:26 INFO cache miss
2026-03-02 03:26:30 INFO slow query detected
2026-03-02 03:26:34 INFO user logout
2026-03-02 03:26:38 WARN cache hit
2026-03-02 03:26:41 INFO database timeout
2026-03-02 03:26:43 INFO user login ok
2026-03-02 03:26:45 INFO user login ok
2026-03-02 03:26:46 WARN slow query detected
2026-03-02 03:26:48 INFO user login ok
2026-03-02 03:26:51 WARN user logout
2026-03-02 03:26:52 INFO connection reset by peer
2026-03-02 03:26:53 WARN invalid token
2026-03-02 03:26:56 INFO user login ok
2026-03-02 03:27:00 WARN cache miss
2026-03-02 03:27:02 INFO user login ok
2026-03-02 03:27:05 INFO request handled
2026-03-02 03:27:08 WARN user login ok
2026-03-02 03:27:11 ERROR background job finished
2026-03-02 03:27:12 WARN cache hit
2026-03-02 03:27:13 INFO cache hit
2026-03-02 03:27:15 WARN cache miss
2026-03-02 03:27:18 INFO cache hit
2026-03-02 03:27:19 INFO user login ok
2026-03-02 03:27:22 INFO request handled
2026-03-02 03:27:23 INFO connection reset by peer
2026-03-02 03:27:24 INFO user logout
2026-03-02 03:27:27 WARN user logout
2026-03-02 03:27:28 INFO disk usage high
2026-03-02 03:27:29 INFO request handled
2026-03-02 03:27:30 INFO user login ok
2026-03-02 03:27:31 INFO cache miss
2026-03-02 03:27:35 ERROR cache miss
2026-03-02 03:27:38 INFO cache miss
2026-03-02 03:27:39 INFO connection reset by peer
2026-03-02 03:27:41 INFO user login ok
2026-03-02 03:27:42 WARN invalid token
2026-03-02 03:27:43 WARN invalid token
2026-03-02 03:27:45 INFO user login ok
2026-03-02 03:27:47 INFO user logout
2026-03-02 03:27:48 INFO user login ok
2026-03-02 03:27:52 INFO user login ok
2026-03-02 03:27:56 INFO user login ok
2026-03-02 03:28:00 WARN database timeout
2026-03-02 03:28:01 INFO cache hit
2026-03-02 03:28:05 INFO slow query detected
2026-03-02 03:28:09 INFO disk usage high
2026-03-02 03:28:10 INFO user login ok
2026-03-02 03:28:13 INFO user logout
2026-03-02 03:28:16 INFO user login ok
2026-03-02 03:28:20 INFO request handled
2026-03-02 03:28:24 WARN user login ok
2026-03-02 03:28:26 WARN request handled
2026-03-02 03:28:27 INFO user login ok
2026-03-02 03:28:31 WARN user login ok
2026-03-02 03:28:33 INFO disk usage high
2026-03-02 03:28:35 INFO user logout
2026-03-02 03:28:36 ERROR user login ok
2026-03-02 03:28:40 INFO user login ok
2026-03-02 03:28:41 INFO cache miss
2026-03-02 03:28:44 INFO user login ok
2026-03-02 03:28:45 INFO disk usage high
2026-03-02 03:28:48 WARN config reloaded
2026-03-02 03:28:51 ERROR database timeout
2026-03-02 03:28:54 INFO cache miss
2026-03-02 03:28:56 INFO user logout
2026-03-02 03:28:57 INFO user logout
2026-03-02 03:28:58 INFO user login ok
2026-03-02 03:29:02 INFO disk usage high
2026-03-02 03:29:04 INFO slow query detected
2026-03-02 03:29:08 INFO user login ok
2026-03-02 03:29:11 INFO config reloaded
2026-03-02 03:29:15 INFO user logout
2026-03-02 03:29:17 INFO user login ok
2026-03-02 03:29:19 INFO config reloaded
2026-03-02 03:29:22 INFO slow query detected
2026-03-02 03:29:25 INFO cache miss
2026-03-02 03:29:27 INFO database timeout
2026-03-02 03:29:29 INFO config reloaded
2026-03-02 03:29:32 INFO cache hit
2026-03-02 03:29:35 WARN user login ok
2026-03-02 03:29:37 INFO user login ok
2026-03-02 03:29:41 ERROR user login ok
2026-03-02 03:29:42 WARN slow query detected
2026-03-02 03:29:43 INFO slow query detected
2026-03-02 03:29:44 INFO slow query detected
2026-03-02 03:29:46 INFO request handled
2026-03-02 03:29:50 INFO user logout
2026-03-02 03:29:53 ERROR user logout
2026-03-02 03:29:57 INFO disk usage high
2026-03-02 03:30:00 ERROR user logout
2026-03-02 03:30:02 WARN user login ok
2026-03-02 03:30:05 INFO user logout
2026-03-02 03:30:06 INFO background job finished
2026-03-02 03:30:08 WARN cache hit
2026-03-02 03:30:12 INFO request handled
2026-03-02 03:30:16 INFO slow query detected
2026-03-02 03:30:18 INFO slow query detected
2026-03-02 03:30:22 INFO user login ok
2026-03-02 03:30:25 ERROR user login ok
2026-03-02 03:30:28 INFO invalid token
2026-03-02 03:30:30 WARN user login ok
2026-03-02 03:30:32 INFO user logout
2026-03-02 03:30:36 INFO connection reset by peer
2026-03-02 03:30:40 WARN user logout
2026-03-02 03:30:43 INFO user login ok
2026-03-02 03:30:45 INFO cache hit
2026-03-02 03:30:49 INFO invalid token
2026-03-02 03:30:51 WARN request handled
2026-03-02 03:30:55 INFO user login ok
2026-03-02 03:30:58 INFO request handled
2026-03-02 03:31:02 INFO user login ok
2026-03-02 03:31:05 INFO slow query detected
2026-03-02 03:31:06 WARN user login ok
2026-03-02 03:31:07 WARN invalid token
2026-03-02 03:31:09 INFO request handled
2026-03-02 03:31:10 INFO config reloaded
2026-03-02 03:31:13 INFO user logout
2026-03-02 03:31:16 INFO cache hit
2026-03-02 03:31:20 INFO cache hit
2026-03-02 03:31:22 WARN connection reset by peer
2026-03-02 03:31:24 INFO disk usage high
2026-03-02 03:31:28 INFO user login ok
2026-03-02 03:31:29 INFO user logout
2026-03-02 03:31:31 ERROR slow query detected
2026-03-02 03:31:33 INFO disk usage high
2026-03-02 03:31:36 INFO user login ok
2026-03-02 03:31:37 INFO slow query detected
2026-03-02 03:31:41 INFO user login ok
2026-03-02 03:31:44 WARN slow query detected
2026-03-02 03:31:48 INFO config reloaded
2026-03-02 03:31:52 INFO user logout
2026-03-02 03:31:53 WARN connection reset by peer
2026-03-02 03:31:54 INFO database timeout
2026-03-02 03:31:58 INFO request handled
2026-03-02 03:32:02 INFO user login ok
2026-03-02 03:32:05 INFO user login ok
2026-03-02 03:32:06 INFO cache miss
2026-03-02 03:32:09 INFO background job finished
2026-03-02 03:32:13 INFO cache miss
2026-03-02 03:32:16 INFO cache miss
2026-03-02 03:32:18 INFO user logout
2026-03-02 03:32:21 INFO user login ok
2026-03-02 03:32:24 INFO disk usage high
2026-03-02 03:32:28 INFO cache hit
2026-03-02 03:32:29 WARN user login ok
2026-03-02 03:32:30 INFO slow query detected
2026-03-02 03:32:33 INFO user login ok
2026-03-02 03:32:35 INFO connection reset by peer
2026-03-02 03:32:37 ERROR background job finished
2026-03-02 03:32:41 INFO user login ok
2026-03-02 03:32:45 INFO connection reset by peer
2026-03-02 03:32:46 INFO user login ok
2026-03-02 03:32:50 INFO connection reset by peer
2026-03-02 03:32:52 INFO slow query detected
2026-03-02 03:32:56 WARN user login ok
2026-03-02 03:32:58 ERROR user logout
2026-03-02 03:33:02 INFO database timeout
2026-03-02 03:33:04 ERROR slow query detected
2026-03-02 03:33:08 INFO database timeout
2026-03-02 03:33:12 INFO cache hit
2026-03-02 03:33:16 INFO request handled
2026-03-02 03:33:17 ERROR slow query detected
2026-03-02 03:33:19 INFO cache miss
2026-03-02 03:33:22 INFO user logout
2026-03-02 03:33:26 INFO slow query detected
2026-03-02 03:33:27 INFO config reloaded
2026-03-02 03:33:29 INFO user login ok
2026-03-02 03:33:33 INFO user login ok
2026-03-02 03:33:35 ERROR cache hit
2026-03-02 03:33:39 INFO config reloaded
2026-03-02 03:33:42 INFO user login ok
2026-03-02 03:33:44 INFO slow query detected
2026-03-02 03:33:47 WARN connection reset by peer
2026-03-02 03:33:51 INFO cache miss
2026-03-02 03:33:54 INFO disk usage high
2026-03-02 03:33:55 INFO user logout
2026-03-02 03:33:59 INFO database timeout
2026-03-02 03:34:01 INFO cache hit
2026-03-02 03:34:04 INFO disk usage high
2026-03-02 03:34:06 WARN user login ok
2026-03-02 03:34:10 INFO user login ok
2026-03-02 03:34:11 INFO cache miss
2026-03-02 03:34:14 INFO invalid token
2026-03-02 03:34:17 INFO connection reset by peer
2026-03-02 03:34:18 INFO database timeout
2026-03-02 03:34:21 INFO connection reset by peer
2026-03-02 03:34:25 INFO background job finished
2026-03-02 03:34:26 INFO database timeout
2026-03-02 03:34:27 WARN user logout
2026-03-02 03:34:31 INFO user logout
2026-03-02 03:34:35 WARN user login ok
2026-03-02 03:34:38 INFO user logout
2026-03-02 03:34:40 ERROR user logout
2026-03-02 03:34:42 INFO user login ok
2026-03-02 03:34:45 INFO user login ok
2026-03-02 03:34:48 INFO user login ok
2026-03-02 03:34:50 INFO user login ok
2026-03-02 03:34:54 INFO cache hit
2026-03-02 03:34:55 INFO connection reset by peer
2026-03-02 03:34:59 INFO invalid token
2026-03-02 03:35:00 INFO cache miss
2026-03-02 03:35:04 INFO background job finished
2026-03-02 03:35:05 WARN invalid token
2026-03-02 03:35:08 WARN user logout
2026-03-02 03:35:12 INFO request handled
2026-03-02 03:35:15 WARN user login ok
2026-03-02 03:35:18 WARN cache hit
2026-03-02 03:35:20 INFO user login ok
2026-03-02 03:35:22 WARN cache miss
2026-03-02 03:35:26 WARN user logout
2026-03-02 03:35:30 INFO user login ok
2026-03-02 03:35:34 INFO config reloaded
2026-03-02 03:35:38 INFO user login ok
2026-03-02 03:35:40 INFO user logout
2026-03-02 03:35:41 INFO invalid token
2026-03-02 03:35:43 ERROR invalid token
2026-03-02 03:35:44 INFO user logout
2026-03-02 03:35:46 INFO database timeout
2026-03-02 03:35:50 WARN cache hit
2026-03-02 03:35:54 INFO disk usage high
2026-03-02 03:35:58 WARN cache hit
2026-03-02 03:36:02 INFO slow query detected
2026-03-02 03:36:05 INFO user login ok
2026-03-02 03:36:08 INFO user login ok
2026-03-02 03:36:12 INFO connection reset by peer
2026-03-02 03:36:16 INFO user login ok
2026-03-02 03:36:17 WARN user login ok
2026-03-02 03:36:20 INFO user login ok
2026-03-02 03:36:23 INFO user login ok
2026-03-02 03:36:26 WARN disk usage high
2026-03-02 03:36:29 INFO disk usage high
2026-03-02 03:36:30 INFO user login ok
2026-03-02 03:36:31 INFO background job finished
2026-03-02 03:36:33 INFO config reloaded
2026-03-02 03:36:35 INFO user login ok
2026-03-02 03:36:39 INFO user login ok
2026-03-02 03:36:43 INFO slow query detected
2026-03-02 03:36:46 INFO disk usage high
2026-03-02 03:36:49 WARN user login ok
2026-03-02 03:36:53 INFO user login ok
### повреждённая строка ###
2026-03-02 03:36:57 INFO user logout
2026-03-02 03:36:58 INFO cache miss
2026-03-02 03:37:01 INFO cache hit
2026-03-02 03:37:05 INFO connection reset by peer
2026-03-02 03:37:06 INFO invalid token
2026-03-02 03:37:10 WARN user login ok
2026-03-02 03:37:12 INFO user login ok
2026-03-02 03:37:16 INFO background job finished
2026-03-02 03:37:19 INFO cache miss
2026-03-02 03:37:21 INFO slow query detected
2026-03-02 03:37:22 INFO user login ok
2026-03-02 03:37:24 INFO user login ok
2026-03-02 03:37:26 WARN user logout
2026-03-02 03:37:27 INFO invalid token
2026-03-02 03:37:29 INFO user login ok
2026-03-02 03:37:31 ERROR cache hit
2026-03-02 03:37:33 INFO cache miss
2026-03-02 03:37:36 INFO cache hit
2026-03-02 03:37:37 WARN user login ok
2026-03-02 03:37:38 INFO user login ok
2026-03-02 03:37:42 INFO user login ok
2026-03-02 03:37:46 INFO cache miss
2026-03-02 03:37:49 WARN user logout
2026-03-02 03:37:51 INFO config reloaded
2026-03-02 03:37:55 INFO user logout
2026-03-02 03:37:57 INFO invalid token
2026-03-02 03:37:59 INFO connection reset by peer
2026-03-02 03:38:03 INFO cache hit
2026-03-02 03:38:06 INFO user login ok
2026-03-02 03:38:09 INFO user login ok
2026-03-02 03:38:12 WARN background job finished
2026-03-02 03:38:14 INFO disk usage high
2026-03-02 03:38:15 INFO connection reset by peer
2026-03-02 03:38:17 INFO connection reset by peer
2026-03-02 03:38:20 INFO database timeout
2026-03-02 03:38:21 WARN user login ok
2026-03-02 03:38:22 INFO cache miss
2026-03-02 03:38:25 INFO user login ok
2026-03-02 03:38:29 WARN disk usage high
2026-03-02 03:38:33 INFO slow query detected
2026-03-02 03:38:34 INFO cache miss
2026-03-02 03:38:37 INFO user login ok
2026-03-02 03:38:40 ERROR request handled
2026-03-02 03:38:43 INFO cache miss
2026-03-02 03:38:45 WARN user login ok
2026-03-02 03:38:47 INFO cache miss
2026-03-02 03:38:50 INFO user login ok
2026-03-02 03:38:54 INFO cache hit
2026-03-02 03:38:56 INFO user login ok
2026-03-02 03:38:57 INFO user login ok
2026-03-02 03:38:58 INFO invalid token
2026-03-02 03:39:00 INFO user login ok
2026-03-02 03:39:02 ERROR cache miss
2026-03-02 03:39:03 INFO user login ok
2026-03-02 03:39:04 INFO user logout
2026-03-02 03:39:05 ERROR cache miss
2026-03-02 03:39:08 INFO disk usage high
2026-03-02 03:39:11 INFO cache miss
2026-03-02 03:39:15 INFO cache hit
2026-03-02 03:39:17 WARN disk usage high
2026-03-02 03:39:18 INFO slow query detected
2026-03-02 03:39:22 WARN cache hit
2026-03-02 03:39:24 INFO user login ok
2026-03-02 03:39:26 INFO user login ok
2026-03-02 03:39:29 INFO cache miss
2026-03-02 03:39:31 INFO connection reset by peer
2026-03-02 03:39:34 INFO cache miss
2026-03-02 03:39:37 INFO cache hit
2026-03-02 03:39:39 INFO connection reset by peer
2026-03-02 03:39:43 INFO disk usage high
2026-03-02 03:39:45 INFO slow query detected
2026-03-02 03:39:47 WARN cache miss
2026-03-02 03:39:48 INFO user logout
2026-03-02 03:39:51 INFO request handled
2026-03-02 03:39:54 INFO cache miss
2026-03-02 03:39:56 INFO request handled
2026-03-02 03:39:57 INFO user login ok
2026-03-02 03:39:58 INFO slow query detected
2026-03-02 03:40:01 INFO user logout
2026-03-02 03:40:02 INFO cache hit
2026-03-02 03:40:06 WARN user login ok
2026-03-02 03:40:07 INFO invalid token
2026-03-02 03:40:09 ERROR connection reset by peer
2026-03-02 03:40:11 INFO disk usage high
2026-03-02 03:40:12 INFO user login ok
2026-03-02 03:40:14 INFO disk usage high
2026-03-02 03:40:18 INFO cache hit
2026-03-02 03:40:21 WARN user login ok
2026-03-02 03:40:22 INFO config reloaded
2026-03-02 03:40:25 INFO invalid token
2026-03-02 03:40:29 INFO user login ok
2026-03-02 03:40:32 INFO user login ok
2026-03-02 03:40:33 INFO connection reset by peer
2026-03-02 03:40:37 INFO user logout
2026-03-02 03:40:38 INFO user logout
2026-03-02 03:40:42 INFO request handled
2026-03-02 03:40:44 INFO database timeout
2026-03-02 03:40:45 WARN user login ok
2026-03-02 03:40:48 ERROR user logout
2026-03-02 03:40:50 ERROR cache miss
2026-03-02 03:40:52 INFO cache miss
2026-03-02 03:40:53 INFO request handled
2026-03-02 03:40:57 WARN config reloaded
2026-03-02 03:41:00 INFO cache hit
2026-03-02 03:41:03 INFO config reloaded
2026-03-02 03:41:07 ERROR config reloaded
2026-03-02 03:41:10 INFO slow query detected
2026-03-02 03:41:12 WARN slow query detected
2026-03-02 03:41:16 WARN database timeout
2026-03-02 03:41:19 INFO user logout
2026-03-02 03:41:22 INFO user logout
2026-03-02 03:41:24 INFO connection reset by peer
2026-03-02 03:41:25 WARN cache hit
2026-03-02 03:41:29 WARN config reloaded
2026-03-02 03:41:30 INFO user login ok
2026-03-02 03:41:32 WARN disk usage high
2026-03-02 03:41:33 INFO user login ok
2026-03-02 03:41:37 INFO config reloaded
2026-03-02 03:41:39 INFO connection reset by peer
2026-03-02 03:41:43 INFO user logout
2026-03-02 03:41:47 INFO request handled
2026-03-02 03:41:50 INFO user logout
2026-03-02 03:41:53 INFO cache hit
2026-03-02 03:41:57 INFO invalid token
2026-03-02 03:42:01 INFO config reloaded
2026-03-02 03:42:04 INFO disk usage high
2026-03-02 03:42:07 INFO user login ok
2026-03-02 03:42:08 WARN request handled
2026-03-02 03:42:09 INFO disk usage high
2026-03-02 03:42:11 WARN user logout
2026-03-02 03:42:14 INFO user login ok
2026-03-02 03:42:15 ERROR user logout
2026-03-02 03:42:18 WARN user login ok
2026-03-02 03:42:21 INFO user login ok
2026-03-02 03:42:24 INFO config reloaded
2026-03-02 03:42:27 INFO slow query detected
2026-03-02 03:42:30 INFO user login ok
2026-03-02 03:42:33 ERROR user logout
2026-03-02 03:42:36 INFO cache hit
2026-03-02 03:42:37 WARN database timeout
2026-03-02 03:42:40 INFO disk usage high
2026-03-02 03:42:42 INFO config reloaded
2026-03-02 03:42:46 WARN user login ok
2026-03-02 03:42:49 INFO user logout
2026-03-02 03:42:53 INFO config reloaded
2026-03-02 03:42:54 INFO cache miss
2026-03-02 03:42:58 INFO request handled
2026-03-02 03:43:01 INFO cache hit
2026-03-02 03:43:03 INFO request handled
2026-03-02 03:43:06 INFO invalid token
2026-03-02 03:43:09 INFO user login ok
2026-03-02 03:43:11 INFO connection reset by peer
2026-03-02 03:43:14 INFO database timeout
2026-03-02 03:43:15 INFO config reloaded
2026-03-02 03:43:17 INFO cache hit
2026-03-02 03:43:20 ERROR user login ok
### повреждённая строка ###
2026-03-02 03:43:23 INFO user login ok
2026-03-02 03:43:25 INFO cache hit
2026-03-02 03:43:29 WARN disk usage high
2026-03-02 03:43:30 INFO connection reset by peer
2026-03-02 03:43:33 INFO user login ok
2026-03-02 03:43:35 INFO background job finished
2026-03-02 03:43:37 INFO request handled
2026-03-02 03:43:41 INFO connection reset by peer
2026-03-02 03:43:43 ERROR connection reset by peer
2026-03-02 03:43:47 INFO user login ok
2026-03-02 03:43:51 INFO cache hit
2026-03-02 03:43:54 INFO config reloaded
2026-03-02 03:43:57 INFO background job finished
2026-03-02 03:43:59 INFO user login ok
2026-03-02 03:44:03 INFO user login ok
2026-03-02 03:44:06 INFO cache miss
2026-03-02 03:44:07 INFO user login ok
2026-03-02 03:44:08 INFO user login ok
2026-03-02 03:44:09 INFO invalid token
2026-03-02 03:44:12 INFO user login ok
2026-03-02 03:44:16 WARN user login ok
2026-03-02 03:44:17 ERROR user logout
2026-03-02 03:44:20 INFO user logout
2026-03-02 03:44:24 INFO cache miss
2026-03-02 03:44:27 INFO disk usage high
2026-03-02 03:44:30 INFO user login ok
2026-03-02 03:44:31 INFO cache hit
2026-03-02 03:44:34 INFO cache miss
2026-03-02 03:44:37 INFO background job finished
2026-03-02 03:44:40 INFO background job finished
2026-03-02 03:44:43 WARN cache hit
2026-03-02 03:44:45 INFO request handled
2026-03-02 03:44:46 INFO invalid token
2026-03-02 03:44:48 INFO cache hit
2026-03-02 03:44:50 INFO user logout
2026-03-02 03:44:54 INFO disk usage high
2026-03-02 03:44:58 INFO user login ok
2026-03-02 03:45:02 INFO user login ok
2026-03-02 03:45:04 INFO cache miss
2026-03-02 03:45:05 WARN slow query detected
2026-03-02 03:45:07 INFO background job finished
2026-03-02 03:45:10 INFO cache miss
2026-03-02 03:45:14 WARN user login ok
2026-03-02 03:45:16 INFO connection reset by peer
2026-03-02 03:45:20 INFO user login ok
2026-03-02 03:45:22 INFO invalid token
2026-03-02 03:45:25 INFO user login ok
2026-03-02 03:45:28 INFO user login ok
2026-03-02 03:45:29 ERROR user login ok
2026-03-02 03:45:33 ERROR database timeout
2026-03-02 03:45:36 ERROR user logout
2026-03-02 03:45:39 INFO disk usage high
2026-03-02 03:45:42 INFO user logout
2026-03-02 03:45:46 INFO user logout
2026-03-02 03:45:50 INFO slow query detected
2026-03-02 03:45:54 INFO background job finished
2026-03-02 03:45:57 INFO cache miss
2026-03-02 03:45:59 INFO cache miss
2026-03-02 03:46:03 INFO request handled
2026-03-02 03:46:04 INFO user login ok
2026-03-02 03:46:08 WARN user logout
2026-03-02 03:46:12 INFO connection reset by peer
2026-03-02 03:46:13 INFO config reloaded
2026-03-02 03:46:14 INFO invalid token
2026-03-02 03:46:17 INFO invalid token
2026-03-02 03:46:18 WARN slow query detected
2026-03-02 03:46:22 INFO user logout
2026-03-02 03:46:26 INFO database timeout
2026-03-02 03:46:27 INFO invalid token
2026-03-02 03:46:28 INFO user logout
2026-03-02 03:46:31 INFO user logout
2026-03-02 03:46:33 INFO user logout
2026-03-02 03:46:34 INFO invalid token
2026-03-02 03:46:37 WARN user logout
2026-03-02 03:46:38 INFO database timeout
2026-03-02 03:46:40 INFO user login ok
2026-03-02 03:46:42 INFO user login ok
2026-03-02 03:46:46 WARN user logout
2026-03-02 03:46:49 INFO user logout
2026-03-02 03:46:50 INFO cache hit
2026-03-02 03:46:51 INFO user login ok
2026-03-02 03:46:52 ERROR config reloaded
2026-03-02 03:46:53 WARN user logout
2026-03-02 03:46:55 WARN request handled
2026-03-02 03:46:57 INFO user login ok
2026-03-02 03:47:01 INFO user login ok
2026-03-02 03:47:04 ERROR disk usage high
2026-03-02 03:47:08 INFO slow query detected
2026-03-02 03:47:09 INFO cache hit
2026-03-02 03:47:13 INFO cache hit
2026-03-02 03:47:16 INFO background job finished
2026-03-02 03:47:17 INFO user login ok
2026-03-02 03:47:20 WARN slow query detected
2026-03-02 03:47:24 INFO request handled
2026-03-02 03:47:25 INFO config reloaded
2026-03-02 03:47:28 WARN cache hit
2026-03-02 03:47:31 INFO request handled
2026-03-02 03:47:33 WARN cache miss
2026-03-02 03:47:37 INFO cache miss
2026-03-02 03:47:40 INFO user login ok
2026-03-02 03:47:44 WARN cache miss
2026-03-02 03:47:47 INFO connection reset by peer
2026-03-02 03:47:48 INFO config reloaded
2026-03-02 03:47:52 INFO background job finished
2026-03-02 03:47:56 INFO cache miss
2026-03-02 03:47:58 INFO user logout
2026-03-02 03:48:00 INFO connection reset by peer
2026-03-02 03:48:04 INFO user logout
2026-03-02 03:48:06 INFO invalid token
2026-03-02 03:48:09 INFO user login ok
2026-03-02 03:48:11 INFO disk usage high
2026-03-02 03:48:12 INFO background job finished
2026-03-02 03:48:15 WARN user logout
2026-03-02 03:48:17 INFO disk usage high
2026-03-02 03:48:21 INFO connection reset by peer
2026-03-02 03:48:23 INFO cache miss
2026-03-02 03:48:26 INFO user login ok
2026-03-02 03:48:27 INFO user login ok
2026-03-02 03:48:31 WARN user login ok
2026-03-02 03:48:32 WARN user logout
2026-03-02 03:48:33 WARN disk usage high
2026-03-02 03:48:37 INFO cache miss
2026-03-02 03:48:40 INFO user login ok
2026-03-02 03:48:44 INFO connection reset by peer
2026-03-02 03:48:47 INFO user login ok
2026-03-02 03:48:49 INFO slow query detected
2026-03-02 03:48:51 WARN user logout
2026-03-02 03:48:53 INFO database timeout
2026-03-02 03:48:56 INFO user login ok
2026-03-02 03:48:58 INFO user login ok
2026-03-02 03:49:01 INFO config reloaded
2026-03-02 03:49:04 INFO user login ok
2026-03-02 03:49:05 INFO config reloaded
2026-03-02 03:49:08 WARN request handled
2026-03-02 03:49:11 INFO cache hit
2026-03-02 03:49:15 INFO cache miss
2026-03-02 03:49:17 INFO user login ok
2026-03-02 03:49:19 INFO user login ok
2026-03-02 03:49:22 INFO invalid token
2026-03-02 03:49:23 WARN connection reset by peer
2026-03-02 03:49:26 INFO user login ok
2026-03-02 03:49:28 WARN slow query detected
2026-03-02 03:49:29 INFO user logout
2026-03-02 03:49:31 INFO user login ok
2026-03-02 03:49:34 ERROR user login ok
2026-03-02 03:49:38 INFO user login ok
2026-03-02 03:49:39 WARN user login ok
2026-03-02 03:49:42 INFO disk usage high
2026-03-02 03:49:44 INFO user logout
2026-03-02 03:49:45 WARN user login ok
2026-03-02 03:49:46 INFO cache miss
2026-03-02 03:49:49 INFO cache miss
2026-03-02 03:49:52 INFO connection reset by peer
2026-03-02 03:49:56 INFO invalid token
2026-03-02 03:50:00 INFO user login ok
2026-03-02 03:50:01 INFO disk usage high
2026-03-02 03:50:02 INFO user logout
2026-03-02 03:50:04 INFO user login ok
2026-03-02 03:50:06 INFO disk usage high
2026-03-02 03:50:07 INFO user login ok
2026-03-02 03:50:10 INFO user login ok
2026-03-02 03:50:14 INFO database timeout
2026-03-02 03:50:16 INFO user login ok
2026-03-02 03:50:19 INFO database timeout
2026-03-02 03:50:20 ERROR user login ok
2026-03-02 03:50:21 ERROR slow query detected
2026-03-02 03:50:24 INFO database timeout
2026-03-02 03:50:26 INFO user logout
2026-03-02 03:50:30 INFO request handled
2026-03-02 03:50:31 ERROR user login ok
2026-03-02 03:50:32 WARN user logout
2026-03-02 03:50:35 INFO cache miss
2026-03-02 03:50:37 INFO cache miss
2026-03-02 03:50:39 ERROR user logout
2026-03-02 03:50:40 INFO user login ok
2026-03-02 03:50:44 INFO request handled
2026-03-02 03:50:45 INFO user login ok
2026-03-02 03:50:48 INFO user login ok
2026-03-02 03:50:52 INFO invalid token
2026-03-02 03:50:53 INFO user login ok
2026-03-02 03:50:57 WARN user logout
2026-03-02 03:50:59 INFO user login ok
2026-03-02 03:51:02 INFO background job finished
2026-03-02 03:51:04 INFO user login ok
2026-03-02 03:51:08 INFO background job finished
2026-03-02 03:51:09 WARN invalid token
2026-03-02 03:51:12 ERROR request handled
2026-03-02 03:51:13 INFO cache miss
2026-03-02 03:51:14 INFO user login ok
2026-03-02 03:51:17 INFO cache hit
2026-03-02 03:51:20 INFO user logout
2026-03-02 03:51:23 ERROR user login ok
2026-03-02 03:51:24 INFO user login ok
2026-03-02 03:51:25 INFO disk usage high
2026-03-02 03:51:28 WARN request handled
2026-03-02 03:51:29 INFO user login ok
2026-03-02 03:51:32 INFO cache miss
2026-03-02 03:51:35 INFO cache miss
2026-03-02 03:51:37 INFO background job finished
2026-03-02 03:51:39 INFO user login ok
2026-03-02 03:51:43 INFO connection reset by peer
2026-03-02 03:51:44 INFO database timeout
2026-03-02 03:51:45 WARN cache miss
2026-03-02 03:51:46 ERROR background job finished
2026-03-02 03:51:49 WARN config reloaded
2026-03-02 03:51:53 ERROR connection reset by peer
2026-03-02 03:51:57 INFO cache hit
2026-03-02 03:52:01 INFO user logout
2026-03-02 03:52:03 INFO cache miss
2026-03-02 03:52:06 INFO connection reset by peer
2026-03-02 03:52:08 INFO disk usage high
2026-03-02 03:52:11 WARN cache hit
2026-03-02 03:52:14 ERROR user logout
2026-03-02 03:52:15 INFO user logout
2026-03-02 03:52:18 INFO cache hit
2026-03-02 03:52:20 INFO user login ok
2026-03-02 03:52:23 WARN user login ok
2026-03-02 03:52:25 INFO disk usage high
2026-03-02 03:52:26 INFO config reloaded
2026-03-02 03:52:27 INFO cache hit
2026-03-02 03:52:30 INFO invalid token
2026-03-02 03:52:32 INFO user login ok
2026-03-02 03:52:36 WARN request handled
2026-03-02 03:52:37 WARN user login ok
2026-03-02 03:52:38 INFO user login ok
2026-03-02 03:52:39 WARN cache hit
2026-03-02 03:52:40 INFO user login ok
2026-03-02 03:52:42 WARN user login ok
2026-03-02 03:52:43 INFO user login ok
2026-03-02 03:52:45 INFO user login ok
2026-03-02 03:52:46 INFO user login ok
2026-03-02 03:52:48 INFO database timeout
2026-03-02 03:52:52 INFO request handled
2026-03-02 03:52:56 INFO user logout
2026-03-02 03:52:58 INFO disk usage high
2026-03-02 03:53:00 INFO user login ok
2026-03-02 03:53:01 INFO user login ok
2026-03-02 03:53:03 INFO user login ok
2026-03-02 03:53:07 INFO user logout
2026-03-02 03:53:09 INFO user logout
2026-03-02 03:53:10 INFO user login ok
2026-03-02 03:53:14 INFO database timeout
2026-03-02 03:53:18 INFO cache hit
2026-03-02 03:53:22 INFO slow query detected
2026-03-02 03:53:24 INFO request handled
2026-03-02 03:53:26 INFO cache miss
2026-03-02 03:53:29 INFO user logout
2026-03-02 03:53:31 INFO background job finished
2026-03-02 03:53:34 INFO user login ok
2026-03-02 03:53:38 INFO cache miss
2026-03-02 03:53:41 INFO user login ok
2026-03-02 03:53:42 INFO background job finished
2026-03-02 03:53:45 INFO background job finished
2026-03-02 03:53:48 INFO cache hit
2026-03-02 03:53:49 INFO connection reset by peer
2026-03-02 03:53:52 INFO user logout
2026-03-02 03:53:55 INFO slow query detected
2026-03-02 03:53:57 INFO user login ok
2026-03-02 03:54:00 INFO slow query detected
2026-03-02 03:54:03 WARN invalid token
2026-03-02 03:54:07 INFO database timeout
2026-03-02 03:54:09 INFO request handled
2026-03-02 03:54:12 INFO config reloaded
2026-03-02 03:54:15 INFO user login ok
### повреждённая строка ###
2026-03-02 03:54:19 WARN cache hit
2026-03-02 03:54:21 WARN user login ok
2026-03-02 03:54:23 INFO user login ok
2026-03-02 03:54:25 INFO slow query detected
2026-03-02 03:54:29 WARN user login ok
2026-03-02 03:54:32 INFO cache hit
2026-03-02 03:54:36 INFO cache miss
2026-03-02 03:54:38 INFO request handled
2026-03-02 03:54:41 INFO user login ok
2026-03-02 03:54:43 INFO request handled
2026-03-02 03:54:47 WARN user login ok
2026-03-02 03:54:49 INFO user login ok
2026-03-02 03:54:51 INFO user login ok
2026-03-02 03:54:52 INFO config reloaded
2026-03-02 03:54:53 INFO disk usage high
2026-03-02 03:54:57 INFO background job finished
2026-03-02 03:55:01 INFO user login ok
2026-03-02 03:55:03 INFO database timeout
2026-03-02 03:55:07 INFO request handled
2026-03-02 03:55:08 INFO request handled
2026-03-02 03:55:12 INFO user logout
2026-03-02 03:55:16 INFO cache hit
2026-03-02 03:55:17 INFO database timeout
2026-03-02 03:55:19 INFO user login ok
2026-03-02 03:55:21 INFO user login ok
2026-03-02 03:55:23 INFO connection reset by peer
2026-03-02 03:55:25 INFO disk usage high
2026-03-02 03:55:26 ERROR request handled
2026-03-02 03:55:30 INFO request handled
2026-03-02 03:55:34 INFO user login ok
### повреждённая строка ###
2026-03-02 03:55:36 INFO background job finished
2026-03-02 03:55:37 INFO user logout
2026-03-02 03:55:40 INFO user login ok
2026-03-02 03:55:42 INFO connection reset by peer
2026-03-02 03:55:46 INFO request handled
2026-03-02 03:55:49 INFO background job finished
2026-03-02 03:55:53 INFO user login ok
2026-03-02 03:55:55 INFO user login ok
2026-03-02 03:55:57 INFO user login ok
2026-03-02 03:55:59 INFO connection reset by peer
2026-03-02 03:56:02 INFO cache hit
2026-03-02 03:56:03 INFO user logout
2026-03-02 03:56:07 INFO background job finished
2026-03-02 03:56:08 INFO invalid token
2026-03-02 03:56:11 INFO request handled
2026-03-02 03:56:12 INFO connection reset by peer
2026-03-02 03:56:15 INFO cache miss
2026-03-02 03:56:18 INFO connection reset by peer
2026-03-02 03:56:19 INFO user login ok
2026-03-02 03:56:22 WARN invalid token
2026-03-02 03:56:23 INFO user logout
2026-03-02 03:56:25 INFO cache miss
2026-03-02 03:56:28 ERROR user login ok
2026-03-02 03:56:32 INFO request handled
2026-03-02 03:56:33 INFO user login ok
2026-03-02 03:56:35 INFO cache miss
2026-03-02 03:56:39 INFO background job finished
2026-03-02 03:56:43 INFO request handled
2026-03-02 03:56:45 INFO request handled
2026-03-02 03:56:47 INFO config reloaded
2026-03-02 03:56:51 INFO connection reset by peer
2026-03-02 03:56:53 INFO config reloaded
2026-03-02 03:56:55 INFO background job finished
2026-03-02 03:56:58 INFO user login ok
2026-03-02 03:57:02 ERROR cache miss
2026-03-02 03:57:05 WARN user login ok
2026-03-02 03:57:08 INFO user logout
2026-03-02 03:57:11 INFO database timeout
2026-03-02 03:57:12 INFO user logout
2026-03-02 03:57:16 INFO disk usage high
2026-03-02 03:57:17 INFO slow query detected
2026-03-02 03:57:20 WARN request handled
2026-03-02 03:57:21 INFO user login ok
2026-03-02 03:57:23 INFO user login ok
2026-03-02 03:57:26 INFO disk usage high
2026-03-02 03:57:29 INFO user login ok
2026-03-02 03:57:33 WARN user login ok
2026-03-02 03:57:35 WARN disk usage high
2026-03-02 03:57:37 INFO database timeout
2026-03-02 03:57:41 INFO slow query detected
2026-03-02 03:57:45 INFO background job finished
2026-03-02 03:57:46 INFO cache hit
2026-03-02 03:57:50 INFO cache miss
2026-03-02 03:57:51 INFO user login ok
2026-03-02 03:57:55 INFO background job finished
2026-03-02 03:57:56 ERROR user login ok
2026-03-02 03:58:00 INFO user login ok
2026-03-02 03:58:04 INFO user login ok
2026-03-02 03:58:06 INFO user logout
2026-03-02 03:58:09 INFO request handled
2026-03-02 03:58:12 WARN disk usage high
2026-03-02 03:58:16 INFO user login ok
2026-03-02 03:58:19 INFO user login ok
2026-03-02 03:58:20 INFO slow query detected
2026-03-02 03:58:23 INFO config reloaded
2026-03-02 03:58:24 INFO slow query detected
2026-03-02 03:58:27 INFO user login ok
2026-03-02 03:58:29 INFO background job finished
2026-03-02 03:58:30 INFO user login ok
2026-03-02 03:58:33 WARN connection reset by peer
2026-03-02 03:58:34 INFO user logout
2026-03-02 03:58:35 INFO request handled
2026-03-02 03:58:37 INFO user login ok
2026-03-02 03:58:38 INFO user login ok
2026-03-02 03:58:42 WARN invalid token
2026-03-02 03:58:43 INFO invalid token
2026-03-02 03:58:47 INFO config reloaded
2026-03-02 03:58:51 INFO cache hit
2026-03-02 03:58:54 INFO cache miss
2026-03-02 03:58:55 INFO user login ok
2026-03-02 03:58:58 WARN cache miss
2026-03-02 03:59:02 INFO cache miss
2026-03-02 03:59:03 INFO disk usage high
2026-03-02 03:59:07 INFO slow query detected
2026-03-02 03:59:10 ERROR disk usage high
2026-03-02 03:59:13 WARN user logout
2026-03-02 03:59:14 INFO connection reset by peer
2026-03-02 03:59:16 INFO user login ok
2026-03-02 03:59:20 INFO cache miss
2026-03-02 03:59:22 INFO database timeout
2026-03-02 03:59:24 INFO user logout
2026-03-02 03:59:25 WARN slow query detected
2026-03-02 03:59:29 INFO cache hit
2026-03-02 03:59:30 INFO connection reset by peer
2026-03-02 03:59:32 INFO user login ok
2026-03-02 03:59:34 INFO cache miss
2026-03-02 03:59:35 INFO connection reset by peer
2026-03-02 03:59:39 INFO user login ok
2026-03-02 03:59:42 INFO user login ok
2026-03-02 03:59:45 WARN request handled
2026-03-02 03:59:46 WARN connection reset by peer
2026-03-02 03:59:48 INFO slow query detected
2026-03-02 03:59:49 INFO user login ok
2026-03-02 03:59:51 INFO cache miss
2026-03-02 03:59:53 INFO user login ok
2026-03-02 03:59:54 INFO user login ok
### повреждённая строка ###
2026-03-02 04:00:00 ERROR cache miss
2026-03-02 04:00:02 INFO connection reset by peer
### повреждённая строка ###
2026-03-02 04:00:10 INFO cache hit
2026-03-02 04:00:13 WARN cache miss
2026-03-02 04:00:17 INFO user login ok
2026-03-02 04:00:19 WARN connection reset by peer
2026-03-02 04:00:22 INFO background job finished
2026-03-02 04:00:25 INFO cache hit
2026-03-02 04:00:29 INFO user logout
2026-03-02 04:00:31 INFO invalid token
2026-03-02 04:00:35 WARN invalid token
2026-03-02 04:00:39 INFO cache hit
2026-03-02 04:00:42 INFO slow query detected
2026-03-02 04:00:46 INFO request handled
2026-03-02 04:00:49 WARN user login ok
2026-03-02 04:00:53 INFO user logout
2026-03-02 04:00:57 WARN disk usage high
2026-03-02 04:00:59 INFO cache miss
2026-03-02 04:01:00 INFO user login ok
2026-03-02 04:01:03 INFO user login ok
2026-03-02 04:01:04 INFO cache miss
2026-03-02 04:01:07 INFO cache miss
2026-03-02 04:01:09 INFO request handled
2026-03-02 04:01:12 INFO invalid token
2026-03-02 04:01:13 INFO user logout
2026-03-02 04:01:15 INFO cache hit
2026-03-02 04:01:19 INFO request handled
2026-03-02 04:01:20 INFO user login ok
2026-03-02 04:01:21 INFO disk usage high
2026-03-02 04:01:24 INFO connection reset by peer
2026-03-02 04:01:25 INFO config reloaded
2026-03-02 04:01:28 INFO user login ok
2026-03-02 04:01:31 ERROR user logout
2026-03-02 04:01:32 INFO slow query detected
2026-03-02 04:01:34 INFO user logout
2026-03-02 04:01:38 INFO user login ok
2026-03-02 04:01:42 INFO connection reset by peer
2026-03-02 04:01:46 INFO user login ok
2026-03-02 04:01:47 ERROR user login ok
2026-03-02 04:01:51 INFO database timeout
2026-03-02 04:01:53 INFO cache miss
2026-03-02 04:01:57 INFO disk usage high
2026-03-02 04:02:01 INFO user logout
2026-03-02 04:02:02 INFO cache miss
2026-03-02 04:02:05 INFO background job finished
2026-03-02 04:02:06 INFO user logout
2026-03-02 04:02:10 INFO user login ok
2026-03-02 04:02:13 INFO slow query detected
2026-03-02 04:02:17 INFO cache miss
2026-03-02 04:02:21 INFO disk usage high
2026-03-02 04:02:22 INFO user login ok
2026-03-02 04:02:23 INFO user logout
2026-03-02 04:02:26 INFO connection reset by peer
2026-03-02 04:02:27 WARN invalid token
2026-03-02 04:02:30 INFO user login ok
2026-03-02 04:02:34 INFO user login ok
2026-03-02 04:02:38 INFO user logout
2026-03-02 04:02:42 WARN slow query detected
2026-03-02 04:02:44 INFO user logout
2026-03-02 04:02:48 WARN user login ok
2026-03-02 04:02:50 INFO user login ok
2026-03-02 04:02:53 ERROR disk usage high
2026-03-02 04:02:56 INFO user login ok
2026-03-02 04:03:00 INFO user login ok
2026-03-02 04:03:03 INFO config reloaded
2026-03-02 04:03:04 INFO user logout
2026-03-02 04:03:07 INFO user login ok
2026-03-02 04:03:08 INFO invalid token
2026-03-02 04:03:10 INFO connection reset by peer
2026-03-02 04:03:14 INFO request handled
2026-03-02 04:03:15 INFO database timeout
2026-03-02 04:03:19 ERROR disk usage high
2026-03-02 04:03:20 INFO user login ok
2026-03-02 04:03:23 INFO cache hit
2026-03-02 04:03:27 INFO cache miss
2026-03-02 04:03:29 INFO user login ok
2026-03-02 04:03:31 ERROR request handled
2026-03-02 04:03:35 INFO cache hit
2026-03-02 04:03:36 INFO user login ok
2026-03-02 04:03:38 WARN user login ok
2026-03-02 04:03:41 INFO disk usage high
### повреждённая строка ###
2026-03-02 04:03:48 INFO cache miss
2026-03-02 04:03:50 INFO user login ok
2026-03-02 04:03:51 INFO user login ok
2026-03-02 04:03:52 INFO slow query detected
2026-03-02 04:03:56 INFO user login ok
2026-03-02 04:03:58 WARN request handled
2026-03-02 04:04:02 INFO slow query detected
2026-03-02 04:04:04 INFO config reloaded
2026-03-02 04:04:05 INFO user login ok
2026-03-02 04:04:06 INFO user login ok
2026-03-02 04:04:07 INFO user login ok
2026-03-02 04:04:08 WARN user login ok
2026-03-02 04:04:09 INFO cache miss
2026-03-02 04:04:13 WARN cache hit
2026-03-02 04:04:17 ERROR slow query detected
2026-03-02 04:04:18 INFO request handled
2026-03-02 04:04:19 INFO request handled
2026-03-02 04:04:21 INFO user login ok
2026-03-02 04:04:22 INFO user login ok
2026-03-02 04:04:26 INFO user login ok
2026-03-02 04:04:28 INFO connection reset by peer
2026-03-02 04:04:31 ERROR request handled
2026-03-02 04:04:35 INFO user login ok
2026-03-02 04:04:36 INFO user login ok
2026-03-02 04:04:37 INFO cache miss
2026-03-02 04:04:41 INFO user login ok
2026-03-02 04:04:42 INFO user login ok
2026-03-02 04:04:46 INFO user login ok
2026-03-02 04:04:47 INFO user login ok
2026-03-02 04:04:49 WARN disk usage high
2026-03-02 04:04:50 INFO disk usage high
2026-03-02 04:04:52 INFO cache miss
2026-03-02 04:04:55 INFO user logout
2026-03-02 04:04:58 WARN cache hit
2026-03-02 04:05:02 INFO user login ok
2026-03-02 04:05:05 INFO user login ok
2026-03-02 04:05:09 INFO user login ok
2026-03-02 04:05:10 INFO user logout
2026-03-02 04:05:12 INFO config reloaded
2026-03-02 04:05:14 INFO database timeout
2026-03-02 04:05:18 WARN database timeout
2026-03-02 04:05:22 WARN user login ok
2026-03-02 04:05:25 INFO cache miss
2026-03-02 04:05:29 INFO user logout
2026-03-02 04:05:33 INFO user login ok
2026-03-02 04:05:34 INFO slow query detected
2026-03-02 04:05:37 WARN user login ok
2026-03-02 04:05:38 INFO user login ok
2026-03-02 04:05:39 ERROR user login ok
2026-03-02 04:05:40 INFO background job finished
2026-03-02 04:05:41 INFO background job finished
2026-03-02 04:05:44 INFO connection reset by peer
2026-03-02 04:05:45 INFO database timeout
2026-03-02 04:05:49 INFO user login ok
2026-03-02 04:05:53 INFO cache miss
2026-03-02 04:05:55 INFO user login ok
2026-03-02 04:05:58 INFO request handled
2026-03-02 04:06:02 WARN user login ok
2026-03-02 04:06:04 INFO user login ok
2026-03-02 04:06:07 INFO user login ok
2026-03-02 04:06:11 INFO user logout
2026-03-02 04:06:13 INFO user logout
2026-03-02 04:06:14 INFO background job finished
2026-03-02 04:06:16 INFO cache hit
2026-03-02 04:06:17 INFO cache hit
2026-03-02 04:06:20 INFO background job finished
2026-03-02 04:06:21 INFO user login ok
2026-03-02 04:06:23 INFO user login ok
2026-03-02 04:06:25 INFO cache hit
2026-03-02 04:06:27 INFO slow query detected
2026-03-02 04:06:30 ERROR user login ok
2026-03-02 04:06:32 WARN user login ok
2026-03-02 04:06:35 INFO user logout
2026-03-02 04:06:37 INFO database timeout
2026-03-02 04:06:41 INFO user login ok
2026-03-02 04:06:43 INFO background job finished
2026-03-02 04:06:47 INFO background job finished
2026-03-02 04:06:51 INFO slow query detected
2026-03-02 04:06:55 INFO user login ok
2026-03-02 04:06:59 INFO user login ok
2026-03-02 04:07:03 INFO slow query detected
2026-03-02 04:07:07 INFO user login ok
2026-03-02 04:07:08 WARN user login ok
2026-03-02 04:07:09 INFO slow query detected
2026-03-02 04:07:13 INFO cache hit
2026-03-02 04:07:15 INFO disk usage high
2026-03-02 04:07:18 INFO user login ok
2026-03-02 04:07:21 INFO slow query detected
2026-03-02 04:07:23 INFO request handled
2026-03-02 04:07:25 INFO user login ok
2026-03-02 04:07:28 INFO user login ok
2026-03-02 04:07:32 INFO connection reset by peer
2026-03-02 04:07:36 INFO user login ok
2026-03-02 04:07:38 INFO user login ok
2026-03-02 04:07:42 INFO user logout
2026-03-02 04:07:45 INFO cache hit
2026-03-02 04:07:47 ERROR config reloaded
2026-03-02 04:07:49 INFO database timeout
2026-03-02 04:07:50 INFO user login ok
2026-03-02 04:07:54 INFO disk usage high
2026-03-02 04:07:55 INFO database timeout
2026-03-02 04:07:57 INFO connection reset by peer
2026-03-02 04:07:59 INFO user logout
2026-03-02 04:08:02 WARN user login ok
2026-03-02 04:08:06 INFO invalid token
2026-03-02 04:08:09 INFO disk usage high
2026-03-02 04:08:12 INFO user login ok
2026-03-02 04:08:15 INFO database timeout
2026-03-02 04:08:17 INFO request handled
2026-03-02 04:08:21 INFO cache hit
2026-03-02 04:08:25 INFO background job finished
2026-03-02 04:08:26 INFO disk usage high
2026-03-02 04:08:28 INFO user login ok
2026-03-02 04:08:31 WARN slow query detected
2026-03-02 04:08:34 WARN user login ok
2026-03-02 04:08:35 INFO user logout
2026-03-02 04:08:38 INFO cache miss
2026-03-02 04:08:41 INFO connection reset by peer
2026-03-02 04:08:45 INFO user login ok
2026-03-02 04:08:49 INFO disk usage high
2026-03-02 04:08:52 INFO cache hit
2026-03-02 04:08:54 INFO user logout
2026-03-02 04:08:57 INFO user logout
2026-03-02 04:09:00 INFO request handled
2026-03-02 04:09:01 ERROR cache miss
2026-03-02 04:09:05 INFO user login ok
2026-03-02 04:09:07 ERROR user login ok
2026-03-02 04:09:09 INFO request handled
2026-03-02 04:09:12 INFO slow query detected
2026-03-02 04:09:14 INFO database timeout
2026-03-02 04:09:16 INFO user login ok
2026-03-02 04:09:20 WARN user login ok
2026-03-02 04:09:22 INFO database timeout
2026-03-02 04:09:25 INFO cache miss
2026-03-02 04:09:27 INFO user login ok
2026-03-02 04:09:31 INFO user login ok
2026-03-02 04:09:33 INFO user logout
2026-03-02 04:09:35 INFO cache hit
2026-03-02 04:09:37 INFO user login ok
2026-03-02 04:09:38 INFO invalid token
### повреждённая строка ###
2026-03-02 04:09:42 WARN user login ok
2026-03-02 04:09:46 WARN config reloaded
2026-03-02 04:09:47 WARN invalid token
2026-03-02 04:09:49 INFO background job finished
2026-03-02 04:09:51 INFO user login ok
2026-03-02 04:09:55 INFO database timeout
2026-03-02 04:09:59 INFO cache hit
2026-03-02 04:10:02 INFO request handled
2026-03-02 04:10:03 INFO user login ok
2026-03-02 04:10:05 ERROR user login ok
2026-03-02 04:10:09 INFO connection reset by peer
2026-03-02 04:10:13 INFO database timeout
2026-03-02 04:10:16 INFO cache miss
2026-03-02 04:10:18 INFO user login ok
2026-03-02 04:10:19 INFO request handled
2026-03-02 04:10:23 INFO user login ok
2026-03-02 04:10:25 INFO user logout
2026-03-02 04:10:27 INFO cache hit
2026-03-02 04:10:30 INFO config reloaded
2026-03-02 04:10:31 INFO cache hit
2026-03-02 04:10:32 WARN user login ok
2026-03-02 04:10:34 INFO user login ok
2026-03-02 04:10:38 INFO connection reset by peer
2026-03-02 04:10:40 ERROR user login ok
2026-03-02 04:10:43 INFO database timeout
2026-03-02 04:10:47 INFO database timeout
2026-03-02 04:10:48 INFO slow query detected
2026-03-02 04:10:49 INFO user login ok
2026-03-02 04:10:50 INFO config reloaded
2026-03-02 04:10:54 INFO disk usage high
2026-03-02 04:10:55 INFO slow query detected
2026-03-02 04:10:59 ERROR user login ok
2026-03-02 04:11:00 INFO user login ok
2026-03-02 04:11:04 INFO database timeout
2026-03-02 04:11:05 INFO user login ok
2026-03-02 04:11:09 INFO user logout
2026-03-02 04:11:12 INFO user login ok
2026-03-02 04:11:15 INFO request handled
2026-03-02 04:11:16 INFO slow query detected
2026-03-02 04:11:18 INFO disk usage high
2026-03-02 04:11:21 INFO background job finished
2026-03-02 04:11:23 INFO invalid token
2026-03-02 04:11:25 INFO request handled
2026-03-02 04:11:29 INFO user logout
2026-03-02 04:11:33 ERROR user login ok
2026-03-02 04:11:37 INFO config reloaded
2026-03-02 04:11:40 INFO disk usage high
2026-03-02 04:11:43 INFO config reloaded
2026-03-02 04:11:47 INFO cache hit
2026-03-02 04:11:49 INFO user login ok
2026-03-02 04:11:50 INFO user logout
2026-03-02 04:11:53 INFO config reloaded
2026-03-02 04:11:56 INFO database timeout
2026-03-02 04:11:59 INFO user login ok
2026-03-02 04:12:03 WARN request handled
2026-03-02 04:12:07 INFO request handled
2026-03-02 04:12:10 INFO slow query detected
2026-03-02 04:12:14 INFO user login ok
2026-03-02 04:12:15 INFO user logout
2026-03-02 04:12:17 WARN slow query detected
2026-03-02 04:12:21 WARN user logout
2026-03-02 04:12:22 INFO background job finished
2026-03-02 04:12:25 INFO background job finished
2026-03-02 04:12:26 INFO invalid token
2026-03-02 04:12:28 INFO invalid token
2026-03-02 04:12:30 INFO request handled
2026-03-02 04:12:31 INFO database timeout
2026-03-02 04:12:33 INFO invalid token
2026-03-02 04:12:37 INFO user login ok
2026-03-02 04:12:39 INFO user login ok
2026-03-02 04:12:43 INFO cache hit
2026-03-02 04:12:47 WARN background job finished
2026-03-02 04:12:49 INFO disk usage high
2026-03-02 04:12:53 WARN user login ok
2026-03-02 04:12:55 INFO cache miss
2026-03-02 04:12:57 INFO user login ok
2026-03-02 04:13:00 INFO invalid token
2026-03-02 04:13:02 INFO user logout
### повреждённая строка ###
2026-03-02 04:13:06 INFO user login ok
2026-03-02 04:13:09 INFO config reloaded
2026-03-02 04:13:10 INFO slow query detected
2026-03-02 04:13:11 INFO user login ok
2026-03-02 04:13:13 INFO config reloaded
2026-03-02 04:13:17 WARN connection reset by peer
2026-03-02 04:13:19 INFO cache miss
2026-03-02 04:13:23 INFO database timeout
2026-03-02 04:13:27 WARN config reloaded
2026-03-02 04:13:30 INFO connection reset by peer
2026-03-02 04:13:32 INFO user login ok
2026-03-02 04:13:33 WARN user logout
2026-03-02 04:13:35 INFO user login ok
2026-03-02 04:13:39 INFO user login ok
2026-03-02 04:13:40 INFO user login ok
2026-03-02 04:13:44 INFO user login ok
2026-03-02 04:13:48 INFO slow query detected
2026-03-02 04:13:52 WARN database timeout
2026-03-02 04:13:54 INFO user logout
2026-03-02 04:13:55 INFO user login ok
2026-03-02 04:13:58 INFO user login ok
2026-03-02 04:14:02 INFO cache hit
2026-03-02 04:14:05 INFO cache miss
2026-03-02 04:14:09 WARN config reloaded
2026-03-02 04:14:13 INFO user login ok
2026-03-02 04:14:14 INFO cache hit
2026-03-02 04:14:15 INFO user logout
2026-03-02 04:14:18 WARN background job finished
2026-03-02 04:14:21 WARN user login ok
2026-03-02 04:14:22 INFO request handled
2026-03-02 04:14:24 INFO connection reset by peer
2026-03-02 04:14:26 INFO request handled
2026-03-02 04:14:27 INFO user login ok
2026-03-02 04:14:30 WARN user login ok
2026-03-02 04:14:31 WARN disk usage high
2026-03-02 04:14:35 INFO connection reset by peer
2026-03-02 04:14:38 INFO invalid token
2026-03-02 04:14:41 INFO request handled
2026-03-02 04:14:45 INFO disk usage high
2026-03-02 04:14:46 WARN disk usage high
2026-03-02 04:14:47 INFO user logout
2026-03-02 04:14:48 INFO slow query detected
2026-03-02 04:14:49 INFO user login ok
2026-03-02 04:14:51 INFO user login ok
2026-03-02 04:14:55 ERROR user login ok
2026-03-02 04:14:59 ERROR user logout
2026-03-02 04:15:00 INFO user login ok
2026-03-02 04:15:04 INFO user login ok
2026-03-02 04:15:05 INFO user login ok
2026-03-02 04:15:06 INFO user logout
2026-03-02 04:15:09 INFO user logout
2026-03-02 04:15:10 INFO user login ok
2026-03-02 04:15:14 WARN slow query detected
2026-03-02 04:15:16 INFO user logout
2026-03-02 04:15:17 INFO user login ok
2026-03-02 04:15:19 INFO user login ok
2026-03-02 04:15:23 INFO cache hit
2026-03-02 04:15:25 INFO user login ok
2026-03-02 04:15:28 INFO slow query detected
2026-03-02 04:15:32 INFO config reloaded
2026-03-02 04:15:34 WARN background job finished
2026-03-02 04:15:37 INFO disk usage high
2026-03-02 04:15:40 INFO user login ok
2026-03-02 04:15:41 INFO invalid token
2026-03-02 04:15:43 INFO invalid token
2026-03-02 04:15:45 INFO user login ok
2026-03-02 04:15:46 INFO cache hit
2026-03-02 04:15:47 INFO connection reset by peer
2026-03-02 04:15:51 INFO user login ok
2026-03-02 04:15:54 WARN user logout
2026-03-02 04:15:56 INFO database timeout
2026-03-02 04:15:58 INFO user login ok
2026-03-02 04:16:01 WARN user login ok
2026-03-02 04:16:02 INFO request handled
2026-03-02 04:16:03 INFO disk usage high
2026-03-02 04:16:04 INFO cache miss
2026-03-02 04:16:05 INFO invalid token
2026-03-02 04:16:07 INFO user login ok
2026-03-02 04:16:10 INFO cache hit
2026-03-02 04:16:14 INFO user login ok
2026-03-02 04:16:16 INFO user logout
2026-03-02 04:16:17 INFO slow query detected
2026-03-02 04:16:20 INFO cache hit
2026-03-02 04:16:24 INFO slow query detected
2026-03-02 04:16:26 INFO user login ok
2026-03-02 04:16:28 INFO disk usage high
2026-03-02 04:16:30 INFO cache miss
2026-03-02 04:16:32 INFO disk usage high
2026-03-02 04:16:33 INFO user logout
2026-03-02 04:16:36 WARN background job finished
2026-03-02 04:16:39 WARN connection reset by peer
2026-03-02 04:16:42 INFO background job finished
2026-03-02 04:16:46 INFO user login ok
2026-03-02 04:16:47 INFO invalid token
2026-03-02 04:16:50 INFO invalid token
2026-03-02 04:16:52 INFO user login ok
2026-03-02 04:16:56 WARN cache miss
2026-03-02 04:16:58 ERROR cache hit
2026-03-02 04:16:59 INFO disk usage high
2026-03-02 04:17:01 INFO user login ok
2026-03-02 04:17:02 INFO background job finished
2026-03-02 04:17:06 INFO user login ok
2026-03-02 04:17:09 INFO user login ok
2026-03-02 04:17:13 WARN slow query detected
2026-03-02 04:17:15 WARN slow query detected
2026-03-02 04:17:18 INFO user login ok
2026-03-02 04:17:22 INFO database timeout
2026-03-02 04:17:23 INFO user logout
2026-03-02 04:17:24 INFO cache hit
2026-03-02 04:17:25 INFO connection reset by peer
2026-03-02 04:17:29 INFO user login ok
2026-03-02 04:17:32 INFO disk usage high
2026-03-02 04:17:35 INFO user login ok
2026-03-02 04:17:36 INFO slow query detected
2026-03-02 04:17:37 ERROR user login ok
2026-03-02 04:17:38 INFO cache hit
2026-03-02 04:17:39 INFO background job finished
2026-03-02 04:17:42 INFO invalid token
2026-03-02 04:17:45 INFO request handled
2026-03-02 04:17:49 INFO user login ok
2026-03-02 04:17:52 INFO user logout
2026-03-02 04:17:53 INFO cache hit
2026-03-02 04:17:54 INFO user login ok
2026-03-02 04:17:58 INFO cache hit
2026-03-02 04:18:02 INFO invalid token
2026-03-02 04:18:04 INFO user logout
2026-03-02 04:18:05 INFO user logout
2026-03-02 04:18:06 INFO user login ok
2026-03-02 04:18:10 INFO cache hit
2026-03-02 04:18:13 INFO user login ok
2026-03-02 04:18:15 INFO user login ok
2026-03-02 04:18:19 INFO user login ok
2026-03-02 04:18:21 INFO cache hit
2026-03-02 04:18:22 INFO user logout
2026-03-02 04:18:26 INFO cache miss
2026-03-02 04:18:27 INFO user login ok
2026-03-02 04:18:28 INFO user logout
2026-03-02 04:18:29 WARN user login ok
2026-03-02 04:18:30 INFO disk usage high
2026-03-02 04:18:33 WARN disk usage high
2026-03-02 04:18:36 INFO user logout
2026-03-02 04:18:38 INFO user login ok
2026-03-02 04:18:42 INFO disk usage high
2026-03-02 04:18:43 INFO request handled
2026-03-02 04:18:45 INFO background job finished
2026-03-02 04:18:46 INFO user login ok
2026-03-02 04:18:48 WARN slow query detected
2026-03-02 04:18:52 INFO request handled
2026-03-02 04:18:54 INFO invalid token
2026-03-02 04:18:55 INFO user login ok
2026-03-02 04:18:57 INFO cache miss
2026-03-02 04:19:01 INFO connection reset by peer
2026-03-02 04:19:04 ERROR user login ok
2026-03-02 04:19:07 INFO user login ok
2026-03-02 04:19:09 WARN background job finished
2026-03-02 04:19:11 INFO database timeout
2026-03-02 04:19:12 INFO invalid token
2026-03-02 04:19:14 INFO database timeout
2026-03-02 04:19:15 WARN user login ok
2026-03-02 04:19:17 INFO user login ok
2026-03-02 04:19:18 INFO user login ok
2026-03-02 04:19:19 INFO request handled
2026-03-02 04:19:22 INFO user login ok
2026-03-02 04:19:26 INFO user login ok
2026-03-02 04:19:30 INFO database timeout
2026-03-02 04:19:32 INFO slow query detected
2026-03-02 04:19:35 ERROR cache miss
2026-03-02 04:19:38 INFO connection reset by peer
2026-03-02 04:19:39 INFO config reloaded
2026-03-02 04:19:40 INFO user logout
2026-03-02 04:19:41 INFO user logout
2026-03-02 04:19:43 INFO user login ok
2026-03-02 04:19:47 WARN config reloaded
2026-03-02 04:19:49 INFO user login ok
2026-03-02 04:19:50 INFO user login ok
2026-03-02 04:19:51 WARN user logout
2026-03-02 04:19:53 WARN user login ok
2026-03-02 04:19:54 INFO database timeout
2026-03-02 04:19:56 INFO user login ok
2026-03-02 04:19:59 INFO cache miss
2026-03-02 04:20:02 INFO connection reset by peer
2026-03-02 04:20:03 INFO database timeout
2026-03-02 04:20:07 INFO user logout
2026-03-02 04:20:09 INFO cache hit
2026-03-02 04:20:12 INFO disk usage high
2026-03-02 04:20:14 WARN cache miss
2026-03-02 04:20:16 WARN database timeout
2026-03-02 04:20:19 INFO config reloaded
2026-03-02 04:20:21 INFO invalid token
2026-03-02 04:20:23 INFO slow query detected
2026-03-02 04:20:25 INFO user login ok
2026-03-02 04:20:27 INFO slow query detected
2026-03-02 04:20:31 WARN invalid token
2026-03-02 04:20:33 WARN user login ok
2026-03-02 04:20:37 INFO cache hit
2026-03-02 04:20:41 INFO connection reset by peer
2026-03-02 04:20:44 WARN cache hit
2026-03-02 04:20:47 INFO user logout
2026-03-02 04:20:50 INFO user login ok
2026-03-02 04:20:53 INFO cache miss
2026-03-02 04:20:54 INFO connection reset by peer
2026-03-02 04:20:57 INFO invalid token
2026-03-02 04:21:00 INFO user logout
2026-03-02 04:21:04 INFO request handled
2026-03-02 04:21:07 INFO invalid token
2026-03-02 04:21:09 INFO user logout
2026-03-02 04:21:12 ERROR user logout
2026-03-02 04:21:13 INFO user logout
2026-03-02 04:21:14 INFO user login ok
2026-03-02 04:21:17 INFO request handled
2026-03-02 04:21:18 INFO cache hit
2026-03-02 04:21:20 INFO user login ok
2026-03-02 04:21:24 INFO user logout
2026-03-02 04:21:26 INFO slow query detected
2026-03-02 04:21:30 INFO cache miss
2026-03-02 04:21:34 WARN user login ok
2026-03-02 04:21:36 INFO cache miss
2026-03-02 04:21:40 INFO user logout
2026-03-02 04:21:43 INFO user login ok
2026-03-02 04:21:46 INFO user logout
2026-03-02 04:21:49 INFO disk usage high
2026-03-02 04:21:51 WARN user login ok
2026-03-02 04:21:53 INFO user logout
2026-03-02 04:21:56 WARN cache hit
2026-03-02 04:21:57 WARN invalid token
2026-03-02 04:21:58 INFO user logout
2026-03-02 04:22:00 ERROR config reloaded
2026-03-02 04:22:03 INFO user login ok
2026-03-02 04:22:06 INFO user login ok
2026-03-02 04:22:07 INFO database timeout
2026-03-02 04:22:11 INFO slow query detected
2026-03-02 04:22:15 INFO cache hit
2026-03-02 04:22:19 INFO user login ok
2026-03-02 04:22:20 INFO cache miss
2026-03-02 04:22:24 INFO user login ok
2026-03-02 04:22:25 INFO user login ok
2026-03-02 04:22:28 INFO user login ok
2026-03-02 04:22:29 INFO user logout
2026-03-02 04:22:31 INFO cache miss
2026-03-02 04:22:34 INFO connection reset by peer
2026-03-02 04:22:37 ERROR cache miss
2026-03-02 04:22:39 INFO user login ok
2026-03-02 04:22:40 INFO invalid token
2026-03-02 04:22:41 WARN user login ok
2026-03-02 04:22:45 INFO background job finished
2026-03-02 04:22:49 INFO user login ok
2026-03-02 04:22:50 INFO cache miss
2026-03-02 04:22:51 INFO user logout
2026-03-02 04:22:55 WARN connection reset by peer
2026-03-02 04:22:57 INFO config reloaded
2026-03-02 04:22:58 INFO connection reset by peer
2026-03-02 04:23:01 WARN connection reset by peer
2026-03-02 04:23:05 INFO invalid token
2026-03-02 04:23:06 INFO cache miss
2026-03-02 04:23:10 INFO config reloaded
2026-03-02 04:23:13 INFO user logout
2026-03-02 04:23:16 INFO background job finished
2026-03-02 04:23:17 INFO connection reset by peer
2026-03-02 04:23:21 INFO user login ok
2026-03-02 04:23:22 WARN config reloaded
2026-03-02 04:23:23 INFO request handled
2026-03-02 04:23:26 INFO request handled
2026-03-02 04:23:28 INFO database timeout
2026-03-02 04:23:29 WARN disk usage high
2026-03-02 04:23:32 INFO user login ok
2026-03-02 04:23:33 INFO slow query detected
2026-03-02 04:23:36 INFO request handled
2026-03-02 04:23:39 ERROR config reloaded
2026-03-02 04:23:40 INFO cache hit
2026-03-02 04:23:44 INFO request handled
2026-03-02 04:23:47 INFO user login ok
2026-03-02 04:23:50 ERROR user login ok
2026-03-02 04:23:51 INFO user login ok
2026-03-02 04:23:54 INFO disk usage high
2026-03-02 04:23:55 INFO user login ok
2026-03-02 04:23:59 INFO slow query detected
2026-03-02 04:24:02 ERROR database timeout
2026-03-02 04:24:04 INFO config reloaded
2026-03-02 04:24:05 INFO user logout
2026-03-02 04:24:07 INFO user logout
2026-03-02 04:24:10 WARN cache miss
2026-03-02 04:24:13 WARN user login ok
2026-03-02 04:24:15 INFO user login ok
2026-03-02 04:24:16 INFO user login ok
2026-03-02 04:24:19 WARN slow query detected
2026-03-02 04:24:20 WARN disk usage high
2026-03-02 04:24:21 WARN connection reset by peer
### повреждённая строка ###
2026-03-02 04:24:25 INFO cache miss
2026-03-02 04:24:28 INFO user login ok
2026-03-02 04:24:30 ERROR config reloaded
2026-03-02 04:24:33 ERROR connection reset by peer
2026-03-02 04:24:35 INFO user logout
2026-03-02 04:24:37 WARN slow query detected
2026-03-02 04:24:41 INFO user login ok
2026-03-02 04:24:43 INFO user login ok
2026-03-02 04:24:44 INFO cache miss
2026-03-02 04:24:47 ERROR cache miss
### повреждённая строка ###
2026-03-02 04:24:53 INFO user logout
2026-03-02 04:24:54 INFO cache miss
2026-03-02 04:24:57 INFO config reloaded
2026-03-02 04:24:58 ERROR user logout
2026-03-02 04:25:01 INFO user login ok
2026-03-02 04:25:04 INFO user login ok
2026-03-02 04:25:05 WARN user login ok
2026-03-02 04:25:06 INFO cache miss
2026-03-02 04:25:08 INFO user login ok
2026-03-02 04:25:09 INFO cache hit
2026-03-02 04:25:11 INFO user login ok
2026-03-02 04:25:15 INFO user login ok
2026-03-02 04:25:19 INFO cache miss
2026-03-02 04:25:22 INFO cache hit
2026-03-02 04:25:24 INFO disk usage high
2026-03-02 04:25:26 INFO user logout
2026-03-02 04:25:30 INFO user login ok
2026-03-02 04:25:31 WARN disk usage high
2026-03-02 04:25:33 INFO slow query detected
2026-03-02 04:25:37 WARN cache hit
2026-03-02 04:25:39 INFO disk usage high
2026-03-02 04:25:40 INFO cache miss
2026-03-02 04:25:42 INFO request handled
2026-03-02 04:25:44 WARN cache hit
2026-03-02 04:25:45 ERROR config reloaded
2026-03-02 04:25:49 INFO user login ok
2026-03-02 04:25:52 INFO cache miss
2026-03-02 04:25:55 INFO user login ok
2026-03-02 04:25:58 INFO database timeout
2026-03-02 04:25:59 INFO user login ok
2026-03-02 04:26:02 INFO disk usage high
2026-03-02 04:26:03 INFO user logout
2026-03-02 04:26:04 INFO connection reset by peer
2026-03-02 04:26:05 INFO invalid token
2026-03-02 04:26:08 INFO background job finished
2026-03-02 04:26:12 INFO background job finished
2026-03-02 04:26:15 WARN disk usage high
2026-03-02 04:26:18 INFO cache miss
2026-03-02 04:26:22 INFO slow query detected
2026-03-02 04:26:26 INFO user logout
2026-03-02 04:26:27 INFO database timeout
2026-03-02 04:26:31 INFO cache hit
2026-03-02 04:26:32 INFO user login ok
2026-03-02 04:26:36 INFO disk usage high
2026-03-02 04:26:40 INFO cache hit
2026-03-02 04:26:42 INFO cache hit
2026-03-02 04:26:46 INFO cache miss
2026-03-02 04:26:50 INFO user login ok
2026-03-02 04:26:52 INFO disk usage high
2026-03-02 04:26:56 INFO database timeout
2026-03-02 04:26:59 INFO connection reset by peer
2026-03-02 04:27:03 INFO invalid token
2026-03-02 04:27:07 INFO user login ok
2026-03-02 04:27:10 WARN cache hit
2026-03-02 04:27:13 INFO cache miss
2026-03-02 04:27:17 ERROR user logout
2026-03-02 04:27:19 INFO user login ok
2026-03-02 04:27:22 INFO database timeout
2026-03-02 04:27:23 WARN user login ok
2026-03-02 04:27:26 INFO user logout
2026-03-02 04:27:30 INFO database timeout
2026-03-02 04:27:33 INFO invalid token
2026-03-02 04:27:36 WARN cache miss
2026-03-02 04:27:38 INFO cache miss
2026-03-02 04:27:41 INFO user login ok
2026-03-02 04:27:45 INFO request handled
2026-03-02 04:27:46 INFO slow query detected
### повреждённая строка ###
2026-03-02 04:27:51 INFO cache hit
2026-03-02 04:27:55 INFO request handled
2026-03-02 04:27:59 INFO disk usage high
2026-03-02 04:28:02 INFO slow query detected
2026-03-02 04:28:03 INFO user logout
2026-03-02 04:28:05 INFO disk usage high
2026-03-02 04:28:09 INFO slow query detected
2026-03-02 04:28:11 INFO user login ok
2026-03-02 04:28:14 INFO user logout
2026-03-02 04:28:18 INFO user login ok
2026-03-02 04:28:21 INFO database timeout
2026-03-02 04:28:23 INFO user login ok
2026-03-02 04:28:24 INFO config reloaded
2026-03-02 04:28:25 INFO cache miss
2026-03-02 04:28:26 INFO background job finished
2026-03-02 04:28:30 INFO user login ok
2026-03-02 04:28:33 INFO cache hit
2026-03-02 04:28:37 INFO user login ok
2026-03-02 04:28:39 INFO invalid token
2026-03-02 04:28:43 INFO connection reset by peer
2026-03-02 04:28:44 INFO request handled
2026-03-02 04:28:48 WARN slow query detected
2026-03-02 04:28:52 INFO connection reset by peer
2026-03-02 04:28:56 INFO disk usage high
2026-03-02 04:28:57 INFO user login ok
2026-03-02 04:29:01 ERROR cache miss
2026-03-02 04:29:04 INFO config reloaded
2026-03-02 04:29:07 INFO user logout
2026-03-02 04:29:11 WARN slow query detected
2026-03-02 04:29:15 INFO user login ok
2026-03-02 04:29:19 INFO user login ok
2026-03-02 04:29:21 INFO user login ok
2026-03-02 04:29:25 INFO slow query detected
2026-03-02 04:29:27 INFO background job finished
2026-03-02 04:29:28 WARN config reloaded
2026-03-02 04:29:32 INFO user login ok
2026-03-02 04:29:34 INFO config reloaded
2026-03-02 04:29:38 INFO connection reset by peer
2026-03-02 04:29:39 INFO invalid token
2026-03-02 04:29:40 INFO user logout
2026-03-02 04:29:43 INFO database timeout
2026-03-02 04:29:47 INFO user logout
2026-03-02 04:29:51 INFO cache hit
2026-03-02 04:29:54 INFO cache miss
2026-03-02 04:29:57 WARN connection reset by peer
2026-03-02 04:30:01 WARN user logout
2026-03-02 04:30:02 INFO user login ok
2026-03-02 04:30:05 INFO slow query detected
2026-03-02 04:30:06 INFO user login ok
2026-03-02 04:30:10 WARN user logout
2026-03-02 04:30:14 INFO user logout
2026-03-02 04:30:18 INFO database timeout
2026-03-02 04:30:19 INFO background job finished
2026-03-02 04:30:22 INFO request handled
2026-03-02 04:30:26 INFO connection reset by peer
2026-03-02 04:30:28 INFO user logout
2026-03-02 04:30:31 INFO database timeout
2026-03-02 04:30:33 INFO invalid token
2026-03-02 04:30:36 INFO request handled
2026-03-02 04:30:37 ERROR invalid token
2026-03-02 04:30:41 INFO background job finished
2026-03-02 04:30:44 WARN user login ok
2026-03-02 04:30:45 INFO cache hit
2026-03-02 04:30:49 INFO slow query detected
2026-03-02 04:30:51 INFO user login ok
2026-03-02 04:30:53 ERROR user logout
2026-03-02 04:30:57 INFO connection reset by peer
2026-03-02 04:31:01 INFO database timeout
2026-03-02 04:31:04 INFO user login ok
2026-03-02 04:31:05 INFO request handled
2026-03-02 04:31:07 INFO user logout
2026-03-02 04:31:11 WARN invalid token
2026-03-02 04:31:15 INFO user logout
2026-03-02 04:31:16 INFO disk usage high
2026-03-02 04:31:19 WARN cache hit
2026-03-02 04:31:23 WARN cache miss
2026-03-02 04:31:27 INFO request handled
2026-03-02 04:31:28 INFO user login ok
2026-03-02 04:31:32 INFO user login ok
2026-03-02 04:31:35 INFO config reloaded
2026-03-02 04:31:39 INFO user login ok
2026-03-02 04:31:41 INFO config reloaded
2026-03-02 04:31:42 INFO slow query detected
2026-03-02 04:31:43 INFO config reloaded
2026-03-02 04:31:44 INFO user login ok
2026-03-02 04:31:47 WARN background job finished
2026-03-02 04:31:49 INFO connection reset by peer
2026-03-02 04:31:52 INFO user logout
2026-03-02 04:31:54 INFO cache hit
2026-03-02 04:31:56 INFO connection reset by peer
2026-03-02 04:31:58 INFO connection reset by peer
2026-03-02 04:32:00 INFO user logout
2026-03-02 04:32:01 INFO user logout
2026-03-02 04:32:02 INFO background job finished
2026-03-02 04:32:06 INFO user logout
2026-03-02 04:32:09 INFO user login ok
2026-03-02 04:32:13 INFO config reloaded
2026-03-02 04:32:14 WARN user login ok
2026-03-02 04:32:18 ERROR connection reset by peer
2026-03-02 04:32:20 WARN request handled
2026-03-02 04:32:24 INFO user logout
2026-03-02 04:32:25 ERROR user login ok
2026-03-02 04:32:27 INFO request handled
2026-03-02 04:32:31 INFO cache hit
2026-03-02 04:32:35 INFO cache hit
2026-03-02 04:32:38 INFO disk usage high
2026-03-02 04:32:42 INFO config reloaded
2026-03-02 04:32:46 INFO connection reset by peer
2026-03-02 04:32:47 INFO user login ok
2026-03-02 04:32:49 INFO user login ok
2026-03-02 04:32:52 INFO user logout
2026-03-02 04:32:55 INFO cache hit
2026-03-02 04:32:56 INFO background job finished
2026-03-02 04:32:57 INFO config reloaded
2026-03-02 04:32:59 INFO cache miss
2026-03-02 04:33:01 INFO request handled
2026-03-02 04:33:02 INFO background job finished
2026-03-02 04:33:04 INFO request handled
2026-03-02 04:33:05 INFO user login ok
2026-03-02 04:33:09 INFO user login ok
### повреждённая строка ###
2026-03-02 04:33:14 INFO cache hit
2026-03-02 04:33:17 INFO disk usage high
2026-03-02 04:33:21 WARN user logout
2026-03-02 04:33:24 INFO connection reset by peer
2026-03-02 04:33:26 INFO user login ok
2026-03-02 04:33:29 INFO request handled
2026-03-02 04:33:33 WARN cache hit
2026-03-02 04:33:36 INFO user login ok
2026-03-02 04:33:38 INFO config reloaded
2026-03-02 04:33:40 INFO invalid token
2026-03-02 04:33:44 INFO user login ok
2026-03-02 04:33:47 INFO user login ok
2026-03-02 04:33:49 INFO user login ok
2026-03-02 04:33:50 INFO request handled
2026-03-02 04:33:53 WARN user logout
2026-03-02 04:33:57 INFO user login ok
2026-03-02 04:33:58 INFO user login ok
2026-03-02 04:33:59 INFO user login ok
2026-03-02 04:34:03 INFO user login ok
2026-03-02 04:34:07 INFO user logout
2026-03-02 04:34:11 INFO user logout
2026-03-02 04:34:14 WARN disk usage high
2026-03-02 04:34:15 INFO slow query detected
2026-03-02 04:34:17 INFO user login ok
2026-03-02 04:34:18 INFO cache miss
2026-03-02 04:34:22 WARN request handled
2026-03-02 04:34:26 WARN invalid token
2026-03-02 04:34:30 INFO connection reset by peer
2026-03-02 04:34:31 WARN invalid token
2026-03-02 04:34:35 WARN user logout
2026-03-02 04:34:36 INFO cache miss
2026-03-02 04:34:37 ERROR request handled
2026-03-02 04:34:38 INFO request handled
2026-03-02 04:34:41 INFO request handled
2026-03-02 04:34:42 INFO connection reset by peer
2026-03-02 04:34:44 INFO background job finished
2026-03-02 04:34:48 INFO user login ok
2026-03-02 04:34:51 INFO database timeout
2026-03-02 04:34:55 INFO user logout
2026-03-02 04:34:57 INFO request handled
2026-03-02 04:34:59 INFO user login ok
2026-03-02 04:35:01 INFO config reloaded
2026-03-02 04:35:04 INFO cache hit
2026-03-02 04:35:08 INFO config reloaded
2026-03-02 04:35:11 INFO user login ok
2026-03-02 04:35:15 WARN user logout
2026-03-02 04:35:19 INFO user logout
2026-03-02 04:35:21 INFO cache miss
2026-03-02 04:35:24 WARN background job finished
2026-03-02 04:35:28 INFO user login ok
2026-03-02 04:35:31 INFO user login ok
2026-03-02 04:35:35 INFO cache hit
2026-03-02 04:35:36 INFO cache hit
2026-03-02 04:35:37 INFO user login ok
2026-03-02 04:35:39 ERROR user login ok
2026-03-02 04:35:40 INFO database timeout
2026-03-02 04:35:43 INFO invalid token
2026-03-02 04:35:46 INFO background job finished
2026-03-02 04:35:48 INFO background job finished
2026-03-02 04:35:50 INFO user logout
2026-03-02 04:35:53 INFO invalid token
2026-03-02 04:35:57 WARN user logout
2026-03-02 04:36:01 INFO user login ok
2026-03-02 04:36:05 INFO disk usage high
2026-03-02 04:36:08 INFO cache miss
2026-03-02 04:36:09 INFO user login ok
2026-03-02 04:36:13 INFO cache hit
2026-03-02 04:36:17 INFO user login ok
2026-03-02 04:36:20 INFO config reloaded
2026-03-02 04:36:24 INFO request handled
2026-03-02 04:36:25 INFO user logout
2026-03-02 04:36:28 INFO slow query detected
2026-03-02 04:36:32 INFO connection reset by peer
2026-03-02 04:36:35 WARN slow query detected
2026-03-02 04:36:36 INFO disk usage high
2026-03-02 04:36:37 INFO slow query detected
2026-03-02 04:36:38 WARN config reloaded
2026-03-02 04:36:40 INFO cache hit
2026-03-02 04:36:44 INFO request handled
2026-03-02 04:36:45 INFO cache miss
2026-03-02 04:36:46 INFO disk usage high
2026-03-02 04:36:50 INFO cache hit
2026-03-02 04:36:52 WARN invalid token
2026-03-02 04:36:53 WARN user logout
2026-03-02 04:36:54 WARN database timeout
2026-03-02 04:36:55 ERROR invalid token
2026-03-02 04:36:56 INFO user login ok
2026-03-02 04:36:58 INFO disk usage high
2026-03-02 04:36:59 INFO background job finished
2026-03-02 04:37:01 INFO cache miss
2026-03-02 04:37:02 WARN cache miss
2026-03-02 04:37:05 INFO disk usage high
2026-03-02 04:37:08 INFO user login ok
2026-03-02 04:37:12 INFO slow query detected
2026-03-02 04:37:16 INFO user login ok
2026-03-02 04:37:17 INFO disk usage high
2026-03-02 04:37:20 INFO cache hit
2026-03-02 04:37:24 INFO user login ok
2026-03-02 04:37:25 WARN cache miss
2026-03-02 04:37:26 INFO request handled
2026-03-02 04:37:28 INFO user logout
2026-03-02 04:37:30 INFO request handled
2026-03-02 04:37:34 ERROR cache hit
2026-03-02 04:37:37 ERROR user login ok
2026-03-02 04:37:38 INFO user logout
2026-03-02 04:37:39 INFO user login ok
2026-03-02 04:37:43 WARN cache hit
2026-03-02 04:37:44 WARN connection reset by peer
2026-03-02 04:37:46 ERROR user logout
2026-03-02 04:37:48 WARN disk usage high
2026-03-02 04:37:50 INFO user login ok
2026-03-02 04:37:51 INFO user login ok
2026-03-02 04:37:55 INFO request handled
2026-03-02 04:37:59 INFO user login ok
2026-03-02 04:38:02 INFO background job finished
### повреждённая строка ###
2026-03-02 04:38:05 WARN user logout
2026-03-02 04:38:08 INFO user login ok
2026-03-02 04:38:10 WARN user login ok
2026-03-02 04:38:12 INFO background job finished
2026-03-02 04:38:16 INFO cache miss
2026-03-02 04:38:17 INFO config reloaded
2026-03-02 04:38:20 INFO slow query detected
2026-03-02 04:38:24 INFO user logout
2026-03-02 04:38:28 INFO user logout
2026-03-02 04:38:30 INFO user login ok
2026-03-02 04:38:32 INFO user login ok
2026-03-02 04:38:34 WARN user login ok
2026-03-02 04:38:38 INFO user login ok
2026-03-02 04:38:42 INFO background job finished
2026-03-02 04:38:43 INFO user logout
2026-03-02 04:38:47 INFO invalid token
2026-03-02 04:38:48 INFO user logout
2026-03-02 04:38:49 INFO connection reset by peer
### повреждённая строка ###
2026-03-02 04:38:56 INFO request handled
2026-03-02 04:38:58 INFO user login ok
2026-03-02 04:39:02 ERROR user login ok
2026-03-02 04:39:05 INFO database timeout
2026-03-02 04:39:06 INFO user login ok
2026-03-02 04:39:08 INFO user logout
2026-03-02 04:39:11 ERROR disk usage high
2026-03-02 04:39:14 ERROR invalid token
2026-03-02 04:39:17 INFO user login ok
2026-03-02 04:39:20 INFO cache hit
2026-03-02 04:39:24 WARN user login ok
2026-03-02 04:39:28 ERROR request handled
2026-03-02 04:39:32 WARN background job finished
2026-03-02 04:39:35 INFO cache hit
2026-03-02 04:39:38 INFO user login ok
2026-03-02 04:39:39 INFO cache miss
2026-03-02 04:39:42 INFO user login ok
2026-03-02 04:39:43 ERROR cache hit
2026-03-02 04:39:47 INFO cache miss
2026-03-02 04:39:50 INFO cache hit
2026-03-02 04:39:53 ERROR slow query detected
2026-03-02 04:39:55 INFO disk usage high
2026-03-02 04:39:56 INFO background job finished
2026-03-02 04:40:00 INFO disk usage high
2026-03-02 04:40:01 INFO database timeout
2026-03-02 04:40:02 INFO connection reset by peer
2026-03-02 04:40:04 ERROR user logout
2026-03-02 04:40:06 INFO user login ok
2026-03-02 04:40:10 INFO cache hit
2026-03-02 04:40:11 INFO disk usage high
2026-03-02 04:40:14 INFO slow query detected
2026-03-02 04:40:17 INFO user logout
2026-03-02 04:40:21 WARN slow query detected
2026-03-02 04:40:24 INFO database timeout
2026-03-02 04:40:26 INFO user logout
2026-03-02 04:40:30 WARN background job finished
2026-03-02 04:40:31 INFO user login ok
2026-03-02 04:40:32 INFO user login ok
2026-03-02 04:40:34 WARN user login ok
2026-03-02 04:40:36 INFO request handled
2026-03-02 04:40:39 INFO user login ok
2026-03-02 04:40:42 INFO user logout
2026-03-02 04:40:45 INFO request handled
2026-03-02 04:40:49 INFO user logout
2026-03-02 04:40:52 INFO config reloaded
2026-03-02 04:40:56 WARN user login ok
2026-03-02 04:41:00 INFO cache miss
2026-03-02 04:41:04 INFO user login ok
2026-03-02 04:41:07 INFO request handled
2026-03-02 04:41:08 INFO request handled
2026-03-02 04:41:09 INFO cache miss
2026-03-02 04:41:12 INFO user login ok
2026-03-02 04:41:16 INFO cache miss
2026-03-02 04:41:20 INFO connection reset by peer
2026-03-02 04:41:22 INFO user login ok
2026-03-02 04:41:26 ERROR cache miss
2026-03-02 04:41:27 INFO user login ok
2026-03-02 04:41:30 INFO user login ok
2026-03-02 04:41:31 INFO user logout
2026-03-02 04:41:33 INFO user login ok
2026-03-02 04:41:37 INFO user login ok
2026-03-02 04:41:39 INFO request handled
2026-03-02 04:41:43 INFO cache miss
2026-03-02 04:41:44 INFO cache hit
2026-03-02 04:41:45 INFO user login ok
2026-03-02 04:41:46 INFO cache hit
2026-03-02 04:41:50 INFO user login ok
2026-03-02 04:41:52 ERROR user login ok
2026-03-02 04:41:53 INFO user login ok
2026-03-02 04:41:56 INFO connection reset by peer
2026-03-02 04:42:00 INFO user login ok
2026-03-02 04:42:04 ERROR user logout
2026-03-02 04:42:06 INFO user login ok
2026-03-02 04:42:08 INFO user logout
2026-03-02 04:42:10 INFO user login ok
2026-03-02 04:42:12 INFO connection reset by peer
2026-03-02 04:42:15 INFO user logout
2026-03-02 04:42:18 INFO cache miss
2026-03-02 04:42:20 INFO cache hit
2026-03-02 04:42:24 INFO background job finished
2026-03-02 04:42:27 INFO cache hit
2026-03-02 04:42:31 INFO slow query detected
2026-03-02 04:42:33 INFO user logout
2026-03-02 04:42:37 INFO slow query detected
2026-03-02 04:42:40 INFO user login ok
2026-03-02 04:42:41 INFO invalid token
2026-03-02 04:42:44 WARN cache hit
2026-03-02 04:42:46 INFO connection reset by peer
2026-03-02 04:42:50 INFO invalid token
2026-03-02 04:42:54 INFO connection reset by peer
2026-03-02 04:42:58 INFO cache miss
2026-03-02 04:42:59 WARN invalid token
2026-03-02 04:43:01 WARN database timeout
2026-03-02 04:43:03 INFO connection reset by peer
2026-03-02 04:43:04 INFO disk usage high
2026-03-02 04:43:07 INFO cache hit
2026-03-02 04:43:09 WARN cache hit
2026-03-02 04:43:10 WARN request handled
2026-03-02 04:43:11 INFO user login ok
2026-03-02 04:43:14 INFO connection reset by peer
2026-03-02 04:43:18 INFO cache hit
2026-03-02 04:43:22 WARN request handled
2026-03-02 04:43:23 WARN slow query detected
2026-03-02 04:43:25 INFO slow query detected
2026-03-02 04:43:27 INFO database timeout
2026-03-02 04:43:31 INFO user logout
2026-03-02 04:43:33 INFO disk usage high
2026-03-02 04:43:34 WARN user login ok
2026-03-02 04:43:36 INFO user login ok
2026-03-02 04:43:38 INFO user login ok
2026-03-02 04:43:40 INFO user login ok
2026-03-02 04:43:41 INFO cache hit
2026-03-02 04:43:42 INFO user login ok
2026-03-02 04:43:46 INFO connection reset by peer
2026-03-02 04:43:47 INFO slow query detected
2026-03-02 04:43:48 INFO background job finished
2026-03-02 04:43:49 INFO cache hit
2026-03-02 04:43:52 INFO slow query detected
2026-03-02 04:43:56 ERROR user login ok
2026-03-02 04:43:58 INFO user login ok
2026-03-02 04:44:01 INFO user login ok
2026-03-02 04:44:02 INFO user login ok
2026-03-02 04:44:06 INFO cache miss
2026-03-02 04:44:07 WARN user logout
2026-03-02 04:44:10 INFO database timeout
2026-03-02 04:44:13 WARN user login ok
2026-03-02 04:44:16 INFO cache miss
2026-03-02 04:44:20 INFO background job finished
2026-03-02 04:44:24 INFO config reloaded
2026-03-02 04:44:25 INFO slow query detected
2026-03-02 04:44:29 INFO connection reset by peer
2026-03-02 04:44:33 INFO user login ok
### повреждённая строка ###
2026-03-02 04:44:40 ERROR disk usage high
2026-03-02 04:44:41 INFO request handled
2026-03-02 04:44:44 INFO user login ok
2026-03-02 04:44:45 INFO user login ok
2026-03-02 04:44:46 WARN user login ok
2026-03-02 04:44:50 INFO user login ok
2026-03-02 04:44:52 INFO user login ok
2026-03-02 04:44:55 INFO user login ok
2026-03-02 04:44:58 INFO cache hit
2026-03-02 04:45:00 INFO user logout
2026-03-02 04:45:04 INFO disk usage high
2026-03-02 04:45:06 WARN request handled
2026-03-02 04:45:10 INFO user login ok
2026-03-02 04:45:12 ERROR database timeout
2026-03-02 04:45:15 WARN config reloaded
2026-03-02 04:45:18 INFO cache hit
2026-03-02 04:45:22 INFO config reloaded
2026-03-02 04:45:23 INFO cache hit
2026-03-02 04:45:24 WARN user login ok
2026-03-02 04:45:27 INFO user login ok
2026-03-02 04:45:28 INFO connection reset by peer
2026-03-02 04:45:30 INFO cache hit
2026-03-02 04:45:33 WARN cache miss
2026-03-02 04:45:37 WARN user login ok
2026-03-02 04:45:39 ERROR connection reset by peer
2026-03-02 04:45:43 INFO config reloaded
2026-03-02 04:45:46 WARN user login ok
2026-03-02 04:45:49 INFO cache hit
2026-03-02 04:45:50 INFO user login ok
2026-03-02 04:45:52 INFO background job finished
2026-03-02 04:45:53 INFO user logout
2026-03-02 04:45:54 WARN user login ok
2026-03-02 04:45:55 INFO user logout
2026-03-02 04:45:56 WARN user login ok
2026-03-02 04:45:58 INFO user login ok
2026-03-02 04:46:02 INFO user login ok
2026-03-02 04:46:06 INFO user login ok
2026-03-02 04:46:07 INFO request handled
2026-03-02 04:46:11 INFO request handled
2026-03-02 04:46:14 WARN user logout
2026-03-02 04:46:18 INFO database timeout
2026-03-02 04:46:19 INFO cache miss
2026-03-02 04:46:20 INFO invalid token
2026-03-02 04:46:23 INFO slow query detected
2026-03-02 04:46:26 INFO cache hit
2026-03-02 04:46:30 WARN slow query detected
2026-03-02 04:46:33 WARN database timeout
2026-03-02 04:46:34 INFO slow query detected
2026-03-02 04:46:36 INFO user logout
2026-03-02 04:46:39 INFO user logout
2026-03-02 04:46:43 INFO database timeout
2026-03-02 04:46:45 INFO request handled
2026-03-02 04:46:47 INFO request handled
2026-03-02 04:46:51 INFO request handled
2026-03-02 04:46:55 INFO database timeout
2026-03-02 04:46:59 INFO cache miss
2026-03-02 04:47:00 INFO user login ok
2026-03-02 04:47:04 WARN user login ok
2026-03-02 04:47:07 INFO user login ok
2026-03-02 04:47:08 INFO cache hit
2026-03-02 04:47:10 INFO request handled
2026-03-02 04:47:13 INFO config reloaded
2026-03-02 04:47:17 INFO user login ok
2026-03-02 04:47:18 INFO user logout
2026-03-02 04:47:22 INFO user login ok
2026-03-02 04:47:24 INFO user login ok
2026-03-02 04:47:28 INFO slow query detected
2026-03-02 04:47:29 INFO connection reset by peer
2026-03-02 04:47:30 INFO user login ok
2026-03-02 04:47:32 INFO user login ok
2026-03-02 04:47:35 INFO cache miss
2026-03-02 04:47:38 WARN background job finished
2026-03-02 04:47:40 INFO connection reset by peer
2026-03-02 04:47:44 INFO background job finished
2026-03-02 04:47:47 INFO user logout
2026-03-02 04:47:49 INFO cache miss
2026-03-02 04:47:53 INFO request handled
2026-03-02 04:47:56 INFO disk usage high
2026-03-02 04:47:59 INFO disk usage high
2026-03-02 04:48:00 INFO request handled
2026-03-02 04:48:01 INFO user logout
2026-03-02 04:48:04 INFO cache hit
2026-03-02 04:48:05 INFO user login ok
2026-03-02 04:48:09 INFO user login ok
2026-03-02 04:48:12 WARN request handled
2026-03-02 04:48:16 INFO user logout
2026-03-02 04:48:17 WARN user logout
2026-03-02 04:48:19 INFO user logout
2026-03-02 04:48:22 INFO disk usage high
2026-03-02 04:48:25 INFO user login ok
2026-03-02 04:48:26 INFO slow query detected
2026-03-02 04:48:28 INFO user logout
2026-03-02 04:48:30 ERROR cache miss
2026-03-02 04:48:31 INFO database timeout
2026-03-02 04:48:35 INFO cache miss
2026-03-02 04:48:36 INFO user login ok
2026-03-02 04:48:37 INFO cache miss
2026-03-02 04:48:41 INFO user login ok
2026-03-02 04:48:43 WARN slow query detected
2026-03-02 04:48:45 INFO disk usage high
2026-03-02 04:48:48 INFO background job finished
2026-03-02 04:48:49 INFO disk usage high
2026-03-02 04:48:51 INFO request handled
2026-03-02 04:48:53 INFO disk usage high
2026-03-02 04:48:57 INFO slow query detected
2026-03-02 04:48:59 INFO user login ok
2026-03-02 04:49:03 INFO request handled
2026-03-02 04:49:04 WARN slow query detected
2026-03-02 04:49:07 INFO user login ok
2026-03-02 04:49:11 WARN user login ok
2026-03-02 04:49:14 INFO connection reset by peer
2026-03-02 04:49:17 INFO cache hit
2026-03-02 04:49:20 INFO user login ok
2026-03-02 04:49:23 WARN user login ok
2026-03-02 04:49:25 INFO slow query detected
2026-03-02 04:49:28 INFO connection reset by peer
2026-03-02 04:49:31 INFO user login ok
2026-03-02 04:49:33 INFO user logout
2026-03-02 04:49:37 INFO user login ok
2026-03-02 04:49:40 WARN invalid token
2026-03-02 04:49:44 INFO user login ok
2026-03-02 04:49:45 INFO request handled
2026-03-02 04:49:47 INFO user login ok
2026-03-02 04:49:50 INFO user login ok
2026-03-02 04:49:51 INFO connection reset by peer
2026-03-02 04:49:54 INFO config reloaded
2026-03-02 04:49:58 INFO user login ok
2026-03-02 04:50:01 WARN user login ok
2026-03-02 04:50:02 INFO connection reset by peer
2026-03-02 04:50:05 WARN user login ok
2026-03-02 04:50:09 INFO database timeout
2026-03-02 04:50:13 INFO user login ok
2026-03-02 04:50:15 WARN user logout
2026-03-02 04:50:18 INFO cache hit
2026-03-02 04:50:22 INFO config reloaded
2026-03-02 04:50:24 INFO slow query detected
2026-03-02 04:50:28 INFO user logout
2026-03-02 04:50:32 INFO connection reset by peer
2026-03-02 04:50:35 INFO user login ok
2026-03-02 04:50:38 ERROR disk usage high
2026-03-02 04:50:42 INFO cache miss
2026-03-02 04:50:43 INFO cache miss
2026-03-02 04:50:45 INFO slow query detected
2026-03-02 04:50:47 WARN user login ok
2026-03-02 04:50:48 INFO background job finished
2026-03-02 04:50:51 INFO user login ok
2026-03-02 04:50:55 ERROR database timeout
2026-03-02 04:50:58 INFO user logout
2026-03-02 04:50:59 INFO background job finished
2026-03-02 04:51:00 INFO cache miss
2026-03-02 04:51:03 INFO database timeout
2026-03-02 04:51:04 INFO user login ok
2026-03-02 04:51:06 INFO user logout
2026-03-02 04:51:09 ERROR invalid token
2026-03-02 04:51:13 WARN invalid token
2026-03-02 04:51:17 INFO cache hit
2026-03-02 04:51:21 INFO cache miss
2026-03-02 04:51:24 INFO user logout
2026-03-02 04:51:28 INFO user login ok
2026-03-02 04:51:29 INFO background job finished
2026-03-02 04:51:31 INFO request handled
2026-03-02 04:51:34 INFO database timeout
2026-03-02 04:51:37 INFO user login ok
2026-03-02 04:51:38 INFO cache miss
2026-03-02 04:51:42 INFO slow query detected
2026-03-02 04:51:46 ERROR user logout
2026-03-02 04:51:47 WARN user logout
2026-03-02 04:51:50 INFO cache miss
2026-03-02 04:51:51 INFO request handled
2026-03-02 04:51:55 INFO background job finished
2026-03-02 04:51:58 INFO user logout
2026-03-02 04:52:01 INFO user login ok
2026-03-02 04:52:02 INFO user logout
2026-03-02 04:52:06 INFO slow query detected
2026-03-02 04:52:10 INFO invalid token
2026-03-02 04:52:12 INFO user logout
2026-03-02 04:52:16 INFO cache hit
2026-03-02 04:52:17 INFO user login ok
2026-03-02 04:52:21 INFO user login ok
2026-03-02 04:52:22 INFO request handled
2026-03-02 04:52:24 INFO user logout
2026-03-02 04:52:28 INFO user login ok
2026-03-02 04:52:32 INFO user login ok
2026-03-02 04:52:34 INFO disk usage high
2026-03-02 04:52:38 INFO user logout
2026-03-02 04:52:41 INFO cache hit
2026-03-02 04:52:44 INFO user login ok
2026-03-02 04:52:48 INFO user login ok
2026-03-02 04:52:52 INFO cache miss
2026-03-02 04:52:53 ERROR user login ok
2026-03-02 04:52:56 INFO background job finished
2026-03-02 04:52:59 INFO disk usage high
2026-03-02 04:53:00 INFO connection reset by peer
2026-03-02 04:53:04 WARN user logout
2026-03-02 04:53:05 WARN cache miss
2026-03-02 04:53:08 INFO invalid token
2026-03-02 04:53:10 WARN connection reset by peer
2026-03-02 04:53:13 INFO user login ok
2026-03-02 04:53:17 INFO user logout
2026-03-02 04:53:19 ERROR user login ok
### повреждённая строка ###
2026-03-02 04:53:21 INFO slow query detected
2026-03-02 04:53:25 INFO slow query detected
2026-03-02 04:53:29 WARN user login ok
2026-03-02 04:53:32 ERROR user login ok
2026-03-02 04:53:33 INFO user login ok
2026-03-02 04:53:34 INFO user login ok
2026-03-02 04:53:35 INFO user login ok
2026-03-02 04:53:39 INFO cache hit
2026-03-02 04:53:42 INFO cache miss
2026-03-02 04:53:43 INFO slow query detected
2026-03-02 04:53:45 INFO disk usage high
2026-03-02 04:53:46 INFO disk usage high
2026-03-02 04:53:48 INFO user login ok
### повреждённая строка ###
2026-03-02 04:53:52 INFO user login ok
2026-03-02 04:53:56 INFO cache hit
2026-03-02 04:53:59 INFO user logout
2026-03-02 04:54:01 INFO disk usage high
2026-03-02 04:54:02 INFO user login ok
2026-03-02 04:54:05 INFO user logout
2026-03-02 04:54:07 INFO request handled
2026-03-02 04:54:08 INFO cache miss
2026-03-02 04:54:12 INFO cache miss
2026-03-02 04:54:16 INFO user login ok
2026-03-02 04:54:20 INFO user logout
2026-03-02 04:54:23 INFO cache hit
2026-03-02 04:54:26 INFO connection reset by peer
2026-03-02 04:54:28 INFO user login ok
2026-03-02 04:54:29 INFO config reloaded
2026-03-02 04:54:30 WARN slow query detected
2026-03-02 04:54:34 WARN cache hit
2026-03-02 04:54:38 WARN cache hit
2026-03-02 04:54:40 INFO cache hit
2026-03-02 04:54:43 WARN database timeout
2026-03-02 04:54:44 INFO connection reset by peer
2026-03-02 04:54:47 INFO user login ok
2026-03-02 04:54:50 INFO user login ok
2026-03-02 04:54:53 INFO user login ok
2026-03-02 04:54:56 WARN user logout
2026-03-02 04:54:58 INFO user logout
2026-03-02 04:55:01 WARN user login ok
2026-03-02 04:55:03 INFO background job finished
2026-03-02 04:55:06 INFO connection reset by peer
2026-03-02 04:55:10 WARN background job finished
2026-03-02 04:55:14 WARN cache hit
2026-03-02 04:55:16 INFO disk usage high
2026-03-02 04:55:20 INFO request handled
2026-03-02 04:55:24 WARN request handled
2026-03-02 04:55:25 INFO cache miss
2026-03-02 04:55:27 INFO user login ok
2026-03-02 04:55:31 INFO user login ok
2026-03-02 04:55:35 INFO connection reset by peer
2026-03-02 04:55:36 ERROR user logout
2026-03-02 04:55:39 INFO user login ok
2026-03-02 04:55:40 INFO user login ok
2026-03-02 04:55:41 INFO user login ok
2026-03-02 04:55:44 WARN user login ok
2026-03-02 04:55:47 INFO user login ok
2026-03-02 04:55:49 INFO user logout
2026-03-02 04:55:53 WARN user login ok
2026-03-02 04:55:55 INFO cache miss
2026-03-02 04:55:58 INFO cache hit
2026-03-02 04:56:02 INFO disk usage high
2026-03-02 04:56:05 INFO connection reset by peer
2026-03-02 04:56:07 INFO user logout
2026-03-02 04:56:09 INFO disk usage high
2026-03-02 04:56:12 INFO background job finished
2026-03-02 04:56:13 WARN slow query detected
2026-03-02 04:56:17 INFO connection reset by peer
2026-03-02 04:56:20 WARN connection reset by peer
2026-03-02 04:56:23 ERROR request handled
2026-03-02 04:56:24 INFO background job finished
2026-03-02 04:56:27 INFO cache miss
2026-03-02 04:56:31 INFO cache hit
2026-03-02 04:56:32 INFO connection reset by peer
2026-03-02 04:56:35 INFO user logout
2026-03-02 04:56:37 INFO cache miss
2026-03-02 04:56:39 INFO connection reset by peer
2026-03-02 04:56:40 WARN user login ok
2026-03-02 04:56:41 INFO cache hit
2026-03-02 04:56:44 INFO cache miss
2026-03-02 04:56:47 INFO slow query detected
2026-03-02 04:56:48 INFO user logout
2026-03-02 04:56:51 INFO user logout
2026-03-02 04:56:53 INFO disk usage high
2026-03-02 04:56:55 INFO invalid token
2026-03-02 04:56:56 INFO disk usage high
2026-03-02 04:57:00 INFO request handled
2026-03-02 04:57:02 WARN disk usage high
2026-03-02 04:57:06 WARN cache miss
2026-03-02 04:57:09 INFO database timeout
2026-03-02 04:57:10 INFO invalid token
2026-03-02 04:57:12 INFO cache miss
2026-03-02 04:57:13 INFO database timeout
2026-03-02 04:57:15 INFO cache hit
2026-03-02 04:57:19 WARN user logout
2026-03-02 04:57:21 WARN user login ok
2026-03-02 04:57:24 INFO disk usage high
2026-03-02 04:57:25 INFO background job finished
2026-03-02 04:57:27 INFO cache hit
2026-03-02 04:57:28 INFO user login ok
2026-03-02 04:57:29 INFO user login ok
2026-03-02 04:57:32 INFO user login ok
2026-03-02 04:57:36 INFO user logout
2026-03-02 04:57:38 WARN slow query detected
2026-03-02 04:57:40 INFO database timeout
2026-03-02 04:57:43 INFO database timeout
2026-03-02 04:57:45 INFO user login ok
2026-03-02 04:57:48 INFO background job finished
2026-03-02 04:57:51 WARN user login ok
2026-03-02 04:57:55 INFO user logout
2026-03-02 04:57:59 INFO user login ok
2026-03-02 04:58:01 INFO user logout
2026-03-02 04:58:05 INFO user logout
2026-03-02 04:58:07 INFO background job finished
2026-03-02 04:58:11 WARN user login ok
2026-03-02 04:58:13 WARN background job finished
2026-03-02 04:58:14 INFO database timeout
2026-03-02 04:58:18 INFO disk usage high
2026-03-02 04:58:20 INFO user login ok
2026-03-02 04:58:23 ERROR user login ok
2026-03-02 04:58:25 INFO cache hit
2026-03-02 04:58:27 INFO user login ok
2026-03-02 04:58:30 ERROR slow query detected
2026-03-02 04:58:32 INFO background job finished
2026-03-02 04:58:35 INFO user login ok
2026-03-02 04:58:39 WARN background job finished
2026-03-02 04:58:40 WARN database timeout
2026-03-02 04:58:44 INFO config reloaded
2026-03-02 04:58:47 INFO invalid token
2026-03-02 04:58:50 WARN slow query detected
2026-03-02 04:58:53 INFO cache hit
2026-03-02 04:58:55 INFO disk usage high
2026-03-02 04:58:56 INFO request handled
2026-03-02 04:58:59 INFO user login ok
2026-03-02 04:59:02 INFO connection reset by peer
2026-03-02 04:59:06 INFO user login ok
2026-03-02 04:59:10 ERROR user login ok
2026-03-02 04:59:11 INFO user login ok
2026-03-02 04:59:14 INFO request handled
2026-03-02 04:59:17 INFO background job finished
2026-03-02 04:59:19 INFO background job finished
2026-03-02 04:59:22 WARN user login ok
2026-03-02 04:59:24 INFO request handled
2026-03-02 04:59:28 INFO user logout
2026-03-02 04:59:29 WARN cache hit
2026-03-02 04:59:30 INFO user login ok
2026-03-02 04:59:33 INFO cache hit
2026-03-02 04:59:36 INFO invalid token
2026-03-02 04:59:40 ERROR user login ok
2026-03-02 04:59:44 INFO user login ok
2026-03-02 04:59:46 INFO cache miss
2026-03-02 04:59:47 INFO user login ok
2026-03-02 04:59:50 INFO user login ok
2026-03-02 04:59:52 INFO user login ok
2026-03-02 04:59:54 INFO request handled
2026-03-02 04:59:56 INFO background job finished
2026-03-02 04:59:59 INFO cache miss
### повреждённая строка ###
2026-03-02 05:00:05 WARN request handled
2026-03-02 05:00:06 INFO connection reset by peer
2026-03-02 05:00:07 INFO connection reset by peer
2026-03-02 05:00:09 INFO cache miss
2026-03-02 05:00:10 INFO user login ok
2026-03-02 05:00:12 INFO config reloaded
2026-03-02 05:00:14 INFO user login ok
2026-03-02 05:00:15 INFO connection reset by peer
2026-03-02 05:00:16 INFO user logout
2026-03-02 05:00:17 INFO cache miss
2026-03-02 05:00:21 INFO cache miss
2026-03-02 05:00:24 WARN cache hit
2026-03-02 05:00:26 INFO user login ok
2026-03-02 05:00:30 INFO cache miss
2026-03-02 05:00:31 INFO user login ok
2026-03-02 05:00:35 ERROR user logout
2026-03-02 05:00:36 INFO user logout
2026-03-02 05:00:37 ERROR invalid token
2026-03-02 05:00:41 INFO slow query detected
2026-03-02 05:00:43 INFO user login ok
2026-03-02 05:00:47 INFO connection reset by peer
2026-03-02 05:00:49 INFO user login ok
2026-03-02 05:00:51 INFO invalid token
2026-03-02 05:00:54 INFO user login ok
2026-03-02 05:00:57 INFO user login ok
2026-03-02 05:00:58 INFO user login ok
2026-03-02 05:01:00 INFO request handled
2026-03-02 05:01:02 INFO user login ok
2026-03-02 05:01:06 INFO connection reset by peer
2026-03-02 05:01:07 INFO cache miss
2026-03-02 05:01:08 ERROR user login ok
2026-03-02 05:01:09 INFO user logout
2026-03-02 05:01:13 WARN user logout
2026-03-02 05:01:17 WARN user login ok
2026-03-02 05:01:21 WARN user login ok
2026-03-02 05:01:25 INFO request handled
2026-03-02 05:01:29 INFO user logout
2026-03-02 05:01:32 INFO database timeout
2026-03-02 05:01:35 WARN request handled
2026-03-02 05:01:39 INFO database timeout
2026-03-02 05:01:42 INFO background job finished
2026-03-02 05:01:43 INFO user login ok
2026-03-02 05:01:44 INFO database timeout
2026-03-02 05:01:47 INFO user logout
2026-03-02 05:01:48 WARN user login ok
2026-03-02 05:01:49 INFO config reloaded
2026-03-02 05:01:52 WARN cache hit
2026-03-02 05:01:56 INFO user login ok
2026-03-02 05:01:58 INFO cache hit
2026-03-02 05:02:00 ERROR cache hit
2026-03-02 05:02:04 INFO user login ok
2026-03-02 05:02:05 INFO disk usage high
2026-03-02 05:02:09 INFO connection reset by peer
2026-03-02 05:02:10 INFO cache hit
2026-03-02 05:02:11 INFO connection reset by peer
2026-03-02 05:02:14 ERROR request handled
2026-03-02 05:02:15 INFO request handled
2026-03-02 05:02:19 INFO user logout
2026-03-02 05:02:21 INFO invalid token
2026-03-02 05:02:23 INFO cache hit
2026-03-02 05:02:26 INFO config reloaded
2026-03-02 05:02:27 WARN user login ok
2026-03-02 05:02:31 INFO user login ok
2026-03-02 05:02:35 ERROR user login ok
2026-03-02 05:02:38 INFO disk usage high
2026-03-02 05:02:40 WARN cache hit
2026-03-02 05:02:41 INFO user login ok
2026-03-02 05:02:43 INFO cache hit
2026-03-02 05:02:44 INFO user login ok
2026-03-02 05:02:47 INFO user login ok
2026-03-02 05:02:49 INFO background job finished
2026-03-02 05:02:51 WARN slow query detected
2026-03-02 05:02:55 INFO cache hit
2026-03-02 05:02:59 INFO cache hit
2026-03-02 05:03:00 INFO cache miss
2026-03-02 05:03:03 INFO user login ok
2026-03-02 05:03:06 WARN user login ok
2026-03-02 05:03:10 INFO user login ok
2026-03-02 05:03:13 INFO cache hit
2026-03-02 05:03:15 INFO background job finished
2026-03-02 05:03:16 INFO cache miss
2026-03-02 05:03:20 INFO cache hit
2026-03-02 05:03:21 INFO user logout
2026-03-02 05:03:22 INFO cache miss
2026-03-02 05:03:23 INFO request handled
2026-03-02 05:03:25 INFO slow query detected
2026-03-02 05:03:27 INFO connection reset by peer
2026-03-02 05:03:30 ERROR user login ok
2026-03-02 05:03:34 INFO disk usage high
2026-03-02 05:03:37 INFO slow query detected
2026-03-02 05:03:39 INFO user logout
2026-03-02 05:03:42 INFO connection reset by peer
2026-03-02 05:03:46 INFO user login ok
2026-03-02 05:03:50 INFO user login ok
2026-03-02 05:03:54 INFO invalid token
2026-03-02 05:03:58 INFO user login ok
2026-03-02 05:04:00 INFO cache hit
2026-03-02 05:04:04 INFO user login ok
2026-03-02 05:04:07 INFO user logout
2026-03-02 05:04:11 INFO user login ok
2026-03-02 05:04:15 INFO request handled
2026-03-02 05:04:17 WARN request handled
2026-03-02 05:04:20 INFO config reloaded
2026-03-02 05:04:21 INFO user login ok
2026-03-02 05:04:25 INFO user login ok
2026-03-02 05:04:26 INFO user logout
2026-03-02 05:04:28 ERROR cache hit
2026-03-02 05:04:30 INFO slow query detected
2026-03-02 05:04:31 INFO user login ok
2026-03-02 05:04:34 INFO database timeout
2026-03-02 05:04:36 INFO background job finished
2026-03-02 05:04:38 INFO slow query detected
2026-03-02 05:04:41 ERROR config reloaded
2026-03-02 05:04:44 INFO slow query detected
2026-03-02 05:04:45 INFO request handled
2026-03-02 05:04:46 ERROR user login ok
2026-03-02 05:04:48 INFO user logout
2026-03-02 05:04:52 INFO config reloaded
2026-03-02 05:04:55 INFO cache miss
2026-03-02 05:04:59 INFO user logout
2026-03-02 05:05:00 INFO user login ok
2026-03-02 05:05:03 INFO slow query detected
2026-03-02 05:05:04 INFO invalid token
2026-03-02 05:05:07 ERROR user login ok
2026-03-02 05:05:09 INFO user login ok
2026-03-02 05:05:12 INFO slow query detected
2026-03-02 05:05:14 INFO user login ok
2026-03-02 05:05:17 INFO slow query detected
2026-03-02 05:05:18 INFO user login ok
2026-03-02 05:05:21 INFO disk usage high
2026-03-02 05:05:24 INFO invalid token
2026-03-02 05:05:26 INFO request handled
2026-03-02 05:05:28 INFO slow query detected
2026-03-02 05:05:31 INFO user logout
2026-03-02 05:05:34 INFO user logout
2026-03-02 05:05:38 WARN user login ok
2026-03-02 05:05:40 WARN user login ok
2026-03-02 05:05:41 WARN background job finished
2026-03-02 05:05:43 INFO cache miss
2026-03-02 05:05:44 INFO user logout
2026-03-02 05:05:46 INFO slow query detected
2026-03-02 05:05:48 INFO cache miss
2026-03-02 05:05:52 ERROR slow query detected
2026-03-02 05:05:55 WARN user login ok
2026-03-02 05:05:56 INFO user login ok
2026-03-02 05:05:57 INFO cache miss
2026-03-02 05:05:59 INFO config reloaded
2026-03-02 05:06:01 INFO user logout
2026-03-02 05:06:05 INFO cache miss
2026-03-02 05:06:09 INFO cache miss
2026-03-02 05:06:12 INFO user login ok
2026-03-02 05:06:16 INFO cache miss
2026-03-02 05:06:17 INFO user login ok
### повреждённая строка ###
2026-03-02 05:06:24 ERROR connection reset by peer
2026-03-02 05:06:27 INFO request handled
2026-03-02 05:06:29 WARN user login ok
2026-03-02 05:06:33 ERROR user login ok
2026-03-02 05:06:37 INFO database timeout
2026-03-02 05:06:38 WARN cache hit
2026-03-02 05:06:39 WARN config reloaded
2026-03-02 05:06:43 INFO user login ok
2026-03-02 05:06:46 INFO invalid token
2026-03-02 05:06:47 INFO user login ok
2026-03-02 05:06:51 INFO user login ok
2026-03-02 05:06:55 INFO user logout
2026-03-02 05:06:57 INFO connection reset by peer
2026-03-02 05:07:00 INFO slow query detected
2026-03-02 05:07:03 INFO disk usage high
2026-03-02 05:07:05 INFO connection reset by peer
2026-03-02 05:07:08 INFO user login ok
2026-03-02 05:07:11 WARN user login ok
2026-03-02 05:07:15 INFO slow query detected
2026-03-02 05:07:16 WARN slow query detected
2026-03-02 05:07:18 INFO connection reset by peer
2026-03-02 05:07:19 INFO cache hit
2026-03-02 05:07:22 WARN user login ok
2026-03-02 05:07:26 INFO invalid token
2026-03-02 05:07:30 INFO user login ok
2026-03-02 05:07:32 INFO background job finished
2026-03-02 05:07:36 WARN user login ok
2026-03-02 05:07:38 INFO config reloaded
2026-03-02 05:07:42 INFO background job finished
2026-03-02 05:07:44 INFO invalid token
2026-03-02 05:07:45 INFO invalid token
2026-03-02 05:07:48 INFO cache hit
2026-03-02 05:07:52 INFO disk usage high
2026-03-02 05:07:54 INFO cache miss
2026-03-02 05:07:56 INFO user logout
2026-03-02 05:07:57 INFO connection reset by peer
2026-03-02 05:08:01 INFO user login ok
2026-03-02 05:08:05 INFO user login ok
2026-03-02 05:08:08 INFO user login ok
2026-03-02 05:08:10 INFO invalid token
2026-03-02 05:08:12 INFO invalid token
2026-03-02 05:08:14 INFO database timeout
2026-03-02 05:08:15 INFO connection reset by peer
2026-03-02 05:08:17 INFO user logout
2026-03-02 05:08:19 INFO user login ok
2026-03-02 05:08:21 INFO user login ok
2026-03-02 05:08:25 INFO config reloaded
2026-03-02 05:08:28 WARN user login ok
2026-03-02 05:08:29 WARN user login ok
2026-03-02 05:08:33 INFO user logout
2026-03-02 05:08:34 INFO cache hit
2026-03-02 05:08:38 INFO user login ok
2026-03-02 05:08:42 INFO cache hit
2026-03-02 05:08:46 WARN user login ok
2026-03-02 05:08:50 INFO cache miss
2026-03-02 05:08:53 WARN cache miss
2026-03-02 05:08:57 INFO user logout
2026-03-02 05:09:01 INFO database timeout
2026-03-02 05:09:04 INFO cache hit
2026-03-02 05:09:07 INFO user logout
2026-03-02 05:09:08 INFO cache hit
2026-03-02 05:09:11 INFO invalid token
2026-03-02 05:09:15 INFO slow query detected
2026-03-02 05:09:16 INFO cache hit
2026-03-02 05:09:19 INFO user login ok
2026-03-02 05:09:21 WARN cache miss
2026-03-02 05:09:25 INFO cache miss
2026-03-02 05:09:29 INFO user logout
2026-03-02 05:09:30 INFO user login ok
2026-03-02 05:09:33 INFO disk usage high
2026-03-02 05:09:37 INFO cache hit
2026-03-02 05:09:38 INFO user login ok
2026-03-02 05:09:42 INFO user login ok
2026-03-02 05:09:43 INFO config reloaded
2026-03-02 05:09:47 INFO user login ok
2026-03-02 05:09:49 WARN request handled
2026-03-02 05:09:53 WARN cache hit
2026-03-02 05:09:57 INFO user login ok
2026-03-02 05:09:58 WARN user login ok
2026-03-02 05:09:59 INFO user login ok
2026-03-02 05:10:01 INFO cache hit
2026-03-02 05:10:05 INFO user login ok
2026-03-02 05:10:06 INFO background job finished
2026-03-02 05:10:07 INFO cache hit
2026-03-02 05:10:08 INFO user login ok
2026-03-02 05:10:12 INFO cache miss
2026-03-02 05:10:16 INFO user login ok
2026-03-02 05:10:20 INFO config reloaded
2026-03-02 05:10:23 INFO user login ok
2026-03-02 05:10:24 INFO database timeout
2026-03-02 05:10:26 INFO request handled
2026-03-02 05:10:27 INFO connection reset by peer
2026-03-02 05:10:30 INFO cache miss
2026-03-02 05:10:32 INFO user logout
2026-03-02 05:10:35 INFO user login ok
2026-03-02 05:10:38 WARN user login ok
2026-03-02 05:10:39 ERROR user login ok
2026-03-02 05:10:40 INFO user login ok
2026-03-02 05:10:42 INFO user login ok
2026-03-02 05:10:45 INFO connection reset by peer
2026-03-02 05:10:46 INFO config reloaded
2026-03-02 05:10:50 ERROR request handled
2026-03-02 05:10:52 INFO background job finished
2026-03-02 05:10:53 WARN disk usage high
2026-03-02 05:10:55 INFO user logout
2026-03-02 05:10:57 INFO user login ok
2026-03-02 05:11:01 INFO user login ok
2026-03-02 05:11:05 INFO user login ok
2026-03-02 05:11:08 INFO cache hit
2026-03-02 05:11:11 INFO user login ok
2026-03-02 05:11:12 INFO background job finished
2026-03-02 05:11:14 INFO cache miss
2026-03-02 05:11:15 INFO user login ok
2026-03-02 05:11:18 INFO user login ok
2026-03-02 05:11:21 WARN invalid token
2026-03-02 05:11:23 INFO disk usage high
2026-03-02 05:11:27 INFO database timeout
2026-03-02 05:11:28 INFO user login ok
2026-03-02 05:11:32 INFO user login ok
2026-03-02 05:11:33 INFO invalid token
2026-03-02 05:11:36 INFO user login ok
2026-03-02 05:11:37 INFO cache miss
2026-03-02 05:11:38 INFO user login ok
2026-03-02 05:11:39 INFO user login ok
2026-03-02 05:11:43 INFO user login ok
2026-03-02 05:11:46 INFO config reloaded
2026-03-02 05:11:48 INFO database timeout
2026-03-02 05:11:49 INFO background job finished
2026-03-02 05:11:50 WARN request handled
### повреждённая строка ###
2026-03-02 05:11:54 WARN user login ok
2026-03-02 05:11:56 INFO user login ok
2026-03-02 05:12:00 INFO request handled
2026-03-02 05:12:03 INFO user login ok
2026-03-02 05:12:05 INFO invalid token
2026-03-02 05:12:06 INFO invalid token
2026-03-02 05:12:07 WARN database timeout
2026-03-02 05:12:09 INFO user login ok
2026-03-02 05:12:11 INFO user login ok
2026-03-02 05:12:12 INFO request handled
2026-03-02 05:12:15 INFO user login ok
2026-03-02 05:12:19 WARN request handled
2026-03-02 05:12:23 INFO slow query detected
2026-03-02 05:12:26 WARN user logout
2026-03-02 05:12:30 INFO user login ok
2026-03-02 05:12:31 INFO cache hit
2026-03-02 05:12:34 INFO cache miss
2026-03-02 05:12:37 INFO cache miss
2026-03-02 05:12:39 WARN user login ok
2026-03-02 05:12:40 INFO database timeout
2026-03-02 05:12:44 INFO config reloaded
2026-03-02 05:12:48 INFO cache miss
2026-03-02 05:12:50 INFO user logout
2026-03-02 05:12:52 INFO user logout
2026-03-02 05:12:56 ERROR user login ok
2026-03-02 05:12:57 INFO user login ok
2026-03-02 05:13:00 WARN user login ok
2026-03-02 05:13:02 ERROR invalid token
2026-03-02 05:13:06 INFO user login ok
2026-03-02 05:13:09 INFO user login ok
2026-03-02 05:13:11 INFO user login ok
2026-03-02 05:13:13 INFO background job finished
2026-03-02 05:13:14 INFO user logout
2026-03-02 05:13:16 INFO background job finished
2026-03-02 05:13:19 INFO user login ok
2026-03-02 05:13:20 INFO user login ok
2026-03-02 05:13:22 WARN config reloaded
2026-03-02 05:13:25 INFO user logout
2026-03-02 05:13:27 INFO user login ok
2026-03-02 05:13:31 INFO slow query detected
2026-03-02 05:13:35 INFO user login ok
2026-03-02 05:13:38 INFO cache hit
2026-03-02 05:13:40 WARN database timeout
2026-03-02 05:13:44 ERROR user login ok
2026-03-02 05:13:46 INFO user login ok
2026-03-02 05:13:48 INFO invalid token
2026-03-02 05:13:50 INFO slow query detected
2026-03-02 05:13:52 ERROR cache hit
2026-03-02 05:13:55 INFO background job finished
2026-03-02 05:13:59 INFO cache hit
2026-03-02 05:14:02 INFO cache hit
2026-03-02 05:14:04 INFO user login ok
2026-03-02 05:14:05 INFO user logout
2026-03-02 05:14:06 INFO disk usage high
2026-03-02 05:14:08 INFO user login ok
2026-03-02 05:14:12 WARN user login ok
2026-03-02 05:14:15 INFO cache hit
2026-03-02 05:14:17 WARN background job finished
2026-03-02 05:14:20 INFO user logout
2026-03-02 05:14:21 INFO cache hit
2026-03-02 05:14:25 INFO user logout
2026-03-02 05:14:29 INFO connection reset by peer
2026-03-02 05:14:32 INFO user login ok
2026-03-02 05:14:35 INFO cache hit
2026-03-02 05:14:39 INFO connection reset by peer
2026-03-02 05:14:42 INFO user login ok
2026-03-02 05:14:44 ERROR request handled
2026-03-02 05:14:47 INFO cache hit
2026-03-02 05:14:51 INFO user login ok
2026-03-02 05:14:52 INFO background job finished
2026-03-02 05:14:55 INFO cache hit
2026-03-02 05:14:59 WARN user login ok
2026-03-02 05:15:01 INFO user login ok
2026-03-02 05:15:02 INFO cache hit
2026-03-02 05:15:04 INFO invalid token
2026-03-02 05:15:05 INFO config reloaded
2026-03-02 05:15:06 INFO user login ok
2026-03-02 05:15:09 INFO user logout
2026-03-02 05:15:12 INFO user logout
2026-03-02 05:15:14 INFO user login ok
2026-03-02 05:15:15 INFO user login ok
2026-03-02 05:15:18 INFO invalid token
2026-03-02 05:15:22 INFO request handled
2026-03-02 05:15:23 INFO cache hit
2026-03-02 05:15:25 INFO user login ok
2026-03-02 05:15:28 ERROR background job finished
2026-03-02 05:15:29 INFO database timeout
2026-03-02 05:15:30 ERROR user logout
2026-03-02 05:15:33 INFO user logout
2026-03-02 05:15:35 INFO database timeout
2026-03-02 05:15:36 INFO cache miss
2026-03-02 05:15:40 WARN disk usage high
2026-03-02 05:15:43 INFO request handled
2026-03-02 05:15:47 INFO request handled
2026-03-02 05:15:49 INFO cache hit
2026-03-02 05:15:51 INFO request handled
2026-03-02 05:15:54 INFO slow query detected
2026-03-02 05:15:58 ERROR user login ok
2026-03-02 05:16:01 WARN config reloaded
2026-03-02 05:16:03 INFO user logout
2026-03-02 05:16:06 INFO invalid token
2026-03-02 05:16:09 INFO user login ok
2026-03-02 05:16:11 INFO user logout
2026-03-02 05:16:13 INFO cache hit
2026-03-02 05:16:14 INFO cache miss
2026-03-02 05:16:16 INFO request handled
2026-03-02 05:16:18 INFO disk usage high
2026-03-02 05:16:22 INFO cache hit
2026-03-02 05:16:26 INFO user logout
2026-03-02 05:16:28 INFO user login ok
2026-03-02 05:16:30 INFO request handled
2026-03-02 05:16:34 WARN connection reset by peer
2026-03-02 05:16:35 INFO config reloaded
2026-03-02 05:16:36 INFO user login ok
2026-03-02 05:16:39 INFO cache miss
2026-03-02 05:16:42 INFO user login ok
2026-03-02 05:16:43 INFO config reloaded
2026-03-02 05:16:46 WARN connection reset by peer
2026-03-02 05:16:49 INFO disk usage high
2026-03-02 05:16:52 INFO slow query detected
2026-03-02 05:16:56 INFO cache hit
2026-03-02 05:17:00 INFO connection reset by peer
2026-03-02 05:17:04 INFO connection reset by peer
2026-03-02 05:17:06 INFO user login ok
2026-03-02 05:17:10 INFO user login ok
2026-03-02 05:17:14 INFO cache hit
2026-03-02 05:17:17 INFO user login ok
2026-03-02 05:17:21 INFO user login ok
2026-03-02 05:17:23 INFO user login ok
2026-03-02 05:17:27 WARN user login ok
2026-03-02 05:17:30 INFO connection reset by peer
2026-03-02 05:17:31 INFO user login ok
2026-03-02 05:17:32 INFO background job finished
2026-03-02 05:17:36 INFO user login ok
2026-03-02 05:17:39 INFO request handled
2026-03-02 05:17:41 INFO user logout
2026-03-02 05:17:44 WARN cache miss
2026-03-02 05:17:48 INFO cache miss
2026-03-02 05:17:49 INFO user login ok
2026-03-02 05:17:50 ERROR cache hit
2026-03-02 05:17:54 INFO invalid token
2026-03-02 05:17:55 INFO request handled
2026-03-02 05:17:57 INFO user logout
2026-03-02 05:17:59 INFO config reloaded
2026-03-02 05:18:03 INFO cache hit
2026-03-02 05:18:04 INFO user login ok
2026-03-02 05:18:08 INFO database timeout
2026-03-02 05:18:10 INFO slow query detected
2026-03-02 05:18:11 INFO invalid token
2026-03-02 05:18:13 WARN user login ok
2026-03-02 05:18:14 INFO database timeout
2026-03-02 05:18:17 WARN user login ok
2026-03-02 05:18:20 INFO config reloaded
2026-03-02 05:18:24 INFO cache miss
2026-03-02 05:18:25 INFO user logout
2026-03-02 05:18:28 INFO user logout
2026-03-02 05:18:30 WARN cache miss
2026-03-02 05:18:31 INFO user logout
2026-03-02 05:18:35 INFO config reloaded
2026-03-02 05:18:39 ERROR user login ok
2026-03-02 05:18:41 INFO user login ok
2026-03-02 05:18:42 INFO cache miss
2026-03-02 05:18:43 INFO database timeout
2026-03-02 05:18:45 WARN user login ok
2026-03-02 05:18:48 INFO cache hit
2026-03-02 05:18:51 INFO database timeout
2026-03-02 05:18:54 INFO cache miss
2026-03-02 05:18:57 INFO cache miss
2026-03-02 05:19:01 INFO user login ok
2026-03-02 05:19:02 INFO user login ok
2026-03-02 05:19:03 INFO cache miss
### повреждённая строка ###
2026-03-02 05:19:09 INFO request handled
2026-03-02 05:19:11 INFO user logout
2026-03-02 05:19:14 INFO database timeout
2026-03-02 05:19:17 INFO user logout
2026-03-02 05:19:21 INFO user login ok
2026-03-02 05:19:23 WARN cache hit
2026-03-02 05:19:25 INFO config reloaded
### повреждённая строка ###
2026-03-02 05:19:31 INFO cache miss
2026-03-02 05:19:32 WARN user logout
2026-03-02 05:19:35 INFO user login ok
2026-03-02 05:19:36 INFO background job finished
2026-03-02 05:19:39 ERROR user logout
2026-03-02 05:19:41 INFO request handled
2026-03-02 05:19:45 WARN user login ok
2026-03-02 05:19:47 INFO cache miss
2026-03-02 05:19:51 INFO config reloaded
2026-03-02 05:19:52 INFO database timeout
2026-03-02 05:19:53 INFO user login ok
2026-03-02 05:19:56 WARN user login ok
2026-03-02 05:19:58 INFO disk usage high
2026-03-02 05:20:02 INFO user login ok
2026-03-02 05:20:06 INFO user login ok
2026-03-02 05:20:09 INFO config reloaded
2026-03-02 05:20:11 INFO user login ok
2026-03-02 05:20:15 INFO user logout
2026-03-02 05:20:17 INFO user login ok
2026-03-02 05:20:18 INFO database timeout
2026-03-02 05:20:21 ERROR cache miss
2026-03-02 05:20:24 WARN connection reset by peer
2026-03-02 05:20:28 INFO user login ok
2026-03-02 05:20:31 INFO user logout
2026-03-02 05:20:35 INFO connection reset by peer
2026-03-02 05:20:39 INFO config reloaded
2026-03-02 05:20:40 INFO user logout
2026-03-02 05:20:43 INFO cache hit
2026-03-02 05:20:44 WARN cache hit
2026-03-02 05:20:46 ERROR user login ok
2026-03-02 05:20:49 INFO cache hit
2026-03-02 05:20:50 INFO config reloaded
2026-03-02 05:20:52 INFO background job finished
2026-03-02 05:20:56 INFO slow query detected
2026-03-02 05:20:58 WARN connection reset by peer
2026-03-02 05:21:02 INFO cache miss
2026-03-02 05:21:03 INFO disk usage high
2026-03-02 05:21:05 INFO user logout
2026-03-02 05:21:07 INFO database timeout
2026-03-02 05:21:09 WARN slow query detected
2026-03-02 05:21:10 INFO user login ok
2026-03-02 05:21:13 INFO user login ok
2026-03-02 05:21:14 INFO disk usage high
2026-03-02 05:21:15 INFO cache miss
2026-03-02 05:21:18 WARN slow query detected
2026-03-02 05:21:22 ERROR user logout
2026-03-02 05:21:25 INFO user login ok
2026-03-02 05:21:29 ERROR user logout
2026-03-02 05:21:32 INFO cache hit
2026-03-02 05:21:35 ERROR user login ok
2026-03-02 05:21:36 INFO slow query detected
2026-03-02 05:21:38 INFO request handled
2026-03-02 05:21:39 INFO disk usage high
2026-03-02 05:21:42 INFO slow query detected
2026-03-02 05:21:43 INFO slow query detected
2026-03-02 05:21:45 INFO config reloaded
2026-03-02 05:21:48 INFO invalid token
2026-03-02 05:21:50 WARN request handled
2026-03-02 05:21:53 INFO request handled
2026-03-02 05:21:55 INFO background job finished
2026-03-02 05:21:56 INFO user logout
2026-03-02 05:21:59 INFO user login ok
2026-03-02 05:22:03 WARN user login ok
2026-03-02 05:22:07 INFO user login ok
2026-03-02 05:22:08 INFO background job finished
2026-03-02 05:22:10 INFO user login ok
2026-03-02 05:22:14 WARN slow query detected
2026-03-02 05:22:16 WARN connection reset by peer
2026-03-02 05:22:17 INFO connection reset by peer
2026-03-02 05:22:18 INFO disk usage high
2026-03-02 05:22:20 INFO user login ok
2026-03-02 05:22:23 INFO user logout
2026-03-02 05:22:24 INFO user login ok
2026-03-02 05:22:27 INFO user login ok
2026-03-02 05:22:29 INFO user logout
2026-03-02 05:22:32 INFO cache hit
2026-03-02 05:22:34 INFO cache hit
2026-03-02 05:22:36 WARN cache hit
2026-03-02 05:22:38 INFO config reloaded
2026-03-02 05:22:39 INFO user logout
2026-03-02 05:22:42 WARN connection reset by peer
2026-03-02 05:22:43 INFO user login ok
2026-03-02 05:22:47 WARN database timeout
2026-03-02 05:22:50 INFO slow query detected
2026-03-02 05:22:51 INFO connection reset by peer
2026-03-02 05:22:53 INFO config reloaded
2026-03-02 05:22:54 INFO config reloaded
2026-03-02 05:22:57 INFO cache miss
2026-03-02 05:22:59 INFO user login ok
2026-03-02 05:23:01 WARN user login ok
2026-03-02 05:23:03 INFO background job finished
2026-03-02 05:23:06 INFO cache miss
2026-03-02 05:23:07 INFO user login ok
2026-03-02 05:23:11 INFO user logout
2026-03-02 05:23:13 INFO user login ok
2026-03-02 05:23:14 WARN request handled
2026-03-02 05:23:15 INFO cache hit
2026-03-02 05:23:16 INFO user logout
2026-03-02 05:23:18 INFO cache hit
2026-03-02 05:23:20 INFO config reloaded
2026-03-02 05:23:23 ERROR database timeout
2026-03-02 05:23:24 INFO user logout
2026-03-02 05:23:26 INFO cache miss
2026-03-02 05:23:29 INFO disk usage high
2026-03-02 05:23:30 INFO config reloaded
2026-03-02 05:23:34 INFO config reloaded
2026-03-02 05:23:37 WARN background job finished
2026-03-02 05:23:41 INFO cache miss
2026-03-02 05:23:43 INFO user logout
2026-03-02 05:23:44 INFO config reloaded
2026-03-02 05:23:45 WARN user login ok
2026-03-02 05:23:46 INFO connection reset by peer
2026-03-02 05:23:49 INFO user login ok
2026-03-02 05:23:50 INFO user login ok
2026-03-02 05:23:51 INFO user logout
2026-03-02 05:23:52 INFO user login ok
2026-03-02 05:23:56 INFO user logout
### повреждённая строка ###
2026-03-02 05:23:59 INFO user login ok
2026-03-02 05:24:01 INFO user login ok
2026-03-02 05:24:03 INFO user login ok
2026-03-02 05:24:06 WARN user login ok
2026-03-02 05:24:07 INFO user login ok
2026-03-02 05:24:08 INFO user login ok
2026-03-02 05:24:12 INFO disk usage high
2026-03-02 05:24:16 INFO database timeout
2026-03-02 05:24:17 INFO user logout
2026-03-02 05:24:18 INFO user login ok
2026-03-02 05:24:21 INFO config reloaded
2026-03-02 05:24:22 INFO request handled
2026-03-02 05:24:23 INFO user login ok
2026-03-02 05:24:24 INFO cache miss
2026-03-02 05:24:28 INFO request handled
2026-03-02 05:24:30 INFO user login ok
2026-03-02 05:24:32 INFO config reloaded
2026-03-02 05:24:36 WARN user logout
2026-03-02 05:24:39 INFO user logout
2026-03-02 05:24:40 INFO cache hit
2026-03-02 05:24:43 ERROR user login ok
2026-03-02 05:24:47 INFO user login ok
2026-03-02 05:24:51 INFO user login ok
2026-03-02 05:24:55 INFO cache hit
2026-03-02 05:24:57 INFO user login ok
2026-03-02 05:25:00 INFO background job finished
2026-03-02 05:25:01 WARN user login ok
2026-03-02 05:25:03 ERROR slow query detected
2026-03-02 05:25:04 INFO user login ok
2026-03-02 05:25:07 WARN user logout
2026-03-02 05:25:10 INFO disk usage high
2026-03-02 05:25:12 INFO user login ok
2026-03-02 05:25:16 INFO invalid token
2026-03-02 05:25:20 INFO user login ok
2026-03-02 05:25:22 INFO slow query detected
2026-03-02 05:25:23 INFO background job finished
2026-03-02 05:25:24 ERROR connection reset by peer
2026-03-02 05:25:25 INFO database timeout
2026-03-02 05:25:27 INFO cache hit
2026-03-02 05:25:28 WARN slow query detected
2026-03-02 05:25:32 ERROR user login ok
2026-03-02 05:25:34 INFO user login ok
2026-03-02 05:25:37 INFO cache hit
2026-03-02 05:25:40 INFO connection reset by peer
2026-03-02 05:25:43 INFO user login ok
2026-03-02 05:25:44 INFO database timeout
2026-03-02 05:25:46 INFO user logout
2026-03-02 05:25:48 INFO user login ok
2026-03-02 05:25:50 INFO database timeout
2026-03-02 05:25:53 INFO user login ok
2026-03-02 05:25:56 INFO connection reset by peer
2026-03-02 05:25:59 INFO user login ok
2026-03-02 05:26:01 WARN user login ok
2026-03-02 05:26:03 WARN user login ok
2026-03-02 05:26:04 INFO cache hit
2026-03-02 05:26:06 WARN config reloaded
2026-03-02 05:26:07 INFO cache miss
2026-03-02 05:26:10 INFO user login ok
2026-03-02 05:26:14 INFO user login ok
2026-03-02 05:26:18 INFO user login ok
2026-03-02 05:26:22 INFO connection reset by peer
2026-03-02 05:26:26 INFO user logout
2026-03-02 05:26:30 INFO disk usage high
2026-03-02 05:26:32 WARN cache hit
2026-03-02 05:26:34 WARN database timeout
2026-03-02 05:26:36 WARN user login ok
2026-03-02 05:26:39 INFO request handled
2026-03-02 05:26:43 INFO user login ok
2026-03-02 05:26:47 INFO cache hit
2026-03-02 05:26:51 WARN disk usage high
2026-03-02 05:26:55 ERROR user login ok
2026-03-02 05:26:59 INFO user logout
2026-03-02 05:27:01 INFO invalid token
2026-03-02 05:27:05 INFO disk usage high
2026-03-02 05:27:07 WARN user login ok
2026-03-02 05:27:11 INFO user login ok
2026-03-02 05:27:12 INFO disk usage high
2026-03-02 05:27:13 INFO request handled
2026-03-02 05:27:16 ERROR cache hit
2026-03-02 05:27:17 INFO database timeout
2026-03-02 05:27:21 INFO user login ok
2026-03-02 05:27:22 INFO slow query detected
2026-03-02 05:27:24 INFO cache miss
2026-03-02 05:27:26 INFO background job finished
2026-03-02 05:27:29 INFO disk usage high
2026-03-02 05:27:32 WARN disk usage high
2026-03-02 05:27:35 WARN user logout
2026-03-02 05:27:38 INFO user login ok
2026-03-02 05:27:41 INFO invalid token
2026-03-02 05:27:44 WARN user login ok
2026-03-02 05:27:47 WARN background job finished
2026-03-02 05:27:51 INFO request handled
2026-03-02 05:27:53 INFO user login ok
2026-03-02 05:27:55 INFO slow query detected
2026-03-02 05:27:57 INFO user logout
2026-03-02 05:28:01 INFO cache hit
2026-03-02 05:28:02 INFO user login ok
2026-03-02 05:28:05 INFO user login ok
2026-03-02 05:28:07 INFO user login ok
2026-03-02 05:28:08 INFO background job finished
2026-03-02 05:28:11 INFO user logout
2026-03-02 05:28:14 INFO cache miss
2026-03-02 05:28:17 INFO user login ok
2026-03-02 05:28:20 INFO user logout
2026-03-02 05:28:21 WARN disk usage high
2026-03-02 05:28:22 INFO user login ok
2026-03-02 05:28:25 WARN user login ok
2026-03-02 05:28:28 ERROR user login ok
2026-03-02 05:28:32 INFO user login ok
2026-03-02 05:28:33 WARN user login ok
2026-03-02 05:28:35 INFO user login ok
2026-03-02 05:28:37 INFO disk usage high
2026-03-02 05:28:38 INFO invalid token
2026-03-02 05:28:39 WARN invalid token
2026-03-02 05:28:42 WARN user logout
2026-03-02 05:28:43 INFO cache hit
2026-03-02 05:28:46 ERROR user login ok
2026-03-02 05:28:49 INFO cache hit
2026-03-02 05:28:50 INFO user login ok
2026-03-02 05:28:52 WARN user login ok
2026-03-02 05:28:53 INFO background job finished
### повреждённая строка ###
2026-03-02 05:28:56 INFO user logout
2026-03-02 05:28:58 INFO request handled
2026-03-02 05:29:02 INFO user login ok
2026-03-02 05:29:04 WARN connection reset by peer
2026-03-02 05:29:07 INFO user logout
2026-03-02 05:29:10 WARN connection reset by peer
2026-03-02 05:29:12 INFO config reloaded
2026-03-02 05:29:14 WARN request handled
2026-03-02 05:29:16 WARN user login ok
2026-03-02 05:29:18 INFO user login ok
2026-03-02 05:29:19 INFO user logout
2026-03-02 05:29:22 INFO user logout
2026-03-02 05:29:25 INFO user login ok
2026-03-02 05:29:28 WARN connection reset by peer
2026-03-02 05:29:31 INFO disk usage high
2026-03-02 05:29:34 INFO user login ok
2026-03-02 05:29:37 INFO user logout
2026-03-02 05:29:41 INFO user login ok
2026-03-02 05:29:44 INFO user login ok
2026-03-02 05:29:47 INFO invalid token
2026-03-02 05:29:50 INFO cache hit
2026-03-02 05:29:53 INFO user login ok
2026-03-02 05:29:57 INFO cache hit
2026-03-02 05:29:59 WARN user login ok
2026-03-02 05:30:03 WARN connection reset by peer
2026-03-02 05:30:07 INFO user login ok
2026-03-02 05:30:10 INFO config reloaded
2026-03-02 05:30:11 INFO database timeout
2026-03-02 05:30:15 INFO background job finished
2026-03-02 05:30:17 WARN user login ok
2026-03-02 05:30:18 INFO user logout
2026-03-02 05:30:22 INFO background job finished
2026-03-02 05:30:26 INFO background job finished
2026-03-02 05:30:29 WARN cache miss
2026-03-02 05:30:31 WARN user logout
2026-03-02 05:30:34 INFO user login ok
2026-03-02 05:30:37 ERROR user login ok
2026-03-02 05:30:40 INFO disk usage high
2026-03-02 05:30:41 INFO request handled
2026-03-02 05:30:44 INFO connection reset by peer
2026-03-02 05:30:46 INFO cache hit
2026-03-02 05:30:48 INFO cache miss
2026-03-02 05:30:51 INFO database timeout
2026-03-02 05:30:52 ERROR user logout
2026-03-02 05:30:55 INFO user login ok
2026-03-02 05:30:57 INFO slow query detected
2026-03-02 05:31:01 INFO config reloaded
2026-03-02 05:31:02 INFO slow query detected
2026-03-02 05:31:05 INFO user login ok
2026-03-02 05:31:08 INFO cache miss
2026-03-02 05:31:11 INFO cache miss
2026-03-02 05:31:13 INFO config reloaded
2026-03-02 05:31:16 INFO database timeout
2026-03-02 05:31:18 INFO cache miss
2026-03-02 05:31:21 INFO user login ok
2026-03-02 05:31:25 INFO config reloaded
2026-03-02 05:31:26 ERROR user login ok
2026-03-02 05:31:29 ERROR config reloaded
2026-03-02 05:31:31 INFO request handled
2026-03-02 05:31:32 INFO user login ok
2026-03-02 05:31:35 WARN cache miss
2026-03-02 05:31:37 INFO slow query detected
2026-03-02 05:31:40 INFO cache miss
2026-03-02 05:31:43 INFO config reloaded
2026-03-02 05:31:47 INFO user login ok
2026-03-02 05:31:50 INFO user logout
2026-03-02 05:31:51 INFO user login ok
2026-03-02 05:31:52 INFO slow query detected
2026-03-02 05:31:54 WARN cache hit
2026-03-02 05:31:57 WARN slow query detected
2026-03-02 05:32:00 INFO cache hit
2026-03-02 05:32:02 WARN connection reset by peer
2026-03-02 05:32:03 INFO cache hit
2026-03-02 05:32:06 INFO cache hit
2026-03-02 05:32:09 INFO cache miss
2026-03-02 05:32:11 INFO cache hit
2026-03-02 05:32:15 ERROR user login ok
2026-03-02 05:32:17 INFO user logout
2026-03-02 05:32:18 INFO database timeout
2026-03-02 05:32:20 INFO invalid token
2026-03-02 05:32:23 INFO user login ok
2026-03-02 05:32:24 INFO connection reset by peer
2026-03-02 05:32:26 INFO cache hit
2026-03-02 05:32:27 INFO user logout
2026-03-02 05:32:28 INFO user login ok
2026-03-02 05:32:29 INFO user login ok
2026-03-02 05:32:32 INFO cache hit
2026-03-02 05:32:34 INFO user login ok
2026-03-02 05:32:38 INFO cache miss
2026-03-02 05:32:42 INFO connection reset by peer
2026-03-02 05:32:46 INFO user logout
2026-03-02 05:32:50 ERROR cache hit
2026-03-02 05:32:52 INFO user login ok
2026-03-02 05:32:55 WARN slow query detected
2026-03-02 05:32:59 INFO database timeout
2026-03-02 05:33:01 INFO user login ok
2026-03-02 05:33:03 INFO slow query detected
2026-03-02 05:33:06 INFO user logout
### повреждённая строка ###
2026-03-02 05:33:09 INFO cache miss
2026-03-02 05:33:11 INFO user login ok
2026-03-02 05:33:12 INFO user login ok
2026-03-02 05:33:13 INFO cache miss
2026-03-02 05:33:17 WARN user login ok
2026-03-02 05:33:19 INFO user login ok
2026-03-02 05:33:23 INFO disk usage high
2026-03-02 05:33:25 INFO user login ok
2026-03-02 05:33:28 WARN user login ok
2026-03-02 05:33:29 INFO disk usage high
2026-03-02 05:33:31 WARN connection reset by peer
2026-03-02 05:33:33 INFO cache miss
2026-03-02 05:33:35 INFO user login ok
2026-03-02 05:33:39 INFO connection reset by peer
2026-03-02 05:33:40 INFO cache hit
2026-03-02 05:33:42 WARN background job finished
2026-03-02 05:33:43 INFO slow query detected
2026-03-02 05:33:44 INFO user login ok
2026-03-02 05:33:47 INFO user login ok
2026-03-02 05:33:50 WARN config reloaded
2026-03-02 05:33:51 INFO user login ok
2026-03-02 05:33:52 INFO connection reset by peer
2026-03-02 05:33:53 WARN cache miss
2026-03-02 05:33:56 INFO user login ok
2026-03-02 05:33:57 INFO request handled
2026-03-02 05:33:58 INFO user login ok
2026-03-02 05:34:02 INFO user login ok
2026-03-02 05:34:04 INFO user login ok
2026-03-02 05:34:07 INFO user login ok
2026-03-02 05:34:10 INFO user login ok
2026-03-02 05:34:12 INFO user login ok
2026-03-02 05:34:15 INFO slow query detected
2026-03-02 05:34:16 INFO user login ok
2026-03-02 05:34:18 INFO background job finished
2026-03-02 05:34:20 INFO cache hit
2026-03-02 05:34:23 INFO database timeout
2026-03-02 05:34:24 INFO cache hit
2026-03-02 05:34:28 WARN cache hit
2026-03-02 05:34:29 INFO user login ok
2026-03-02 05:34:31 INFO cache hit
2026-03-02 05:34:32 INFO request handled
2026-03-02 05:34:33 INFO user logout
2026-03-02 05:34:36 INFO database timeout
2026-03-02 05:34:39 INFO database timeout
2026-03-02 05:34:43 INFO connection reset by peer
2026-03-02 05:34:46 INFO user login ok
2026-03-02 05:34:47 ERROR config reloaded
2026-03-02 05:34:50 INFO user login ok
2026-03-02 05:34:51 ERROR user logout
2026-03-02 05:34:54 INFO user login ok
2026-03-02 05:34:58 INFO cache hit
2026-03-02 05:35:00 INFO user logout
2026-03-02 05:35:04 INFO user login ok
2026-03-02 05:35:05 INFO connection reset by peer
2026-03-02 05:35:08 INFO config reloaded
2026-03-02 05:35:10 INFO user login ok
2026-03-02 05:35:13 INFO user login ok
2026-03-02 05:35:16 INFO invalid token
2026-03-02 05:35:17 INFO config reloaded
2026-03-02 05:35:20 INFO user logout
2026-03-02 05:35:24 INFO user login ok
2026-03-02 05:35:28 INFO cache hit
2026-03-02 05:35:29 INFO user login ok
2026-03-02 05:35:31 INFO user login ok
2026-03-02 05:35:35 INFO user login ok
2026-03-02 05:35:37 INFO user login ok
2026-03-02 05:35:38 INFO background job finished
2026-03-02 05:35:40 WARN connection reset by peer
2026-03-02 05:35:43 INFO request handled
2026-03-02 05:35:45 INFO user login ok
2026-03-02 05:35:49 ERROR connection reset by peer
2026-03-02 05:35:51 INFO user login ok
2026-03-02 05:35:52 WARN user login ok
2026-03-02 05:35:56 INFO cache hit
2026-03-02 05:35:58 WARN cache hit
2026-03-02 05:35:59 INFO user login ok
2026-03-02 05:36:01 INFO cache miss
2026-03-02 05:36:05 WARN request handled
2026-03-02 05:36:08 INFO request handled
2026-03-02 05:36:12 INFO user login ok
2026-03-02 05:36:14 INFO request handled
2026-03-02 05:36:16 INFO user login ok
2026-03-02 05:36:17 INFO user login ok
2026-03-02 05:36:18 INFO cache miss
2026-03-02 05:36:22 INFO disk usage high
2026-03-02 05:36:26 WARN connection reset by peer
2026-03-02 05:36:29 INFO cache hit
2026-03-02 05:36:32 INFO user login ok
2026-03-02 05:36:33 WARN cache hit
2026-03-02 05:36:34 INFO cache miss
2026-03-02 05:36:38 ERROR disk usage high
2026-03-02 05:36:39 INFO user logout
2026-03-02 05:36:41 INFO user logout
2026-03-02 05:36:44 INFO user login ok
2026-03-02 05:36:47 WARN database timeout
2026-03-02 05:36:49 INFO user login ok
2026-03-02 05:36:53 INFO disk usage high
2026-03-02 05:36:56 INFO config reloaded
2026-03-02 05:36:57 INFO cache miss
2026-03-02 05:36:59 INFO database timeout
2026-03-02 05:37:00 INFO cache hit
2026-03-02 05:37:01 INFO user logout
2026-03-02 05:37:05 INFO user login ok
2026-03-02 05:37:07 WARN cache hit
2026-03-02 05:37:08 INFO user login ok
2026-03-02 05:37:09 INFO disk usage high
2026-03-02 05:37:13 ERROR user login ok
2026-03-02 05:37:16 INFO cache hit
2026-03-02 05:37:19 INFO user logout
2026-03-02 05:37:22 INFO request handled
2026-03-02 05:37:26 INFO connection reset by peer
2026-03-02 05:37:30 INFO user login ok
2026-03-02 05:37:34 INFO background job finished
2026-03-02 05:37:35 INFO disk usage high
2026-03-02 05:37:38 INFO config reloaded
2026-03-02 05:37:40 INFO user logout
2026-03-02 05:37:44 INFO user logout
2026-03-02 05:37:46 INFO user login ok
2026-03-02 05:37:48 INFO cache hit
2026-03-02 05:37:52 INFO connection reset by peer
2026-03-02 05:37:55 INFO user login ok
2026-03-02 05:37:59 INFO cache miss
2026-03-02 05:38:03 INFO user login ok
2026-03-02 05:38:05 INFO disk usage high
2026-03-02 05:38:08 WARN user login ok
2026-03-02 05:38:09 INFO user logout
2026-03-02 05:38:13 INFO user login ok
2026-03-02 05:38:14 WARN user login ok
2026-03-02 05:38:16 INFO user login ok
2026-03-02 05:38:17 INFO user logout
2026-03-02 05:38:21 ERROR disk usage high
2026-03-02 05:38:23 INFO user login ok
2026-03-02 05:38:25 INFO user login ok
2026-03-02 05:38:28 INFO user login ok
2026-03-02 05:38:29 ERROR user login ok
2026-03-02 05:38:31 INFO connection reset by peer
2026-03-02 05:38:33 INFO user logout
2026-03-02 05:38:36 WARN user login ok
2026-03-02 05:38:40 WARN config reloaded
2026-03-02 05:38:41 INFO background job finished
2026-03-02 05:38:45 INFO request handled
2026-03-02 05:38:49 INFO user logout
2026-03-02 05:38:53 WARN user login ok
2026-03-02 05:38:57 WARN disk usage high
2026-03-02 05:38:59 WARN cache miss
### повреждённая строка ###
2026-03-02 05:39:02 INFO user login ok
2026-03-02 05:39:06 INFO cache hit
2026-03-02 05:39:08 INFO cache miss
2026-03-02 05:39:10 INFO user logout
2026-03-02 05:39:11 INFO cache hit
2026-03-02 05:39:15 INFO disk usage high
2026-03-02 05:39:18 WARN request handled
2026-03-02 05:39:21 INFO request handled
2026-03-02 05:39:22 WARN user login ok
2026-03-02 05:39:23 INFO database timeout
2026-03-02 05:39:26 INFO user login ok
2026-03-02 05:39:30 INFO background job finished
2026-03-02 05:39:33 INFO user login ok
2026-03-02 05:39:36 INFO user login ok
2026-03-02 05:39:38 INFO cache miss
2026-03-02 05:39:41 INFO cache hit
2026-03-02 05:39:44 INFO user logout
2026-03-02 05:39:45 INFO request handled
2026-03-02 05:39:49 WARN user login ok
2026-03-02 05:39:53 INFO user login ok
2026-03-02 05:39:55 INFO user login ok
2026-03-02 05:39:56 INFO slow query detected
2026-03-02 05:39:58 INFO slow query detected
2026-03-02 05:40:00 INFO database timeout
2026-03-02 05:40:02 INFO user login ok
2026-03-02 05:40:05 INFO cache hit
2026-03-02 05:40:09 INFO request handled
2026-03-02 05:40:13 WARN disk usage high
2026-03-02 05:40:14 INFO request handled
2026-03-02 05:40:18 INFO user logout
2026-03-02 05:40:20 INFO user login ok
2026-03-02 05:40:24 INFO user logout
2026-03-02 05:40:26 ERROR cache miss
2026-03-02 05:40:30 WARN user login ok
2026-03-02 05:40:34 INFO connection reset by peer
2026-03-02 05:40:38 WARN cache hit
2026-03-02 05:40:41 INFO user logout
2026-03-02 05:40:45 INFO request handled
2026-03-02 05:40:48 INFO request handled
2026-03-02 05:40:51 INFO user logout
2026-03-02 05:40:52 INFO user login ok
2026-03-02 05:40:54 WARN user login ok
2026-03-02 05:40:56 INFO user logout
2026-03-02 05:40:58 INFO user login ok
2026-03-02 05:41:00 INFO connection reset by peer
2026-03-02 05:41:02 WARN config reloaded
2026-03-02 05:41:04 INFO user logout
2026-03-02 05:41:08 INFO user login ok
2026-03-02 05:41:11 INFO user login ok
2026-03-02 05:41:14 INFO disk usage high
2026-03-02 05:41:15 INFO user logout
2026-03-02 05:41:18 WARN background job finished
2026-03-02 05:41:22 INFO invalid token
2026-03-02 05:41:23 INFO user login ok
2026-03-02 05:41:27 INFO background job finished
2026-03-02 05:41:29 INFO user login ok
2026-03-02 05:41:31 INFO cache miss
2026-03-02 05:41:34 INFO connection reset by peer
2026-03-02 05:41:38 INFO disk usage high
2026-03-02 05:41:41 INFO user login ok
2026-03-02 05:41:43 ERROR user login ok
2026-03-02 05:41:45 WARN invalid token
2026-03-02 05:41:48 INFO user login ok
2026-03-02 05:41:49 INFO cache hit
2026-03-02 05:41:53 WARN disk usage high
2026-03-02 05:41:54 INFO user login ok
2026-03-02 05:41:55 INFO user login ok
2026-03-02 05:41:56 INFO cache hit
2026-03-02 05:41:58 INFO user login ok
2026-03-02 05:42:01 WARN user logout
2026-03-02 05:42:03 INFO cache hit
2026-03-02 05:42:04 INFO cache hit
2026-03-02 05:42:08 ERROR user logout
2026-03-02 05:42:12 INFO config reloaded
2026-03-02 05:42:15 INFO config reloaded
2026-03-02 05:42:17 INFO database timeout
### повреждённая строка ###
2026-03-02 05:42:23 INFO disk usage high
2026-03-02 05:42:27 INFO database timeout
2026-03-02 05:42:30 INFO user logout
2026-03-02 05:42:32 INFO user login ok
2026-03-02 05:42:33 INFO user login ok
2026-03-02 05:42:34 INFO user login ok
2026-03-02 05:42:37 INFO request handled
2026-03-02 05:42:38 INFO cache hit
2026-03-02 05:42:41 WARN cache hit
2026-03-02 05:42:45 INFO connection reset by peer
2026-03-02 05:42:46 INFO cache miss
2026-03-02 05:42:47 WARN user logout
2026-03-02 05:42:51 INFO config reloaded
2026-03-02 05:42:55 INFO user logout
2026-03-02 05:42:56 INFO disk usage high
2026-03-02 05:42:57 INFO disk usage high
2026-03-02 05:43:01 INFO cache miss
2026-03-02 05:43:02 INFO background job finished
2026-03-02 05:43:03 INFO connection reset by peer
2026-03-02 05:43:04 ERROR cache hit
2026-03-02 05:43:07 INFO cache hit
2026-03-02 05:43:11 INFO request handled
2026-03-02 05:43:13 INFO disk usage high
2026-03-02 05:43:16 WARN user login ok
2026-03-02 05:43:17 INFO cache hit
2026-03-02 05:43:19 WARN user login ok
2026-03-02 05:43:22 INFO user login ok
2026-03-02 05:43:26 INFO disk usage high
2026-03-02 05:43:27 WARN slow query detected
2026-03-02 05:43:31 INFO connection reset by peer
2026-03-02 05:43:35 INFO user logout
2026-03-02 05:43:38 INFO user login ok
2026-03-02 05:43:42 ERROR user login ok
2026-03-02 05:43:46 INFO user login ok
2026-03-02 05:43:50 INFO user logout
2026-03-02 05:43:51 INFO user login ok
2026-03-02 05:43:55 INFO disk usage high
2026-03-02 05:43:56 INFO cache miss
2026-03-02 05:43:57 INFO invalid token
2026-03-02 05:43:58 INFO invalid token
2026-03-02 05:44:00 INFO request handled
2026-03-02 05:44:04 INFO request handled
2026-03-02 05:44:06 INFO disk usage high
2026-03-02 05:44:08 INFO cache hit
2026-03-02 05:44:09 INFO cache miss
2026-03-02 05:44:12 WARN user logout
2026-03-02 05:44:13 INFO slow query detected
2026-03-02 05:44:17 INFO request handled
2026-03-02 05:44:20 INFO cache hit
2026-03-02 05:44:21 INFO request handled
2026-03-02 05:44:23 INFO background job finished
2026-03-02 05:44:24 INFO config reloaded
2026-03-02 05:44:26 ERROR slow query detected
2026-03-02 05:44:30 WARN user logout
2026-03-02 05:44:34 INFO user logout
2026-03-02 05:44:36 WARN config reloaded
2026-03-02 05:44:39 WARN cache hit
2026-03-02 05:44:41 INFO invalid token
2026-03-02 05:44:43 INFO user logout
2026-03-02 05:44:45 INFO user logout
2026-03-02 05:44:49 WARN user logout
2026-03-02 05:44:52 WARN user login ok
2026-03-02 05:44:55 ERROR user login ok
2026-03-02 05:44:57 INFO disk usage high
2026-03-02 05:44:59 INFO user login ok
2026-03-02 05:45:01 WARN request handled
2026-03-02 05:45:03 INFO user logout
2026-03-02 05:45:06 INFO user login ok
2026-03-02 05:45:09 INFO user login ok
2026-03-02 05:45:12 INFO request handled
2026-03-02 05:45:15 INFO request handled
2026-03-02 05:45:18 INFO background job finished
2026-03-02 05:45:19 INFO cache hit
2026-03-02 05:45:20 INFO user login ok
2026-03-02 05:45:24 ERROR user login ok
2026-03-02 05:45:28 INFO database timeout
2026-03-02 05:45:29 INFO user login ok
2026-03-02 05:45:30 INFO config reloaded
2026-03-02 05:45:33 WARN user login ok
2026-03-02 05:45:34 INFO user logout
2026-03-02 05:45:38 INFO request handled
2026-03-02 05:45:41 INFO user login ok
2026-03-02 05:45:43 WARN user login ok
2026-03-02 05:45:47 INFO cache hit
2026-03-02 05:45:50 INFO request handled
2026-03-02 05:45:53 INFO connection reset by peer
2026-03-02 05:45:55 INFO cache miss
2026-03-02 05:45:59 INFO user logout
2026-03-02 05:46:03 INFO user login ok
2026-03-02 05:46:07 INFO user login ok
2026-03-02 05:46:08 INFO cache hit
2026-03-02 05:46:09 INFO database timeout
2026-03-02 05:46:13 WARN cache miss
2026-03-02 05:46:15 ERROR request handled
2026-03-02 05:46:16 INFO request handled
2026-03-02 05:46:18 INFO request handled
2026-03-02 05:46:21 INFO invalid token
2026-03-02 05:46:22 WARN background job finished
2026-03-02 05:46:24 INFO disk usage high
2026-03-02 05:46:27 INFO invalid token
2026-03-02 05:46:30 INFO user login ok
2026-03-02 05:46:33 INFO user login ok
2026-03-02 05:46:37 ERROR user logout
2026-03-02 05:46:41 INFO request handled
2026-03-02 05:46:43 INFO user logout
2026-03-02 05:46:47 INFO slow query detected
2026-03-02 05:46:48 INFO user login ok
2026-03-02 05:46:51 INFO invalid token
2026-03-02 05:46:54 WARN slow query detected
2026-03-02 05:46:57 INFO user login ok
2026-03-02 05:46:58 INFO user logout
2026-03-02 05:46:59 INFO connection reset by peer
2026-03-02 05:47:03 WARN background job finished
2026-03-02 05:47:04 INFO user login ok
2026-03-02 05:47:07 INFO database timeout
2026-03-02 05:47:11 INFO cache miss
2026-03-02 05:47:15 INFO connection reset by peer
2026-03-02 05:47:18 INFO request handled
2026-03-02 05:47:20 INFO request handled
2026-03-02 05:47:22 INFO slow query detected
2026-03-02 05:47:25 INFO config reloaded
2026-03-02 05:47:28 INFO slow query detected
2026-03-02 05:47:30 INFO invalid token
2026-03-02 05:47:33 INFO user login ok
2026-03-02 05:47:36 INFO cache hit
2026-03-02 05:47:40 INFO user logout
2026-03-02 05:47:44 INFO request handled
2026-03-02 05:47:45 WARN database timeout
2026-03-02 05:47:48 INFO cache hit
2026-03-02 05:47:50 INFO database timeout
2026-03-02 05:47:51 INFO disk usage high
2026-03-02 05:47:52 INFO background job finished
### повреждённая строка ###
2026-03-02 05:47:57 ERROR user login ok
2026-03-02 05:47:59 INFO user logout
2026-03-02 05:48:02 WARN cache hit
2026-03-02 05:48:05 INFO cache miss
2026-03-02 05:48:09 INFO invalid token
2026-03-02 05:48:11 INFO cache hit
2026-03-02 05:48:12 ERROR slow query detected
2026-03-02 05:48:14 INFO slow query detected
2026-03-02 05:48:15 INFO cache hit
2026-03-02 05:48:19 INFO user login ok
2026-03-02 05:48:22 WARN request handled
2026-03-02 05:48:23 WARN cache miss
2026-03-02 05:48:27 INFO connection reset by peer
2026-03-02 05:48:28 INFO user login ok
2026-03-02 05:48:32 INFO user login ok
2026-03-02 05:48:35 INFO user login ok
2026-03-02 05:48:36 WARN connection reset by peer
2026-03-02 05:48:37 WARN user login ok
2026-03-02 05:48:41 INFO cache hit
2026-03-02 05:48:43 INFO user login ok
2026-03-02 05:48:44 INFO slow query detected
2026-03-02 05:48:45 INFO disk usage high
2026-03-02 05:48:46 INFO connection reset by peer
2026-03-02 05:48:50 INFO cache miss
2026-03-02 05:48:54 INFO config reloaded
2026-03-02 05:48:57 INFO user login ok
2026-03-02 05:48:58 INFO user login ok
2026-03-02 05:48:59 INFO config reloaded
2026-03-02 05:49:02 INFO user logout
2026-03-02 05:49:05 INFO user login ok
2026-03-02 05:49:07 INFO user login ok
2026-03-02 05:49:10 INFO request handled
2026-03-02 05:49:13 INFO config reloaded
2026-03-02 05:49:16 WARN cache miss
2026-03-02 05:49:20 INFO disk usage high
2026-03-02 05:49:21 INFO slow query detected
2026-03-02 05:49:25 WARN user login ok
2026-03-02 05:49:26 INFO database timeout
2026-03-02 05:49:28 WARN slow query detected
2026-03-02 05:49:32 WARN user login ok
2026-03-02 05:49:36 INFO cache hit
2026-03-02 05:49:40 INFO database timeout
2026-03-02 05:49:41 INFO user login ok
2026-03-02 05:49:44 INFO slow query detected
2026-03-02 05:49:48 WARN user login ok
2026-03-02 05:49:51 ERROR connection reset by peer
2026-03-02 05:49:55 INFO user login ok
2026-03-02 05:49:57 WARN database timeout
2026-03-02 05:49:58 INFO user logout
2026-03-02 05:50:02 INFO connection reset by peer
2026-03-02 05:50:06 INFO request handled
2026-03-02 05:50:07 INFO invalid token
2026-03-02 05:50:11 INFO cache miss
2026-03-02 05:50:14 INFO cache hit
2026-03-02 05:50:15 ERROR slow query detected
2026-03-02 05:50:18 INFO cache miss
2026-03-02 05:50:19 INFO user login ok
2026-03-02 05:50:23 INFO cache miss
2026-03-02 05:50:25 INFO user login ok
2026-03-02 05:50:26 ERROR config reloaded
2026-03-02 05:50:27 INFO disk usage high
2026-03-02 05:50:30 INFO background job finished
2026-03-02 05:50:33 INFO request handled
2026-03-02 05:50:34 WARN request handled
2026-03-02 05:50:36 ERROR background job finished
2026-03-02 05:50:38 INFO user login ok
2026-03-02 05:50:42 INFO user login ok
2026-03-02 05:50:45 INFO cache hit
2026-03-02 05:50:48 WARN disk usage high
2026-03-02 05:50:52 INFO disk usage high
2026-03-02 05:50:54 INFO user login ok
2026-03-02 05:50:57 INFO disk usage high
2026-03-02 05:50:58 INFO cache hit
2026-03-02 05:51:01 WARN config reloaded
2026-03-02 05:51:04 INFO database timeout
2026-03-02 05:51:06 WARN user login ok
2026-03-02 05:51:10 INFO cache hit
2026-03-02 05:51:14 INFO user login ok
2026-03-02 05:51:17 INFO config reloaded
2026-03-02 05:51:18 INFO disk usage high
2026-03-02 05:51:22 INFO user login ok
2026-03-02 05:51:26 INFO user login ok
2026-03-02 05:51:30 WARN database timeout
2026-03-02 05:51:32 WARN request handled
2026-03-02 05:51:35 INFO user login ok
2026-03-02 05:51:36 INFO slow query detected
2026-03-02 05:51:37 ERROR user logout
2026-03-02 05:51:38 WARN cache hit
2026-03-02 05:51:41 ERROR request handled
2026-03-02 05:51:44 ERROR invalid token
2026-03-02 05:51:46 INFO disk usage high
2026-03-02 05:51:47 INFO database timeout
2026-03-02 05:51:50 INFO request handled
2026-03-02 05:51:54 INFO user logout
2026-03-02 05:51:55 WARN database timeout
2026-03-02 05:51:58 INFO user login ok
2026-03-02 05:52:02 INFO database timeout
2026-03-02 05:52:06 ERROR user login ok
2026-03-02 05:52:08 INFO user login ok
2026-03-02 05:52:10 INFO user login ok
2026-03-02 05:52:12 INFO connection reset by peer
2026-03-02 05:52:13 WARN request handled
2026-03-02 05:52:15 ERROR cache hit
2026-03-02 05:52:16 INFO background job finished
2026-03-02 05:52:19 INFO cache hit
2026-03-02 05:52:21 INFO database timeout
2026-03-02 05:52:25 INFO user logout
2026-03-02 05:52:26 INFO user logout
2026-03-02 05:52:27 INFO user logout
2026-03-02 05:52:30 INFO config reloaded
2026-03-02 05:52:32 WARN cache hit
2026-03-02 05:52:35 INFO disk usage high
2026-03-02 05:52:39 INFO disk usage high
2026-03-02 05:52:43 INFO connection reset by peer
2026-03-02 05:52:46 WARN user login ok
2026-03-02 05:52:48 INFO user login ok
2026-03-02 05:52:50 INFO cache hit
2026-03-02 05:52:52 INFO invalid token
2026-03-02 05:52:55 INFO cache miss
2026-03-02 05:52:56 INFO user logout
2026-03-02 05:53:00 INFO cache hit
2026-03-02 05:53:01 INFO database timeout
2026-03-02 05:53:05 INFO database timeout
2026-03-02 05:53:08 INFO user login ok
2026-03-02 05:53:09 INFO invalid token
2026-03-02 05:53:12 INFO connection reset by peer
2026-03-02 05:53:13 INFO user login ok
2026-03-02 05:53:14 INFO request handled
2026-03-02 05:53:16 INFO user login ok
2026-03-02 05:53:18 INFO user login ok
2026-03-02 05:53:21 INFO user logout
2026-03-02 05:53:23 INFO user logout
2026-03-02 05:53:26 INFO user login ok
2026-03-02 05:53:27 WARN background job finished
2026-03-02 05:53:29 INFO slow query detected
2026-03-02 05:53:33 INFO background job finished
2026-03-02 05:53:36 INFO user logout
2026-03-02 05:53:37 INFO disk usage high
2026-03-02 05:53:41 INFO user logout
2026-03-02 05:53:44 INFO user login ok
2026-03-02 05:53:46 INFO connection reset by peer
2026-03-02 05:53:48 INFO cache miss
2026-03-02 05:53:50 INFO slow query detected
2026-03-02 05:53:53 INFO database timeout
2026-03-02 05:53:55 ERROR connection reset by peer
2026-03-02 05:53:56 INFO slow query detected
### повреждённая строка ###
2026-03-02 05:54:00 INFO disk usage high
2026-03-02 05:54:02 INFO cache hit
2026-03-02 05:54:05 INFO user login ok
2026-03-02 05:54:08 INFO slow query detected
2026-03-02 05:54:09 INFO cache hit
2026-03-02 05:54:10 INFO request handled
2026-03-02 05:54:14 INFO request handled
2026-03-02 05:54:18 WARN user logout
2026-03-02 05:54:22 INFO user login ok
2026-03-02 05:54:23 INFO user logout
2026-03-02 05:54:26 WARN user login ok
2026-03-02 05:54:30 INFO connection reset by peer
2026-03-02 05:54:34 INFO user logout
2026-03-02 05:54:36 WARN database timeout
2026-03-02 05:54:39 INFO user logout
2026-03-02 05:54:42 INFO user login ok
2026-03-02 05:54:46 WARN cache hit
2026-03-02 05:54:50 INFO user login ok
2026-03-02 05:54:54 INFO cache hit
2026-03-02 05:54:56 WARN user login ok
2026-03-02 05:55:00 INFO user logout
2026-03-02 05:55:01 INFO user login ok
2026-03-02 05:55:03 WARN user logout
2026-03-02 05:55:04 INFO config reloaded
2026-03-02 05:55:07 INFO cache hit
2026-03-02 05:55:10 INFO cache miss
2026-03-02 05:55:14 WARN connection reset by peer
2026-03-02 05:55:17 INFO user login ok
2026-03-02 05:55:21 INFO user login ok
2026-03-02 05:55:24 WARN user logout
2026-03-02 05:55:25 WARN cache miss
2026-03-02 05:55:26 INFO user logout
2026-03-02 05:55:28 INFO cache miss
2026-03-02 05:55:29 INFO slow query detected
2026-03-02 05:55:30 INFO user logout
2026-03-02 05:55:32 INFO database timeout
2026-03-02 05:55:34 INFO cache hit
2026-03-02 05:55:38 INFO user login ok
2026-03-02 05:55:40 ERROR user login ok
2026-03-02 05:55:41 INFO cache hit
2026-03-02 05:55:42 WARN database timeout
2026-03-02 05:55:45 INFO slow query detected
2026-03-02 05:55:49 WARN config reloaded
2026-03-02 05:55:50 INFO user logout
2026-03-02 05:55:54 ERROR user login ok
2026-03-02 05:55:56 INFO user login ok
2026-03-02 05:55:59 WARN connection reset by peer
2026-03-02 05:56:00 WARN user logout
2026-03-02 05:56:04 INFO user login ok
2026-03-02 05:56:08 INFO request handled
2026-03-02 05:56:10 INFO config reloaded
2026-03-02 05:56:11 INFO database timeout
2026-03-02 05:56:15 INFO background job finished
2026-03-02 05:56:19 INFO cache miss
2026-03-02 05:56:20 INFO user login ok
2026-03-02 05:56:24 INFO user login ok
2026-03-02 05:56:26 INFO user login ok
2026-03-02 05:56:28 INFO disk usage high
2026-03-02 05:56:31 INFO user logout
2026-03-02 05:56:33 INFO user login ok
2026-03-02 05:56:36 INFO user login ok
2026-03-02 05:56:39 INFO user login ok
2026-03-02 05:56:41 INFO cache miss
2026-03-02 05:56:42 INFO cache miss
2026-03-02 05:56:44 INFO user login ok
2026-03-02 05:56:46 INFO connection reset by peer
2026-03-02 05:56:49 INFO cache hit
2026-03-02 05:56:51 INFO invalid token
2026-03-02 05:56:54 INFO user logout
2026-03-02 05:56:55 INFO user logout
2026-03-02 05:56:59 INFO database timeout
2026-03-02 05:57:00 WARN user login ok
2026-03-02 05:57:03 INFO config reloaded
2026-03-02 05:57:05 WARN user login ok
2026-03-02 05:57:09 INFO user login ok
2026-03-02 05:57:12 INFO user login ok
2026-03-02 05:57:15 INFO user logout
2026-03-02 05:57:18 INFO request handled
2026-03-02 05:57:21 INFO cache hit
2026-03-02 05:57:23 INFO connection reset by peer
2026-03-02 05:57:25 INFO user login ok
2026-03-02 05:57:28 INFO connection reset by peer
2026-03-02 05:57:32 INFO database timeout
2026-03-02 05:57:36 INFO slow query detected
2026-03-02 05:57:40 INFO cache hit
2026-03-02 05:57:41 INFO user login ok
2026-03-02 05:57:45 INFO disk usage high
2026-03-02 05:57:46 INFO slow query detected
2026-03-02 05:57:47 INFO cache miss
2026-03-02 05:57:49 INFO disk usage high
2026-03-02 05:57:51 INFO user login ok
2026-03-02 05:57:55 INFO slow query detected
2026-03-02 05:57:57 INFO user login ok
2026-03-02 05:57:58 INFO request handled
2026-03-02 05:58:00 INFO invalid token
2026-03-02 05:58:01 WARN background job finished
2026-03-02 05:58:05 INFO cache hit
2026-03-02 05:58:06 INFO user login ok
2026-03-02 05:58:09 INFO request handled
2026-03-02 05:58:13 INFO connection reset by peer
2026-03-02 05:58:16 WARN cache hit
2026-03-02 05:58:17 INFO user logout
2026-03-02 05:58:20 INFO slow query detected
2026-03-02 05:58:23 ERROR cache hit
2026-03-02 05:58:26 INFO user login ok
2026-03-02 05:58:28 INFO user logout
2026-03-02 05:58:29 INFO background job finished
2026-03-02 05:58:33 INFO user login ok
2026-03-02 05:58:35 INFO database timeout
2026-03-02 05:58:39 INFO user login ok
2026-03-02 05:58:40 WARN connection reset by peer
2026-03-02 05:58:44 INFO config reloaded
2026-03-02 05:58:46 INFO user logout
2026-03-02 05:58:47 WARN cache hit
2026-03-02 05:58:49 INFO cache miss
2026-03-02 05:58:53 INFO slow query detected
2026-03-02 05:58:54 INFO disk usage high
2026-03-02 05:58:55 WARN cache miss
2026-03-02 05:58:57 INFO cache miss
2026-03-02 05:59:01 WARN database timeout
2026-03-02 05:59:05 INFO user login ok
2026-03-02 05:59:06 INFO user login ok
2026-03-02 05:59:08 INFO database timeout
2026-03-02 05:59:11 INFO slow query detected
2026-03-02 05:59:14 WARN background job finished
2026-03-02 05:59:18 WARN background job finished
2026-03-02 05:59:21 INFO slow query detected
2026-03-02 05:59:24 INFO background job finished
2026-03-02 05:59:26 INFO user login ok
2026-03-02 05:59:29 ERROR user login ok
2026-03-02 05:59:31 INFO slow query detected
2026-03-02 05:59:33 INFO cache miss
2026-03-02 05:59:36 INFO request handled
2026-03-02 05:59:38 WARN config reloaded
2026-03-02 05:59:40 INFO user login ok
2026-03-02 05:59:43 INFO user login ok
2026-03-02 05:59:45 INFO user login ok
2026-03-02 05:59:47 WARN cache miss
2026-03-02 05:59:49 INFO user login ok
2026-03-02 05:59:51 INFO user logout
2026-03-02 05:59:55 WARN user login ok
2026-03-02 05:59:58 INFO user login ok
2026-03-02 05:59:59 INFO connection reset by peer
2026-03-02 06:00:02 WARN invalid token
2026-03-02 06:00:04 INFO connection reset by peer
2026-03-02 06:00:08 INFO connection reset by peer
2026-03-02 06:00:11 INFO request handled
2026-03-02 06:00:14 INFO connection reset by peer
2026-03-02 06:00:16 INFO database timeout
2026-03-02 06:00:20 WARN cache hit
2026-03-02 06:00:22 ERROR user logout
2026-03-02 06:00:26 INFO user login ok
2026-03-02 06:00:29 INFO user logout
2026-03-02 06:00:31 ERROR user login ok
2026-03-02 06:00:32 INFO cache miss
2026-03-02 06:00:36 INFO user login ok
2026-03-02 06:00:40 INFO disk usage high
2026-03-02 06:00:44 INFO cache miss
2026-03-02 06:00:48 INFO user login ok
2026-03-02 06:00:52 INFO cache miss
2026-03-02 06:00:56 WARN user login ok
2026-03-02 06:00:58 INFO user logout
2026-03-02 06:01:00 INFO user login ok
2026-03-02 06:01:02 INFO invalid token
2026-03-02 06:01:06 INFO slow query detected
2026-03-02 06:01:07 INFO database timeout
2026-03-02 06:01:08 INFO connection reset by peer
2026-03-02 06:01:11 INFO cache miss
2026-03-02 06:01:14 ERROR config reloaded
2026-03-02 06:01:15 INFO cache miss
2026-03-02 06:01:16 INFO disk usage high
2026-03-02 06:01:19 WARN request handled
2026-03-02 06:01:22 INFO cache hit
2026-03-02 06:01:24 INFO user login ok
2026-03-02 06:01:26 INFO user login ok
2026-03-02 06:01:27 WARN connection reset by peer
2026-03-02 06:01:30 WARN connection reset by peer
2026-03-02 06:01:32 INFO cache hit
2026-03-02 06:01:33 INFO cache hit
### повреждённая строка ###
### повреждённая строка ###
2026-03-02 06:01:42 INFO cache miss
2026-03-02 06:01:46 INFO user login ok
2026-03-02 06:01:47 WARN user logout
2026-03-02 06:01:49 ERROR connection reset by peer
2026-03-02 06:01:53 INFO user login ok
2026-03-02 06:01:57 INFO user login ok
2026-03-02 06:01:58 INFO user login ok
2026-03-02 06:02:00 INFO cache miss
2026-03-02 06:02:03 ERROR request handled
### повреждённая строка ###
2026-03-02 06:02:09 ERROR user login ok
2026-03-02 06:02:13 ERROR user login ok
2026-03-02 06:02:15 WARN connection reset by peer
2026-03-02 06:02:17 INFO config reloaded
2026-03-02 06:02:19 INFO config reloaded
2026-03-02 06:02:21 WARN user login ok
2026-03-02 06:02:22 INFO cache hit
2026-03-02 06:02:24 ERROR cache miss
2026-03-02 06:02:28 INFO user login ok
2026-03-02 06:02:30 WARN user login ok
2026-03-02 06:02:32 INFO request handled
2026-03-02 06:02:34 INFO slow query detected
2026-03-02 06:02:36 INFO invalid token
2026-03-02 06:02:39 INFO slow query detected
2026-03-02 06:02:43 INFO cache miss
2026-03-02 06:02:45 INFO request handled
2026-03-02 06:02:48 INFO slow query detected
2026-03-02 06:02:51 INFO config reloaded
2026-03-02 06:02:52 INFO user login ok
2026-03-02 06:02:53 WARN cache miss
2026-03-02 06:02:57 INFO user login ok
2026-03-02 06:02:58 INFO invalid token
2026-03-02 06:03:00 INFO user login ok
2026-03-02 06:03:01 WARN slow query detected
2026-03-02 06:03:02 INFO user logout
2026-03-02 06:03:05 INFO config reloaded
2026-03-02 06:03:07 ERROR request handled
2026-03-02 06:03:10 INFO request handled
2026-03-02 06:03:14 INFO user login ok
2026-03-02 06:03:15 ERROR cache miss
2026-03-02 06:03:18 INFO user login ok
2026-03-02 06:03:19 WARN user logout
2026-03-02 06:03:20 INFO database timeout
2026-03-02 06:03:24 INFO user login ok
2026-03-02 06:03:27 WARN user login ok
2026-03-02 06:03:29 INFO user login ok
2026-03-02 06:03:33 INFO cache hit
2026-03-02 06:03:36 INFO user login ok
2026-03-02 06:03:40 INFO user logout
2026-03-02 06:03:41 INFO connection reset by peer
2026-03-02 06:03:42 INFO user login ok
2026-03-02 06:03:45 INFO user login ok
2026-03-02 06:03:46 INFO user login ok
2026-03-02 06:03:47 INFO request handled
2026-03-02 06:03:48 INFO user login ok
2026-03-02 06:03:52 WARN connection reset by peer
2026-03-02 06:03:53 ERROR user login ok
2026-03-02 06:03:56 WARN user login ok
2026-03-02 06:04:00 ERROR user login ok
2026-03-02 06:04:01 INFO background job finished
2026-03-02 06:04:03 INFO slow query detected
2026-03-02 06:04:07 INFO database timeout
2026-03-02 06:04:08 INFO cache miss
2026-03-02 06:04:12 INFO slow query detected
2026-03-02 06:04:13 INFO database timeout
2026-03-02 06:04:16 INFO user login ok
2026-03-02 06:04:20 INFO user logout
2026-03-02 06:04:23 INFO disk usage high
2026-03-02 06:04:26 WARN user logout
2026-03-02 06:04:30 INFO user login ok
2026-03-02 06:04:33 INFO cache hit
2026-03-02 06:04:36 INFO slow query detected
2026-03-02 06:04:39 INFO slow query detected
2026-03-02 06:04:41 WARN request handled
2026-03-02 06:04:43 INFO user logout
2026-03-02 06:04:45 INFO user logout
2026-03-02 06:04:46 INFO invalid token
2026-03-02 06:04:49 INFO config reloaded
2026-03-02 06:04:51 INFO cache miss
2026-03-02 06:04:54 INFO slow query detected
2026-03-02 06:04:58 INFO user logout
2026-03-02 06:05:01 INFO disk usage high
2026-03-02 06:05:05 INFO user logout
2026-03-02 06:05:07 INFO invalid token
2026-03-02 06:05:09 ERROR user logout
2026-03-02 06:05:10 INFO config reloaded
2026-03-02 06:05:13 WARN request handled
2026-03-02 06:05:15 INFO database timeout
2026-03-02 06:05:19 INFO user login ok
2026-03-02 06:05:23 INFO user login ok
2026-03-02 06:05:27 INFO database timeout
2026-03-02 06:05:30 WARN user login ok
2026-03-02 06:05:33 INFO connection reset by peer
2026-03-02 06:05:35 INFO user logout
2026-03-02 06:05:37 INFO config reloaded
2026-03-02 06:05:38 INFO request handled
2026-03-02 06:05:40 INFO user login ok
2026-03-02 06:05:43 INFO user logout
2026-03-02 06:05:46 WARN user login ok
2026-03-02 06:05:47 INFO database timeout
2026-03-02 06:05:51 INFO invalid token
2026-03-02 06:05:55 WARN background job finished
2026-03-02 06:05:59 INFO cache hit
2026-03-02 06:06:03 INFO user login ok
2026-03-02 06:06:06 INFO config reloaded
2026-03-02 06:06:10 INFO cache miss
2026-03-02 06:06:13 INFO database timeout
2026-03-02 06:06:14 WARN disk usage high
2026-03-02 06:06:15 INFO user login ok
2026-03-02 06:06:19 ERROR connection reset by peer
2026-03-02 06:06:21 INFO user logout
2026-03-02 06:06:22 WARN user login ok
2026-03-02 06:06:25 INFO request handled
2026-03-02 06:06:29 WARN user login ok
2026-03-02 06:06:30 INFO disk usage high
2026-03-02 06:06:34 INFO cache miss
2026-03-02 06:06:38 INFO cache hit
2026-03-02 06:06:40 INFO request handled
2026-03-02 06:06:44 INFO cache hit
2026-03-02 06:06:46 INFO user login ok
2026-03-02 06:06:47 INFO user login ok
2026-03-02 06:06:51 INFO cache miss
2026-03-02 06:06:55 INFO user login ok
2026-03-02 06:06:58 WARN disk usage high
2026-03-02 06:07:00 INFO config reloaded
2026-03-02 06:07:02 INFO invalid token
2026-03-02 06:07:06 INFO request handled
2026-03-02 06:07:10 INFO cache miss
2026-03-02 06:07:14 WARN request handled
2026-03-02 06:07:18 INFO user login ok
2026-03-02 06:07:20 INFO cache hit
2026-03-02 06:07:21 INFO cache hit
2026-03-02 06:07:24 INFO disk usage high
2026-03-02 06:07:28 INFO cache miss
2026-03-02 06:07:31 INFO connection reset by peer
2026-03-02 06:07:33 INFO user login ok
2026-03-02 06:07:35 INFO request handled
2026-03-02 06:07:37 INFO database timeout
2026-03-02 06:07:38 INFO cache hit
2026-03-02 06:07:41 INFO request handled
2026-03-02 06:07:43 INFO cache hit
2026-03-02 06:07:44 WARN cache hit
2026-03-02 06:07:45 INFO user logout
2026-03-02 06:07:47 ERROR request handled
2026-03-02 06:07:48 INFO slow query detected
2026-03-02 06:07:49 INFO user login ok
2026-03-02 06:07:52 INFO user logout
2026-03-02 06:07:56 INFO user login ok
2026-03-02 06:08:00 WARN user login ok
2026-03-02 06:08:03 INFO user logout
2026-03-02 06:08:06 INFO user login ok
2026-03-02 06:08:07 INFO cache hit
2026-03-02 06:08:09 INFO user login ok
2026-03-02 06:08:10 INFO user login ok
2026-03-02 06:08:11 INFO slow query detected
2026-03-02 06:08:15 INFO user login ok
2026-03-02 06:08:18 WARN user login ok
2026-03-02 06:08:19 INFO user login ok
2026-03-02 06:08:22 INFO cache miss
2026-03-02 06:08:26 INFO slow query detected
2026-03-02 06:08:30 INFO slow query detected
2026-03-02 06:08:32 INFO slow query detected
2026-03-02 06:08:34 ERROR slow query detected
2026-03-02 06:08:38 INFO user login ok
2026-03-02 06:08:41 INFO user login ok
2026-03-02 06:08:44 INFO config reloaded
2026-03-02 06:08:47 INFO cache hit
2026-03-02 06:08:51 INFO connection reset by peer
2026-03-02 06:08:54 INFO user login ok
2026-03-02 06:08:56 INFO user login ok
2026-03-02 06:08:57 WARN user login ok
2026-03-02 06:08:58 INFO cache hit
2026-03-02 06:09:00 INFO request handled
2026-03-02 06:09:03 INFO disk usage high
2026-03-02 06:09:05 INFO connection reset by peer
2026-03-02 06:09:08 INFO user logout
2026-03-02 06:09:12 INFO user login ok
2026-03-02 06:09:16 INFO user login ok
2026-03-02 06:09:19 INFO user login ok
2026-03-02 06:09:22 INFO user login ok
2026-03-02 06:09:24 INFO user login ok
2026-03-02 06:09:28 INFO cache hit
2026-03-02 06:09:31 INFO database timeout
2026-03-02 06:09:33 INFO invalid token
2026-03-02 06:09:37 ERROR config reloaded
2026-03-02 06:09:41 WARN user logout
2026-03-02 06:09:42 WARN cache hit
2026-03-02 06:09:45 INFO user logout
2026-03-02 06:09:47 INFO request handled
2026-03-02 06:09:50 INFO connection reset by peer
2026-03-02 06:09:51 INFO cache hit
2026-03-02 06:09:54 INFO user login ok
2026-03-02 06:09:58 INFO user login ok
2026-03-02 06:10:01 INFO slow query detected
2026-03-02 06:10:03 INFO slow query detected
2026-03-02 06:10:07 INFO invalid token
2026-03-02 06:10:10 INFO user login ok
2026-03-02 06:10:11 WARN user login ok
2026-03-02 06:10:15 INFO user login ok
2026-03-02 06:10:17 INFO user login ok
2026-03-02 06:10:18 INFO database timeout
2026-03-02 06:10:20 WARN connection reset by peer
2026-03-02 06:10:24 ERROR user logout
2026-03-02 06:10:27 INFO connection reset by peer
2026-03-02 06:10:29 INFO user login ok
2026-03-02 06:10:32 INFO cache miss
2026-03-02 06:10:34 INFO user logout
2026-03-02 06:10:36 INFO user logout
2026-03-02 06:10:38 INFO user login ok
2026-03-02 06:10:40 WARN request handled
2026-03-02 06:10:44 WARN user login ok
2026-03-02 06:10:47 INFO user login ok
2026-03-02 06:10:50 INFO user logout
2026-03-02 06:10:52 INFO user login ok
2026-03-02 06:10:53 INFO request handled
2026-03-02 06:10:56 INFO user login ok
2026-03-02 06:11:00 WARN connection reset by peer
2026-03-02 06:11:02 INFO request handled
2026-03-02 06:11:03 INFO user logout
2026-03-02 06:11:07 INFO user logout
2026-03-02 06:11:09 WARN user logout
2026-03-02 06:11:11 INFO user login ok
2026-03-02 06:11:15 ERROR user login ok
2026-03-02 06:11:16 INFO user login ok
2026-03-02 06:11:17 WARN config reloaded
2026-03-02 06:11:20 INFO database timeout
2026-03-02 06:11:22 WARN disk usage high
2026-03-02 06:11:23 INFO connection reset by peer
2026-03-02 06:11:27 WARN background job finished
2026-03-02 06:11:30 INFO request handled
2026-03-02 06:11:34 INFO config reloaded
2026-03-02 06:11:36 INFO cache hit
2026-03-02 06:11:37 INFO user login ok
2026-03-02 06:11:40 INFO user login ok
2026-03-02 06:11:44 INFO cache hit
2026-03-02 06:11:47 INFO user login ok
2026-03-02 06:11:49 INFO user logout
2026-03-02 06:11:53 INFO user logout
2026-03-02 06:11:55 INFO user login ok
2026-03-02 06:11:59 INFO user login ok
2026-03-02 06:12:03 INFO user logout
2026-03-02 06:12:05 ERROR user login ok
2026-03-02 06:12:06 INFO database timeout
2026-03-02 06:12:10 INFO database timeout
2026-03-02 06:12:11 INFO user login ok
### повреждённая строка ###
2026-03-02 06:12:16 INFO cache miss
2026-03-02 06:12:20 WARN slow query detected
2026-03-02 06:12:24 INFO user login ok
2026-03-02 06:12:28 INFO cache miss
2026-03-02 06:12:32 INFO user logout
2026-03-02 06:12:33 INFO connection reset by peer
2026-03-02 06:12:36 INFO cache miss
2026-03-02 06:12:38 ERROR background job finished
2026-03-02 06:12:39 INFO slow query detected
2026-03-02 06:12:41 WARN database timeout
2026-03-02 06:12:44 INFO user login ok
2026-03-02 06:12:47 INFO cache hit
2026-03-02 06:12:51 WARN connection reset by peer
2026-03-02 06:12:52 INFO request handled
2026-03-02 06:12:55 INFO cache miss
2026-03-02 06:12:56 INFO cache miss
2026-03-02 06:12:57 WARN user login ok
2026-03-02 06:13:01 INFO cache hit
2026-03-02 06:13:02 INFO connection reset by peer
2026-03-02 06:13:06 INFO slow query detected
2026-03-02 06:13:09 INFO background job finished
### повреждённая строка ###
2026-03-02 06:13:13 INFO invalid token
2026-03-02 06:13:15 INFO slow query detected
2026-03-02 06:13:17 INFO cache hit
2026-03-02 06:13:21 WARN cache miss
2026-03-02 06:13:23 INFO cache miss
2026-03-02 06:13:24 WARN database timeout
2026-03-02 06:13:25 INFO background job finished
2026-03-02 06:13:28 INFO disk usage high
2026-03-02 06:13:29 INFO user login ok
2026-03-02 06:13:30 INFO config reloaded
2026-03-02 06:13:34 INFO disk usage high
2026-03-02 06:13:37 INFO user logout
2026-03-02 06:13:38 INFO user login ok
2026-03-02 06:13:39 INFO user login ok
2026-03-02 06:13:42 INFO slow query detected
2026-03-02 06:13:46 WARN user login ok
2026-03-02 06:13:48 WARN cache miss
2026-03-02 06:13:52 INFO user login ok
2026-03-02 06:13:54 INFO user login ok
2026-03-02 06:13:57 INFO request handled
2026-03-02 06:14:00 WARN user logout
2026-03-02 06:14:02 INFO cache miss
2026-03-02 06:14:03 INFO user logout
2026-03-02 06:14:06 ERROR cache miss
2026-03-02 06:14:08 INFO disk usage high
2026-03-02 06:14:10 ERROR user login ok
2026-03-02 06:14:11 WARN cache miss
2026-03-02 06:14:15 INFO background job finished
2026-03-02 06:14:17 INFO request handled
2026-03-02 06:14:20 WARN disk usage high
2026-03-02 06:14:21 INFO cache miss
2026-03-02 06:14:25 INFO request handled
2026-03-02 06:14:28 INFO user login ok
2026-03-02 06:14:31 INFO invalid token
2026-03-02 06:14:32 WARN slow query detected
2026-03-02 06:14:33 WARN user login ok
2026-03-02 06:14:37 INFO cache hit
2026-03-02 06:14:38 INFO database timeout
2026-03-02 06:14:40 INFO disk usage high
2026-03-02 06:14:41 INFO user login ok
2026-03-02 06:14:42 INFO invalid token
2026-03-02 06:14:43 INFO user login ok
2026-03-02 06:14:45 INFO slow query detected
2026-03-02 06:14:46 INFO user login ok
2026-03-02 06:14:50 INFO user login ok
2026-03-02 06:14:51 INFO user login ok
2026-03-02 06:14:53 INFO user login ok
2026-03-02 06:14:55 INFO invalid token
2026-03-02 06:14:56 INFO database timeout
2026-03-02 06:14:57 INFO database timeout
2026-03-02 06:15:00 INFO request handled
2026-03-02 06:15:01 INFO background job finished
2026-03-02 06:15:04 INFO user logout
2026-03-02 06:15:05 INFO user logout
2026-03-02 06:15:08 INFO database timeout
2026-03-02 06:15:10 INFO user login ok
2026-03-02 06:15:13 INFO request handled
2026-03-02 06:15:14 INFO user logout
2026-03-02 06:15:16 INFO request handled
2026-03-02 06:15:19 WARN user login ok
2026-03-02 06:15:20 INFO connection reset by peer
2026-03-02 06:15:24 INFO user login ok
2026-03-02 06:15:27 INFO cache hit
2026-03-02 06:15:28 INFO user login ok
2026-03-02 06:15:29 INFO user login ok
2026-03-02 06:15:30 INFO user login ok
2026-03-02 06:15:32 INFO connection reset by peer
2026-03-02 06:15:34 INFO user login ok
2026-03-02 06:15:36 WARN user login ok
2026-03-02 06:15:39 INFO cache miss
2026-03-02 06:15:41 INFO user login ok
2026-03-02 06:15:45 INFO connection reset by peer
2026-03-02 06:15:49 ERROR user login ok
2026-03-02 06:15:53 WARN invalid token
2026-03-02 06:15:56 INFO invalid token
2026-03-02 06:15:59 INFO user login ok
2026-03-02 06:16:00 INFO invalid token
2026-03-02 06:16:03 INFO cache miss
2026-03-02 06:16:07 WARN user login ok
2026-03-02 06:16:10 INFO user login ok
2026-03-02 06:16:13 INFO cache miss
2026-03-02 06:16:16 WARN invalid token
2026-03-02 06:16:17 INFO user logout
2026-03-02 06:16:20 INFO user login ok
2026-03-02 06:16:24 INFO user login ok
### повреждённая строка ###
2026-03-02 06:16:29 WARN slow query detected
2026-03-02 06:16:32 WARN cache hit
2026-03-02 06:16:36 ERROR user login ok
2026-03-02 06:16:39 INFO background job finished
2026-03-02 06:16:43 WARN user login ok
2026-03-02 06:16:45 INFO user login ok
2026-03-02 06:16:48 INFO cache hit
2026-03-02 06:16:51 INFO user logout
2026-03-02 06:16:55 INFO user login ok
2026-03-02 06:16:57 WARN slow query detected
2026-03-02 06:17:01 INFO user login ok
2026-03-02 06:17:04 WARN cache miss
2026-03-02 06:17:08 WARN user login ok
2026-03-02 06:17:11 ERROR config reloaded
2026-03-02 06:17:14 INFO cache hit
2026-03-02 06:17:17 INFO user login ok
2026-03-02 06:17:21 INFO disk usage high
2026-03-02 06:17:25 INFO request handled
2026-03-02 06:17:27 INFO config reloaded
2026-03-02 06:17:28 INFO invalid token
2026-03-02 06:17:32 INFO user login ok
2026-03-02 06:17:35 INFO user login ok
2026-03-02 06:17:36 INFO cache miss
2026-03-02 06:17:40 INFO invalid token
2026-03-02 06:17:44 INFO user login ok
2026-03-02 06:17:46 INFO user login ok
2026-03-02 06:17:47 INFO user login ok
2026-03-02 06:17:48 INFO config reloaded
2026-03-02 06:17:51 INFO user login ok
2026-03-02 06:17:54 INFO database timeout
2026-03-02 06:17:57 INFO request handled
2026-03-02 06:18:01 INFO cache hit
2026-03-02 06:18:04 INFO disk usage high
2026-03-02 06:18:06 INFO user logout
2026-03-02 06:18:07 INFO cache miss
2026-03-02 06:18:09 INFO user login ok
2026-03-02 06:18:12 INFO user login ok
2026-03-02 06:18:15 WARN cache hit
2026-03-02 06:18:16 INFO user login ok
2026-03-02 06:18:19 WARN connection reset by peer
2026-03-02 06:18:21 WARN database timeout
2026-03-02 06:18:23 INFO config reloaded
2026-03-02 06:18:27 INFO user login ok
2026-03-02 06:18:30 INFO user login ok
2026-03-02 06:18:31 INFO user login ok
2026-03-02 06:18:35 INFO database timeout
2026-03-02 06:18:38 INFO user login ok
2026-03-02 06:18:42 INFO user login ok
2026-03-02 06:18:45 INFO cache miss
2026-03-02 06:18:49 INFO user login ok
2026-03-02 06:18:53 WARN user login ok
2026-03-02 06:18:57 INFO background job finished
2026-03-02 06:18:58 INFO user login ok
2026-03-02 06:19:00 INFO database timeout
2026-03-02 06:19:04 INFO cache hit
2026-03-02 06:19:05 ERROR invalid token
2026-03-02 06:19:09 INFO request handled
2026-03-02 06:19:12 INFO user logout
2026-03-02 06:19:15 INFO user login ok
2026-03-02 06:19:17 INFO slow query detected
2026-03-02 06:19:21 INFO user logout
2026-03-02 06:19:22 INFO slow query detected
2026-03-02 06:19:26 INFO connection reset by peer
2026-03-02 06:19:29 INFO request handled
2026-03-02 06:19:31 INFO user logout
2026-03-02 06:19:35 INFO background job finished
2026-03-02 06:19:36 INFO cache hit
2026-03-02 06:19:39 ERROR invalid token
2026-03-02 06:19:41 INFO database timeout
2026-03-02 06:19:42 INFO config reloaded
2026-03-02 06:19:46 INFO slow query detected
2026-03-02 06:19:49 INFO database timeout
2026-03-02 06:19:52 INFO background job finished
2026-03-02 06:19:56 INFO cache hit
2026-03-02 06:19:59 WARN disk usage high
2026-03-02 06:20:02 INFO user login ok
2026-03-02 06:20:04 INFO config reloaded
2026-03-02 06:20:06 INFO user login ok
2026-03-02 06:20:08 INFO cache miss
2026-03-02 06:20:10 INFO background job finished
2026-03-02 06:20:13 INFO cache miss
2026-03-02 06:20:15 ERROR database timeout
2026-03-02 06:20:16 INFO user login ok
2026-03-02 06:20:19 WARN connection reset by peer
2026-03-02 06:20:20 INFO cache hit
2026-03-02 06:20:22 ERROR slow query detected
2026-03-02 06:20:25 WARN user login ok
2026-03-02 06:20:28 WARN invalid token
2026-03-02 06:20:31 INFO user logout
2026-03-02 06:20:32 INFO background job finished
2026-03-02 06:20:35 INFO connection reset by peer
2026-03-02 06:20:38 WARN request handled
2026-03-02 06:20:39 INFO connection reset by peer
2026-03-02 06:20:43 INFO user logout
2026-03-02 06:20:46 INFO user login ok
2026-03-02 06:20:47 INFO user logout
2026-03-02 06:20:49 INFO connection reset by peer
2026-03-02 06:20:53 WARN user login ok
2026-03-02 06:20:54 INFO user logout
2026-03-02 06:20:56 INFO database timeout
2026-03-02 06:21:00 WARN user login ok
2026-03-02 06:21:03 WARN user login ok
2026-03-02 06:21:05 INFO slow query detected
2026-03-02 06:21:06 INFO connection reset by peer
2026-03-02 06:21:08 INFO cache miss
2026-03-02 06:21:11 INFO disk usage high
2026-03-02 06:21:13 INFO cache miss
2026-03-02 06:21:16 INFO cache miss
2026-03-02 06:21:17 INFO user logout
2026-03-02 06:21:19 INFO cache hit
2026-03-02 06:21:22 INFO user login ok
2026-03-02 06:21:25 INFO slow query detected
2026-03-02 06:21:27 WARN database timeout
2026-03-02 06:21:29 ERROR user logout
2026-03-02 06:21:33 INFO slow query detected
2026-03-02 06:21:35 WARN user logout
2026-03-02 06:21:38 ERROR cache hit
2026-03-02 06:21:39 ERROR user login ok
2026-03-02 06:21:41 INFO connection reset by peer
2026-03-02 06:21:44 INFO request handled
2026-03-02 06:21:47 INFO user logout
2026-03-02 06:21:50 INFO user login ok
2026-03-02 06:21:53 INFO user login ok
2026-03-02 06:21:56 INFO user login ok
2026-03-02 06:21:57 INFO user login ok
2026-03-02 06:21:58 INFO config reloaded
2026-03-02 06:22:02 INFO disk usage high
2026-03-02 06:22:05 INFO user login ok
2026-03-02 06:22:09 INFO cache miss
2026-03-02 06:22:10 INFO cache miss
2026-03-02 06:22:13 WARN slow query detected
2026-03-02 06:22:17 INFO invalid token
2026-03-02 06:22:20 WARN config reloaded
2026-03-02 06:22:23 INFO config reloaded
2026-03-02 06:22:26 INFO user logout
2026-03-02 06:22:28 INFO cache hit
2026-03-02 06:22:31 INFO connection reset by peer
2026-03-02 06:22:35 INFO cache miss
2026-03-02 06:22:36 INFO slow query detected
2026-03-02 06:22:38 INFO connection reset by peer
2026-03-02 06:22:42 INFO disk usage high
2026-03-02 06:22:45 INFO request handled
2026-03-02 06:22:47 INFO user login ok
2026-03-02 06:22:51 INFO cache hit
2026-03-02 06:22:55 INFO request handled
2026-03-02 06:22:57 INFO slow query detected
2026-03-02 06:22:58 INFO database timeout
2026-03-02 06:23:01 INFO background job finished
2026-03-02 06:23:04 INFO disk usage high
2026-03-02 06:23:07 WARN request handled
2026-03-02 06:23:11 INFO cache hit
2026-03-02 06:23:12 INFO invalid token
2026-03-02 06:23:15 INFO cache hit
2026-03-02 06:23:19 INFO database timeout
2026-03-02 06:23:21 INFO user login ok
2026-03-02 06:23:23 WARN cache hit
2026-03-02 06:23:25 INFO user logout
2026-03-02 06:23:29 INFO user logout
2026-03-02 06:23:33 INFO request handled
2026-03-02 06:23:34 WARN user login ok
2026-03-02 06:23:35 INFO invalid token
2026-03-02 06:23:39 ERROR database timeout
2026-03-02 06:23:40 ERROR cache miss
2026-03-02 06:23:42 INFO user login ok
2026-03-02 06:23:45 INFO cache hit
2026-03-02 06:23:46 INFO user logout
2026-03-02 06:23:49 INFO user login ok
2026-03-02 06:23:51 INFO invalid token
2026-03-02 06:23:52 INFO user login ok
2026-03-02 06:23:54 INFO user logout
2026-03-02 06:23:55 INFO request handled
2026-03-02 06:23:57 INFO slow query detected
2026-03-02 06:24:00 INFO invalid token
2026-03-02 06:24:02 INFO disk usage high
2026-03-02 06:24:05 WARN user logout
2026-03-02 06:24:08 INFO cache hit
2026-03-02 06:24:10 INFO user login ok
2026-03-02 06:24:14 INFO connection reset by peer
2026-03-02 06:24:18 INFO disk usage high
2026-03-02 06:24:19 WARN user login ok
2026-03-02 06:24:23 WARN config reloaded
2026-03-02 06:24:24 INFO user logout
2026-03-02 06:24:25 INFO cache hit
2026-03-02 06:24:26 WARN cache hit
2026-03-02 06:24:30 INFO user login ok
2026-03-02 06:24:34 INFO user login ok
2026-03-02 06:24:35 INFO invalid token
2026-03-02 06:24:37 WARN cache miss
2026-03-02 06:24:38 INFO user logout
2026-03-02 06:24:42 INFO cache hit
2026-03-02 06:24:45 WARN cache miss
2026-03-02 06:24:47 INFO request handled
2026-03-02 06:24:50 INFO user login ok
2026-03-02 06:24:53 INFO cache hit
2026-03-02 06:24:54 INFO user login ok
2026-03-02 06:24:58 ERROR cache miss
2026-03-02 06:24:59 WARN user logout
2026-03-02 06:25:01 INFO user logout
2026-03-02 06:25:03 INFO invalid token
2026-03-02 06:25:05 INFO user login ok
2026-03-02 06:25:06 INFO user login ok
2026-03-02 06:25:08 INFO background job finished
2026-03-02 06:25:09 INFO database timeout
2026-03-02 06:25:11 INFO slow query detected
2026-03-02 06:25:14 INFO database timeout
2026-03-02 06:25:16 INFO cache miss
2026-03-02 06:25:17 INFO user login ok
2026-03-02 06:25:19 INFO user login ok
2026-03-02 06:25:23 INFO slow query detected
2026-03-02 06:25:26 INFO user logout
2026-03-02 06:25:30 INFO background job finished
2026-03-02 06:25:32 WARN user logout
2026-03-02 06:25:36 INFO user login ok
2026-03-02 06:25:40 INFO user logout
2026-03-02 06:25:43 WARN cache hit
2026-03-02 06:25:45 WARN user login ok
2026-03-02 06:25:46 INFO cache miss
2026-03-02 06:25:49 INFO user login ok
2026-03-02 06:25:52 WARN user login ok
2026-03-02 06:25:56 INFO database timeout
2026-03-02 06:25:59 INFO user login ok
2026-03-02 06:26:01 INFO user logout
2026-03-02 06:26:04 INFO user login ok
2026-03-02 06:26:07 WARN request handled
2026-03-02 06:26:11 INFO user logout
2026-03-02 06:26:15 INFO user logout
2026-03-02 06:26:16 INFO slow query detected
2026-03-02 06:26:18 INFO user logout
2026-03-02 06:26:22 INFO user login ok
2026-03-02 06:26:26 WARN connection reset by peer
2026-03-02 06:26:29 INFO database timeout
2026-03-02 06:26:32 INFO user logout
2026-03-02 06:26:36 INFO user login ok
2026-03-02 06:26:40 WARN slow query detected
2026-03-02 06:26:44 INFO background job finished
2026-03-02 06:26:46 INFO user login ok
2026-03-02 06:26:50 INFO request handled
2026-03-02 06:26:53 INFO disk usage high
2026-03-02 06:26:54 INFO disk usage high
2026-03-02 06:26:55 INFO user logout
2026-03-02 06:26:56 INFO user login ok
2026-03-02 06:27:00 INFO request handled
2026-03-02 06:27:04 INFO user login ok
2026-03-02 06:27:08 ERROR user logout
2026-03-02 06:27:09 INFO user logout
2026-03-02 06:27:13 WARN cache miss
2026-03-02 06:27:14 INFO user login ok
2026-03-02 06:27:15 INFO slow query detected
2026-03-02 06:27:16 INFO user logout
2026-03-02 06:27:19 INFO background job finished
2026-03-02 06:27:23 INFO disk usage high
2026-03-02 06:27:25 ERROR user login ok
### повреждённая строка ###
2026-03-02 06:27:29 INFO user login ok
2026-03-02 06:27:32 INFO disk usage high
2026-03-02 06:27:34 INFO user logout
2026-03-02 06:27:38 INFO request handled
2026-03-02 06:27:42 INFO connection reset by peer
2026-03-02 06:27:43 INFO background job finished
2026-03-02 06:27:45 INFO invalid token
2026-03-02 06:27:47 INFO invalid token
2026-03-02 06:27:48 INFO request handled
2026-03-02 06:27:52 INFO user logout
2026-03-02 06:27:54 WARN user login ok
2026-03-02 06:27:55 INFO cache hit
2026-03-02 06:27:57 WARN user login ok
2026-03-02 06:28:00 INFO database timeout
2026-03-02 06:28:02 INFO request handled
2026-03-02 06:28:03 INFO invalid token
2026-03-02 06:28:05 INFO database timeout
2026-03-02 06:28:09 INFO user login ok
2026-03-02 06:28:10 INFO user logout
2026-03-02 06:28:12 INFO config reloaded
2026-03-02 06:28:14 INFO config reloaded
2026-03-02 06:28:16 INFO request handled
2026-03-02 06:28:17 INFO user login ok
2026-03-02 06:28:21 INFO invalid token
2026-03-02 06:28:22 INFO user login ok
2026-03-02 06:28:23 INFO user login ok
2026-03-02 06:28:27 INFO disk usage high
2026-03-02 06:28:30 INFO database timeout
2026-03-02 06:28:32 INFO user logout
2026-03-02 06:28:34 INFO cache miss
2026-03-02 06:28:35 INFO slow query detected
2026-03-02 06:28:38 INFO user login ok
2026-03-02 06:28:42 INFO slow query detected
2026-03-02 06:28:44 INFO cache miss
2026-03-02 06:28:48 WARN connection reset by peer
2026-03-02 06:28:52 INFO cache hit
2026-03-02 06:28:56 INFO cache miss
2026-03-02 06:28:58 INFO cache hit
2026-03-02 06:29:01 ERROR user logout
2026-03-02 06:29:03 INFO invalid token
2026-03-02 06:29:05 WARN database timeout
2026-03-02 06:29:07 ERROR disk usage high
2026-03-02 06:29:08 INFO user login ok
2026-03-02 06:29:11 INFO slow query detected
2026-03-02 06:29:13 INFO cache miss
2026-03-02 06:29:17 INFO config reloaded
2026-03-02 06:29:18 WARN slow query detected
2026-03-02 06:29:19 INFO background job finished
2026-03-02 06:29:23 WARN user login ok
2026-03-02 06:29:24 INFO user login ok
2026-03-02 06:29:28 INFO user login ok
2026-03-02 06:29:29 WARN request handled
2026-03-02 06:29:33 INFO cache miss
2026-03-02 06:29:35 INFO user login ok
2026-03-02 06:29:36 INFO request handled
2026-03-02 06:29:40 WARN invalid token
2026-03-02 06:29:41 INFO user login ok
2026-03-02 06:29:44 INFO database timeout
2026-03-02 06:29:47 INFO invalid token
2026-03-02 06:29:48 WARN config reloaded
2026-03-02 06:29:52 INFO request handled
2026-03-02 06:29:54 INFO user login ok
2026-03-02 06:29:56 ERROR user logout
2026-03-02 06:29:57 INFO config reloaded
2026-03-02 06:29:59 INFO user login ok
2026-03-02 06:30:01 INFO user logout
2026-03-02 06:30:03 INFO user logout
2026-03-02 06:30:04 INFO user logout
2026-03-02 06:30:08 INFO user login ok
2026-03-02 06:30:09 INFO cache hit
2026-03-02 06:30:13 INFO request handled
2026-03-02 06:30:17 INFO user logout
2026-03-02 06:30:18 INFO user login ok
2026-03-02 06:30:20 INFO user login ok
2026-03-02 06:30:23 ERROR user login ok
2026-03-02 06:30:25 INFO request handled
2026-03-02 06:30:29 INFO user login ok
2026-03-02 06:30:32 INFO user login ok
2026-03-02 06:30:33 INFO user login ok
2026-03-02 06:30:34 WARN user login ok
2026-03-02 06:30:35 INFO cache hit
2026-03-02 06:30:38 INFO user login ok
2026-03-02 06:30:41 INFO user logout
2026-03-02 06:30:43 INFO slow query detected
2026-03-02 06:30:45 INFO user login ok
2026-03-02 06:30:47 INFO user login ok
2026-03-02 06:30:51 INFO user login ok
2026-03-02 06:30:53 INFO connection reset by peer
2026-03-02 06:30:57 INFO slow query detected
2026-03-02 06:31:00 WARN cache miss
2026-03-02 06:31:02 INFO slow query detected
2026-03-02 06:31:04 INFO cache miss
2026-03-02 06:31:05 INFO user logout
2026-03-02 06:31:06 INFO disk usage high
### повреждённая строка ###
2026-03-02 06:31:09 WARN cache hit
2026-03-02 06:31:13 INFO connection reset by peer
2026-03-02 06:31:15 INFO background job finished
2026-03-02 06:31:17 WARN user login ok
2026-03-02 06:31:21 INFO cache hit
2026-03-02 06:31:23 INFO cache hit
2026-03-02 06:31:27 INFO user logout
2026-03-02 06:31:30 INFO user login ok
2026-03-02 06:31:33 WARN cache hit
2026-03-02 06:31:37 INFO user logout
2026-03-02 06:31:40 INFO user login ok
2026-03-02 06:31:44 INFO user login ok
2026-03-02 06:31:45 INFO cache miss
2026-03-02 06:31:48 INFO background job finished
### повреждённая строка ###
2026-03-02 06:31:53 ERROR user logout
2026-03-02 06:31:54 ERROR user login ok
2026-03-02 06:31:58 INFO background job finished
2026-03-02 06:32:02 INFO request handled
2026-03-02 06:32:04 INFO user login ok
2026-03-02 06:32:05 INFO background job finished
2026-03-02 06:32:09 INFO disk usage high
2026-03-02 06:32:11 INFO background job finished
2026-03-02 06:32:13 INFO database timeout
2026-03-02 06:32:15 INFO cache miss
2026-03-02 06:32:18 INFO background job finished
2026-03-02 06:32:19 INFO user logout
2026-03-02 06:32:22 INFO background job finished
2026-03-02 06:32:23 INFO user login ok
2026-03-02 06:32:26 INFO user login ok
2026-03-02 06:32:30 INFO user logout
2026-03-02 06:32:33 INFO request handled
2026-03-02 06:32:36 INFO background job finished
2026-03-02 06:32:39 INFO cache hit
2026-03-02 06:32:43 INFO disk usage high
2026-03-02 06:32:45 INFO user login ok
2026-03-02 06:32:46 INFO user login ok
2026-03-02 06:32:49 INFO user logout
2026-03-02 06:32:52 INFO cache hit
2026-03-02 06:32:56 INFO user login ok
2026-03-02 06:32:57 INFO slow query detected
2026-03-02 06:32:59 INFO disk usage high
2026-03-02 06:33:01 INFO user login ok
2026-03-02 06:33:02 INFO connection reset by peer
2026-03-02 06:33:04 WARN slow query detected
2026-03-02 06:33:05 INFO cache hit
2026-03-02 06:33:06 INFO user login ok
2026-03-02 06:33:07 INFO disk usage high
2026-03-02 06:33:09 INFO background job finished
2026-03-02 06:33:10 INFO user logout
2026-03-02 06:33:11 INFO invalid token
2026-03-02 06:33:15 INFO cache miss
2026-03-02 06:33:19 ERROR user logout
2026-03-02 06:33:21 INFO user login ok
2026-03-02 06:33:23 INFO user login ok
2026-03-02 06:33:26 INFO cache hit
2026-03-02 06:33:29 INFO user login ok
2026-03-02 06:33:33 INFO user login ok
2026-03-02 06:33:37 INFO user logout
2026-03-02 06:33:41 ERROR slow query detected
2026-03-02 06:33:45 INFO config reloaded
2026-03-02 06:33:47 INFO user logout
2026-03-02 06:33:51 WARN connection reset by peer
2026-03-02 06:33:53 ERROR user logout
2026-03-02 06:33:55 INFO user login ok
2026-03-02 06:33:58 INFO request handled
2026-03-02 06:34:01 INFO user login ok
2026-03-02 06:34:04 INFO user login ok
2026-03-02 06:34:05 INFO user login ok
### повреждённая строка ###
2026-03-02 06:34:10 INFO disk usage high
2026-03-02 06:34:14 INFO user login ok
2026-03-02 06:34:15 INFO user login ok
2026-03-02 06:34:19 INFO cache hit
2026-03-02 06:34:23 INFO user logout
2026-03-02 06:34:25 ERROR config reloaded
2026-03-02 06:34:28 WARN user login ok
2026-03-02 06:34:32 WARN user login ok
2026-03-02 06:34:36 INFO user login ok
2026-03-02 06:34:40 INFO slow query detected
2026-03-02 06:34:42 INFO cache hit
2026-03-02 06:34:45 INFO cache hit
2026-03-02 06:34:46 INFO user login ok
2026-03-02 06:34:48 INFO user logout
2026-03-02 06:34:51 INFO invalid token
2026-03-02 06:34:55 INFO user login ok
2026-03-02 06:34:58 INFO request handled
2026-03-02 06:35:00 INFO request handled
2026-03-02 06:35:02 INFO cache hit
2026-03-02 06:35:03 INFO user logout
2026-03-02 06:35:07 INFO user logout
2026-03-02 06:35:10 WARN background job finished
2026-03-02 06:35:13 INFO cache miss
2026-03-02 06:35:16 WARN user login ok
2026-03-02 06:35:18 INFO config reloaded
2026-03-02 06:35:19 INFO user login ok
2026-03-02 06:35:20 ERROR database timeout
2026-03-02 06:35:21 INFO user logout
2026-03-02 06:35:25 INFO background job finished
2026-03-02 06:35:26 INFO user login ok
2026-03-02 06:35:27 WARN user login ok
2026-03-02 06:35:29 WARN connection reset by peer
2026-03-02 06:35:32 INFO connection reset by peer
2026-03-02 06:35:33 ERROR user login ok
2026-03-02 06:35:36 INFO user login ok
2026-03-02 06:35:40 INFO request handled
2026-03-02 06:35:44 INFO cache miss
2026-03-02 06:35:45 INFO user login ok
2026-03-02 06:35:46 INFO cache hit
2026-03-02 06:35:47 INFO connection reset by peer
2026-03-02 06:35:48 INFO user login ok
2026-03-02 06:35:50 INFO database timeout
2026-03-02 06:35:54 INFO user login ok
2026-03-02 06:35:55 INFO slow query detected
2026-03-02 06:35:58 INFO cache hit
2026-03-02 06:36:00 WARN cache hit
2026-03-02 06:36:01 INFO user login ok
2026-03-02 06:36:02 INFO connection reset by peer
2026-03-02 06:36:06 INFO user login ok
2026-03-02 06:36:07 INFO user logout
2026-03-02 06:36:11 INFO user logout
2026-03-02 06:36:12 INFO user login ok
2026-03-02 06:36:13 INFO user login ok
2026-03-02 06:36:15 INFO disk usage high
2026-03-02 06:36:16 INFO user login ok
2026-03-02 06:36:18 INFO user logout
2026-03-02 06:36:21 INFO user login ok
2026-03-02 06:36:22 INFO slow query detected
2026-03-02 06:36:23 INFO slow query detected
2026-03-02 06:36:24 INFO user login ok
2026-03-02 06:36:27 INFO user login ok
2026-03-02 06:36:30 INFO request handled
2026-03-02 06:36:33 INFO cache hit
2026-03-02 06:36:34 INFO slow query detected
2026-03-02 06:36:37 INFO database timeout
2026-03-02 06:36:39 INFO invalid token
2026-03-02 06:36:40 INFO connection reset by peer
2026-03-02 06:36:42 WARN cache miss
2026-03-02 06:36:45 INFO user logout
2026-03-02 06:36:49 INFO user login ok
2026-03-02 06:36:50 INFO user login ok
2026-03-02 06:36:54 INFO user login ok
2026-03-02 06:36:55 INFO slow query detected
2026-03-02 06:36:57 INFO cache miss
2026-03-02 06:37:00 INFO user login ok
2026-03-02 06:37:03 INFO config reloaded
2026-03-02 06:37:04 INFO request handled
2026-03-02 06:37:08 INFO cache hit
2026-03-02 06:37:11 ERROR user login ok
2026-03-02 06:37:14 INFO config reloaded
2026-03-02 06:37:15 INFO cache hit
2026-03-02 06:37:18 INFO config reloaded
2026-03-02 06:37:22 WARN request handled
2026-03-02 06:37:26 WARN connection reset by peer
2026-03-02 06:37:30 INFO database timeout
2026-03-02 06:37:34 ERROR cache hit
2026-03-02 06:37:36 WARN user login ok
2026-03-02 06:37:37 WARN user login ok
2026-03-02 06:37:41 WARN cache miss
2026-03-02 06:37:44 INFO background job finished
2026-03-02 06:37:48 INFO request handled
2026-03-02 06:37:50 INFO connection reset by peer
2026-03-02 06:37:51 ERROR database timeout
2026-03-02 06:37:54 ERROR user login ok
2026-03-02 06:37:57 INFO user logout
2026-03-02 06:37:59 WARN user logout
2026-03-02 06:38:02 INFO invalid token
2026-03-02 06:38:05 WARN cache hit
2026-03-02 06:38:06 INFO disk usage high
2026-03-02 06:38:07 INFO database timeout
2026-03-02 06:38:11 INFO cache hit
2026-03-02 06:38:12 ERROR connection reset by peer
2026-03-02 06:38:16 INFO config reloaded
2026-03-02 06:38:20 INFO invalid token
2026-03-02 06:38:22 INFO connection reset by peer
2026-03-02 06:38:23 INFO user login ok
2026-03-02 06:38:24 INFO user login ok
2026-03-02 06:38:26 INFO cache hit
2026-03-02 06:38:28 INFO background job finished
2026-03-02 06:38:31 INFO user login ok
2026-03-02 06:38:34 WARN user login ok
2026-03-02 06:38:35 INFO user login ok
2026-03-02 06:38:36 INFO disk usage high
2026-03-02 06:38:38 WARN invalid token
2026-03-02 06:38:39 INFO cache hit
### повреждённая строка ###
2026-03-02 06:38:42 INFO disk usage high
2026-03-02 06:38:44 INFO cache hit
2026-03-02 06:38:46 INFO cache hit
2026-03-02 06:38:48 INFO invalid token
2026-03-02 06:38:51 WARN user login ok
2026-03-02 06:38:55 INFO cache hit
2026-03-02 06:38:57 INFO cache miss
2026-03-02 06:38:59 INFO user logout
2026-03-02 06:39:01 WARN connection reset by peer
2026-03-02 06:39:05 INFO user logout
2026-03-02 06:39:09 INFO user login ok
2026-03-02 06:39:11 INFO user login ok
2026-03-02 06:39:14 INFO invalid token
2026-03-02 06:39:15 INFO config reloaded
2026-03-02 06:39:17 INFO cache miss
2026-03-02 06:39:21 INFO user login ok
2026-03-02 06:39:25 INFO disk usage high
2026-03-02 06:39:29 INFO cache hit
2026-03-02 06:39:33 INFO disk usage high
2026-03-02 06:39:36 INFO invalid token
2026-03-02 06:39:39 INFO cache hit
2026-03-02 06:39:43 INFO config reloaded
2026-03-02 06:39:47 INFO user login ok
2026-03-02 06:39:48 INFO user logout
2026-03-02 06:39:52 ERROR invalid token
2026-03-02 06:39:54 INFO connection reset by peer
2026-03-02 06:39:56 INFO user login ok
2026-03-02 06:39:59 INFO cache miss
2026-03-02 06:40:01 INFO invalid token
2026-03-02 06:40:02 INFO user login ok
2026-03-02 06:40:05 INFO database timeout
2026-03-02 06:40:09 WARN background job finished
2026-03-02 06:40:13 WARN user login ok
2026-03-02 06:40:15 INFO user logout
2026-03-02 06:40:16 INFO background job finished
2026-03-02 06:40:20 INFO user login ok
2026-03-02 06:40:24 INFO cache miss
2026-03-02 06:40:25 INFO user login ok
2026-03-02 06:40:26 INFO cache hit
2026-03-02 06:40:28 WARN connection reset by peer
2026-03-02 06:40:30 INFO user logout
2026-03-02 06:40:31 INFO request handled
2026-03-02 06:40:35 INFO user login ok
2026-03-02 06:40:37 WARN request handled
2026-03-02 06:40:38 INFO request handled
2026-03-02 06:40:40 INFO disk usage high
2026-03-02 06:40:42 INFO user logout
2026-03-02 06:40:45 INFO user logout
2026-03-02 06:40:48 INFO user login ok
2026-03-02 06:40:52 INFO slow query detected
2026-03-02 06:40:53 INFO user logout
2026-03-02 06:40:54 INFO user login ok
2026-03-02 06:40:57 INFO user logout
2026-03-02 06:40:58 WARN cache miss
2026-03-02 06:40:59 INFO user login ok
2026-03-02 06:41:00 INFO user login ok
2026-03-02 06:41:01 INFO user login ok
2026-03-02 06:41:04 INFO user login ok
2026-03-02 06:41:08 WARN user logout
2026-03-02 06:41:10 WARN connection reset by peer
2026-03-02 06:41:12 INFO user login ok
2026-03-02 06:41:15 INFO slow query detected
2026-03-02 06:41:17 INFO slow query detected
2026-03-02 06:41:20 INFO request handled
2026-03-02 06:41:22 INFO invalid token
2026-03-02 06:41:23 WARN slow query detected
2026-03-02 06:41:25 WARN database timeout
2026-03-02 06:41:29 INFO connection reset by peer
2026-03-02 06:41:31 ERROR cache miss
2026-03-02 06:41:35 WARN user logout
2026-03-02 06:41:38 INFO user login ok
2026-03-02 06:41:39 INFO cache hit
2026-03-02 06:41:41 INFO user login ok
2026-03-02 06:41:45 INFO background job finished
2026-03-02 06:41:48 INFO invalid token
2026-03-02 06:41:50 INFO request handled
2026-03-02 06:41:51 INFO user login ok
2026-03-02 06:41:53 INFO user logout
2026-03-02 06:41:54 WARN cache hit
2026-03-02 06:41:58 INFO invalid token
2026-03-02 06:42:02 INFO cache miss
2026-03-02 06:42:04 INFO background job finished
2026-03-02 06:42:07 INFO user logout
2026-03-02 06:42:09 INFO disk usage high
2026-03-02 06:42:13 INFO user login ok
2026-03-02 06:42:16 INFO user login ok
2026-03-02 06:42:17 INFO user login ok
2026-03-02 06:42:21 INFO user login ok
2026-03-02 06:42:22 INFO cache hit
2026-03-02 06:42:25 INFO user login ok
2026-03-02 06:42:29 WARN user login ok
2026-03-02 06:42:33 INFO background job finished
2026-03-02 06:42:37 INFO invalid token
2026-03-02 06:42:41 INFO user logout
2026-03-02 06:42:43 INFO request handled
2026-03-02 06:42:47 INFO user login ok
2026-03-02 06:42:50 INFO connection reset by peer
2026-03-02 06:42:53 WARN user logout
2026-03-02 06:42:57 INFO cache hit
2026-03-02 06:43:01 INFO database timeout
2026-03-02 06:43:05 WARN cache miss
2026-03-02 06:43:09 INFO cache hit
2026-03-02 06:43:10 INFO request handled
2026-03-02 06:43:11 WARN user logout
2026-03-02 06:43:13 INFO user logout
2026-03-02 06:43:16 INFO user logout
2026-03-02 06:43:19 INFO user logout
2026-03-02 06:43:20 INFO cache hit
2026-03-02 06:43:23 INFO config reloaded
2026-03-02 06:43:26 INFO disk usage high
2026-03-02 06:43:28 INFO disk usage high
2026-03-02 06:43:29 INFO connection reset by peer
2026-03-02 06:43:30 INFO slow query detected
2026-03-02 06:43:33 INFO cache miss
2026-03-02 06:43:37 INFO user logout
2026-03-02 06:43:40 INFO user login ok
2026-03-02 06:43:44 INFO user logout
2026-03-02 06:43:45 WARN user logout
2026-03-02 06:43:46 INFO user logout
### повреждённая строка ###
2026-03-02 06:43:50 ERROR user login ok
2026-03-02 06:43:54 WARN disk usage high
2026-03-02 06:43:55 INFO config reloaded
2026-03-02 06:43:57 WARN background job finished
2026-03-02 06:43:58 INFO slow query detected
2026-03-02 06:44:00 WARN slow query detected
2026-03-02 06:44:03 INFO request handled
2026-03-02 06:44:07 ERROR user login ok
2026-03-02 06:44:08 INFO slow query detected
2026-03-02 06:44:10 INFO cache miss
2026-03-02 06:44:11 INFO disk usage high
2026-03-02 06:44:14 INFO disk usage high
2026-03-02 06:44:18 INFO user login ok
2026-03-02 06:44:22 INFO user logout
2026-03-02 06:44:25 INFO invalid token
2026-03-02 06:44:28 WARN user logout
2026-03-02 06:44:31 ERROR config reloaded
2026-03-02 06:44:33 WARN background job finished
2026-03-02 06:44:37 INFO user login ok
2026-03-02 06:44:38 WARN request handled
2026-03-02 06:44:42 INFO cache hit
2026-03-02 06:44:46 INFO request handled
2026-03-02 06:44:49 INFO disk usage high
2026-03-02 06:44:52 INFO user login ok
2026-03-02 06:44:55 INFO invalid token
2026-03-02 06:44:56 INFO request handled
2026-03-02 06:44:58 INFO cache hit
2026-03-02 06:45:01 INFO user logout
2026-03-02 06:45:02 INFO user login ok
2026-03-02 06:45:04 INFO cache miss
2026-03-02 06:45:06 INFO disk usage high
2026-03-02 06:45:10 INFO request handled
2026-03-02 06:45:11 WARN request handled
2026-03-02 06:45:14 WARN user logout
2026-03-02 06:45:16 ERROR user login ok
2026-03-02 06:45:19 INFO user login ok
2026-03-02 06:45:22 INFO disk usage high
2026-03-02 06:45:26 INFO user logout
2026-03-02 06:45:27 WARN config reloaded
2026-03-02 06:45:29 INFO connection reset by peer
2026-03-02 06:45:32 INFO database timeout
2026-03-02 06:45:36 INFO database timeout
2026-03-02 06:45:37 INFO slow query detected
2026-03-02 06:45:39 INFO config reloaded
2026-03-02 06:45:40 WARN disk usage high
2026-03-02 06:45:42 INFO cache miss
2026-03-02 06:45:45 INFO cache miss
2026-03-02 06:45:49 INFO request handled
2026-03-02 06:45:52 INFO disk usage high
2026-03-02 06:45:55 INFO cache miss
2026-03-02 06:45:56 INFO user login ok
2026-03-02 06:45:58 INFO connection reset by peer
2026-03-02 06:46:00 INFO user login ok
2026-03-02 06:46:02 INFO request handled
2026-03-02 06:46:06 WARN cache hit
2026-03-02 06:46:08 INFO cache hit
2026-03-02 06:46:11 INFO user logout
2026-03-02 06:46:14 INFO config reloaded
2026-03-02 06:46:17 INFO slow query detected
2026-03-02 06:46:18 INFO user login ok
2026-03-02 06:46:19 INFO database timeout
2026-03-02 06:46:22 INFO config reloaded
2026-03-02 06:46:24 ERROR user logout
2026-03-02 06:46:28 WARN config reloaded
2026-03-02 06:46:32 INFO user login ok
2026-03-02 06:46:35 INFO background job finished
2026-03-02 06:46:37 INFO user logout
2026-03-02 06:46:40 WARN user login ok
2026-03-02 06:46:43 INFO config reloaded
2026-03-02 06:46:45 ERROR cache miss
2026-03-02 06:46:48 WARN cache hit
2026-03-02 06:46:52 INFO user login ok
2026-03-02 06:46:56 INFO user logout
2026-03-02 06:47:00 INFO user login ok
2026-03-02 06:47:03 WARN background job finished
2026-03-02 06:47:04 WARN disk usage high
2026-03-02 06:47:06 INFO cache hit
2026-03-02 06:47:10 INFO user logout
2026-03-02 06:47:13 INFO invalid token
2026-03-02 06:47:14 INFO database timeout
2026-03-02 06:47:18 INFO cache hit
2026-03-02 06:47:21 INFO cache hit
2026-03-02 06:47:23 INFO request handled
2026-03-02 06:47:27 INFO user logout
2026-03-02 06:47:31 INFO user login ok
2026-03-02 06:47:35 INFO slow query detected
2026-03-02 06:47:36 INFO user login ok
2026-03-02 06:47:39 INFO cache miss
2026-03-02 06:47:41 INFO user logout
2026-03-02 06:47:44 INFO user login ok
2026-03-02 06:47:47 INFO cache miss
2026-03-02 06:47:48 INFO user login ok
2026-03-02 06:47:51 INFO config reloaded
2026-03-02 06:47:53 WARN user logout
2026-03-02 06:47:55 ERROR cache hit
2026-03-02 06:47:56 INFO invalid token
2026-03-02 06:48:00 INFO cache hit
2026-03-02 06:48:01 INFO cache miss
2026-03-02 06:48:03 INFO cache hit
2026-03-02 06:48:04 INFO slow query detected
2026-03-02 06:48:07 INFO request handled
2026-03-02 06:48:09 ERROR user login ok
2026-03-02 06:48:13 WARN invalid token
2026-03-02 06:48:16 INFO config reloaded
2026-03-02 06:48:18 INFO user login ok
2026-03-02 06:48:19 INFO user login ok
2026-03-02 06:48:22 INFO user logout
2026-03-02 06:48:26 INFO cache hit
2026-03-02 06:48:29 INFO user login ok
2026-03-02 06:48:30 WARN user login ok
2026-03-02 06:48:31 INFO database timeout
2026-03-02 06:48:35 INFO request handled
2026-03-02 06:48:39 INFO cache hit
2026-03-02 06:48:41 INFO user login ok
2026-03-02 06:48:44 INFO disk usage high
2026-03-02 06:48:48 INFO user logout
2026-03-02 06:48:50 INFO invalid token
2026-03-02 06:48:52 INFO user login ok
2026-03-02 06:48:54 INFO user login ok
2026-03-02 06:48:57 INFO database timeout
2026-03-02 06:48:58 INFO cache miss
2026-03-02 06:49:02 INFO config reloaded
2026-03-02 06:49:06 INFO user login ok
2026-03-02 06:49:08 INFO connection reset by peer
2026-03-02 06:49:11 WARN request handled
2026-03-02 06:49:13 INFO user logout
2026-03-02 06:49:16 INFO cache miss
2026-03-02 06:49:18 INFO user logout
2026-03-02 06:49:19 INFO cache hit
2026-03-02 06:49:23 INFO disk usage high
2026-03-02 06:49:27 INFO user logout
2026-03-02 06:49:30 INFO cache hit
2026-03-02 06:49:31 INFO cache miss
2026-03-02 06:49:33 INFO cache miss
2026-03-02 06:49:34 INFO connection reset by peer
2026-03-02 06:49:37 INFO config reloaded
2026-03-02 06:49:38 WARN disk usage high
2026-03-02 06:49:42 INFO user logout
2026-03-02 06:49:46 INFO slow query detected
2026-03-02 06:49:49 INFO user login ok
2026-03-02 06:49:52 ERROR cache hit
2026-03-02 06:49:55 INFO cache miss
2026-03-02 06:49:59 INFO cache hit
2026-03-02 06:50:02 INFO cache hit
2026-03-02 06:50:06 INFO connection reset by peer
2026-03-02 06:50:07 INFO user login ok
2026-03-02 06:50:11 INFO user logout
2026-03-02 06:50:12 INFO user logout
2026-03-02 06:50:15 INFO user logout
2026-03-02 06:50:16 INFO cache hit
2026-03-02 06:50:18 INFO config reloaded
2026-03-02 06:50:20 INFO background job finished
2026-03-02 06:50:23 WARN disk usage high
2026-03-02 06:50:25 INFO database timeout
2026-03-02 06:50:26 INFO slow query detected
2026-03-02 06:50:29 INFO cache hit
2026-03-02 06:50:33 INFO config reloaded
2026-03-02 06:50:35 INFO user login ok
2026-03-02 06:50:39 WARN disk usage high
2026-03-02 06:50:40 INFO request handled
2026-03-02 06:50:44 WARN user login ok
2026-03-02 06:50:48 INFO user login ok
### повреждённая строка ###
2026-03-02 06:50:56 INFO slow query detected
2026-03-02 06:51:00 INFO background job finished
2026-03-02 06:51:02 INFO invalid token
2026-03-02 06:51:05 INFO cache miss
2026-03-02 06:51:06 INFO config reloaded
2026-03-02 06:51:09 INFO cache miss
2026-03-02 06:51:12 INFO background job finished
2026-03-02 06:51:14 INFO user login ok
2026-03-02 06:51:16 INFO background job finished
2026-03-02 06:51:19 INFO user login ok
2026-03-02 06:51:21 INFO background job finished
2026-03-02 06:51:23 INFO user login ok
2026-03-02 06:51:25 INFO user login ok
2026-03-02 06:51:27 INFO user login ok
2026-03-02 06:51:31 WARN request handled
2026-03-02 06:51:32 INFO request handled
2026-03-02 06:51:33 INFO connection reset by peer
2026-03-02 06:51:35 INFO user logout
2026-03-02 06:51:38 INFO cache hit
2026-03-02 06:51:40 INFO invalid token
2026-03-02 06:51:44 INFO config reloaded
2026-03-02 06:51:45 INFO disk usage high
2026-03-02 06:51:46 INFO user login ok
2026-03-02 06:51:50 INFO invalid token
2026-03-02 06:51:52 INFO user login ok
2026-03-02 06:51:53 INFO cache miss
2026-03-02 06:51:56 INFO user login ok
2026-03-02 06:52:00 WARN user login ok
2026-03-02 06:52:03 INFO invalid token
2026-03-02 06:52:04 INFO user logout
2026-03-02 06:52:07 INFO cache miss
2026-03-02 06:52:08 INFO request handled
2026-03-02 06:52:11 INFO user logout
2026-03-02 06:52:15 INFO slow query detected
2026-03-02 06:52:19 INFO user logout
2026-03-02 06:52:20 INFO connection reset by peer
2026-03-02 06:52:24 INFO invalid token
2026-03-02 06:52:26 INFO user logout
2026-03-02 06:52:29 WARN user login ok
2026-03-02 06:52:31 INFO background job finished
2026-03-02 06:52:32 INFO database timeout
2026-03-02 06:52:35 INFO user login ok
2026-03-02 06:52:39 INFO disk usage high
2026-03-02 06:52:43 INFO user logout
2026-03-02 06:52:44 INFO user login ok
2026-03-02 06:52:48 INFO config reloaded
2026-03-02 06:52:50 INFO user login ok
2026-03-02 06:52:53 INFO invalid token
2026-03-02 06:52:57 WARN config reloaded
2026-03-02 06:52:58 INFO background job finished
2026-03-02 06:53:00 INFO user login ok
2026-03-02 06:53:04 WARN slow query detected
2026-03-02 06:53:08 WARN user logout
2026-03-02 06:53:10 INFO user logout
2026-03-02 06:53:13 INFO user login ok
2026-03-02 06:53:17 INFO user logout
2026-03-02 06:53:19 INFO user login ok
2026-03-02 06:53:23 INFO user login ok
2026-03-02 06:53:24 INFO disk usage high
2026-03-02 06:53:28 INFO slow query detected
2026-03-02 06:53:30 INFO connection reset by peer
2026-03-02 06:53:32 INFO background job finished
2026-03-02 06:53:36 INFO connection reset by peer
2026-03-02 06:53:38 INFO user login ok
2026-03-02 06:53:40 INFO config reloaded
2026-03-02 06:53:43 INFO cache miss
2026-03-02 06:53:47 INFO database timeout
2026-03-02 06:53:48 INFO request handled
2026-03-02 06:53:49 INFO cache hit
2026-03-02 06:53:50 INFO cache miss
2026-03-02 06:53:54 INFO slow query detected
2026-03-02 06:53:56 INFO user login ok
2026-03-02 06:54:00 INFO connection reset by peer
2026-03-02 06:54:03 INFO user logout
2026-03-02 06:54:07 INFO user logout
2026-03-02 06:54:08 WARN request handled
2026-03-02 06:54:09 WARN user login ok
2026-03-02 06:54:10 INFO slow query detected
2026-03-02 06:54:14 INFO user logout
2026-03-02 06:54:16 INFO user login ok
2026-03-02 06:54:17 INFO slow query detected
2026-03-02 06:54:18 INFO request handled
2026-03-02 06:54:20 WARN request handled
2026-03-02 06:54:21 INFO background job finished
2026-03-02 06:54:23 INFO user login ok
2026-03-02 06:54:24 INFO disk usage high
2026-03-02 06:54:25 ERROR slow query detected
2026-03-02 06:54:28 WARN user login ok
2026-03-02 06:54:31 INFO user login ok
2026-03-02 06:54:33 WARN user login ok
2026-03-02 06:54:36 INFO cache miss
2026-03-02 06:54:40 INFO connection reset by peer
2026-03-02 06:54:43 INFO background job finished
2026-03-02 06:54:46 INFO connection reset by peer
2026-03-02 06:54:48 ERROR user login ok
2026-03-02 06:54:50 INFO config reloaded
2026-03-02 06:54:53 INFO user login ok
2026-03-02 06:54:56 INFO user login ok
2026-03-02 06:54:57 INFO disk usage high
2026-03-02 06:55:01 INFO user login ok
2026-03-02 06:55:05 INFO database timeout
2026-03-02 06:55:07 INFO cache miss
2026-03-02 06:55:11 ERROR database timeout
2026-03-02 06:55:14 INFO connection reset by peer
2026-03-02 06:55:15 INFO invalid token
2026-03-02 06:55:18 INFO background job finished
### повреждённая строка ###
2026-03-02 06:55:21 INFO cache hit
2026-03-02 06:55:25 WARN disk usage high
2026-03-02 06:55:28 INFO user login ok
2026-03-02 06:55:30 ERROR slow query detected
2026-03-02 06:55:34 WARN request handled
2026-03-02 06:55:35 INFO invalid token
2026-03-02 06:55:36 WARN connection reset by peer
2026-03-02 06:55:38 INFO user login ok
2026-03-02 06:55:39 WARN background job finished
2026-03-02 06:55:41 INFO user login ok
2026-03-02 06:55:43 INFO request handled
2026-03-02 06:55:45 INFO background job finished
2026-03-02 06:55:46 INFO user login ok
2026-03-02 06:55:49 WARN user logout
2026-03-02 06:55:50 INFO database timeout
2026-03-02 06:55:53 INFO config reloaded
2026-03-02 06:55:55 INFO user login ok
2026-03-02 06:55:59 INFO background job finished
2026-03-02 06:56:02 INFO cache miss
2026-03-02 06:56:06 WARN user logout
2026-03-02 06:56:08 INFO background job finished
2026-03-02 06:56:10 WARN database timeout
2026-03-02 06:56:11 INFO user logout
2026-03-02 06:56:13 INFO user login ok
2026-03-02 06:56:14 INFO user login ok
2026-03-02 06:56:17 INFO cache hit
2026-03-02 06:56:18 WARN config reloaded
2026-03-02 06:56:21 WARN user login ok
2026-03-02 06:56:24 INFO config reloaded
2026-03-02 06:56:25 INFO user logout
2026-03-02 06:56:28 INFO user login ok
2026-03-02 06:56:30 WARN connection reset by peer
2026-03-02 06:56:32 INFO cache miss
2026-03-02 06:56:33 INFO user login ok
2026-03-02 06:56:37 ERROR slow query detected
2026-03-02 06:56:39 INFO user login ok
2026-03-02 06:56:43 INFO slow query detected
2026-03-02 06:56:46 INFO request handled
2026-03-02 06:56:50 INFO cache hit
2026-03-02 06:56:52 INFO user logout
2026-03-02 06:56:55 INFO slow query detected
2026-03-02 06:56:59 INFO request handled
2026-03-02 06:57:00 INFO slow query detected
2026-03-02 06:57:02 INFO slow query detected
2026-03-02 06:57:04 WARN user login ok
2026-03-02 06:57:05 INFO background job finished
2026-03-02 06:57:07 INFO user login ok
2026-03-02 06:57:10 INFO user login ok
2026-03-02 06:57:11 INFO user login ok
2026-03-02 06:57:13 INFO user logout
2026-03-02 06:57:14 INFO user login ok
2026-03-02 06:57:17 INFO config reloaded
2026-03-02 06:57:20 INFO user login ok
2026-03-02 06:57:24 INFO slow query detected
2026-03-02 06:57:28 INFO user login ok
2026-03-02 06:57:29 INFO disk usage high
2026-03-02 06:57:31 WARN user login ok
2026-03-02 06:57:35 INFO cache hit
2026-03-02 06:57:37 INFO database timeout
2026-03-02 06:57:38 INFO request handled
2026-03-02 06:57:41 INFO user login ok
2026-03-02 06:57:44 INFO background job finished
2026-03-02 06:57:48 INFO cache miss
2026-03-02 06:57:50 INFO slow query detected
2026-03-02 06:57:53 WARN background job finished
2026-03-02 06:57:56 INFO user login ok
2026-03-02 06:57:57 INFO cache miss
2026-03-02 06:57:58 INFO user login ok
2026-03-02 06:57:59 INFO cache hit
2026-03-02 06:58:00 INFO user login ok
2026-03-02 06:58:01 INFO request handled
2026-03-02 06:58:05 INFO user logout
2026-03-02 06:58:09 ERROR user login ok
2026-03-02 06:58:12 WARN background job finished
2026-03-02 06:58:13 INFO invalid token
2026-03-02 06:58:17 INFO request handled
2026-03-02 06:58:19 INFO user logout
2026-03-02 06:58:23 INFO user logout
2026-03-02 06:58:27 INFO database timeout
2026-03-02 06:58:31 INFO user login ok
2026-03-02 06:58:35 ERROR user logout
2026-03-02 06:58:36 INFO user logout
2026-03-02 06:58:38 INFO cache hit
2026-03-02 06:58:39 INFO cache miss
2026-03-02 06:58:43 WARN user logout
2026-03-02 06:58:47 INFO slow query detected
2026-03-02 06:58:50 INFO user login ok
2026-03-02 06:58:54 INFO config reloaded
2026-03-02 06:58:58 INFO database timeout
2026-03-02 06:59:02 INFO user login ok
2026-03-02 06:59:04 INFO user logout
2026-03-02 06:59:05 INFO slow query detected
2026-03-02 06:59:09 WARN user login ok
2026-03-02 06:59:10 INFO background job finished
2026-03-02 06:59:14 INFO user logout
2026-03-02 06:59:18 INFO connection reset by peer
2026-03-02 06:59:20 WARN request handled
2026-03-02 06:59:24 WARN user login ok
2026-03-02 06:59:28 INFO user logout
2026-03-02 06:59:31 INFO user login ok
2026-03-02 06:59:35 INFO request handled
2026-03-02 06:59:38 INFO user login ok
2026-03-02 06:59:40 INFO invalid token
2026-03-02 06:59:42 INFO disk usage high
2026-03-02 06:59:45 INFO slow query detected
2026-03-02 06:59:46 INFO connection reset by peer
2026-03-02 06:59:49 WARN user logout
2026-03-02 06:59:51 WARN user login ok
2026-03-02 06:59:54 INFO user login ok
2026-03-02 06:59:57 WARN config reloaded
2026-03-02 06:59:59 INFO disk usage high
2026-03-02 07:00:01 INFO disk usage high
2026-03-02 07:00:05 INFO database timeout
2026-03-02 07:00:08 INFO cache hit
2026-03-02 07:00:12 WARN database timeout
2026-03-02 07:00:13 INFO user login ok
2026-03-02 07:00:15 INFO user logout
2026-03-02 07:00:16 INFO database timeout
2026-03-02 07:00:17 INFO cache miss
2026-03-02 07:00:19 INFO background job finished
2026-03-02 07:00:21 INFO user login ok
2026-03-02 07:00:24 INFO user login ok
2026-03-02 07:00:26 INFO user logout
2026-03-02 07:00:30 INFO user login ok
2026-03-02 07:00:34 INFO user logout
2026-03-02 07:00:36 WARN user login ok
2026-03-02 07:00:39 WARN user logout
2026-03-02 07:00:42 INFO connection reset by peer
2026-03-02 07:00:45 INFO request handled
2026-03-02 07:00:49 WARN user login ok
2026-03-02 07:00:52 INFO cache hit
2026-03-02 07:00:55 INFO cache miss
2026-03-02 07:00:58 INFO request handled
2026-03-02 07:01:00 WARN slow query detected
2026-03-02 07:01:03 INFO user login ok
2026-03-02 07:01:06 INFO cache hit
2026-03-02 07:01:09 INFO database timeout
2026-03-02 07:01:13 INFO cache hit
2026-03-02 07:01:16 INFO request handled
2026-03-02 07:01:17 INFO cache miss
2026-03-02 07:01:20 WARN user login ok
2026-03-02 07:01:22 INFO user login ok
2026-03-02 07:01:24 INFO connection reset by peer
2026-03-02 07:01:26 INFO invalid token
2026-03-02 07:01:28 INFO user login ok
2026-03-02 07:01:31 WARN cache miss
2026-03-02 07:01:35 INFO background job finished
2026-03-02 07:01:37 INFO slow query detected
2026-03-02 07:01:41 INFO request handled
2026-03-02 07:01:43 INFO slow query detected
2026-03-02 07:01:45 INFO background job finished
2026-03-02 07:01:49 INFO user login ok
2026-03-02 07:01:50 INFO cache hit
2026-03-02 07:01:54 ERROR connection reset by peer
2026-03-02 07:01:56 INFO user login ok
2026-03-02 07:02:00 INFO background job finished
2026-03-02 07:02:04 INFO cache hit
2026-03-02 07:02:05 INFO connection reset by peer
2026-03-02 07:02:06 INFO cache miss
2026-03-02 07:02:08 ERROR user login ok
2026-03-02 07:02:12 INFO background job finished
2026-03-02 07:02:15 ERROR config reloaded
2026-03-02 07:02:19 INFO disk usage high
2026-03-02 07:02:23 INFO user login ok
2026-03-02 07:02:26 INFO invalid token
2026-03-02 07:02:29 INFO user login ok
2026-03-02 07:02:31 INFO cache miss
2026-03-02 07:02:34 ERROR user login ok
2026-03-02 07:02:36 INFO background job finished
2026-03-02 07:02:38 INFO user login ok
2026-03-02 07:02:40 WARN user login ok
2026-03-02 07:02:43 INFO user logout
2026-03-02 07:02:44 WARN request handled
2026-03-02 07:02:45 INFO user login ok
2026-03-02 07:02:46 INFO connection reset by peer
2026-03-02 07:02:49 INFO cache hit
2026-03-02 07:02:50 INFO user login ok
2026-03-02 07:02:54 INFO user login ok
2026-03-02 07:02:57 INFO disk usage high
2026-03-02 07:03:00 INFO connection reset by peer
2026-03-02 07:03:04 INFO cache miss
2026-03-02 07:03:08 INFO request handled
2026-03-02 07:03:11 INFO user login ok
2026-03-02 07:03:13 INFO config reloaded
2026-03-02 07:03:16 INFO user logout
2026-03-02 07:03:18 INFO user login ok
2026-03-02 07:03:19 INFO cache hit
2026-03-02 07:03:21 INFO cache hit
2026-03-02 07:03:25 ERROR user login ok
2026-03-02 07:03:27 INFO request handled
2026-03-02 07:03:29 INFO cache miss
2026-03-02 07:03:33 INFO request handled
2026-03-02 07:03:36 INFO cache miss
2026-03-02 07:03:38 INFO connection reset by peer
2026-03-02 07:03:42 INFO user logout
2026-03-02 07:03:46 INFO config reloaded
2026-03-02 07:03:48 INFO user logout
2026-03-02 07:03:51 INFO disk usage high
2026-03-02 07:03:55 INFO user logout
2026-03-02 07:03:58 WARN connection reset by peer
2026-03-02 07:03:59 INFO user logout
2026-03-02 07:04:00 WARN cache hit
2026-03-02 07:04:03 INFO user login ok
2026-03-02 07:04:06 INFO user login ok
2026-03-02 07:04:07 INFO background job finished
2026-03-02 07:04:11 ERROR cache miss
2026-03-02 07:04:13 WARN slow query detected
2026-03-02 07:04:16 INFO user login ok
2026-03-02 07:04:20 INFO user login ok
2026-03-02 07:04:23 INFO user login ok
2026-03-02 07:04:24 INFO user login ok
2026-03-02 07:04:27 INFO user logout
### повреждённая строка ###
2026-03-02 07:04:33 INFO config reloaded
2026-03-02 07:04:36 ERROR slow query detected
2026-03-02 07:04:39 INFO user login ok
2026-03-02 07:04:40 INFO user logout
2026-03-02 07:04:43 INFO user logout
2026-03-02 07:04:47 WARN user login ok
2026-03-02 07:04:50 INFO cache miss
2026-03-02 07:04:54 INFO user login ok
2026-03-02 07:04:56 ERROR user login ok
2026-03-02 07:04:59 INFO background job finished
2026-03-02 07:05:02 INFO user login ok
2026-03-02 07:05:03 INFO cache hit
2026-03-02 07:05:06 INFO background job finished
2026-03-02 07:05:10 INFO user login ok
2026-03-02 07:05:13 INFO user logout
2026-03-02 07:05:17 WARN cache miss
2026-03-02 07:05:20 ERROR cache hit
2026-03-02 07:05:23 WARN database timeout
2026-03-02 07:05:24 INFO user logout
2026-03-02 07:05:27 INFO user logout
2026-03-02 07:05:30 INFO cache miss
2026-03-02 07:05:32 INFO user login ok
2026-03-02 07:05:34 INFO user login ok
2026-03-02 07:05:37 ERROR user logout
2026-03-02 07:05:39 WARN invalid token
2026-03-02 07:05:40 INFO cache hit
2026-03-02 07:05:41 WARN invalid token
2026-03-02 07:05:42 INFO config reloaded
2026-03-02 07:05:45 INFO user login ok
2026-03-02 07:05:47 WARN user login ok
2026-03-02 07:05:49 INFO slow query detected
2026-03-02 07:05:53 INFO disk usage high
2026-03-02 07:05:55 INFO connection reset by peer
2026-03-02 07:05:59 ERROR user login ok
2026-03-02 07:06:00 INFO user login ok
2026-03-02 07:06:03 WARN user login ok
2026-03-02 07:06:05 WARN connection reset by peer
2026-03-02 07:06:07 WARN user logout
2026-03-02 07:06:10 INFO invalid token
2026-03-02 07:06:14 INFO database timeout
2026-03-02 07:06:18 INFO invalid token
2026-03-02 07:06:19 INFO cache miss
2026-03-02 07:06:23 INFO user logout
2026-03-02 07:06:25 INFO user login ok
2026-03-02 07:06:27 INFO cache hit
2026-03-02 07:06:29 ERROR config reloaded
2026-03-02 07:06:32 INFO invalid token
2026-03-02 07:06:36 INFO request handled
2026-03-02 07:06:37 INFO user login ok
2026-03-02 07:06:41 INFO cache hit
2026-03-02 07:06:45 INFO user logout
2026-03-02 07:06:46 INFO connection reset by peer
2026-03-02 07:06:49 INFO invalid token
2026-03-02 07:06:53 INFO slow query detected
2026-03-02 07:06:56 INFO connection reset by peer
2026-03-02 07:06:58 WARN invalid token
2026-03-02 07:07:02 INFO database timeout
2026-03-02 07:07:04 WARN slow query detected
2026-03-02 07:07:08 INFO user logout
2026-03-02 07:07:09 INFO disk usage high
2026-03-02 07:07:13 WARN user login ok
2026-03-02 07:07:16 INFO slow query detected
2026-03-02 07:07:18 WARN disk usage high
2026-03-02 07:07:20 INFO config reloaded
2026-03-02 07:07:22 INFO background job finished
2026-03-02 07:07:23 INFO invalid token
2026-03-02 07:07:26 INFO user logout
2026-03-02 07:07:28 INFO user login ok
2026-03-02 07:07:30 INFO user logout
2026-03-02 07:07:31 INFO slow query detected
2026-03-02 07:07:35 INFO user logout
2026-03-02 07:07:39 INFO user login ok
2026-03-02 07:07:40 INFO invalid token
2026-03-02 07:07:44 INFO user login ok
2026-03-02 07:07:47 INFO invalid token
2026-03-02 07:07:49 INFO cache hit
2026-03-02 07:07:52 INFO disk usage high
### повреждённая строка ###
2026-03-02 07:07:57 INFO config reloaded
2026-03-02 07:08:00 WARN disk usage high
2026-03-02 07:08:02 INFO cache hit
2026-03-02 07:08:04 WARN cache hit
2026-03-02 07:08:08 INFO connection reset by peer
2026-03-02 07:08:12 INFO disk usage high
2026-03-02 07:08:15 INFO request handled
2026-03-02 07:08:16 WARN user login ok
2026-03-02 07:08:19 INFO user login ok
2026-03-02 07:08:21 INFO cache miss
2026-03-02 07:08:23 INFO user login ok
2026-03-02 07:08:26 INFO cache hit
2026-03-02 07:08:27 INFO cache miss
2026-03-02 07:08:28 INFO user logout
2026-03-02 07:08:29 INFO disk usage high
2026-03-02 07:08:30 WARN user login ok
2026-03-02 07:08:32 WARN user login ok
2026-03-02 07:08:33 INFO slow query detected
2026-03-02 07:08:35 WARN user login ok
2026-03-02 07:08:38 WARN user logout
2026-03-02 07:08:41 ERROR slow query detected
2026-03-02 07:08:43 INFO cache hit
2026-03-02 07:08:47 INFO cache hit
2026-03-02 07:08:51 WARN user logout
2026-03-02 07:08:54 INFO disk usage high
2026-03-02 07:08:55 INFO user login ok
2026-03-02 07:08:58 INFO user logout
2026-03-02 07:09:02 ERROR cache hit
2026-03-02 07:09:04 INFO config reloaded
2026-03-02 07:09:07 WARN background job finished
2026-03-02 07:09:08 INFO user login ok
### повреждённая строка ###
2026-03-02 07:09:11 INFO user login ok
2026-03-02 07:09:14 INFO user login ok
2026-03-02 07:09:16 INFO user login ok
2026-03-02 07:09:18 INFO database timeout
2026-03-02 07:09:19 INFO database timeout
2026-03-02 07:09:20 INFO disk usage high
2026-03-02 07:09:21 INFO slow query detected
2026-03-02 07:09:23 INFO background job finished
2026-03-02 07:09:26 INFO invalid token
2026-03-02 07:09:28 INFO slow query detected
2026-03-02 07:09:29 INFO config reloaded
2026-03-02 07:09:33 INFO slow query detected
2026-03-02 07:09:37 INFO config reloaded
2026-03-02 07:09:38 INFO database timeout
2026-03-02 07:09:39 INFO disk usage high
2026-03-02 07:09:43 WARN disk usage high
2026-03-02 07:09:46 INFO request handled
2026-03-02 07:09:48 INFO cache hit
2026-03-02 07:09:50 INFO user login ok
2026-03-02 07:09:51 INFO invalid token
2026-03-02 07:09:54 INFO cache hit
2026-03-02 07:09:58 INFO slow query detected
2026-03-02 07:10:02 INFO user login ok
2026-03-02 07:10:06 INFO cache miss
2026-03-02 07:10:07 INFO database timeout
2026-03-02 07:10:10 WARN user logout
2026-03-02 07:10:11 INFO cache hit
2026-03-02 07:10:13 INFO request handled
2026-03-02 07:10:17 INFO request handled
2026-03-02 07:10:18 WARN user login ok
2026-03-02 07:10:20 INFO cache hit
2026-03-02 07:10:24 INFO disk usage high
2026-03-02 07:10:26 INFO user login ok
2026-03-02 07:10:27 INFO cache hit
2026-03-02 07:10:29 INFO user login ok
2026-03-02 07:10:32 INFO database timeout
2026-03-02 07:10:33 WARN user login ok
2026-03-02 07:10:35 INFO user login ok
2026-03-02 07:10:36 WARN cache miss
2026-03-02 07:10:40 ERROR user login ok
### повреждённая строка ###
2026-03-02 07:10:47 INFO background job finished
2026-03-02 07:10:51 INFO cache hit
2026-03-02 07:10:52 INFO cache hit
2026-03-02 07:10:55 INFO slow query detected
2026-03-02 07:10:56 INFO user login ok
2026-03-02 07:10:58 INFO config reloaded
2026-03-02 07:10:59 INFO user logout
2026-03-02 07:11:01 INFO user login ok
2026-03-02 07:11:03 INFO user logout
2026-03-02 07:11:05 INFO user login ok
2026-03-02 07:11:06 INFO user login ok
2026-03-02 07:11:08 INFO user login ok
2026-03-02 07:11:12 INFO database timeout
2026-03-02 07:11:14 INFO cache hit
2026-03-02 07:11:15 INFO user login ok
2026-03-02 07:11:17 WARN database timeout
2026-03-02 07:11:18 INFO user login ok
2026-03-02 07:11:22 INFO background job finished
2026-03-02 07:11:24 INFO invalid token
2026-03-02 07:11:28 INFO config reloaded
2026-03-02 07:11:31 WARN user login ok
2026-03-02 07:11:33 INFO cache hit
2026-03-02 07:11:37 WARN connection reset by peer
2026-03-02 07:11:39 INFO user login ok
2026-03-02 07:11:43 INFO user login ok
2026-03-02 07:11:46 INFO cache hit
2026-03-02 07:11:47 INFO cache hit
2026-03-02 07:11:51 WARN user login ok
2026-03-02 07:11:55 INFO cache miss
2026-03-02 07:11:58 INFO disk usage high
2026-03-02 07:12:00 INFO invalid token
2026-03-02 07:12:03 ERROR cache hit
2026-03-02 07:12:07 INFO request handled
2026-03-02 07:12:11 INFO slow query detected
2026-03-02 07:12:15 ERROR disk usage high
2026-03-02 07:12:17 INFO cache miss
2026-03-02 07:12:20 INFO request handled
2026-03-02 07:12:23 INFO user logout
2026-03-02 07:12:24 INFO user login ok
2026-03-02 07:12:27 INFO cache hit
2026-03-02 07:12:30 INFO cache hit
2026-03-02 07:12:31 WARN config reloaded
2026-03-02 07:12:32 INFO cache miss
2026-03-02 07:12:33 INFO user login ok
2026-03-02 07:12:37 INFO config reloaded
2026-03-02 07:12:39 INFO disk usage high
2026-03-02 07:12:40 ERROR background job finished
2026-03-02 07:12:43 WARN cache hit
2026-03-02 07:12:47 INFO cache miss
2026-03-02 07:12:49 INFO cache hit
2026-03-02 07:12:51 INFO user login ok
2026-03-02 07:12:52 INFO user logout
2026-03-02 07:12:55 INFO user logout
2026-03-02 07:12:58 INFO cache hit
2026-03-02 07:13:00 INFO cache miss
2026-03-02 07:13:01 INFO request handled
2026-03-02 07:13:05 WARN cache miss
2026-03-02 07:13:07 INFO user logout
2026-03-02 07:13:09 INFO user login ok
2026-03-02 07:13:13 INFO user login ok
2026-03-02 07:13:14 INFO user login ok
2026-03-02 07:13:17 WARN database timeout
2026-03-02 07:13:19 INFO user login ok
2026-03-02 07:13:22 INFO database timeout
2026-03-02 07:13:24 INFO user login ok
2026-03-02 07:13:28 INFO disk usage high
2026-03-02 07:13:32 INFO user login ok
2026-03-02 07:13:36 INFO config reloaded
2026-03-02 07:13:37 INFO user logout
2026-03-02 07:13:41 INFO request handled
2026-03-02 07:13:42 INFO slow query detected
2026-03-02 07:13:43 INFO cache hit
2026-03-02 07:13:47 INFO user login ok
2026-03-02 07:13:48 INFO database timeout
2026-03-02 07:13:52 INFO cache miss
2026-03-02 07:13:55 INFO background job finished
2026-03-02 07:13:58 INFO slow query detected
2026-03-02 07:13:59 INFO user login ok
2026-03-02 07:14:03 INFO disk usage high
2026-03-02 07:14:07 INFO request handled
2026-03-02 07:14:08 INFO config reloaded
2026-03-02 07:14:09 INFO slow query detected
2026-03-02 07:14:12 ERROR config reloaded
2026-03-02 07:14:15 INFO slow query detected
2026-03-02 07:14:18 INFO user login ok
2026-03-02 07:14:21 WARN slow query detected
2026-03-02 07:14:23 INFO background job finished
2026-03-02 07:14:27 INFO user login ok
2026-03-02 07:14:30 INFO disk usage high
2026-03-02 07:14:31 INFO request handled
2026-03-02 07:14:34 INFO cache hit
2026-03-02 07:14:38 INFO user login ok
2026-03-02 07:14:40 INFO user login ok
2026-03-02 07:14:43 INFO disk usage high
2026-03-02 07:14:47 INFO disk usage high
2026-03-02 07:14:50 INFO config reloaded
2026-03-02 07:14:51 INFO user logout
2026-03-02 07:14:54 INFO user login ok
2026-03-02 07:14:57 INFO cache miss
2026-03-02 07:15:01 INFO user login ok
2026-03-02 07:15:05 INFO background job finished
2026-03-02 07:15:06 INFO user login ok
2026-03-02 07:15:07 INFO user logout
2026-03-02 07:15:09 INFO disk usage high
2026-03-02 07:15:11 INFO user logout
2026-03-02 07:15:15 WARN user logout
2026-03-02 07:15:19 INFO request handled
2026-03-02 07:15:23 WARN background job finished
2026-03-02 07:15:26 INFO connection reset by peer
2026-03-02 07:15:27 INFO database timeout
2026-03-02 07:15:31 INFO user login ok
2026-03-02 07:15:32 INFO slow query detected
2026-03-02 07:15:35 INFO connection reset by peer
2026-03-02 07:15:39 INFO user logout
2026-03-02 07:15:40 INFO cache miss
2026-03-02 07:15:43 INFO user login ok
2026-03-02 07:15:45 INFO user logout
2026-03-02 07:15:47 INFO user login ok
2026-03-02 07:15:48 ERROR connection reset by peer
2026-03-02 07:15:49 INFO slow query detected
2026-03-02 07:15:50 INFO config reloaded
2026-03-02 07:15:54 INFO user login ok
2026-03-02 07:15:58 INFO background job finished
2026-03-02 07:15:59 INFO user login ok
2026-03-02 07:16:00 INFO cache miss
2026-03-02 07:16:02 ERROR user logout
2026-03-02 07:16:06 ERROR cache miss
2026-03-02 07:16:10 INFO user login ok
2026-03-02 07:16:13 INFO request handled
2026-03-02 07:16:17 INFO request handled
2026-03-02 07:16:19 INFO user logout
2026-03-02 07:16:21 INFO slow query detected
2026-03-02 07:16:25 INFO cache miss
2026-03-02 07:16:28 WARN cache hit
2026-03-02 07:16:30 INFO user login ok
2026-03-02 07:16:34 INFO user login ok
2026-03-02 07:16:35 INFO request handled
2026-03-02 07:16:36 INFO user logout
2026-03-02 07:16:38 INFO slow query detected
2026-03-02 07:16:39 WARN cache miss
2026-03-02 07:16:40 INFO user login ok
2026-03-02 07:16:42 INFO user login ok
2026-03-02 07:16:44 INFO invalid token
2026-03-02 07:16:46 INFO cache hit
2026-03-02 07:16:49 INFO user login ok
2026-03-02 07:16:50 INFO disk usage high
2026-03-02 07:16:52 ERROR request handled
2026-03-02 07:16:55 INFO invalid token
2026-03-02 07:16:57 INFO user login ok
2026-03-02 07:16:59 ERROR request handled
2026-03-02 07:17:01 INFO request handled
2026-03-02 07:17:05 WARN request handled
2026-03-02 07:17:06 INFO connection reset by peer
2026-03-02 07:17:08 INFO user logout
2026-03-02 07:17:11 INFO user logout
2026-03-02 07:17:12 INFO config reloaded
2026-03-02 07:17:15 INFO cache hit
2026-03-02 07:17:16 INFO cache hit
2026-03-02 07:17:17 INFO user logout
2026-03-02 07:17:18 INFO slow query detected
2026-03-02 07:17:20 INFO invalid token
2026-03-02 07:17:21 INFO database timeout
2026-03-02 07:17:25 INFO invalid token
2026-03-02 07:17:29 INFO user login ok
2026-03-02 07:17:30 INFO request handled
2026-03-02 07:17:33 INFO cache miss
2026-03-02 07:17:36 INFO user login ok
2026-03-02 07:17:37 INFO cache miss
2026-03-02 07:17:39 INFO config reloaded
2026-03-02 07:17:40 INFO cache miss
2026-03-02 07:17:43 INFO request handled
2026-03-02 07:17:44 WARN user login ok
2026-03-02 07:17:45 INFO user login ok
2026-03-02 07:17:47 INFO database timeout
2026-03-02 07:17:49 INFO user login ok
2026-03-02 07:17:52 WARN background job finished
2026-03-02 07:17:53 WARN connection reset by peer
2026-03-02 07:17:54 INFO user login ok
2026-03-02 07:17:57 WARN cache miss
2026-03-02 07:17:58 INFO user login ok
2026-03-02 07:18:02 INFO request handled
2026-03-02 07:18:05 WARN connection reset by peer
2026-03-02 07:18:07 INFO user logout
2026-03-02 07:18:11 INFO slow query detected
2026-03-02 07:18:12 INFO slow query detected
2026-03-02 07:18:15 WARN user logout
2026-03-02 07:18:19 INFO user login ok
2026-03-02 07:18:21 INFO user logout
2026-03-02 07:18:24 ERROR user logout
2026-03-02 07:18:28 ERROR user logout
2026-03-02 07:18:29 INFO database timeout
2026-03-02 07:18:30 WARN user login ok
2026-03-02 07:18:33 INFO user logout
2026-03-02 07:18:34 ERROR user login ok
2026-03-02 07:18:35 INFO invalid token
2026-03-02 07:18:38 INFO disk usage high
2026-03-02 07:18:39 INFO user login ok
2026-03-02 07:18:41 INFO background job finished
2026-03-02 07:18:44 INFO user logout
2026-03-02 07:18:47 INFO database timeout
2026-03-02 07:18:51 INFO user login ok
2026-03-02 07:18:52 INFO user login ok
2026-03-02 07:18:54 INFO connection reset by peer
2026-03-02 07:18:56 INFO slow query detected
2026-03-02 07:18:57 INFO user logout
2026-03-02 07:18:58 INFO background job finished
2026-03-02 07:18:59 WARN user login ok
2026-03-02 07:19:03 INFO background job finished
2026-03-02 07:19:05 INFO disk usage high
2026-03-02 07:19:09 INFO user login ok
2026-03-02 07:19:10 WARN database timeout
2026-03-02 07:19:13 INFO user logout
2026-03-02 07:19:17 INFO user login ok
2026-03-02 07:19:21 INFO user logout
2026-03-02 07:19:24 INFO invalid token
2026-03-02 07:19:28 INFO cache miss
2026-03-02 07:19:32 INFO user logout
2026-03-02 07:19:35 WARN background job finished
2026-03-02 07:19:39 INFO user logout
2026-03-02 07:19:41 INFO user login ok
2026-03-02 07:19:43 INFO invalid token
2026-03-02 07:19:44 INFO config reloaded
2026-03-02 07:19:47 INFO user logout
2026-03-02 07:19:51 INFO slow query detected
### повреждённая строка ###
2026-03-02 07:19:56 INFO request handled
2026-03-02 07:20:00 INFO user login ok
2026-03-02 07:20:03 INFO cache hit
2026-03-02 07:20:06 INFO cache miss
2026-03-02 07:20:10 INFO user login ok
2026-03-02 07:20:14 INFO cache hit
2026-03-02 07:20:18 ERROR request handled
2026-03-02 07:20:21 INFO user login ok
2026-03-02 07:20:23 INFO cache hit
2026-03-02 07:20:27 INFO background job finished
2026-03-02 07:20:29 INFO user logout
2026-03-02 07:20:30 WARN user logout
2026-03-02 07:20:34 ERROR user login ok
2026-03-02 07:20:38 INFO disk usage high
2026-03-02 07:20:41 INFO database timeout
2026-03-02 07:20:42 INFO config reloaded
2026-03-02 07:20:46 INFO user login ok
2026-03-02 07:20:50 INFO slow query detected
2026-03-02 07:20:53 INFO connection reset by peer
2026-03-02 07:20:57 INFO slow query detected
2026-03-02 07:20:58 INFO user logout
2026-03-02 07:21:01 INFO request handled
2026-03-02 07:21:05 INFO request handled
2026-03-02 07:21:07 INFO user login ok
2026-03-02 07:21:11 INFO request handled
2026-03-02 07:21:15 INFO user login ok
2026-03-02 07:21:16 INFO slow query detected
2026-03-02 07:21:18 INFO database timeout
2026-03-02 07:21:20 WARN background job finished
2026-03-02 07:21:21 INFO invalid token
2026-03-02 07:21:22 INFO request handled
2026-03-02 07:21:26 INFO user login ok
2026-03-02 07:21:27 INFO user login ok
2026-03-02 07:21:28 INFO user login ok
2026-03-02 07:21:31 INFO user login ok
2026-03-02 07:21:35 INFO user login ok
2026-03-02 07:21:36 INFO cache miss
2026-03-02 07:21:38 INFO user login ok
2026-03-02 07:21:40 WARN user login ok
2026-03-02 07:21:44 ERROR background job finished
2026-03-02 07:21:46 INFO user login ok
2026-03-02 07:21:47 INFO user login ok
2026-03-02 07:21:49 INFO user login ok
2026-03-02 07:21:51 INFO config reloaded
2026-03-02 07:21:53 INFO user login ok
2026-03-02 07:21:54 WARN background job finished
2026-03-02 07:21:57 INFO user login ok
2026-03-02 07:22:01 INFO slow query detected
2026-03-02 07:22:04 INFO background job finished
2026-03-02 07:22:08 WARN user logout
2026-03-02 07:22:09 INFO user logout
2026-03-02 07:22:12 INFO cache miss
2026-03-02 07:22:13 INFO user login ok
2026-03-02 07:22:14 INFO slow query detected
2026-03-02 07:22:17 INFO user logout
2026-03-02 07:22:21 INFO config reloaded
2026-03-02 07:22:24 WARN cache hit
2026-03-02 07:22:28 INFO user logout
2026-03-02 07:22:30 INFO user logout
2026-03-02 07:22:31 INFO user login ok
2026-03-02 07:22:34 INFO user logout
2026-03-02 07:22:36 INFO user login ok
2026-03-02 07:22:38 INFO user login ok
2026-03-02 07:22:39 WARN cache miss
2026-03-02 07:22:40 INFO disk usage high
2026-03-02 07:22:42 INFO request handled
2026-03-02 07:22:45 INFO user logout
2026-03-02 07:22:48 INFO invalid token
2026-03-02 07:22:52 INFO invalid token
2026-03-02 07:22:56 WARN user login ok
2026-03-02 07:23:00 WARN slow query detected
2026-03-02 07:23:03 INFO user logout
2026-03-02 07:23:05 INFO request handled
2026-03-02 07:23:06 INFO request handled
2026-03-02 07:23:10 WARN user login ok
2026-03-02 07:23:14 WARN user logout
2026-03-02 07:23:16 INFO request handled
2026-03-02 07:23:19 INFO user logout
2026-03-02 07:23:22 INFO disk usage high
2026-03-02 07:23:24 INFO cache hit
2026-03-02 07:23:27 INFO cache miss
2026-03-02 07:23:30 INFO user logout
2026-03-02 07:23:33 INFO user logout
2026-03-02 07:23:34 ERROR connection reset by peer
2026-03-02 07:23:36 INFO disk usage high
2026-03-02 07:23:40 INFO user login ok
2026-03-02 07:23:42 INFO user login ok
2026-03-02 07:23:45 INFO connection reset by peer
2026-03-02 07:23:49 INFO user login ok
2026-03-02 07:23:50 INFO user login ok
2026-03-02 07:23:53 WARN user login ok
2026-03-02 07:23:57 INFO user logout
2026-03-02 07:23:59 ERROR disk usage high
2026-03-02 07:24:01 INFO connection reset by peer
2026-03-02 07:24:03 WARN user login ok
2026-03-02 07:24:04 WARN user logout
2026-03-02 07:24:07 INFO cache hit
2026-03-02 07:24:08 INFO database timeout
2026-03-02 07:24:12 ERROR disk usage high
2026-03-02 07:24:14 INFO user login ok
2026-03-02 07:24:18 INFO user login ok
2026-03-02 07:24:22 INFO config reloaded
2026-03-02 07:24:25 INFO connection reset by peer
2026-03-02 07:24:27 INFO invalid token
2026-03-02 07:24:31 INFO config reloaded
2026-03-02 07:24:32 WARN user logout
2026-03-02 07:24:34 INFO request handled
2026-03-02 07:24:38 INFO slow query detected
2026-03-02 07:24:41 WARN request handled
2026-03-02 07:24:45 INFO cache miss
2026-03-02 07:24:47 INFO user logout
2026-03-02 07:24:50 INFO cache hit
2026-03-02 07:24:53 ERROR cache hit
2026-03-02 07:24:54 INFO config reloaded
2026-03-02 07:24:55 WARN user login ok
2026-03-02 07:24:59 INFO user login ok
2026-03-02 07:25:00 INFO slow query detected
2026-03-02 07:25:01 ERROR slow query detected
2026-03-02 07:25:02 INFO background job finished
2026-03-02 07:25:05 INFO disk usage high
2026-03-02 07:25:08 INFO cache hit
2026-03-02 07:25:12 INFO user login ok
2026-03-02 07:25:14 INFO cache miss
2026-03-02 07:25:18 WARN disk usage high
2026-03-02 07:25:19 INFO user login ok
2026-03-02 07:25:20 INFO cache hit
2026-03-02 07:25:21 INFO user login ok
2026-03-02 07:25:24 INFO request handled
2026-03-02 07:25:28 WARN invalid token
2026-03-02 07:25:31 INFO user logout
2026-03-02 07:25:32 INFO database timeout
2026-03-02 07:25:35 INFO connection reset by peer
### повреждённая строка ###
2026-03-02 07:25:42 INFO config reloaded
2026-03-02 07:25:45 WARN cache hit
2026-03-02 07:25:47 INFO user logout
2026-03-02 07:25:49 INFO user login ok
2026-03-02 07:25:52 INFO user login ok
2026-03-02 07:25:54 WARN user logout
2026-03-02 07:25:58 INFO cache hit
2026-03-02 07:25:59 INFO connection reset by peer
2026-03-02 07:26:00 INFO user login ok
2026-03-02 07:26:02 INFO config reloaded
2026-03-02 07:26:05 WARN user logout
2026-03-02 07:26:06 INFO request handled
2026-03-02 07:26:09 INFO background job finished
2026-03-02 07:26:10 INFO invalid token
2026-03-02 07:26:14 INFO connection reset by peer
2026-03-02 07:26:17 INFO config reloaded
2026-03-02 07:26:18 INFO user login ok
2026-03-02 07:26:22 WARN background job finished
2026-03-02 07:26:26 INFO cache miss
2026-03-02 07:26:29 INFO user login ok
2026-03-02 07:26:33 INFO invalid token
2026-03-02 07:26:36 INFO user login ok
2026-03-02 07:26:39 INFO database timeout
2026-03-02 07:26:42 WARN background job finished
2026-03-02 07:26:46 INFO cache hit
2026-03-02 07:26:48 WARN config reloaded
2026-03-02 07:26:51 INFO request handled
2026-03-02 07:26:53 WARN user login ok
2026-03-02 07:26:54 INFO invalid token
2026-03-02 07:26:55 INFO user logout
2026-03-02 07:26:57 INFO request handled
2026-03-02 07:26:58 INFO user login ok
2026-03-02 07:26:59 INFO user login ok
2026-03-02 07:27:03 INFO user login ok
2026-03-02 07:27:04 INFO request handled
2026-03-02 07:27:08 INFO user login ok
2026-03-02 07:27:11 INFO cache hit
2026-03-02 07:27:15 INFO request handled
2026-03-02 07:27:16 WARN invalid token
2026-03-02 07:27:18 INFO user logout
2026-03-02 07:27:19 INFO slow query detected
2026-03-02 07:27:22 INFO disk usage high
2026-03-02 07:27:24 INFO cache miss
2026-03-02 07:27:26 INFO disk usage high
2026-03-02 07:27:29 INFO request handled
2026-03-02 07:27:30 INFO user login ok
2026-03-02 07:27:31 INFO disk usage high
2026-03-02 07:27:35 INFO invalid token
2026-03-02 07:27:38 INFO user logout
2026-03-02 07:27:39 INFO slow query detected
2026-03-02 07:27:41 INFO connection reset by peer
2026-03-02 07:27:43 INFO invalid token
2026-03-02 07:27:44 INFO database timeout
2026-03-02 07:27:48 INFO request handled
2026-03-02 07:27:49 INFO request handled
2026-03-02 07:27:52 INFO request handled
2026-03-02 07:27:54 INFO user logout
2026-03-02 07:27:57 WARN user logout
2026-03-02 07:27:58 INFO config reloaded
2026-03-02 07:28:00 INFO user logout
2026-03-02 07:28:04 ERROR config reloaded
2026-03-02 07:28:06 WARN cache miss
2026-03-02 07:28:08 INFO slow query detected
2026-03-02 07:28:12 INFO background job finished
2026-03-02 07:28:15 INFO user login ok
2026-03-02 07:28:17 INFO user logout
2026-03-02 07:28:20 INFO slow query detected
2026-03-02 07:28:24 INFO connection reset by peer
2026-03-02 07:28:27 INFO user login ok
2026-03-02 07:28:28 ERROR cache hit
2026-03-02 07:28:30 ERROR slow query detected
2026-03-02 07:28:34 INFO user login ok
2026-03-02 07:28:36 INFO cache hit
2026-03-02 07:28:38 ERROR connection reset by peer
2026-03-02 07:28:39 INFO invalid token
2026-03-02 07:28:40 INFO config reloaded
2026-03-02 07:28:41 WARN user login ok
2026-03-02 07:28:42 INFO user login ok
2026-03-02 07:28:45 INFO cache hit
2026-03-02 07:28:46 INFO background job finished
2026-03-02 07:28:50 INFO user login ok
2026-03-02 07:28:52 ERROR connection reset by peer
2026-03-02 07:28:55 INFO invalid token
2026-03-02 07:28:59 INFO user login ok
2026-03-02 07:29:03 ERROR cache hit
2026-03-02 07:29:07 INFO config reloaded
2026-03-02 07:29:10 INFO user login ok
2026-03-02 07:29:12 INFO user logout
2026-03-02 07:29:14 INFO user login ok
2026-03-02 07:29:16 INFO cache hit
2026-03-02 07:29:20 WARN cache hit
2026-03-02 07:29:21 INFO user login ok
2026-03-02 07:29:22 INFO database timeout
2026-03-02 07:29:24 INFO slow query detected
2026-03-02 07:29:27 INFO user login ok
2026-03-02 07:29:28 INFO slow query detected
2026-03-02 07:29:29 INFO slow query detected
2026-03-02 07:29:30 INFO user login ok
2026-03-02 07:29:31 WARN background job finished
2026-03-02 07:29:35 INFO config reloaded
2026-03-02 07:29:38 INFO invalid token
2026-03-02 07:29:39 INFO request handled
2026-03-02 07:29:40 WARN user login ok
2026-03-02 07:29:42 WARN cache miss
2026-03-02 07:29:44 INFO user login ok
2026-03-02 07:29:47 INFO cache miss
2026-03-02 07:29:48 INFO database timeout
2026-03-02 07:29:51 INFO cache miss
2026-03-02 07:29:55 INFO user login ok
2026-03-02 07:29:56 INFO request handled
2026-03-02 07:29:58 INFO slow query detected
2026-03-02 07:30:02 INFO disk usage high
2026-03-02 07:30:03 WARN disk usage high
2026-03-02 07:30:06 INFO background job finished
2026-03-02 07:30:10 INFO config reloaded
2026-03-02 07:30:11 INFO user logout
2026-03-02 07:30:14 INFO connection reset by peer
2026-03-02 07:30:16 INFO disk usage high
2026-03-02 07:30:20 WARN connection reset by peer
2026-03-02 07:30:23 INFO background job finished
2026-03-02 07:30:25 INFO background job finished
2026-03-02 07:30:28 INFO user login ok
2026-03-02 07:30:29 INFO user login ok
2026-03-02 07:30:33 WARN config reloaded
### повреждённая строка ###
2026-03-02 07:30:39 INFO user login ok
2026-03-02 07:30:42 INFO slow query detected
2026-03-02 07:30:46 INFO request handled
2026-03-02 07:30:49 INFO user login ok
2026-03-02 07:30:51 ERROR invalid token
2026-03-02 07:30:52 INFO background job finished
2026-03-02 07:30:54 INFO user login ok
### повреждённая строка ###
2026-03-02 07:31:01 INFO connection reset by peer
2026-03-02 07:31:05 INFO user logout
2026-03-02 07:31:08 INFO user logout
2026-03-02 07:31:10 INFO user login ok
2026-03-02 07:31:14 INFO cache miss
2026-03-02 07:31:17 INFO disk usage high
2026-03-02 07:31:20 INFO user login ok
2026-03-02 07:31:24 WARN user login ok
2026-03-02 07:31:28 INFO user login ok
2026-03-02 07:31:32 INFO user logout
2026-03-02 07:31:35 INFO request handled
2026-03-02 07:31:36 INFO cache hit
2026-03-02 07:31:37 INFO user logout
2026-03-02 07:31:39 INFO disk usage high
2026-03-02 07:31:43 INFO cache hit
2026-03-02 07:31:47 INFO connection reset by peer
2026-03-02 07:31:48 INFO cache hit
2026-03-02 07:31:51 WARN database timeout
2026-03-02 07:31:54 INFO user login ok
2026-03-02 07:31:57 INFO user logout
2026-03-02 07:31:58 WARN slow query detected
2026-03-02 07:32:00 INFO user logout
2026-03-02 07:32:01 INFO user logout
2026-03-02 07:32:02 INFO cache miss
2026-03-02 07:32:04 INFO user login ok
2026-03-02 07:32:08 WARN slow query detected
2026-03-02 07:32:10 INFO user login ok
2026-03-02 07:32:12 WARN user login ok
2026-03-02 07:32:14 INFO user logout
2026-03-02 07:32:16 INFO cache miss
2026-03-02 07:32:18 INFO disk usage high
2026-03-02 07:32:19 ERROR disk usage high
2026-03-02 07:32:20 WARN user login ok
2026-03-02 07:32:23 WARN config reloaded
2026-03-02 07:32:27 INFO cache miss
2026-03-02 07:32:31 WARN user login ok
2026-03-02 07:32:35 ERROR slow query detected
2026-03-02 07:32:37 INFO config reloaded
2026-03-02 07:32:40 WARN user logout
2026-03-02 07:32:44 INFO user login ok
2026-03-02 07:32:47 WARN cache miss
2026-03-02 07:32:50 INFO user logout
2026-03-02 07:32:52 INFO background job finished
2026-03-02 07:32:55 INFO user logout
2026-03-02 07:32:59 INFO connection reset by peer
2026-03-02 07:33:02 INFO user logout
2026-03-02 07:33:03 INFO connection reset by peer
2026-03-02 07:33:04 ERROR request handled
2026-03-02 07:33:08 INFO cache miss
2026-03-02 07:33:11 INFO database timeout
2026-03-02 07:33:15 INFO connection reset by peer
2026-03-02 07:33:17 WARN request handled
2026-03-02 07:33:21 INFO invalid token
2026-03-02 07:33:22 INFO request handled
2026-03-02 07:33:26 INFO cache miss
2026-03-02 07:33:28 INFO request handled
2026-03-02 07:33:30 INFO request handled
2026-03-02 07:33:32 INFO user login ok
2026-03-02 07:33:35 INFO slow query detected
2026-03-02 07:33:38 INFO user login ok
2026-03-02 07:33:41 WARN cache hit
2026-03-02 07:33:45 INFO user logout
2026-03-02 07:33:48 INFO request handled
2026-03-02 07:33:52 WARN cache hit
2026-03-02 07:33:53 INFO connection reset by peer
2026-03-02 07:33:54 INFO cache miss
2026-03-02 07:33:57 INFO request handled
2026-03-02 07:33:59 WARN config reloaded
2026-03-02 07:34:00 INFO user logout
2026-03-02 07:34:01 WARN user login ok
2026-03-02 07:34:02 INFO user login ok
2026-03-02 07:34:06 INFO invalid token
2026-03-02 07:34:08 INFO cache miss
2026-03-02 07:34:12 INFO user login ok
2026-03-02 07:34:14 WARN user login ok
2026-03-02 07:34:16 INFO background job finished
2026-03-02 07:34:17 INFO cache miss
2026-03-02 07:34:20 INFO background job finished
2026-03-02 07:34:23 INFO cache miss
2026-03-02 07:34:26 INFO user login ok
2026-03-02 07:34:30 WARN disk usage high
2026-03-02 07:34:32 ERROR request handled
2026-03-02 07:34:35 INFO disk usage high
2026-03-02 07:34:38 WARN database timeout
2026-03-02 07:34:42 INFO background job finished
2026-03-02 07:34:46 INFO user login ok
2026-03-02 07:34:48 INFO cache miss
2026-03-02 07:34:51 WARN cache miss
2026-03-02 07:34:53 INFO user login ok
2026-03-02 07:34:55 WARN user login ok
2026-03-02 07:34:58 INFO request handled
2026-03-02 07:35:02 WARN user logout
2026-03-02 07:35:04 INFO user logout
2026-03-02 07:35:06 INFO config reloaded
2026-03-02 07:35:10 INFO invalid token
2026-03-02 07:35:14 INFO user login ok
2026-03-02 07:35:17 INFO background job finished
2026-03-02 07:35:21 INFO request handled
2026-03-02 07:35:23 INFO connection reset by peer
2026-03-02 07:35:27 INFO connection reset by peer
2026-03-02 07:35:29 INFO user login ok
2026-03-02 07:35:30 ERROR user logout
2026-03-02 07:35:32 INFO user login ok
2026-03-02 07:35:34 INFO user logout
2026-03-02 07:35:35 WARN connection reset by peer
2026-03-02 07:35:37 INFO user login ok
2026-03-02 07:35:39 WARN invalid token
2026-03-02 07:35:43 INFO user login ok
2026-03-02 07:35:47 WARN cache miss
2026-03-02 07:35:51 INFO background job finished
2026-03-02 07:35:53 ERROR slow query detected
2026-03-02 07:35:54 INFO invalid token
2026-03-02 07:35:56 INFO user logout
2026-03-02 07:35:58 INFO user login ok
2026-03-02 07:35:59 INFO disk usage high
2026-03-02 07:36:03 INFO user login ok
2026-03-02 07:36:05 INFO request handled
2026-03-02 07:36:06 INFO request handled
2026-03-02 07:36:09 INFO config reloaded
2026-03-02 07:36:10 INFO user login ok
2026-03-02 07:36:13 INFO request handled
2026-03-02 07:36:17 INFO cache hit
2026-03-02 07:36:18 INFO user login ok
2026-03-02 07:36:21 INFO user login ok
2026-03-02 07:36:23 WARN cache miss
2026-03-02 07:36:24 INFO disk usage high
2026-03-02 07:36:25 INFO request handled
2026-03-02 07:36:28 INFO cache miss
2026-03-02 07:36:30 INFO disk usage high
2026-03-02 07:36:34 INFO cache hit
2026-03-02 07:36:38 INFO request handled
2026-03-02 07:36:39 INFO user login ok
2026-03-02 07:36:40 INFO request handled
2026-03-02 07:36:42 INFO slow query detected
2026-03-02 07:36:43 INFO request handled
2026-03-02 07:36:47 INFO cache hit
2026-03-02 07:36:50 INFO cache hit
2026-03-02 07:36:52 WARN disk usage high
2026-03-02 07:36:56 INFO user logout
2026-03-02 07:36:57 INFO user login ok
2026-03-02 07:37:01 INFO invalid token
2026-03-02 07:37:03 INFO user login ok
2026-03-02 07:37:07 INFO config reloaded
2026-03-02 07:37:08 INFO cache hit
2026-03-02 07:37:10 INFO user logout
2026-03-02 07:37:14 ERROR user logout
2026-03-02 07:37:18 INFO user logout
2026-03-02 07:37:19 WARN disk usage high
2026-03-02 07:37:22 INFO user login ok
2026-03-02 07:37:25 INFO user login ok
2026-03-02 07:37:28 INFO invalid token
2026-03-02 07:37:32 WARN user login ok
2026-03-02 07:37:35 INFO cache miss
2026-03-02 07:37:36 INFO cache miss
2026-03-02 07:37:37 INFO slow query detected
2026-03-02 07:37:38 INFO user login ok
2026-03-02 07:37:39 INFO user logout
2026-03-02 07:37:41 INFO database timeout
2026-03-02 07:37:43 INFO user login ok
2026-03-02 07:37:45 INFO disk usage high
2026-03-02 07:37:48 INFO cache miss
2026-03-02 07:37:51 WARN user login ok
2026-03-02 07:37:52 INFO user logout
2026-03-02 07:37:55 INFO user logout
2026-03-02 07:37:56 WARN background job finished
2026-03-02 07:37:58 WARN cache miss
2026-03-02 07:38:01 WARN cache miss
2026-03-02 07:38:05 INFO request handled
2026-03-02 07:38:07 WARN connection reset by peer
2026-03-02 07:38:11 INFO database timeout
2026-03-02 07:38:13 INFO user login ok
2026-03-02 07:38:14 INFO user login ok
### повреждённая строка ###
2026-03-02 07:38:22 INFO cache hit
2026-03-02 07:38:23 INFO user logout
2026-03-02 07:38:24 INFO user login ok
2026-03-02 07:38:26 INFO config reloaded
2026-03-02 07:38:30 INFO cache hit
2026-03-02 07:38:31 INFO user login ok
2026-03-02 07:38:32 INFO user logout
2026-03-02 07:38:33 WARN background job finished
2026-03-02 07:38:35 INFO user login ok
2026-03-02 07:38:37 INFO user login ok
2026-03-02 07:38:41 WARN connection reset by peer
2026-03-02 07:38:44 INFO cache miss
2026-03-02 07:38:45 INFO user logout
2026-03-02 07:38:47 INFO user login ok
2026-03-02 07:38:48 INFO user login ok
2026-03-02 07:38:49 INFO connection reset by peer
2026-03-02 07:38:52 INFO user logout
2026-03-02 07:38:53 INFO cache miss
2026-03-02 07:38:56 INFO background job finished
2026-03-02 07:38:59 INFO slow query detected
2026-03-02 07:39:03 INFO user login ok
2026-03-02 07:39:04 INFO cache hit
2026-03-02 07:39:05 INFO request handled
2026-03-02 07:39:07 INFO cache hit
2026-03-02 07:39:11 INFO cache miss
2026-03-02 07:39:13 INFO invalid token
2026-03-02 07:39:15 INFO user login ok
2026-03-02 07:39:16 INFO user logout
2026-03-02 07:39:19 INFO user login ok
2026-03-02 07:39:22 INFO cache miss
2026-03-02 07:39:23 WARN user logout
2026-03-02 07:39:24 ERROR cache hit
2026-03-02 07:39:28 WARN request handled
2026-03-02 07:39:31 INFO request handled
2026-03-02 07:39:32 WARN connection reset by peer
2026-03-02 07:39:35 INFO user login ok
2026-03-02 07:39:36 INFO user login ok
2026-03-02 07:39:37 INFO cache hit
2026-03-02 07:39:40 INFO connection reset by peer
2026-03-02 07:39:43 INFO user login ok
2026-03-02 07:39:45 INFO slow query detected
2026-03-02 07:39:49 INFO cache hit
2026-03-02 07:39:51 INFO connection reset by peer
2026-03-02 07:39:54 INFO user login ok
2026-03-02 07:39:58 INFO request handled
2026-03-02 07:40:00 INFO user login ok
2026-03-02 07:40:01 INFO disk usage high
2026-03-02 07:40:03 INFO disk usage high
2026-03-02 07:40:07 INFO user login ok
2026-03-02 07:40:11 INFO user logout
2026-03-02 07:40:15 INFO invalid token
2026-03-02 07:40:17 INFO cache miss
2026-03-02 07:40:18 INFO background job finished
2026-03-02 07:40:21 INFO user logout
2026-03-02 07:40:25 INFO disk usage high
2026-03-02 07:40:28 INFO user logout
2026-03-02 07:40:31 INFO slow query detected
2026-03-02 07:40:35 INFO config reloaded
2026-03-02 07:40:38 INFO disk usage high
2026-03-02 07:40:41 INFO cache hit
2026-03-02 07:40:43 ERROR invalid token
2026-03-02 07:40:47 INFO user logout
2026-03-02 07:40:50 INFO invalid token
2026-03-02 07:40:51 INFO user login ok
2026-03-02 07:40:54 INFO invalid token
2026-03-02 07:40:56 INFO database timeout
2026-03-02 07:41:00 WARN disk usage high
2026-03-02 07:41:04 INFO request handled
2026-03-02 07:41:08 INFO cache hit
2026-03-02 07:41:10 INFO user logout
2026-03-02 07:41:12 INFO user login ok
2026-03-02 07:41:15 INFO cache hit
2026-03-02 07:41:19 INFO user login ok
2026-03-02 07:41:21 INFO connection reset by peer
2026-03-02 07:41:22 INFO user logout
2026-03-02 07:41:23 INFO slow query detected
2026-03-02 07:41:26 INFO user login ok
2026-03-02 07:41:27 INFO user login ok
2026-03-02 07:41:31 INFO user login ok
2026-03-02 07:41:32 ERROR connection reset by peer
2026-03-02 07:41:36 INFO cache hit
2026-03-02 07:41:39 INFO user logout
2026-03-02 07:41:43 INFO user login ok
2026-03-02 07:41:44 ERROR cache hit
2026-03-02 07:41:46 WARN connection reset by peer
2026-03-02 07:41:49 WARN cache hit
2026-03-02 07:41:51 INFO cache miss
2026-03-02 07:41:55 INFO cache miss
2026-03-02 07:41:56 INFO slow query detected
2026-03-02 07:41:57 WARN user login ok
2026-03-02 07:42:00 INFO user logout
2026-03-02 07:42:02 ERROR user logout
2026-03-02 07:42:04 WARN disk usage high
2026-03-02 07:42:05 INFO user login ok
2026-03-02 07:42:06 INFO database timeout
2026-03-02 07:42:08 INFO disk usage high
2026-03-02 07:42:12 INFO invalid token
2026-03-02 07:42:15 INFO user logout
2026-03-02 07:42:17 WARN user logout
2026-03-02 07:42:18 INFO user login ok
2026-03-02 07:42:19 INFO user login ok
2026-03-02 07:42:23 WARN disk usage high
2026-03-02 07:42:25 INFO user logout
2026-03-02 07:42:29 INFO user login ok
2026-03-02 07:42:30 INFO user login ok
2026-03-02 07:42:33 WARN cache miss
2026-03-02 07:42:36 INFO slow query detected
2026-03-02 07:42:37 INFO database timeout
2026-03-02 07:42:40 INFO user logout
2026-03-02 07:42:41 INFO user login ok
2026-03-02 07:42:42 INFO slow query detected
2026-03-02 07:42:44 INFO invalid token
2026-03-02 07:42:48 INFO config reloaded
2026-03-02 07:42:49 WARN user login ok
2026-03-02 07:42:50 INFO disk usage high
2026-03-02 07:42:51 INFO cache miss
2026-03-02 07:42:55 INFO connection reset by peer
2026-03-02 07:42:57 INFO connection reset by peer
2026-03-02 07:42:58 ERROR user logout
2026-03-02 07:43:00 WARN user login ok
2026-03-02 07:43:02 INFO user logout
2026-03-02 07:43:06 INFO user login ok
2026-03-02 07:43:10 INFO cache miss
2026-03-02 07:43:13 INFO user login ok
2026-03-02 07:43:17 INFO background job finished
2026-03-02 07:43:18 INFO user login ok
2026-03-02 07:43:22 INFO database timeout
2026-03-02 07:43:26 WARN cache miss
2026-03-02 07:43:29 INFO cache hit
2026-03-02 07:43:32 INFO cache miss
2026-03-02 07:43:34 INFO user login ok
2026-03-02 07:43:35 INFO user logout
2026-03-02 07:43:36 INFO connection reset by peer
2026-03-02 07:43:37 INFO disk usage high
2026-03-02 07:43:41 INFO user logout
2026-03-02 07:43:42 INFO cache miss
2026-03-02 07:43:45 INFO slow query detected
2026-03-02 07:43:49 INFO request handled
2026-03-02 07:43:51 INFO user login ok
2026-03-02 07:43:53 INFO user logout
2026-03-02 07:43:55 ERROR invalid token
2026-03-02 07:43:58 INFO invalid token
2026-03-02 07:44:01 INFO database timeout
2026-03-02 07:44:03 ERROR slow query detected
2026-03-02 07:44:05 WARN user login ok
2026-03-02 07:44:09 INFO user login ok
2026-03-02 07:44:13 INFO slow query detected
2026-03-02 07:44:17 INFO user login ok
2026-03-02 07:44:20 INFO connection reset by peer
2026-03-02 07:44:24 INFO request handled
2026-03-02 07:44:25 INFO user login ok
2026-03-02 07:44:27 INFO disk usage high
2026-03-02 07:44:31 INFO request handled
2026-03-02 07:44:34 INFO user login ok
2026-03-02 07:44:38 INFO user login ok
2026-03-02 07:44:40 WARN user logout
2026-03-02 07:44:41 INFO slow query detected
2026-03-02 07:44:44 INFO user login ok
2026-03-02 07:44:46 WARN request handled
2026-03-02 07:44:47 INFO user login ok
2026-03-02 07:44:49 INFO background job finished
2026-03-02 07:44:50 INFO user login ok
2026-03-02 07:44:54 INFO user logout
2026-03-02 07:44:57 ERROR config reloaded
2026-03-02 07:45:01 INFO cache miss
2026-03-02 07:45:02 INFO user logout
2026-03-02 07:45:06 INFO cache hit
2026-03-02 07:45:07 INFO user login ok
2026-03-02 07:45:08 INFO user login ok
2026-03-02 07:45:10 INFO cache miss
2026-03-02 07:45:13 INFO request handled
2026-03-02 07:45:14 INFO config reloaded
2026-03-02 07:45:15 WARN request handled
2026-03-02 07:45:18 WARN config reloaded
2026-03-02 07:45:19 INFO user logout
2026-03-02 07:45:21 INFO config reloaded
2026-03-02 07:45:24 INFO cache miss
2026-03-02 07:45:25 INFO user login ok
2026-03-02 07:45:28 INFO cache miss
2026-03-02 07:45:30 ERROR invalid token
2026-03-02 07:45:34 INFO user login ok
2026-03-02 07:45:35 INFO disk usage high
2026-03-02 07:45:37 INFO user logout
2026-03-02 07:45:39 INFO config reloaded
2026-03-02 07:45:42 INFO user login ok
2026-03-02 07:45:46 INFO background job finished
2026-03-02 07:45:48 INFO user logout
2026-03-02 07:45:49 INFO connection reset by peer
2026-03-02 07:45:53 INFO invalid token
2026-03-02 07:45:54 INFO cache hit
2026-03-02 07:45:56 INFO config reloaded
2026-03-02 07:45:58 INFO cache miss
2026-03-02 07:46:02 INFO background job finished
2026-03-02 07:46:05 WARN user login ok
2026-03-02 07:46:06 INFO background job finished
2026-03-02 07:46:07 WARN slow query detected
2026-03-02 07:46:10 INFO user login ok
2026-03-02 07:46:13 INFO slow query detected
2026-03-02 07:46:17 INFO config reloaded
2026-03-02 07:46:21 INFO request handled
2026-03-02 07:46:23 INFO request handled
2026-03-02 07:46:24 INFO background job finished
2026-03-02 07:46:28 ERROR user login ok
2026-03-02 07:46:29 INFO request handled
2026-03-02 07:46:30 INFO user login ok
2026-03-02 07:46:34 ERROR user login ok
2026-03-02 07:46:36 ERROR database timeout
2026-03-02 07:46:40 ERROR user logout
2026-03-02 07:46:41 INFO invalid token
2026-03-02 07:46:42 INFO user login ok
2026-03-02 07:46:43 INFO user login ok
2026-03-02 07:46:47 INFO cache hit
2026-03-02 07:46:48 INFO cache hit
2026-03-02 07:46:49 INFO database timeout
2026-03-02 07:46:51 INFO background job finished
2026-03-02 07:46:55 INFO cache hit
2026-03-02 07:46:59 INFO cache hit
2026-03-02 07:47:01 INFO cache hit
2026-03-02 07:47:04 INFO user logout
2026-03-02 07:47:08 INFO user logout
2026-03-02 07:47:11 WARN user login ok
2026-03-02 07:47:13 WARN user login ok
2026-03-02 07:47:14 INFO user logout
2026-03-02 07:47:16 INFO invalid token
2026-03-02 07:47:20 INFO cache hit
2026-03-02 07:47:21 WARN user login ok
2026-03-02 07:47:25 INFO database timeout
2026-03-02 07:47:27 INFO database timeout
2026-03-02 07:47:30 INFO user logout
2026-03-02 07:47:34 INFO user login ok
2026-03-02 07:47:37 INFO cache miss
2026-03-02 07:47:39 INFO invalid token
2026-03-02 07:47:41 ERROR user logout
2026-03-02 07:47:45 INFO user logout
2026-03-02 07:47:48 INFO request handled
2026-03-02 07:47:51 INFO user login ok
2026-03-02 07:47:54 INFO config reloaded
2026-03-02 07:47:58 WARN user login ok
2026-03-02 07:48:00 INFO disk usage high
2026-03-02 07:48:03 INFO user login ok
2026-03-02 07:48:07 INFO user logout
2026-03-02 07:48:08 INFO slow query detected
2026-03-02 07:48:11 INFO cache hit
2026-03-02 07:48:14 INFO user login ok
2026-03-02 07:48:18 INFO cache hit
2026-03-02 07:48:22 INFO connection reset by peer
2026-03-02 07:48:24 INFO user login ok
2026-03-02 07:48:25 INFO user logout
2026-03-02 07:48:27 INFO invalid token
2026-03-02 07:48:28 INFO database timeout
2026-03-02 07:48:29 INFO user login ok
2026-03-02 07:48:31 INFO cache hit
2026-03-02 07:48:33 INFO user logout
2026-03-02 07:48:36 INFO config reloaded
2026-03-02 07:48:38 ERROR cache hit
2026-03-02 07:48:40 ERROR background job finished
2026-03-02 07:48:42 INFO slow query detected
2026-03-02 07:48:44 INFO user login ok
2026-03-02 07:48:48 INFO user logout
2026-03-02 07:48:50 INFO disk usage high
2026-03-02 07:48:53 WARN user login ok
2026-03-02 07:48:56 INFO cache hit
2026-03-02 07:49:00 WARN database timeout
2026-03-02 07:49:03 ERROR cache miss
2026-03-02 07:49:06 INFO config reloaded
2026-03-02 07:49:08 INFO user logout
2026-03-02 07:49:11 INFO user login ok
2026-03-02 07:49:15 WARN slow query detected
2026-03-02 07:49:18 INFO user login ok
2026-03-02 07:49:21 INFO cache hit
2026-03-02 07:49:25 INFO user login ok
2026-03-02 07:49:26 INFO slow query detected
2026-03-02 07:49:27 INFO user login ok
2026-03-02 07:49:30 INFO cache miss
2026-03-02 07:49:32 INFO user login ok
2026-03-02 07:49:36 ERROR user login ok
2026-03-02 07:49:37 INFO cache miss
2026-03-02 07:49:38 INFO cache hit
2026-03-02 07:49:40 WARN invalid token
2026-03-02 07:49:44 INFO cache hit
2026-03-02 07:49:45 WARN user logout
2026-03-02 07:49:46 ERROR user login ok
2026-03-02 07:49:49 INFO database timeout
2026-03-02 07:49:52 INFO connection reset by peer
2026-03-02 07:49:54 INFO connection reset by peer
2026-03-02 07:49:58 INFO disk usage high
2026-03-02 07:49:59 INFO cache miss
2026-03-02 07:50:01 INFO connection reset by peer
2026-03-02 07:50:02 INFO cache miss
2026-03-02 07:50:03 INFO config reloaded
2026-03-02 07:50:04 INFO user login ok
2026-03-02 07:50:08 INFO disk usage high
2026-03-02 07:50:11 WARN cache hit
2026-03-02 07:50:14 WARN cache miss
2026-03-02 07:50:18 INFO slow query detected
2026-03-02 07:50:22 INFO cache hit
2026-03-02 07:50:25 INFO user logout
2026-03-02 07:50:26 INFO background job finished
2026-03-02 07:50:27 INFO user logout
2026-03-02 07:50:30 INFO user login ok
2026-03-02 07:50:33 INFO database timeout
2026-03-02 07:50:37 INFO invalid token
2026-03-02 07:50:39 INFO user login ok
2026-03-02 07:50:40 INFO cache hit
2026-03-02 07:50:43 INFO invalid token
2026-03-02 07:50:47 INFO user login ok
2026-03-02 07:50:49 INFO user logout
2026-03-02 07:50:53 INFO invalid token
2026-03-02 07:50:54 INFO user login ok
2026-03-02 07:50:57 INFO cache hit
2026-03-02 07:51:00 WARN user login ok
2026-03-02 07:51:04 ERROR user logout
2026-03-02 07:51:07 INFO request handled
2026-03-02 07:51:11 INFO cache hit
2026-03-02 07:51:13 ERROR background job finished
2026-03-02 07:51:15 INFO cache hit
2026-03-02 07:51:18 INFO slow query detected
2026-03-02 07:51:22 INFO disk usage high
2026-03-02 07:51:25 INFO request handled
2026-03-02 07:51:29 INFO disk usage high
2026-03-02 07:51:31 INFO user logout
2026-03-02 07:51:32 INFO background job finished
2026-03-02 07:51:36 INFO slow query detected
2026-03-02 07:51:40 INFO invalid token
2026-03-02 07:51:44 ERROR user logout
2026-03-02 07:51:46 INFO user login ok
2026-03-02 07:51:47 INFO background job finished
2026-03-02 07:51:50 INFO user login ok
2026-03-02 07:51:53 INFO user logout
2026-03-02 07:51:56 INFO disk usage high
2026-03-02 07:51:59 INFO slow query detected
2026-03-02 07:52:03 WARN user login ok
2026-03-02 07:52:05 INFO request handled
2026-03-02 07:52:06 INFO disk usage high
2026-03-02 07:52:10 INFO slow query detected
2026-03-02 07:52:13 INFO connection reset by peer
2026-03-02 07:52:16 INFO user login ok
2026-03-02 07:52:19 INFO user login ok
2026-03-02 07:52:20 INFO config reloaded
2026-03-02 07:52:22 INFO request handled
2026-03-02 07:52:23 INFO user login ok
2026-03-02 07:52:27 ERROR disk usage high
2026-03-02 07:52:29 INFO database timeout
2026-03-02 07:52:32 INFO disk usage high
2026-03-02 07:52:36 INFO config reloaded
2026-03-02 07:52:37 INFO user login ok
2026-03-02 07:52:39 INFO user logout
2026-03-02 07:52:40 INFO user login ok
2026-03-02 07:52:43 WARN user login ok
2026-03-02 07:52:45 INFO config reloaded
2026-03-02 07:52:46 INFO connection reset by peer
2026-03-02 07:52:47 WARN user login ok
2026-03-02 07:52:49 INFO user login ok
2026-03-02 07:52:52 INFO config reloaded
2026-03-02 07:52:54 INFO user login ok
2026-03-02 07:52:57 INFO disk usage high
2026-03-02 07:53:00 INFO request handled
2026-03-02 07:53:03 WARN connection reset by peer
2026-03-02 07:53:06 INFO config reloaded
2026-03-02 07:53:07 INFO cache hit
2026-03-02 07:53:08 INFO cache miss
2026-03-02 07:53:12 INFO background job finished
2026-03-02 07:53:14 INFO user login ok
2026-03-02 07:53:18 INFO cache hit
2026-03-02 07:53:19 INFO database timeout
2026-03-02 07:53:21 INFO request handled
2026-03-02 07:53:24 INFO request handled
2026-03-02 07:53:28 INFO user login ok
2026-03-02 07:53:32 INFO user logout
2026-03-02 07:53:36 INFO cache hit
2026-03-02 07:53:37 WARN request handled
2026-03-02 07:53:38 INFO cache hit
2026-03-02 07:53:42 INFO user login ok
2026-03-02 07:53:46 INFO cache miss
2026-03-02 07:53:47 INFO user login ok
2026-03-02 07:53:50 INFO slow query detected
2026-03-02 07:53:53 WARN cache miss
2026-03-02 07:53:57 INFO disk usage high
2026-03-02 07:53:58 ERROR user login ok
2026-03-02 07:54:02 WARN database timeout
2026-03-02 07:54:05 INFO cache miss
2026-03-02 07:54:09 ERROR user logout
2026-03-02 07:54:10 WARN user login ok
2026-03-02 07:54:13 INFO cache hit
2026-03-02 07:54:15 INFO cache hit
2026-03-02 07:54:19 INFO user login ok
2026-03-02 07:54:23 INFO user logout
2026-03-02 07:54:26 INFO user login ok
2026-03-02 07:54:29 INFO user login ok
2026-03-02 07:54:33 INFO request handled
2026-03-02 07:54:37 INFO connection reset by peer
2026-03-02 07:54:39 INFO cache miss
2026-03-02 07:54:43 INFO user logout
2026-03-02 07:54:46 INFO cache hit
2026-03-02 07:54:48 INFO user login ok
2026-03-02 07:54:49 WARN user logout
2026-03-02 07:54:53 INFO user login ok
2026-03-02 07:54:55 INFO connection reset by peer
2026-03-02 07:54:59 INFO user login ok
2026-03-02 07:55:02 INFO user login ok
2026-03-02 07:55:05 INFO user logout
2026-03-02 07:55:08 INFO config reloaded
2026-03-02 07:55:09 INFO user login ok
2026-03-02 07:55:13 INFO cache miss
2026-03-02 07:55:17 WARN user login ok
2026-03-02 07:55:20 INFO request handled
2026-03-02 07:55:22 INFO user login ok
2026-03-02 07:55:23 INFO user login ok
2026-03-02 07:55:25 INFO user login ok
2026-03-02 07:55:26 INFO user login ok
2026-03-02 07:55:30 WARN user login ok
2026-03-02 07:55:34 INFO request handled
2026-03-02 07:55:37 ERROR invalid token
2026-03-02 07:55:41 INFO user login ok
2026-03-02 07:55:43 INFO database timeout
2026-03-02 07:55:44 INFO disk usage high
2026-03-02 07:55:47 INFO disk usage high
2026-03-02 07:55:49 INFO cache miss
2026-03-02 07:55:51 INFO request handled
2026-03-02 07:55:53 WARN request handled
2026-03-02 07:55:56 WARN request handled
2026-03-02 07:55:59 INFO connection reset by peer
2026-03-02 07:56:02 INFO user logout
2026-03-02 07:56:06 INFO user logout
2026-03-02 07:56:09 INFO request handled
2026-03-02 07:56:12 INFO user login ok
2026-03-02 07:56:15 INFO request handled
2026-03-02 07:56:17 WARN user logout
2026-03-02 07:56:18 INFO user login ok
2026-03-02 07:56:22 INFO slow query detected
2026-03-02 07:56:24 INFO slow query detected
2026-03-02 07:56:28 INFO user logout
2026-03-02 07:56:29 INFO user login ok
2026-03-02 07:56:33 INFO cache hit
2026-03-02 07:56:35 ERROR user login ok
2026-03-02 07:56:37 ERROR slow query detected
2026-03-02 07:56:38 INFO cache hit
2026-03-02 07:56:42 INFO user login ok
2026-03-02 07:56:46 WARN background job finished
2026-03-02 07:56:49 ERROR user login ok
2026-03-02 07:56:51 ERROR cache hit
2026-03-02 07:56:55 INFO cache miss
2026-03-02 07:56:58 INFO disk usage high
2026-03-02 07:56:59 WARN user login ok
2026-03-02 07:57:02 WARN connection reset by peer
2026-03-02 07:57:03 INFO user logout
2026-03-02 07:57:05 INFO connection reset by peer
2026-03-02 07:57:08 INFO user logout
2026-03-02 07:57:09 INFO background job finished
2026-03-02 07:57:10 INFO cache hit
2026-03-02 07:57:13 INFO request handled
2026-03-02 07:57:14 INFO user logout
2026-03-02 07:57:17 INFO user login ok
2026-03-02 07:57:19 INFO config reloaded
2026-03-02 07:57:21 INFO user login ok
2026-03-02 07:57:23 INFO user login ok
2026-03-02 07:57:27 INFO user login ok
2026-03-02 07:57:31 INFO cache hit
2026-03-02 07:57:33 INFO slow query detected
2026-03-02 07:57:37 INFO config reloaded
2026-03-02 07:57:41 INFO cache miss
2026-03-02 07:57:43 INFO user login ok
2026-03-02 07:57:44 INFO invalid token
2026-03-02 07:57:45 INFO user login ok
2026-03-02 07:57:48 INFO config reloaded
2026-03-02 07:57:51 INFO cache hit
2026-03-02 07:57:55 WARN user logout
2026-03-02 07:57:56 INFO user logout
2026-03-02 07:58:00 INFO slow query detected
2026-03-02 07:58:01 WARN user login ok
2026-03-02 07:58:02 INFO user login ok
2026-03-02 07:58:06 WARN user logout
2026-03-02 07:58:10 INFO background job finished
2026-03-02 07:58:14 INFO user login ok
2026-03-02 07:58:17 INFO cache miss
2026-03-02 07:58:18 INFO slow query detected
2026-03-02 07:58:20 INFO user logout
2026-03-02 07:58:22 INFO user login ok
2026-03-02 07:58:24 INFO user logout
2026-03-02 07:58:27 INFO slow query detected
2026-03-02 07:58:30 ERROR cache hit
2026-03-02 07:58:31 INFO cache miss
2026-03-02 07:58:34 INFO request handled
2026-03-02 07:58:36 INFO user logout
2026-03-02 07:58:39 INFO database timeout
2026-03-02 07:58:42 INFO background job finished
2026-03-02 07:58:44 INFO request handled
2026-03-02 07:58:45 INFO user login ok
2026-03-02 07:58:49 INFO config reloaded
2026-03-02 07:58:52 INFO user login ok
2026-03-02 07:58:56 ERROR cache hit
2026-03-02 07:58:59 WARN user login ok
2026-03-02 07:59:01 INFO cache hit
2026-03-02 07:59:05 ERROR user login ok
2026-03-02 07:59:09 INFO user login ok
2026-03-02 07:59:12 WARN cache miss
2026-03-02 07:59:16 INFO user logout
2026-03-02 07:59:19 INFO user login ok
2026-03-02 07:59:23 INFO config reloaded
2026-03-02 07:59:24 INFO cache hit
2026-03-02 07:59:27 INFO user login ok
2026-03-02 07:59:31 INFO user login ok
2026-03-02 07:59:33 INFO user login ok
2026-03-02 07:59:35 INFO user login ok
2026-03-02 07:59:38 INFO invalid token
2026-03-02 07:59:42 INFO cache hit
2026-03-02 07:59:43 INFO user logout
2026-03-02 07:59:47 INFO user logout
2026-03-02 07:59:48 WARN disk usage high
2026-03-02 07:59:52 INFO cache hit
2026-03-02 07:59:56 WARN cache hit
2026-03-02 08:00:00 WARN user login ok
2026-03-02 08:00:04 WARN background job finished
2026-03-02 08:00:07 INFO connection reset by peer
2026-03-02 08:00:09 INFO disk usage high
2026-03-02 08:00:10 INFO user login ok
2026-03-02 08:00:13 INFO connection reset by peer
2026-03-02 08:00:14 INFO cache hit
2026-03-02 08:00:18 INFO connection reset by peer
2026-03-02 08:00:21 INFO database timeout
2026-03-02 08:00:24 INFO cache hit
2026-03-02 08:00:28 INFO user logout
2026-03-02 08:00:29 ERROR cache hit
2026-03-02 08:00:30 INFO disk usage high
2026-03-02 08:00:34 INFO request handled
2026-03-02 08:00:38 INFO database timeout
2026-03-02 08:00:41 INFO user login ok
2026-03-02 08:00:43 INFO cache hit
2026-03-02 08:00:46 INFO user login ok
2026-03-02 08:00:49 WARN user login ok
2026-03-02 08:00:53 INFO user logout
2026-03-02 08:00:55 WARN request handled
2026-03-02 08:00:58 INFO user logout
2026-03-02 08:01:00 INFO background job finished
2026-03-02 08:01:04 INFO user login ok
2026-03-02 08:01:06 INFO connection reset by peer
2026-03-02 08:01:10 INFO user login ok
2026-03-02 08:01:12 INFO cache miss
2026-03-02 08:01:16 INFO user logout
2026-03-02 08:01:20 INFO user logout
2026-03-02 08:01:21 WARN config reloaded
2026-03-02 08:01:24 WARN slow query detected
2026-03-02 08:01:25 INFO slow query detected
2026-03-02 08:01:26 INFO slow query detected
2026-03-02 08:01:29 INFO request handled
2026-03-02 08:01:33 INFO user logout
2026-03-02 08:01:36 INFO user login ok
2026-03-02 08:01:39 INFO user logout
2026-03-02 08:01:42 INFO user login ok
2026-03-02 08:01:45 INFO user login ok
2026-03-02 08:01:47 INFO connection reset by peer
2026-03-02 08:01:48 INFO user login ok
2026-03-02 08:01:52 INFO cache miss
2026-03-02 08:01:56 INFO disk usage high
2026-03-02 08:01:58 INFO user login ok
2026-03-02 08:01:59 INFO user login ok
2026-03-02 08:02:01 INFO user login ok
2026-03-02 08:02:03 INFO cache hit
2026-03-02 08:02:07 INFO user login ok
2026-03-02 08:02:10 INFO cache miss
2026-03-02 08:02:12 INFO user login ok
2026-03-02 08:02:15 WARN user logout
2026-03-02 08:02:16 INFO user logout
2026-03-02 08:02:19 WARN user login ok
2026-03-02 08:02:22 WARN cache miss
2026-03-02 08:02:24 INFO config reloaded
2026-03-02 08:02:26 INFO request handled
2026-03-02 08:02:29 INFO user logout
2026-03-02 08:02:30 INFO background job finished
2026-03-02 08:02:32 INFO cache hit
2026-03-02 08:02:36 INFO cache hit
### повреждённая строка ###
2026-03-02 08:02:44 INFO user logout
2026-03-02 08:02:47 INFO slow query detected
2026-03-02 08:02:48 INFO user login ok
2026-03-02 08:02:51 INFO user logout
2026-03-02 08:02:55 INFO slow query detected
2026-03-02 08:02:58 INFO disk usage high
2026-03-02 08:03:02 INFO user logout
2026-03-02 08:03:05 INFO request handled
2026-03-02 08:03:06 INFO slow query detected
2026-03-02 08:03:07 WARN cache hit
2026-03-02 08:03:10 INFO slow query detected
2026-03-02 08:03:11 INFO connection reset by peer
2026-03-02 08:03:15 INFO user logout
2026-03-02 08:03:18 INFO user login ok
2026-03-02 08:03:22 INFO cache miss
2026-03-02 08:03:23 INFO slow query detected
2026-03-02 08:03:26 INFO cache hit
2026-03-02 08:03:28 INFO config reloaded
2026-03-02 08:03:32 WARN cache hit
2026-03-02 08:03:35 INFO request handled
2026-03-02 08:03:37 INFO user login ok
2026-03-02 08:03:40 WARN cache hit
2026-03-02 08:03:43 INFO user login ok
2026-03-02 08:03:45 INFO connection reset by peer
2026-03-02 08:03:46 INFO user login ok
2026-03-02 08:03:49 INFO config reloaded
2026-03-02 08:03:50 INFO user login ok
2026-03-02 08:03:53 INFO user logout
2026-03-02 08:03:54 INFO user login ok
2026-03-02 08:03:58 INFO user logout
2026-03-02 08:04:02 INFO user logout
2026-03-02 08:04:03 WARN cache hit
2026-03-02 08:04:04 INFO cache miss
2026-03-02 08:04:07 INFO cache hit
2026-03-02 08:04:11 ERROR invalid token
2026-03-02 08:04:15 INFO disk usage high
2026-03-02 08:04:18 INFO user login ok
2026-03-02 08:04:21 INFO request handled
2026-03-02 08:04:25 INFO database timeout
2026-03-02 08:04:28 INFO request handled
2026-03-02 08:04:30 ERROR user login ok
2026-03-02 08:04:32 WARN connection reset by peer
2026-03-02 08:04:35 INFO user logout
2026-03-02 08:04:38 INFO user login ok
2026-03-02 08:04:42 WARN disk usage high
2026-03-02 08:04:46 WARN user logout
2026-03-02 08:04:49 INFO invalid token
2026-03-02 08:04:53 INFO connection reset by peer
2026-03-02 08:04:56 INFO user login ok
### повреждённая строка ###
2026-03-02 08:05:00 INFO user login ok
2026-03-02 08:05:04 INFO request handled
2026-03-02 08:05:07 INFO cache miss
2026-03-02 08:05:11 INFO request handled
2026-03-02 08:05:14 INFO user login ok
2026-03-02 08:05:16 INFO user login ok
2026-03-02 08:05:18 INFO user logout
2026-03-02 08:05:20 INFO background job finished
2026-03-02 08:05:24 INFO config reloaded
2026-03-02 08:05:28 WARN user login ok
2026-03-02 08:05:32 WARN disk usage high
2026-03-02 08:05:33 WARN config reloaded
2026-03-02 08:05:35 INFO disk usage high
2026-03-02 08:05:37 INFO invalid token
2026-03-02 08:05:39 INFO cache hit
2026-03-02 08:05:43 INFO cache hit
2026-03-02 08:05:45 INFO background job finished
2026-03-02 08:05:48 INFO user logout
2026-03-02 08:05:52 WARN cache miss
2026-03-02 08:05:54 ERROR invalid token
2026-03-02 08:05:58 INFO user logout
2026-03-02 08:06:02 INFO background job finished
2026-03-02 08:06:04 WARN disk usage high
2026-03-02 08:06:07 INFO cache hit
2026-03-02 08:06:11 WARN cache miss
2026-03-02 08:06:13 INFO user login ok
2026-03-02 08:06:17 INFO user login ok
2026-03-02 08:06:18 INFO disk usage high
2026-03-02 08:06:20 INFO cache miss
2026-03-02 08:06:23 INFO user logout
2026-03-02 08:06:27 INFO database timeout
2026-03-02 08:06:29 ERROR user login ok
2026-03-02 08:06:33 INFO request handled
2026-03-02 08:06:37 WARN cache hit
2026-03-02 08:06:39 INFO slow query detected
2026-03-02 08:06:41 INFO user login ok
2026-03-02 08:06:44 INFO config reloaded
2026-03-02 08:06:46 INFO user login ok
2026-03-02 08:06:48 INFO slow query detected
2026-03-02 08:06:51 INFO connection reset by peer
2026-03-02 08:06:54 INFO user logout
2026-03-02 08:06:56 WARN request handled
2026-03-02 08:06:59 INFO cache miss
2026-03-02 08:07:01 INFO cache hit
2026-03-02 08:07:05 WARN disk usage high
2026-03-02 08:07:06 INFO user login ok
2026-03-02 08:07:07 INFO disk usage high
2026-03-02 08:07:09 INFO cache miss
2026-03-02 08:07:12 INFO request handled
2026-03-02 08:07:16 INFO slow query detected
2026-03-02 08:07:20 INFO user logout
2026-03-02 08:07:24 WARN slow query detected
2026-03-02 08:07:26 INFO user logout
2026-03-02 08:07:29 INFO user login ok
2026-03-02 08:07:33 WARN config reloaded
2026-03-02 08:07:37 INFO user login ok
2026-03-02 08:07:41 WARN request handled
2026-03-02 08:07:45 INFO user login ok
2026-03-02 08:07:48 INFO config reloaded
2026-03-02 08:07:51 INFO cache miss
2026-03-02 08:07:53 INFO cache miss
2026-03-02 08:07:54 INFO cache miss
2026-03-02 08:07:57 INFO user login ok
### повреждённая строка ###
2026-03-02 08:08:03 INFO connection reset by peer
2026-03-02 08:08:05 INFO user login ok
2026-03-02 08:08:09 INFO background job finished
2026-03-02 08:08:10 WARN user login ok
2026-03-02 08:08:11 ERROR user login ok
2026-03-02 08:08:15 INFO user login ok
2026-03-02 08:08:17 INFO user login ok
2026-03-02 08:08:18 INFO cache hit
2026-03-02 08:08:20 INFO user login ok
2026-03-02 08:08:22 INFO cache hit
2026-03-02 08:08:26 INFO user logout
2026-03-02 08:08:29 INFO background job finished
2026-03-02 08:08:30 INFO request handled
2026-03-02 08:08:32 INFO background job finished
2026-03-02 08:08:33 INFO request handled
2026-03-02 08:08:36 INFO user login ok
2026-03-02 08:08:39 INFO invalid token
2026-03-02 08:08:43 INFO connection reset by peer
2026-03-02 08:08:44 INFO user login ok
2026-03-02 08:08:48 INFO request handled
2026-03-02 08:08:49 WARN user login ok
2026-03-02 08:08:51 INFO user logout
2026-03-02 08:08:52 INFO connection reset by peer
2026-03-02 08:08:55 INFO request handled
2026-03-02 08:08:56 INFO slow query detected
2026-03-02 08:09:00 INFO user logout
2026-03-02 08:09:03 INFO config reloaded
2026-03-02 08:09:07 INFO background job finished
2026-03-02 08:09:10 INFO cache miss
2026-03-02 08:09:11 INFO cache hit
2026-03-02 08:09:13 INFO cache hit
2026-03-02 08:09:17 INFO user login ok
2026-03-02 08:09:20 INFO cache miss
2026-03-02 08:09:22 WARN user login ok
2026-03-02 08:09:23 INFO user login ok
2026-03-02 08:09:27 INFO config reloaded
2026-03-02 08:09:29 WARN slow query detected
2026-03-02 08:09:31 INFO cache miss
2026-03-02 08:09:35 INFO user login ok
2026-03-02 08:09:39 INFO cache hit
2026-03-02 08:09:40 WARN cache hit
2026-03-02 08:09:42 INFO connection reset by peer
2026-03-02 08:09:44 INFO user login ok
2026-03-02 08:09:47 INFO user login ok
2026-03-02 08:09:51 WARN cache miss
2026-03-02 08:09:54 INFO invalid token
2026-03-02 08:09:55 WARN user login ok
2026-03-02 08:09:58 WARN request handled
2026-03-02 08:10:01 INFO database timeout
2026-03-02 08:10:05 INFO cache hit
2026-03-02 08:10:09 INFO user logout
2026-03-02 08:10:13 INFO cache miss
2026-03-02 08:10:16 INFO user login ok
2026-03-02 08:10:19 INFO user logout
2026-03-02 08:10:21 INFO slow query detected
2026-03-02 08:10:22 INFO user logout
2026-03-02 08:10:23 INFO request handled
2026-03-02 08:10:26 INFO user logout
2026-03-02 08:10:28 INFO cache hit
2026-03-02 08:10:29 INFO user login ok
2026-03-02 08:10:33 INFO cache miss
2026-03-02 08:10:34 INFO config reloaded
2026-03-02 08:10:37 INFO invalid token
2026-03-02 08:10:39 WARN user login ok
2026-03-02 08:10:43 INFO invalid token
2026-03-02 08:10:44 INFO user login ok
2026-03-02 08:10:45 INFO request handled
2026-03-02 08:10:46 INFO user login ok
2026-03-02 08:10:48 INFO config reloaded
2026-03-02 08:10:51 WARN user logout
2026-03-02 08:10:55 INFO user login ok
2026-03-02 08:10:56 WARN cache hit
### повреждённая строка ###
2026-03-02 08:11:01 INFO cache miss
2026-03-02 08:11:03 WARN user login ok
2026-03-02 08:11:07 INFO database timeout
2026-03-02 08:11:08 INFO cache miss
2026-03-02 08:11:12 INFO cache miss
2026-03-02 08:11:16 INFO user login ok
2026-03-02 08:11:20 WARN database timeout
2026-03-02 08:11:24 WARN user logout
2026-03-02 08:11:27 INFO slow query detected
2026-03-02 08:11:31 WARN disk usage high
2026-03-02 08:11:32 ERROR cache hit
2026-03-02 08:11:36 INFO user logout
2026-03-02 08:11:40 WARN user login ok
2026-03-02 08:11:41 INFO user login ok
2026-03-02 08:11:44 INFO cache miss
2026-03-02 08:11:48 ERROR cache miss
2026-03-02 08:11:51 INFO disk usage high
2026-03-02 08:11:54 WARN slow query detected
2026-03-02 08:11:55 INFO invalid token
2026-03-02 08:11:56 INFO user login ok
2026-03-02 08:11:58 INFO request handled
2026-03-02 08:12:00 INFO user login ok
2026-03-02 08:12:01 INFO invalid token
2026-03-02 08:12:04 INFO cache miss
2026-03-02 08:12:07 INFO user logout
2026-03-02 08:12:08 INFO user logout
2026-03-02 08:12:10 INFO disk usage high
2026-03-02 08:12:13 INFO cache miss
2026-03-02 08:12:14 INFO user logout
2026-03-02 08:12:15 INFO config reloaded
2026-03-02 08:12:17 WARN user login ok
2026-03-02 08:12:20 INFO database timeout
2026-03-02 08:12:22 INFO user login ok
2026-03-02 08:12:26 INFO cache miss
2026-03-02 08:12:29 INFO invalid token
2026-03-02 08:12:30 INFO cache hit
2026-03-02 08:12:33 INFO cache hit
2026-03-02 08:12:37 INFO slow query detected
2026-03-02 08:12:39 INFO user login ok
2026-03-02 08:12:40 INFO user logout
2026-03-02 08:12:44 INFO database timeout
2026-03-02 08:12:46 WARN connection reset by peer
2026-03-02 08:12:48 INFO request handled
2026-03-02 08:12:49 INFO database timeout
2026-03-02 08:12:52 WARN connection reset by peer
2026-03-02 08:12:54 INFO user login ok
2026-03-02 08:12:55 INFO invalid token
2026-03-02 08:12:57 INFO slow query detected
2026-03-02 08:13:01 INFO config reloaded
2026-03-02 08:13:05 WARN user login ok
2026-03-02 08:13:06 INFO database timeout
2026-03-02 08:13:07 INFO database timeout
2026-03-02 08:13:11 INFO config reloaded
2026-03-02 08:13:12 INFO user login ok
2026-03-02 08:13:14 INFO invalid token
2026-03-02 08:13:15 INFO background job finished
2026-03-02 08:13:18 INFO cache hit
2026-03-02 08:13:22 INFO user login ok
2026-03-02 08:13:25 WARN config reloaded
2026-03-02 08:13:29 WARN cache miss
2026-03-02 08:13:32 INFO user login ok
2026-03-02 08:13:35 INFO user logout
2026-03-02 08:13:39 WARN database timeout
2026-03-02 08:13:40 INFO user logout
2026-03-02 08:13:44 INFO connection reset by peer
2026-03-02 08:13:48 INFO slow query detected
2026-03-02 08:13:49 WARN user login ok
2026-03-02 08:13:52 INFO cache miss
2026-03-02 08:13:56 INFO user logout
2026-03-02 08:13:58 WARN user logout
2026-03-02 08:14:01 INFO background job finished
2026-03-02 08:14:03 INFO cache miss
2026-03-02 08:14:07 INFO cache hit
2026-03-02 08:14:10 ERROR user login ok
2026-03-02 08:14:11 INFO background job finished
2026-03-02 08:14:12 INFO connection reset by peer
2026-03-02 08:14:16 INFO user login ok
2026-03-02 08:14:19 INFO cache hit
2026-03-02 08:14:22 INFO user login ok
2026-03-02 08:14:24 INFO cache hit
2026-03-02 08:14:25 ERROR user logout
2026-03-02 08:14:26 INFO user login ok
2026-03-02 08:14:28 WARN user login ok
2026-03-02 08:14:31 INFO user login ok
2026-03-02 08:14:34 INFO connection reset by peer
2026-03-02 08:14:38 WARN config reloaded
2026-03-02 08:14:39 INFO invalid token
2026-03-02 08:14:41 INFO user logout
2026-03-02 08:14:44 INFO slow query detected
2026-03-02 08:14:48 INFO connection reset by peer
2026-03-02 08:14:51 WARN cache hit
2026-03-02 08:14:53 INFO cache miss
2026-03-02 08:14:55 INFO disk usage high
2026-03-02 08:14:56 WARN cache hit
2026-03-02 08:14:57 ERROR cache hit
2026-03-02 08:15:00 INFO cache hit
2026-03-02 08:15:02 INFO user login ok
2026-03-02 08:15:06 INFO request handled
2026-03-02 08:15:07 WARN slow query detected
2026-03-02 08:15:08 ERROR user login ok
2026-03-02 08:15:10 INFO user login ok
2026-03-02 08:15:14 INFO request handled
2026-03-02 08:15:15 WARN cache hit
2026-03-02 08:15:16 INFO user logout
2026-03-02 08:15:20 INFO user login ok
2026-03-02 08:15:23 ERROR user login ok
2026-03-02 08:15:27 INFO user login ok
2026-03-02 08:15:29 INFO cache hit
2026-03-02 08:15:31 INFO slow query detected
2026-03-02 08:15:35 INFO user logout
2026-03-02 08:15:36 WARN config reloaded
2026-03-02 08:15:38 INFO user login ok
2026-03-02 08:15:39 INFO cache hit
2026-03-02 08:15:41 INFO user login ok
2026-03-02 08:15:42 INFO cache hit
2026-03-02 08:15:46 INFO user login ok
2026-03-02 08:15:49 INFO connection reset by peer
2026-03-02 08:15:52 INFO disk usage high
2026-03-02 08:15:55 INFO database timeout
2026-03-02 08:15:56 INFO config reloaded
2026-03-02 08:15:58 INFO slow query detected
2026-03-02 08:16:02 INFO cache hit
2026-03-02 08:16:05 INFO database timeout
2026-03-02 08:16:08 INFO request handled
2026-03-02 08:16:09 WARN slow query detected
2026-03-02 08:16:10 INFO user login ok
2026-03-02 08:16:12 INFO user login ok
### повреждённая строка ###
2026-03-02 08:16:14 INFO user logout
2026-03-02 08:16:15 INFO user logout
2026-03-02 08:16:19 INFO user logout
2026-03-02 08:16:20 INFO slow query detected
2026-03-02 08:16:22 WARN cache hit
2026-03-02 08:16:25 INFO connection reset by peer
2026-03-02 08:16:28 INFO user logout
2026-03-02 08:16:32 INFO cache miss
2026-03-02 08:16:36 INFO user login ok
2026-03-02 08:16:38 ERROR user login ok
2026-03-02 08:16:41 INFO user login ok
2026-03-02 08:16:44 INFO disk usage high
2026-03-02 08:16:48 ERROR cache miss
2026-03-02 08:16:49 INFO background job finished
2026-03-02 08:16:50 INFO request handled
2026-03-02 08:16:52 INFO disk usage high
2026-03-02 08:16:53 INFO config reloaded
2026-03-02 08:16:56 WARN user logout
2026-03-02 08:16:59 INFO user login ok
2026-03-02 08:17:00 INFO cache miss
2026-03-02 08:17:03 INFO user login ok
2026-03-02 08:17:07 INFO cache hit
2026-03-02 08:17:08 INFO cache hit
2026-03-02 08:17:11 INFO request handled
2026-03-02 08:17:14 INFO disk usage high
2026-03-02 08:17:17 WARN config reloaded
2026-03-02 08:17:20 INFO user logout
2026-03-02 08:17:23 INFO user logout
2026-03-02 08:17:26 INFO user login ok
2026-03-02 08:17:29 INFO invalid token
2026-03-02 08:17:31 ERROR user logout
2026-03-02 08:17:33 ERROR connection reset by peer
2026-03-02 08:17:35 INFO cache hit
2026-03-02 08:17:37 INFO user login ok
2026-03-02 08:17:40 INFO user logout
2026-03-02 08:17:41 INFO cache hit
2026-03-02 08:17:42 INFO disk usage high
2026-03-02 08:17:46 INFO user logout
2026-03-02 08:17:50 INFO user logout
2026-03-02 08:17:54 INFO background job finished
2026-03-02 08:17:55 INFO invalid token
2026-03-02 08:17:58 INFO slow query detected
2026-03-02 08:18:00 INFO slow query detected
2026-03-02 08:18:01 INFO invalid token
2026-03-02 08:18:02 WARN user login ok
2026-03-02 08:18:05 WARN cache hit
2026-03-02 08:18:08 INFO background job finished
2026-03-02 08:18:10 WARN cache miss
2026-03-02 08:18:12 INFO user logout
2026-03-02 08:18:16 INFO user login ok
2026-03-02 08:18:20 WARN cache miss
2026-03-02 08:18:22 INFO connection reset by peer
2026-03-02 08:18:25 INFO database timeout
2026-03-02 08:18:26 INFO slow query detected
2026-03-02 08:18:28 INFO user logout
2026-03-02 08:18:29 INFO slow query detected
2026-03-02 08:18:30 INFO user login ok
2026-03-02 08:18:33 INFO cache hit
2026-03-02 08:18:34 INFO user logout
2026-03-02 08:18:38 WARN user logout
2026-03-02 08:18:42 WARN cache miss
2026-03-02 08:18:43 INFO user login ok
2026-03-02 08:18:46 ERROR request handled
2026-03-02 08:18:48 INFO user logout
2026-03-02 08:18:49 INFO user logout
2026-03-02 08:18:52 ERROR cache miss
2026-03-02 08:18:54 INFO user logout
2026-03-02 08:18:56 WARN cache hit
2026-03-02 08:18:59 INFO slow query detected
2026-03-02 08:19:01 INFO slow query detected
2026-03-02 08:19:02 INFO user login ok
2026-03-02 08:19:04 WARN user logout
2026-03-02 08:19:06 WARN cache hit
2026-03-02 08:19:10 INFO user login ok
2026-03-02 08:19:11 INFO cache miss
2026-03-02 08:19:12 WARN background job finished
2026-03-02 08:19:14 INFO slow query detected
2026-03-02 08:19:16 INFO user login ok
2026-03-02 08:19:18 ERROR slow query detected
2026-03-02 08:19:22 WARN request handled
2026-03-02 08:19:23 INFO disk usage high
2026-03-02 08:19:25 INFO user login ok
2026-03-02 08:19:26 INFO connection reset by peer
2026-03-02 08:19:27 INFO invalid token
2026-03-02 08:19:30 INFO user login ok
2026-03-02 08:19:34 INFO cache miss
2026-03-02 08:19:36 ERROR user logout
2026-03-02 08:19:38 INFO disk usage high
2026-03-02 08:19:42 INFO request handled
### повреждённая строка ###
2026-03-02 08:19:46 WARN disk usage high
2026-03-02 08:19:48 INFO cache hit
2026-03-02 08:19:49 WARN config reloaded
2026-03-02 08:19:53 INFO cache hit
2026-03-02 08:19:55 INFO connection reset by peer
2026-03-02 08:19:56 INFO user logout
2026-03-02 08:20:00 INFO cache hit
2026-03-02 08:20:01 INFO disk usage high
2026-03-02 08:20:05 INFO user login ok
2026-03-02 08:20:09 INFO background job finished
2026-03-02 08:20:11 INFO background job finished
2026-03-02 08:20:14 INFO user logout
2026-03-02 08:20:18 INFO user login ok
2026-03-02 08:20:19 WARN user login ok
2026-03-02 08:20:20 INFO user login ok
2026-03-02 08:20:22 INFO user logout
### повреждённая строка ###
2026-03-02 08:20:24 INFO user login ok
2026-03-02 08:20:28 INFO user login ok
2026-03-02 08:20:31 INFO connection reset by peer
2026-03-02 08:20:35 INFO user login ok
2026-03-02 08:20:39 INFO user login ok
2026-03-02 08:20:41 INFO user login ok
2026-03-02 08:20:43 INFO request handled
2026-03-02 08:20:45 INFO slow query detected
2026-03-02 08:20:48 INFO cache miss
2026-03-02 08:20:50 INFO user login ok
2026-03-02 08:20:54 INFO user logout
2026-03-02 08:20:58 INFO database timeout
2026-03-02 08:21:01 INFO config reloaded
2026-03-02 08:21:04 INFO disk usage high
2026-03-02 08:21:06 INFO cache hit
2026-03-02 08:21:10 INFO connection reset by peer
2026-03-02 08:21:14 INFO connection reset by peer
2026-03-02 08:21:16 INFO user login ok
2026-03-02 08:21:17 INFO user login ok
### повреждённая строка ###
2026-03-02 08:21:23 INFO slow query detected
2026-03-02 08:21:24 INFO connection reset by peer
2026-03-02 08:21:27 INFO invalid token
2026-03-02 08:21:28 INFO user login ok
2026-03-02 08:21:30 INFO user login ok
2026-03-02 08:21:32 INFO disk usage high
2026-03-02 08:21:36 INFO request handled
2026-03-02 08:21:39 INFO background job finished
2026-03-02 08:21:43 INFO user login ok
2026-03-02 08:21:44 INFO config reloaded
2026-03-02 08:21:45 INFO user login ok
2026-03-02 08:21:49 WARN user logout
2026-03-02 08:21:50 INFO user login ok
2026-03-02 08:21:54 INFO user logout
2026-03-02 08:21:57 INFO user logout
2026-03-02 08:22:00 INFO background job finished
2026-03-02 08:22:04 INFO user logout
2026-03-02 08:22:06 INFO slow query detected
2026-03-02 08:22:10 ERROR disk usage high
2026-03-02 08:22:14 INFO background job finished
2026-03-02 08:22:16 INFO cache miss
2026-03-02 08:22:19 INFO user login ok
2026-03-02 08:22:20 WARN background job finished
2026-03-02 08:22:23 WARN user login ok
2026-03-02 08:22:27 INFO user logout
2026-03-02 08:22:28 INFO cache hit
2026-03-02 08:22:30 WARN user login ok
2026-03-02 08:22:32 ERROR connection reset by peer
2026-03-02 08:22:33 INFO request handled
2026-03-02 08:22:34 INFO user login ok
2026-03-02 08:22:37 INFO user login ok
2026-03-02 08:22:39 INFO disk usage high
2026-03-02 08:22:41 INFO config reloaded
2026-03-02 08:22:45 INFO cache hit
2026-03-02 08:22:48 INFO user login ok
2026-03-02 08:22:49 INFO database timeout
2026-03-02 08:22:53 WARN database timeout
2026-03-02 08:22:54 INFO connection reset by peer
2026-03-02 08:22:57 INFO invalid token
2026-03-02 08:23:01 INFO user login ok
2026-03-02 08:23:02 INFO cache miss
2026-03-02 08:23:04 INFO cache hit
2026-03-02 08:23:07 INFO user login ok
2026-03-02 08:23:10 INFO cache hit
2026-03-02 08:23:12 WARN user logout
2026-03-02 08:23:14 WARN config reloaded
2026-03-02 08:23:16 INFO user login ok
2026-03-02 08:23:17 INFO cache hit
2026-03-02 08:23:21 INFO cache hit
2026-03-02 08:23:23 INFO invalid token
2026-03-02 08:23:24 ERROR slow query detected
2026-03-02 08:23:25 INFO database timeout
2026-03-02 08:23:27 WARN user login ok
2026-03-02 08:23:29 INFO user login ok
2026-03-02 08:23:30 WARN slow query detected
2026-03-02 08:23:33 INFO connection reset by peer
2026-03-02 08:23:35 ERROR user logout
2026-03-02 08:23:39 INFO background job finished
2026-03-02 08:23:41 INFO connection reset by peer
2026-03-02 08:23:44 ERROR cache hit
2026-03-02 08:23:47 INFO cache miss
2026-03-02 08:23:49 WARN user login ok
2026-03-02 08:23:52 WARN cache miss
2026-03-02 08:23:54 INFO disk usage high
2026-03-02 08:23:57 ERROR slow query detected
2026-03-02 08:23:58 INFO user logout
2026-03-02 08:23:59 WARN slow query detected
2026-03-02 08:24:03 INFO user login ok
2026-03-02 08:24:05 INFO background job finished
2026-03-02 08:24:06 ERROR user login ok
2026-03-02 08:24:10 ERROR disk usage high
2026-03-02 08:24:14 INFO user login ok
2026-03-02 08:24:16 INFO background job finished
2026-03-02 08:24:18 WARN user login ok
2026-03-02 08:24:22 INFO request handled
2026-03-02 08:24:23 INFO user logout
2026-03-02 08:24:27 INFO cache hit
2026-03-02 08:24:30 WARN user login ok
2026-03-02 08:24:33 INFO user login ok
2026-03-02 08:24:36 INFO background job finished
2026-03-02 08:24:37 INFO user login ok
2026-03-02 08:24:41 INFO connection reset by peer
2026-03-02 08:24:43 INFO slow query detected
2026-03-02 08:24:44 INFO slow query detected
2026-03-02 08:24:47 INFO user logout
2026-03-02 08:24:50 INFO slow query detected
2026-03-02 08:24:51 INFO user login ok
2026-03-02 08:24:55 ERROR database timeout
2026-03-02 08:24:59 INFO user logout
2026-03-02 08:25:02 INFO cache miss
2026-03-02 08:25:03 WARN user login ok
2026-03-02 08:25:06 INFO request handled
2026-03-02 08:25:10 INFO config reloaded
2026-03-02 08:25:11 INFO user login ok
2026-03-02 08:25:13 INFO request handled
2026-03-02 08:25:14 INFO user login ok
2026-03-02 08:25:15 INFO user login ok
2026-03-02 08:25:18 INFO user logout
2026-03-02 08:25:19 INFO user login ok
2026-03-02 08:25:20 ERROR invalid token
2026-03-02 08:25:22 INFO user login ok
2026-03-02 08:25:24 INFO cache hit
2026-03-02 08:25:26 WARN slow query detected
2026-03-02 08:25:30 INFO user login ok
2026-03-02 08:25:31 INFO cache miss
2026-03-02 08:25:33 INFO user login ok
2026-03-02 08:25:36 INFO cache hit
2026-03-02 08:25:37 INFO user login ok
2026-03-02 08:25:41 INFO user login ok
2026-03-02 08:25:42 INFO connection reset by peer
2026-03-02 08:25:46 INFO user login ok
2026-03-02 08:25:48 INFO slow query detected
2026-03-02 08:25:49 INFO slow query detected
2026-03-02 08:25:50 INFO cache hit
2026-03-02 08:25:53 WARN disk usage high
2026-03-02 08:25:54 WARN disk usage high
2026-03-02 08:25:57 INFO cache miss
2026-03-02 08:25:59 INFO request handled
2026-03-02 08:26:02 INFO user login ok
2026-03-02 08:26:04 ERROR request handled
2026-03-02 08:26:06 INFO slow query detected
2026-03-02 08:26:08 INFO cache miss
2026-03-02 08:26:09 INFO database timeout
2026-03-02 08:26:11 INFO user logout
2026-03-02 08:26:15 INFO request handled
2026-03-02 08:26:18 INFO config reloaded
2026-03-02 08:26:22 INFO cache hit
2026-03-02 08:26:23 INFO user login ok
2026-03-02 08:26:26 WARN cache miss
2026-03-02 08:26:27 INFO connection reset by peer
2026-03-02 08:26:30 INFO user login ok
2026-03-02 08:26:31 INFO connection reset by peer
2026-03-02 08:26:32 ERROR connection reset by peer
2026-03-02 08:26:36 WARN user login ok
2026-03-02 08:26:38 WARN user logout
2026-03-02 08:26:42 INFO background job finished
2026-03-02 08:26:44 INFO request handled
2026-03-02 08:26:46 INFO disk usage high
2026-03-02 08:26:50 INFO database timeout
2026-03-02 08:26:53 WARN connection reset by peer
2026-03-02 08:26:56 INFO user logout
2026-03-02 08:26:59 INFO user login ok
2026-03-02 08:27:02 INFO user login ok
2026-03-02 08:27:05 ERROR cache hit
2026-03-02 08:27:07 INFO user logout
2026-03-02 08:27:10 INFO invalid token
2026-03-02 08:27:11 INFO user login ok
2026-03-02 08:27:12 WARN disk usage high
2026-03-02 08:27:15 WARN database timeout
2026-03-02 08:27:18 INFO user login ok
2026-03-02 08:27:21 INFO user login ok
2026-03-02 08:27:24 INFO user logout
2026-03-02 08:27:28 WARN cache miss
2026-03-02 08:27:30 WARN request handled
2026-03-02 08:27:33 INFO cache hit
2026-03-02 08:27:37 INFO background job finished
2026-03-02 08:27:39 INFO cache hit
2026-03-02 08:27:43 INFO connection reset by peer
2026-03-02 08:27:47 WARN user logout
2026-03-02 08:27:49 WARN config reloaded
2026-03-02 08:27:53 ERROR user login ok
2026-03-02 08:27:56 INFO database timeout
2026-03-02 08:27:57 INFO user login ok
2026-03-02 08:27:59 INFO cache miss
2026-03-02 08:28:01 INFO user login ok
2026-03-02 08:28:04 WARN slow query detected
2026-03-02 08:28:08 INFO slow query detected
2026-03-02 08:28:10 INFO disk usage high
2026-03-02 08:28:14 INFO cache hit
2026-03-02 08:28:15 INFO user login ok
2026-03-02 08:28:16 INFO user login ok
2026-03-02 08:28:18 INFO user login ok
2026-03-02 08:28:22 INFO disk usage high
2026-03-02 08:28:25 INFO invalid token
2026-03-02 08:28:28 INFO slow query detected
2026-03-02 08:28:32 INFO slow query detected
2026-03-02 08:28:33 INFO disk usage high
2026-03-02 08:28:34 INFO config reloaded
2026-03-02 08:28:37 INFO user login ok
2026-03-02 08:28:40 INFO cache hit
2026-03-02 08:28:43 INFO invalid token
2026-03-02 08:28:44 INFO user login ok
2026-03-02 08:28:46 INFO request handled
2026-03-02 08:28:50 INFO cache hit
2026-03-02 08:28:52 INFO config reloaded
2026-03-02 08:28:53 INFO config reloaded
2026-03-02 08:28:56 INFO database timeout
2026-03-02 08:28:59 INFO user login ok
2026-03-02 08:29:03 WARN user login ok
2026-03-02 08:29:04 INFO request handled
2026-03-02 08:29:05 ERROR cache miss
2026-03-02 08:29:08 INFO background job finished
2026-03-02 08:29:10 INFO disk usage high
2026-03-02 08:29:14 ERROR cache hit
2026-03-02 08:29:16 WARN cache hit
2026-03-02 08:29:19 INFO cache hit
2026-03-02 08:29:21 INFO background job finished
2026-03-02 08:29:22 INFO user login ok
2026-03-02 08:29:23 INFO slow query detected
2026-03-02 08:29:27 INFO user login ok
2026-03-02 08:29:29 INFO connection reset by peer
2026-03-02 08:29:31 WARN invalid token
2026-03-02 08:29:32 INFO request handled
2026-03-02 08:29:36 INFO user login ok
2026-03-02 08:29:38 INFO connection reset by peer
2026-03-02 08:29:42 INFO user logout
2026-03-02 08:29:43 ERROR cache hit
2026-03-02 08:29:47 INFO user logout
2026-03-02 08:29:50 INFO cache miss
2026-03-02 08:29:53 ERROR disk usage high
2026-03-02 08:29:56 INFO slow query detected
2026-03-02 08:29:59 INFO user login ok
2026-03-02 08:30:00 INFO slow query detected
2026-03-02 08:30:02 INFO config reloaded
2026-03-02 08:30:03 INFO user logout
2026-03-02 08:30:04 INFO user logout
2026-03-02 08:30:06 INFO config reloaded
2026-03-02 08:30:07 INFO request handled
2026-03-02 08:30:08 WARN cache hit
2026-03-02 08:30:10 INFO background job finished
2026-03-02 08:30:11 WARN background job finished
2026-03-02 08:30:13 WARN user logout
2026-03-02 08:30:17 WARN request handled
2026-03-02 08:30:20 ERROR user login ok
2026-03-02 08:30:24 ERROR cache hit
2026-03-02 08:30:26 INFO user login ok
2026-03-02 08:30:29 WARN cache miss
2026-03-02 08:30:33 INFO cache miss
2026-03-02 08:30:34 INFO user login ok
2026-03-02 08:30:36 INFO user logout
2026-03-02 08:30:38 INFO request handled
2026-03-02 08:30:40 WARN user login ok
2026-03-02 08:30:44 INFO slow query detected
2026-03-02 08:30:45 INFO cache hit
2026-03-02 08:30:48 WARN user logout
2026-03-02 08:30:52 INFO user login ok
2026-03-02 08:30:55 WARN database timeout
2026-03-02 08:30:58 WARN user login ok
2026-03-02 08:31:01 WARN connection reset by peer
2026-03-02 08:31:05 INFO user login ok
2026-03-02 08:31:09 WARN invalid token
2026-03-02 08:31:13 INFO cache hit
2026-03-02 08:31:15 INFO user login ok
2026-03-02 08:31:16 INFO cache hit
2026-03-02 08:31:17 INFO user login ok
2026-03-02 08:31:21 INFO request handled
2026-03-02 08:31:22 INFO request handled
2026-03-02 08:31:23 INFO user login ok
2026-03-02 08:31:24 INFO user login ok
2026-03-02 08:31:26 INFO user login ok
2026-03-02 08:31:27 WARN user logout
2026-03-02 08:31:29 INFO cache miss
2026-03-02 08:31:33 INFO user login ok
2026-03-02 08:31:36 INFO user login ok
2026-03-02 08:31:37 WARN user logout
2026-03-02 08:31:40 INFO background job finished
2026-03-02 08:31:42 INFO user logout
2026-03-02 08:31:44 INFO cache miss
2026-03-02 08:31:45 INFO background job finished
2026-03-02 08:31:49 INFO connection reset by peer
2026-03-02 08:31:51 WARN user logout
2026-03-02 08:31:52 INFO cache hit
2026-03-02 08:31:56 INFO slow query detected
2026-03-02 08:31:59 WARN user login ok
2026-03-02 08:32:03 ERROR request handled
2026-03-02 08:32:04 INFO request handled
2026-03-02 08:32:06 ERROR request handled
2026-03-02 08:32:09 INFO database timeout
2026-03-02 08:32:10 INFO database timeout
2026-03-02 08:32:12 WARN user login ok
2026-03-02 08:32:14 WARN user login ok
2026-03-02 08:32:17 INFO user logout
2026-03-02 08:32:21 INFO background job finished
2026-03-02 08:32:22 INFO user login ok
2026-03-02 08:32:26 INFO user login ok
2026-03-02 08:32:30 INFO connection reset by peer
2026-03-02 08:32:32 INFO background job finished
2026-03-02 08:32:33 INFO request handled
2026-03-02 08:32:35 INFO slow query detected
2026-03-02 08:32:39 INFO config reloaded
2026-03-02 08:32:41 WARN connection reset by peer
2026-03-02 08:32:42 ERROR disk usage high
2026-03-02 08:32:46 INFO slow query detected
2026-03-02 08:32:48 INFO user login ok
2026-03-02 08:32:51 WARN user logout
2026-03-02 08:32:55 INFO cache hit
2026-03-02 08:32:57 INFO slow query detected
2026-03-02 08:33:00 INFO request handled
2026-03-02 08:33:03 INFO user login ok
2026-03-02 08:33:05 INFO cache hit
2026-03-02 08:33:09 INFO cache hit
2026-03-02 08:33:11 INFO user login ok
2026-03-02 08:33:12 INFO cache hit
2026-03-02 08:33:16 INFO invalid token
2026-03-02 08:33:18 INFO user login ok
2026-03-02 08:33:19 INFO user logout
2026-03-02 08:33:20 WARN cache hit
2026-03-02 08:33:23 INFO user login ok
2026-03-02 08:33:26 INFO cache hit
2026-03-02 08:33:30 INFO cache hit
2026-03-02 08:33:32 INFO background job finished
2026-03-02 08:33:36 INFO request handled
2026-03-02 08:33:37 INFO slow query detected
2026-03-02 08:33:40 INFO user logout
2026-03-02 08:33:42 INFO cache hit
2026-03-02 08:33:43 INFO user login ok
2026-03-02 08:33:46 INFO request handled
2026-03-02 08:33:47 WARN slow query detected
2026-03-02 08:33:50 INFO user login ok
2026-03-02 08:33:52 INFO connection reset by peer
2026-03-02 08:33:53 INFO user login ok
2026-03-02 08:33:57 INFO cache miss
2026-03-02 08:34:00 ERROR cache hit
2026-03-02 08:34:01 ERROR cache hit
2026-03-02 08:34:02 INFO disk usage high
2026-03-02 08:34:06 INFO user login ok
2026-03-02 08:34:09 INFO user logout
2026-03-02 08:34:10 INFO user login ok
2026-03-02 08:34:13 WARN user logout
2026-03-02 08:34:16 INFO cache hit
2026-03-02 08:34:17 INFO connection reset by peer
2026-03-02 08:34:20 WARN request handled
2026-03-02 08:34:24 INFO user logout
2026-03-02 08:34:27 INFO user login ok
2026-03-02 08:34:28 ERROR slow query detected
2026-03-02 08:34:32 INFO user login ok
2026-03-02 08:34:34 WARN user login ok
2026-03-02 08:34:37 INFO database timeout
2026-03-02 08:34:40 INFO cache miss
2026-03-02 08:34:44 INFO user login ok
2026-03-02 08:34:47 INFO user logout
2026-03-02 08:34:50 INFO user login ok
2026-03-02 08:34:53 INFO cache miss
2026-03-02 08:34:54 INFO user login ok
2026-03-02 08:34:55 INFO connection reset by peer
2026-03-02 08:34:58 INFO disk usage high
2026-03-02 08:35:00 INFO disk usage high
2026-03-02 08:35:01 INFO connection reset by peer
2026-03-02 08:35:05 INFO cache hit
2026-03-02 08:35:09 WARN user login ok
2026-03-02 08:35:12 INFO slow query detected
2026-03-02 08:35:15 ERROR background job finished
2026-03-02 08:35:17 ERROR cache miss
2026-03-02 08:35:18 INFO user login ok
2026-03-02 08:35:20 ERROR invalid token
2026-03-02 08:35:24 INFO user logout
2026-03-02 08:35:26 INFO request handled
2026-03-02 08:35:28 WARN invalid token
2026-03-02 08:35:31 WARN config reloaded
2026-03-02 08:35:32 INFO connection reset by peer
2026-03-02 08:35:35 INFO request handled
2026-03-02 08:35:37 INFO cache miss
2026-03-02 08:35:39 INFO background job finished
2026-03-02 08:35:43 INFO cache miss
2026-03-02 08:35:44 INFO user login ok
2026-03-02 08:35:47 INFO user logout
2026-03-02 08:35:49 INFO connection reset by peer
2026-03-02 08:35:50 INFO cache hit
2026-03-02 08:35:54 INFO connection reset by peer
2026-03-02 08:35:56 ERROR user login ok
2026-03-02 08:35:59 INFO user login ok
2026-03-02 08:36:03 INFO cache miss
2026-03-02 08:36:04 INFO database timeout
2026-03-02 08:36:06 WARN database timeout
2026-03-02 08:36:08 INFO user login ok
2026-03-02 08:36:10 INFO cache miss
2026-03-02 08:36:14 INFO user login ok
2026-03-02 08:36:18 INFO user login ok
2026-03-02 08:36:21 WARN user login ok
2026-03-02 08:36:23 INFO invalid token
2026-03-02 08:36:27 INFO config reloaded
2026-03-02 08:36:29 INFO user login ok
2026-03-02 08:36:33 WARN invalid token
2026-03-02 08:36:36 INFO user login ok
2026-03-02 08:36:40 INFO request handled
2026-03-02 08:36:42 INFO cache miss
2026-03-02 08:36:43 ERROR user login ok
2026-03-02 08:36:46 INFO user login ok
2026-03-02 08:36:49 WARN cache miss
2026-03-02 08:36:50 WARN cache miss
2026-03-02 08:36:54 INFO user login ok
2026-03-02 08:36:58 INFO request handled
2026-03-02 08:36:59 INFO user login ok
2026-03-02 08:37:03 INFO background job finished
2026-03-02 08:37:05 INFO user logout
2026-03-02 08:37:08 INFO config reloaded
2026-03-02 08:37:11 INFO invalid token
2026-03-02 08:37:14 INFO user login ok
2026-03-02 08:37:15 INFO user logout
2026-03-02 08:37:18 INFO user logout
2026-03-02 08:37:22 INFO slow query detected
2026-03-02 08:37:23 INFO cache hit
2026-03-02 08:37:26 INFO connection reset by peer
2026-03-02 08:37:29 INFO request handled
2026-03-02 08:37:32 INFO connection reset by peer
2026-03-02 08:37:34 INFO background job finished
2026-03-02 08:37:35 WARN cache miss
2026-03-02 08:37:36 INFO slow query detected
2026-03-02 08:37:39 INFO request handled
2026-03-02 08:37:41 INFO invalid token
2026-03-02 08:37:43 INFO cache hit
2026-03-02 08:37:47 INFO request handled
2026-03-02 08:37:48 INFO user login ok
2026-03-02 08:37:49 ERROR user login ok
2026-03-02 08:37:50 INFO user login ok
2026-03-02 08:37:53 INFO slow query detected
2026-03-02 08:37:56 INFO user login ok
2026-03-02 08:37:57 WARN user login ok
2026-03-02 08:37:59 INFO user login ok
2026-03-02 08:38:02 WARN cache hit
2026-03-02 08:38:06 INFO user logout
2026-03-02 08:38:08 INFO slow query detected
2026-03-02 08:38:09 INFO cache miss
2026-03-02 08:38:10 INFO cache hit
2026-03-02 08:38:14 INFO cache miss
2026-03-02 08:38:18 INFO user login ok
2026-03-02 08:38:22 WARN invalid token
2026-03-02 08:38:23 INFO slow query detected
2026-03-02 08:38:25 INFO database timeout
2026-03-02 08:38:26 INFO user login ok
2026-03-02 08:38:28 INFO config reloaded
2026-03-02 08:38:29 INFO user login ok
2026-03-02 08:38:31 INFO database timeout
2026-03-02 08:38:32 INFO cache miss
2026-03-02 08:38:35 ERROR request handled
2026-03-02 08:38:39 INFO database timeout
2026-03-02 08:38:41 WARN user login ok
2026-03-02 08:38:42 WARN invalid token
2026-03-02 08:38:43 INFO invalid token
2026-03-02 08:38:45 WARN connection reset by peer
2026-03-02 08:38:47 INFO slow query detected
2026-03-02 08:38:50 INFO disk usage high
2026-03-02 08:38:51 INFO cache hit
2026-03-02 08:38:52 INFO request handled
2026-03-02 08:38:56 WARN user login ok
### повреждённая строка ###
2026-03-02 08:39:02 INFO slow query detected
2026-03-02 08:39:06 INFO user login ok
2026-03-02 08:39:09 ERROR cache miss
2026-03-02 08:39:10 INFO user login ok
2026-03-02 08:39:14 WARN user logout
2026-03-02 08:39:15 INFO database timeout
2026-03-02 08:39:19 WARN user logout
2026-03-02 08:39:23 WARN user login ok
2026-03-02 08:39:26 WARN cache hit
2026-03-02 08:39:30 INFO user login ok
2026-03-02 08:39:34 INFO cache hit
2026-03-02 08:39:36 INFO user login ok
2026-03-02 08:39:39 INFO user login ok
2026-03-02 08:39:40 INFO config reloaded
2026-03-02 08:39:42 WARN cache miss
2026-03-02 08:39:43 INFO user login ok
2026-03-02 08:39:44 INFO cache hit
2026-03-02 08:39:47 INFO user logout
2026-03-02 08:39:48 INFO user logout
2026-03-02 08:39:50 INFO slow query detected
2026-03-02 08:39:54 INFO user logout
2026-03-02 08:39:57 INFO user logout
2026-03-02 08:39:59 INFO database timeout
2026-03-02 08:40:02 INFO cache miss
2026-03-02 08:40:03 INFO cache miss
2026-03-02 08:40:05 INFO config reloaded
2026-03-02 08:40:07 INFO request handled
2026-03-02 08:40:10 WARN cache hit
2026-03-02 08:40:12 INFO user login ok
2026-03-02 08:40:13 INFO database timeout
2026-03-02 08:40:15 INFO invalid token
2026-03-02 08:40:16 INFO user logout
2026-03-02 08:40:17 INFO user login ok
2026-03-02 08:40:20 WARN invalid token
2026-03-02 08:40:22 INFO user login ok
2026-03-02 08:40:24 INFO invalid token
2026-03-02 08:40:28 INFO background job finished
2026-03-02 08:40:29 INFO background job finished
### повреждённая строка ###
2026-03-02 08:40:34 INFO cache hit
2026-03-02 08:40:36 ERROR user login ok
2026-03-02 08:40:37 INFO user login ok
2026-03-02 08:40:39 INFO slow query detected
2026-03-02 08:40:41 INFO user logout
2026-03-02 08:40:44 INFO cache hit
2026-03-02 08:40:46 INFO user login ok
2026-03-02 08:40:50 INFO user logout
2026-03-02 08:40:54 ERROR slow query detected
2026-03-02 08:40:55 INFO user logout
2026-03-02 08:40:58 INFO database timeout
2026-03-02 08:40:59 INFO cache hit
2026-03-02 08:41:02 INFO user logout
2026-03-02 08:41:05 WARN user logout
2026-03-02 08:41:07 INFO user logout
2026-03-02 08:41:11 INFO slow query detected
2026-03-02 08:41:14 INFO config reloaded
2026-03-02 08:41:15 WARN database timeout
2026-03-02 08:41:17 INFO user login ok
2026-03-02 08:41:18 INFO cache hit
2026-03-02 08:41:22 INFO user login ok
2026-03-02 08:41:25 INFO user login ok
2026-03-02 08:41:27 INFO user login ok
2026-03-02 08:41:31 INFO user login ok
2026-03-02 08:41:32 INFO request handled
2026-03-02 08:41:34 WARN user login ok
2026-03-02 08:41:35 INFO slow query detected
2026-03-02 08:41:37 INFO user login ok
2026-03-02 08:41:40 ERROR user login ok
2026-03-02 08:41:41 INFO cache hit
2026-03-02 08:41:45 INFO user login ok
2026-03-02 08:41:47 INFO user logout
2026-03-02 08:41:48 INFO request handled
2026-03-02 08:41:52 INFO connection reset by peer
2026-03-02 08:41:55 INFO slow query detected
2026-03-02 08:41:56 INFO background job finished
2026-03-02 08:42:00 INFO user login ok
2026-03-02 08:42:03 INFO cache hit
2026-03-02 08:42:06 INFO invalid token
2026-03-02 08:42:09 INFO user login ok
2026-03-02 08:42:10 INFO request handled
2026-03-02 08:42:14 INFO disk usage high
2026-03-02 08:42:17 INFO cache hit
2026-03-02 08:42:21 INFO request handled
2026-03-02 08:42:24 WARN slow query detected
2026-03-02 08:42:28 INFO config reloaded
2026-03-02 08:42:31 INFO cache hit
2026-03-02 08:42:32 INFO config reloaded
2026-03-02 08:42:33 INFO user logout
2026-03-02 08:42:36 INFO user login ok
2026-03-02 08:42:40 INFO connection reset by peer
2026-03-02 08:42:42 INFO user login ok
2026-03-02 08:42:43 INFO user login ok
2026-03-02 08:42:45 INFO user login ok
2026-03-02 08:42:46 INFO cache hit
2026-03-02 08:42:49 INFO user login ok
2026-03-02 08:42:50 ERROR cache miss
2026-03-02 08:42:52 INFO user logout
2026-03-02 08:42:54 INFO user login ok
2026-03-02 08:42:57 INFO user logout
2026-03-02 08:42:58 WARN user login ok
2026-03-02 08:43:01 INFO database timeout
2026-03-02 08:43:04 ERROR user login ok
2026-03-02 08:43:08 WARN config reloaded
2026-03-02 08:43:10 WARN connection reset by peer
2026-03-02 08:43:13 INFO user login ok
2026-03-02 08:43:14 INFO config reloaded
2026-03-02 08:43:18 INFO request handled
2026-03-02 08:43:19 INFO user logout
2026-03-02 08:43:21 INFO user login ok
2026-03-02 08:43:24 INFO database timeout
2026-03-02 08:43:26 INFO cache hit
2026-03-02 08:43:29 INFO user login ok
2026-03-02 08:43:32 WARN user login ok
2026-03-02 08:43:33 INFO request handled
2026-03-02 08:43:37 INFO user logout
2026-03-02 08:43:38 INFO background job finished
2026-03-02 08:43:39 INFO user login ok
2026-03-02 08:43:41 WARN user login ok
2026-03-02 08:43:44 INFO slow query detected
2026-03-02 08:43:46 INFO cache hit
2026-03-02 08:43:48 INFO user login ok
2026-03-02 08:43:49 INFO user login ok
2026-03-02 08:43:50 INFO user login ok
2026-03-02 08:43:53 INFO cache hit
2026-03-02 08:43:57 WARN cache hit
2026-03-02 08:44:00 INFO config reloaded
2026-03-02 08:44:03 INFO cache hit
2026-03-02 08:44:04 ERROR user logout
2026-03-02 08:44:08 INFO cache hit
2026-03-02 08:44:10 INFO user logout
2026-03-02 08:44:13 INFO user logout
2026-03-02 08:44:16 INFO user login ok
2026-03-02 08:44:18 INFO request handled
2026-03-02 08:44:22 INFO cache hit
2026-03-02 08:44:23 INFO user login ok
2026-03-02 08:44:25 INFO slow query detected
2026-03-02 08:44:29 WARN user login ok
2026-03-02 08:44:31 INFO connection reset by peer
2026-03-02 08:44:35 INFO user login ok
2026-03-02 08:44:36 WARN background job finished
2026-03-02 08:44:39 INFO invalid token
2026-03-02 08:44:40 INFO config reloaded
2026-03-02 08:44:42 INFO cache miss
2026-03-02 08:44:43 INFO database timeout
2026-03-02 08:44:46 INFO cache hit
2026-03-02 08:44:47 INFO slow query detected
2026-03-02 08:44:50 INFO request handled
2026-03-02 08:44:54 INFO user login ok
2026-03-02 08:44:55 WARN request handled
2026-03-02 08:44:57 INFO user login ok
2026-03-02 08:44:58 ERROR slow query detected
2026-03-02 08:45:00 WARN database timeout
2026-03-02 08:45:02 INFO connection reset by peer
2026-03-02 08:45:05 INFO user login ok
2026-03-02 08:45:06 INFO cache miss
2026-03-02 08:45:08 INFO slow query detected
2026-03-02 08:45:11 INFO user login ok
2026-03-02 08:45:14 INFO user login ok
2026-03-02 08:45:15 INFO user login ok
2026-03-02 08:45:16 INFO slow query detected
2026-03-02 08:45:17 INFO user login ok
2026-03-02 08:45:20 WARN user login ok
2026-03-02 08:45:21 INFO user login ok
2026-03-02 08:45:25 INFO request handled
2026-03-02 08:45:27 INFO user login ok
2026-03-02 08:45:29 INFO user login ok
2026-03-02 08:45:32 INFO cache miss
2026-03-02 08:45:36 WARN user login ok
2026-03-02 08:45:37 INFO user logout
2026-03-02 08:45:39 INFO background job finished
2026-03-02 08:45:40 WARN user login ok
2026-03-02 08:45:42 INFO user login ok
2026-03-02 08:45:45 INFO cache miss
2026-03-02 08:45:46 INFO cache hit
2026-03-02 08:45:48 WARN user logout
2026-03-02 08:45:50 INFO user login ok
2026-03-02 08:45:52 INFO request handled
2026-03-02 08:45:55 INFO user logout
2026-03-02 08:45:59 INFO disk usage high
2026-03-02 08:46:02 WARN cache hit
2026-03-02 08:46:05 WARN user login ok
2026-03-02 08:46:06 INFO slow query detected
2026-03-02 08:46:10 WARN user login ok
2026-03-02 08:46:11 INFO cache miss
2026-03-02 08:46:13 WARN config reloaded
2026-03-02 08:46:14 INFO config reloaded
2026-03-02 08:46:15 INFO cache hit
2026-03-02 08:46:19 INFO connection reset by peer
2026-03-02 08:46:23 INFO slow query detected
2026-03-02 08:46:26 INFO request handled
2026-03-02 08:46:30 INFO user login ok
2026-03-02 08:46:31 WARN cache miss
2026-03-02 08:46:32 INFO request handled
2026-03-02 08:46:35 INFO user login ok
2026-03-02 08:46:37 WARN config reloaded
2026-03-02 08:46:41 INFO user login ok
2026-03-02 08:46:42 INFO user login ok
2026-03-02 08:46:44 WARN background job finished
2026-03-02 08:46:45 INFO user login ok
2026-03-02 08:46:46 WARN cache miss
2026-03-02 08:46:49 INFO invalid token
2026-03-02 08:46:50 INFO background job finished
2026-03-02 08:46:51 INFO user login ok
2026-03-02 08:46:52 INFO disk usage high
2026-03-02 08:46:54 INFO slow query detected
2026-03-02 08:46:56 WARN user login ok
2026-03-02 08:47:00 INFO cache miss
2026-03-02 08:47:04 INFO user logout
2026-03-02 08:47:05 INFO slow query detected
2026-03-02 08:47:07 INFO user logout
2026-03-02 08:47:08 INFO invalid token
2026-03-02 08:47:10 INFO connection reset by peer
2026-03-02 08:47:13 WARN disk usage high
2026-03-02 08:47:16 WARN cache hit
2026-03-02 08:47:18 INFO request handled
2026-03-02 08:47:22 INFO user logout
2026-03-02 08:47:23 WARN background job finished
2026-03-02 08:47:27 INFO user login ok
2026-03-02 08:47:28 INFO user login ok
2026-03-02 08:47:31 INFO cache miss
2026-03-02 08:47:33 INFO cache hit
2026-03-02 08:47:34 WARN cache miss
2026-03-02 08:47:36 INFO user logout
2026-03-02 08:47:40 INFO slow query detected
2026-03-02 08:47:42 INFO database timeout
2026-03-02 08:47:46 INFO invalid token
2026-03-02 08:47:49 INFO connection reset by peer
2026-03-02 08:47:52 INFO user logout
2026-03-02 08:47:55 INFO connection reset by peer
2026-03-02 08:47:59 INFO config reloaded
2026-03-02 08:48:03 INFO request handled
2026-03-02 08:48:06 INFO slow query detected
2026-03-02 08:48:08 INFO cache miss
2026-03-02 08:48:09 WARN user logout
2026-03-02 08:48:10 INFO user login ok
2026-03-02 08:48:12 INFO database timeout
2026-03-02 08:48:13 INFO slow query detected
2026-03-02 08:48:15 INFO user logout
2026-03-02 08:48:18 WARN config reloaded
2026-03-02 08:48:19 INFO user login ok
2026-03-02 08:48:22 INFO cache miss
2026-03-02 08:48:26 INFO user login ok
2026-03-02 08:48:27 INFO user logout
2026-03-02 08:48:29 WARN disk usage high
2026-03-02 08:48:30 INFO invalid token
2026-03-02 08:48:34 WARN user login ok
2026-03-02 08:48:37 INFO background job finished
2026-03-02 08:48:39 INFO connection reset by peer
2026-03-02 08:48:42 INFO background job finished
2026-03-02 08:48:45 WARN cache hit
2026-03-02 08:48:47 INFO user login ok
2026-03-02 08:48:51 INFO disk usage high
2026-03-02 08:48:53 ERROR request handled
2026-03-02 08:48:54 INFO config reloaded
2026-03-02 08:48:57 INFO user login ok
2026-03-02 08:48:59 INFO invalid token
2026-03-02 08:49:02 INFO config reloaded
2026-03-02 08:49:06 INFO user logout
2026-03-02 08:49:07 INFO user login ok
2026-03-02 08:49:11 INFO user login ok
2026-03-02 08:49:14 INFO cache miss
2026-03-02 08:49:16 INFO user login ok
2026-03-02 08:49:20 INFO cache miss
2026-03-02 08:49:24 INFO cache miss
2026-03-02 08:49:26 INFO config reloaded
2026-03-02 08:49:29 INFO user login ok
2026-03-02 08:49:31 INFO disk usage high
2026-03-02 08:49:32 INFO cache hit
2026-03-02 08:49:36 INFO cache miss
2026-03-02 08:49:37 INFO cache miss
### повреждённая строка ###
2026-03-02 08:49:40 INFO config reloaded
2026-03-02 08:49:42 WARN cache miss
2026-03-02 08:49:44 INFO user login ok
2026-03-02 08:49:46 INFO connection reset by peer
2026-03-02 08:49:50 INFO connection reset by peer
2026-03-02 08:49:51 INFO user logout
2026-03-02 08:49:55 INFO slow query detected
2026-03-02 08:49:58 INFO background job finished
2026-03-02 08:49:59 WARN user login ok
2026-03-02 08:50:00 INFO slow query detected
2026-03-02 08:50:01 INFO invalid token
2026-03-02 08:50:03 INFO background job finished
2026-03-02 08:50:07 INFO config reloaded
2026-03-02 08:50:08 WARN user logout
2026-03-02 08:50:11 INFO user login ok
2026-03-02 08:50:12 INFO user logout
2026-03-02 08:50:14 INFO user login ok
2026-03-02 08:50:15 WARN slow query detected
2026-03-02 08:50:18 INFO user login ok
2026-03-02 08:50:21 INFO user login ok
2026-03-02 08:50:23 INFO user login ok
2026-03-02 08:50:24 INFO config reloaded
2026-03-02 08:50:26 INFO invalid token
2026-03-02 08:50:27 INFO user login ok
2026-03-02 08:50:30 INFO cache hit
2026-03-02 08:50:31 INFO connection reset by peer
2026-03-02 08:50:33 INFO user login ok
2026-03-02 08:50:36 INFO config reloaded
2026-03-02 08:50:37 WARN database timeout
2026-03-02 08:50:41 INFO request handled
2026-03-02 08:50:44 INFO slow query detected
2026-03-02 08:50:46 INFO slow query detected
2026-03-02 08:50:48 INFO cache miss
2026-03-02 08:50:52 INFO invalid token
2026-03-02 08:50:54 INFO cache hit
2026-03-02 08:50:56 INFO user logout
2026-03-02 08:51:00 INFO request handled
2026-03-02 08:51:03 WARN user logout
2026-03-02 08:51:04 INFO background job finished
2026-03-02 08:51:08 INFO user login ok
2026-03-02 08:51:10 INFO background job finished
2026-03-02 08:51:11 WARN user logout
2026-03-02 08:51:13 INFO user login ok
2026-03-02 08:51:16 INFO user logout
2026-03-02 08:51:20 WARN slow query detected
2026-03-02 08:51:22 INFO cache miss
2026-03-02 08:51:26 INFO cache miss
2026-03-02 08:51:27 INFO cache hit
2026-03-02 08:51:29 INFO slow query detected
2026-03-02 08:51:32 WARN connection reset by peer
2026-03-02 08:51:33 INFO cache miss
2026-03-02 08:51:35 WARN invalid token
2026-03-02 08:51:37 ERROR user login ok
2026-03-02 08:51:38 INFO user login ok
2026-03-02 08:51:42 INFO slow query detected
2026-03-02 08:51:45 ERROR disk usage high
2026-03-02 08:51:48 ERROR connection reset by peer
2026-03-02 08:51:51 INFO user login ok
2026-03-02 08:51:53 INFO cache hit
2026-03-02 08:51:55 INFO cache miss
2026-03-02 08:51:57 INFO cache hit
2026-03-02 08:52:01 INFO user logout
2026-03-02 08:52:04 WARN user login ok
2026-03-02 08:52:05 INFO invalid token
2026-03-02 08:52:09 INFO cache hit
2026-03-02 08:52:10 INFO invalid token
2026-03-02 08:52:11 WARN config reloaded
2026-03-02 08:52:14 INFO cache hit
2026-03-02 08:52:17 INFO user login ok
2026-03-02 08:52:20 INFO connection reset by peer
2026-03-02 08:52:22 INFO request handled
2026-03-02 08:52:26 INFO user login ok
2026-03-02 08:52:29 WARN connection reset by peer
2026-03-02 08:52:32 INFO user login ok
2026-03-02 08:52:36 INFO request handled
2026-03-02 08:52:39 INFO user logout
2026-03-02 08:52:42 WARN database timeout
2026-03-02 08:52:44 INFO database timeout
2026-03-02 08:52:48 INFO cache miss
2026-03-02 08:52:51 INFO user login ok
2026-03-02 08:52:54 INFO user login ok
2026-03-02 08:52:57 INFO user login ok
2026-03-02 08:53:00 INFO disk usage high
2026-03-02 08:53:01 INFO background job finished
2026-03-02 08:53:02 INFO user login ok
2026-03-02 08:53:03 INFO cache hit
2026-03-02 08:53:04 INFO cache hit
2026-03-02 08:53:08 INFO invalid token
2026-03-02 08:53:12 INFO user login ok
2026-03-02 08:53:14 INFO request handled
2026-03-02 08:53:16 INFO invalid token
2026-03-02 08:53:20 INFO user login ok
2026-03-02 08:53:23 WARN cache hit
2026-03-02 08:53:27 INFO cache hit
2026-03-02 08:53:29 INFO slow query detected
2026-03-02 08:53:33 INFO slow query detected
2026-03-02 08:53:34 INFO user login ok
2026-03-02 08:53:37 ERROR config reloaded
2026-03-02 08:53:38 INFO disk usage high
2026-03-02 08:53:40 INFO database timeout
2026-03-02 08:53:42 ERROR user login ok
2026-03-02 08:53:44 WARN cache miss
2026-03-02 08:53:48 INFO config reloaded
2026-03-02 08:53:49 INFO invalid token
2026-03-02 08:53:50 INFO user login ok
2026-03-02 08:53:52 INFO cache miss
2026-03-02 08:53:54 INFO user login ok
2026-03-02 08:53:55 INFO user login ok
2026-03-02 08:53:58 INFO disk usage high
2026-03-02 08:54:01 INFO slow query detected
2026-03-02 08:54:02 INFO cache hit
2026-03-02 08:54:05 INFO user logout
2026-03-02 08:54:08 INFO user logout
2026-03-02 08:54:10 INFO request handled
2026-03-02 08:54:12 INFO cache hit
2026-03-02 08:54:14 INFO user login ok
2026-03-02 08:54:17 INFO connection reset by peer
2026-03-02 08:54:21 INFO user logout
2026-03-02 08:54:25 INFO user logout
2026-03-02 08:54:27 INFO cache hit
2026-03-02 08:54:28 INFO connection reset by peer
2026-03-02 08:54:31 WARN user login ok
2026-03-02 08:54:33 INFO cache hit
2026-03-02 08:54:35 INFO user login ok
2026-03-02 08:54:38 INFO user login ok
2026-03-02 08:54:42 INFO user login ok
2026-03-02 08:54:45 INFO database timeout
2026-03-02 08:54:47 INFO background job finished
2026-03-02 08:54:50 INFO user login ok
2026-03-02 08:54:52 WARN user login ok
2026-03-02 08:54:53 INFO user login ok
2026-03-02 08:54:55 INFO request handled
2026-03-02 08:54:57 INFO cache miss
2026-03-02 08:55:00 INFO user login ok
2026-03-02 08:55:04 INFO invalid token
2026-03-02 08:55:06 INFO user login ok
2026-03-02 08:55:07 INFO cache miss
2026-03-02 08:55:11 WARN connection reset by peer
2026-03-02 08:55:14 WARN user login ok
2026-03-02 08:55:18 INFO user login ok
2026-03-02 08:55:21 INFO user login ok
2026-03-02 08:55:24 INFO user logout
2026-03-02 08:55:25 INFO cache miss
2026-03-02 08:55:28 INFO user logout
2026-03-02 08:55:30 INFO cache hit
2026-03-02 08:55:32 INFO disk usage high
2026-03-02 08:55:33 INFO user login ok
2026-03-02 08:55:36 INFO invalid token
2026-03-02 08:55:40 INFO user login ok
2026-03-02 08:55:43 INFO cache miss
2026-03-02 08:55:47 INFO user logout
2026-03-02 08:55:51 INFO connection reset by peer
2026-03-02 08:55:52 WARN user logout
2026-03-02 08:55:54 WARN disk usage high
2026-03-02 08:55:57 INFO user logout
2026-03-02 08:55:59 INFO user login ok
2026-03-02 08:56:03 WARN user login ok
2026-03-02 08:56:05 INFO user logout
2026-03-02 08:56:07 INFO connection reset by peer
2026-03-02 08:56:09 WARN config reloaded
2026-03-02 08:56:12 INFO config reloaded
2026-03-02 08:56:15 INFO user login ok
2026-03-02 08:56:19 INFO user login ok
2026-03-02 08:56:22 INFO user logout
2026-03-02 08:56:26 INFO user login ok
2026-03-02 08:56:27 INFO cache hit
2026-03-02 08:56:31 INFO user login ok
2026-03-02 08:56:33 INFO disk usage high
2026-03-02 08:56:35 INFO connection reset by peer
2026-03-02 08:56:39 INFO database timeout
2026-03-02 08:56:42 ERROR request handled
2026-03-02 08:56:43 WARN user login ok
2026-03-02 08:56:44 INFO database timeout
2026-03-02 08:56:45 WARN connection reset by peer
2026-03-02 08:56:46 INFO user logout
2026-03-02 08:56:47 ERROR user logout
2026-03-02 08:56:50 INFO user login ok
2026-03-02 08:56:51 INFO user login ok
2026-03-02 08:56:52 INFO user logout
2026-03-02 08:56:55 INFO database timeout
2026-03-02 08:56:59 INFO cache hit
2026-03-02 08:57:00 INFO user login ok
2026-03-02 08:57:02 INFO user login ok
2026-03-02 08:57:06 INFO slow query detected
2026-03-02 08:57:08 INFO user login ok
2026-03-02 08:57:09 INFO config reloaded
2026-03-02 08:57:10 INFO cache hit
2026-03-02 08:57:12 INFO database timeout
2026-03-02 08:57:13 INFO user login ok
2026-03-02 08:57:17 INFO user login ok
2026-03-02 08:57:21 WARN user login ok
2026-03-02 08:57:23 INFO cache hit
2026-03-02 08:57:26 INFO cache miss
2026-03-02 08:57:27 WARN cache hit
2026-03-02 08:57:29 INFO invalid token
2026-03-02 08:57:31 WARN cache miss
2026-03-02 08:57:33 ERROR user login ok
2026-03-02 08:57:34 INFO user login ok
2026-03-02 08:57:36 WARN config reloaded
2026-03-02 08:57:38 INFO request handled
2026-03-02 08:57:39 INFO user login ok
2026-03-02 08:57:40 INFO user login ok
2026-03-02 08:57:44 INFO user logout
2026-03-02 08:57:45 INFO user logout
2026-03-02 08:57:46 INFO user login ok
2026-03-02 08:57:48 INFO connection reset by peer
2026-03-02 08:57:49 INFO cache hit
2026-03-02 08:57:51 INFO user login ok
2026-03-02 08:57:55 INFO user logout
2026-03-02 08:57:59 WARN slow query detected
2026-03-02 08:58:02 INFO database timeout
2026-03-02 08:58:05 WARN user login ok
2026-03-02 08:58:09 INFO user login ok
2026-03-02 08:58:12 INFO user login ok
2026-03-02 08:58:15 INFO invalid token
2026-03-02 08:58:19 WARN user login ok
2026-03-02 08:58:23 WARN slow query detected
2026-03-02 08:58:24 INFO cache hit
2026-03-02 08:58:28 INFO cache miss
2026-03-02 08:58:32 INFO config reloaded
2026-03-02 08:58:34 INFO database timeout
2026-03-02 08:58:35 INFO user login ok
2026-03-02 08:58:36 INFO user login ok
2026-03-02 08:58:37 WARN user logout
2026-03-02 08:58:40 INFO background job finished
2026-03-02 08:58:43 INFO user login ok
2026-03-02 08:58:46 INFO connection reset by peer
2026-03-02 08:58:50 ERROR background job finished
2026-03-02 08:58:53 INFO connection reset by peer
2026-03-02 08:58:56 INFO slow query detected
2026-03-02 08:59:00 INFO user logout
2026-03-02 08:59:01 WARN disk usage high
2026-03-02 08:59:02 INFO background job finished
2026-03-02 08:59:03 INFO request handled
2026-03-02 08:59:04 ERROR user login ok
2026-03-02 08:59:07 INFO user login ok
2026-03-02 08:59:11 INFO slow query detected
2026-03-02 08:59:13 INFO user login ok
2026-03-02 08:59:17 WARN connection reset by peer
2026-03-02 08:59:21 INFO connection reset by peer
2026-03-02 08:59:25 INFO invalid token
2026-03-02 08:59:27 INFO user logout
2026-03-02 08:59:29 WARN cache miss
2026-03-02 08:59:33 INFO cache miss
2026-03-02 08:59:34 INFO user logout
2026-03-02 08:59:38 INFO user logout
2026-03-02 08:59:42 ERROR user login ok
2026-03-02 08:59:44 WARN user login ok
2026-03-02 08:59:46 INFO user login ok
2026-03-02 08:59:48 INFO config reloaded
2026-03-02 08:59:51 WARN connection reset by peer
2026-03-02 08:59:54 INFO invalid token
2026-03-02 08:59:55 WARN connection reset by peer
2026-03-02 08:59:56 INFO cache hit
2026-03-02 08:59:58 INFO user login ok
2026-03-02 09:00:02 INFO config reloaded
2026-03-02 09:00:05 INFO user login ok
2026-03-02 09:00:08 INFO database timeout
2026-03-02 09:00:09 INFO user login ok
2026-03-02 09:00:12 INFO cache hit
2026-03-02 09:00:14 INFO cache miss
2026-03-02 09:00:16 WARN user login ok
2026-03-02 09:00:20 INFO request handled
2026-03-02 09:00:24 WARN user login ok
2026-03-02 09:00:28 INFO background job finished
2026-03-02 09:00:29 INFO user logout
2026-03-02 09:00:32 WARN request handled
2026-03-02 09:00:36 INFO user login ok
2026-03-02 09:00:38 INFO invalid token
2026-03-02 09:00:39 INFO slow query detected
2026-03-02 09:00:42 INFO user login ok
2026-03-02 09:00:46 INFO connection reset by peer
2026-03-02 09:00:49 INFO user logout
2026-03-02 09:00:52 INFO background job finished
2026-03-02 09:00:56 INFO slow query detected
2026-03-02 09:00:58 INFO user logout
2026-03-02 09:01:01 WARN cache hit
2026-03-02 09:01:05 INFO user login ok
2026-03-02 09:01:07 INFO slow query detected
2026-03-02 09:01:11 INFO user login ok
2026-03-02 09:01:13 INFO request handled
2026-03-02 09:01:15 INFO user logout
2026-03-02 09:01:18 INFO user logout
2026-03-02 09:01:19 WARN invalid token
2026-03-02 09:01:23 INFO user login ok
2026-03-02 09:01:24 WARN config reloaded
2026-03-02 09:01:26 INFO cache hit
2026-03-02 09:01:29 ERROR request handled
2026-03-02 09:01:31 INFO invalid token
2026-03-02 09:01:32 ERROR cache hit
2026-03-02 09:01:36 ERROR user login ok
2026-03-02 09:01:40 INFO user login ok
2026-03-02 09:01:41 INFO cache miss
2026-03-02 09:01:43 INFO user login ok
2026-03-02 09:01:47 INFO user logout
2026-03-02 09:01:51 INFO user login ok
2026-03-02 09:01:54 INFO cache miss
2026-03-02 09:01:56 INFO user login ok
2026-03-02 09:01:59 INFO user login ok
2026-03-02 09:02:00 INFO user login ok
2026-03-02 09:02:02 INFO database timeout
2026-03-02 09:02:06 INFO background job finished
2026-03-02 09:02:10 WARN config reloaded
2026-03-02 09:02:11 INFO cache miss
2026-03-02 09:02:15 INFO user logout
### повреждённая строка ###
2026-03-02 09:02:22 INFO connection reset by peer
2026-03-02 09:02:23 INFO user logout
2026-03-02 09:02:25 INFO request handled
2026-03-02 09:02:27 INFO cache miss
2026-03-02 09:02:28 INFO slow query detected
2026-03-02 09:02:32 INFO config reloaded
2026-03-02 09:02:35 INFO request handled
2026-03-02 09:02:36 INFO cache hit
2026-03-02 09:02:37 INFO cache miss
2026-03-02 09:02:41 INFO slow query detected
2026-03-02 09:02:43 INFO user login ok
2026-03-02 09:02:45 INFO user login ok
2026-03-02 09:02:47 INFO request handled
2026-03-02 09:02:50 INFO database timeout
2026-03-02 09:02:52 INFO user logout
2026-03-02 09:02:54 INFO cache hit
2026-03-02 09:02:55 INFO slow query detected
2026-03-02 09:02:57 INFO user login ok
2026-03-02 09:02:59 WARN user login ok
2026-03-02 09:03:02 INFO user logout
2026-03-02 09:03:04 INFO cache hit
2026-03-02 09:03:08 INFO user login ok
2026-03-02 09:03:10 INFO user login ok
2026-03-02 09:03:14 WARN background job finished
2026-03-02 09:03:17 WARN background job finished
2026-03-02 09:03:21 INFO background job finished
2026-03-02 09:03:22 INFO connection reset by peer
2026-03-02 09:03:25 INFO background job finished
2026-03-02 09:03:26 ERROR user logout
2026-03-02 09:03:29 INFO user logout
2026-03-02 09:03:33 INFO user login ok
2026-03-02 09:03:34 ERROR user login ok
2026-03-02 09:03:35 WARN invalid token
2026-03-02 09:03:36 INFO background job finished
2026-03-02 09:03:37 INFO cache miss
2026-03-02 09:03:38 INFO cache miss
2026-03-02 09:03:40 INFO cache miss
2026-03-02 09:03:44 ERROR cache hit
2026-03-02 09:03:47 ERROR user login ok
2026-03-02 09:03:51 INFO database timeout
2026-03-02 09:03:53 INFO user login ok
2026-03-02 09:03:57 INFO user logout
2026-03-02 09:04:01 INFO cache hit
2026-03-02 09:04:04 INFO connection reset by peer
2026-03-02 09:04:05 INFO user logout
2026-03-02 09:04:06 ERROR user logout
2026-03-02 09:04:07 INFO cache hit
2026-03-02 09:04:09 INFO user logout
2026-03-02 09:04:13 INFO cache hit
2026-03-02 09:04:17 ERROR cache hit
2026-03-02 09:04:21 INFO request handled
2026-03-02 09:04:24 INFO user login ok
2026-03-02 09:04:27 ERROR invalid token
2026-03-02 09:04:30 INFO user login ok
2026-03-02 09:04:31 INFO user login ok
2026-03-02 09:04:34 INFO config reloaded
2026-03-02 09:04:35 ERROR user logout
2026-03-02 09:04:38 INFO invalid token
2026-03-02 09:04:41 INFO request handled
### повреждённая строка ###
2026-03-02 09:04:47 ERROR cache hit
2026-03-02 09:04:51 INFO database timeout
2026-03-02 09:04:53 INFO config reloaded
2026-03-02 09:04:55 INFO disk usage high
2026-03-02 09:04:59 INFO user logout
2026-03-02 09:05:03 INFO disk usage high
2026-03-02 09:05:07 INFO user logout
2026-03-02 09:05:11 INFO user login ok
2026-03-02 09:05:12 INFO cache miss
2026-03-02 09:05:16 INFO slow query detected
2026-03-02 09:05:20 INFO user login ok
2026-03-02 09:05:23 ERROR user login ok
2026-03-02 09:05:25 INFO user login ok
2026-03-02 09:05:29 INFO invalid token
2026-03-02 09:05:31 INFO cache hit
2026-03-02 09:05:35 INFO cache miss
2026-03-02 09:05:36 INFO request handled
2026-03-02 09:05:37 INFO cache hit
2026-03-02 09:05:40 INFO user login ok
2026-03-02 09:05:43 WARN user login ok
2026-03-02 09:05:47 INFO request handled
2026-03-02 09:05:49 INFO database timeout
2026-03-02 09:05:53 INFO user login ok
2026-03-02 09:05:56 INFO user login ok
2026-03-02 09:05:57 INFO background job finished
2026-03-02 09:06:00 INFO cache hit
2026-03-02 09:06:04 INFO cache hit
2026-03-02 09:06:07 INFO cache hit
2026-03-02 09:06:10 INFO user login ok
2026-03-02 09:06:12 INFO background job finished
2026-03-02 09:06:13 WARN invalid token
2026-03-02 09:06:17 INFO user login ok
2026-03-02 09:06:20 INFO user logout
2026-03-02 09:06:21 ERROR cache miss
2026-03-02 09:06:25 WARN connection reset by peer
2026-03-02 09:06:27 WARN slow query detected
2026-03-02 09:06:30 ERROR user login ok
2026-03-02 09:06:32 INFO user login ok
2026-03-02 09:06:33 INFO database timeout
2026-03-02 09:06:36 INFO database timeout
2026-03-02 09:06:40 INFO invalid token
2026-03-02 09:06:44 INFO request handled
2026-03-02 09:06:47 INFO user login ok
2026-03-02 09:06:50 INFO user logout
2026-03-02 09:06:51 INFO disk usage high
2026-03-02 09:06:53 INFO cache miss
2026-03-02 09:06:55 INFO cache hit
2026-03-02 09:06:57 INFO user login ok
2026-03-02 09:07:01 INFO user login ok
2026-03-02 09:07:03 INFO user login ok
2026-03-02 09:07:04 INFO user login ok
2026-03-02 09:07:06 INFO cache miss
2026-03-02 09:07:07 INFO slow query detected
2026-03-02 09:07:10 WARN user login ok
2026-03-02 09:07:14 INFO user logout
2026-03-02 09:07:18 ERROR connection reset by peer
2026-03-02 09:07:21 INFO user login ok
2026-03-02 09:07:25 INFO disk usage high
2026-03-02 09:07:29 INFO disk usage high
2026-03-02 09:07:32 WARN cache miss
2026-03-02 09:07:35 INFO slow query detected
2026-03-02 09:07:37 INFO user login ok
2026-03-02 09:07:41 INFO background job finished
2026-03-02 09:07:45 WARN user login ok
2026-03-02 09:07:46 INFO disk usage high
2026-03-02 09:07:47 INFO cache hit
2026-03-02 09:07:50 INFO disk usage high
2026-03-02 09:07:51 INFO connection reset by peer
2026-03-02 09:07:54 INFO user login ok
2026-03-02 09:07:56 WARN request handled
2026-03-02 09:07:59 ERROR user login ok
2026-03-02 09:08:01 INFO user logout
2026-03-02 09:08:04 INFO user login ok
2026-03-02 09:08:08 INFO user login ok
2026-03-02 09:08:12 INFO cache miss
2026-03-02 09:08:14 WARN config reloaded
2026-03-02 09:08:17 WARN user login ok
2026-03-02 09:08:19 INFO user login ok
2026-03-02 09:08:21 INFO user login ok
2026-03-02 09:08:24 INFO user login ok
2026-03-02 09:08:25 INFO user logout
2026-03-02 09:08:26 INFO disk usage high
2026-03-02 09:08:27 INFO request handled
2026-03-02 09:08:31 INFO cache hit
2026-03-02 09:08:32 INFO invalid token
2026-03-02 09:08:36 INFO cache hit
2026-03-02 09:08:39 INFO connection reset by peer
2026-03-02 09:08:43 INFO user login ok
2026-03-02 09:08:44 INFO cache hit
2026-03-02 09:08:45 INFO database timeout
2026-03-02 09:08:49 INFO cache miss
2026-03-02 09:08:50 WARN slow query detected
2026-03-02 09:08:54 WARN user logout
### повреждённая строка ###
2026-03-02 09:08:59 INFO cache hit
2026-03-02 09:09:03 INFO connection reset by peer
2026-03-02 09:09:04 INFO invalid token
2026-03-02 09:09:08 INFO request handled
2026-03-02 09:09:12 INFO user login ok
2026-03-02 09:09:15 WARN request handled
2026-03-02 09:09:19 INFO cache hit
2026-03-02 09:09:22 INFO slow query detected
2026-03-02 09:09:26 INFO disk usage high
2026-03-02 09:09:29 INFO user logout
2026-03-02 09:09:32 INFO user logout
2026-03-02 09:09:36 INFO user login ok
2026-03-02 09:09:38 ERROR user logout
2026-03-02 09:09:39 ERROR user logout
2026-03-02 09:09:41 INFO connection reset by peer
2026-03-02 09:09:42 INFO user logout
2026-03-02 09:09:45 INFO connection reset by peer
2026-03-02 09:09:46 INFO user login ok
2026-03-02 09:09:47 INFO invalid token
2026-03-02 09:09:49 WARN database timeout
2026-03-02 09:09:53 INFO cache miss
2026-03-02 09:09:56 INFO user login ok
2026-03-02 09:10:00 INFO request handled
2026-03-02 09:10:02 INFO user login ok
2026-03-02 09:10:03 INFO disk usage high
2026-03-02 09:10:06 INFO user login ok
2026-03-02 09:10:08 INFO user login ok
2026-03-02 09:10:10 WARN background job finished
2026-03-02 09:10:12 WARN request handled
2026-03-02 09:10:15 INFO background job finished
2026-03-02 09:10:16 INFO user login ok
2026-03-02 09:10:17 WARN user login ok
2026-03-02 09:10:20 INFO user login ok
2026-03-02 09:10:23 INFO user login ok
2026-03-02 09:10:24 INFO user login ok
2026-03-02 09:10:25 INFO user login ok
2026-03-02 09:10:28 ERROR connection reset by peer
2026-03-02 09:10:30 ERROR cache hit
2026-03-02 09:10:33 INFO cache miss
2026-03-02 09:10:34 INFO user login ok
2026-03-02 09:10:35 INFO user logout
2026-03-02 09:10:37 INFO user login ok
2026-03-02 09:10:38 WARN user logout
2026-03-02 09:10:41 WARN user logout
2026-03-02 09:10:45 INFO user logout
2026-03-02 09:10:48 INFO user login ok
2026-03-02 09:10:52 INFO slow query detected
2026-03-02 09:10:53 INFO user login ok
2026-03-02 09:10:55 INFO cache hit
2026-03-02 09:10:57 INFO user login ok
2026-03-02 09:10:58 INFO connection reset by peer
2026-03-02 09:11:02 INFO user login ok
2026-03-02 09:11:03 WARN user login ok
2026-03-02 09:11:06 INFO user login ok
2026-03-02 09:11:09 INFO user login ok
2026-03-02 09:11:12 INFO config reloaded
2026-03-02 09:11:16 INFO connection reset by peer
2026-03-02 09:11:19 INFO user logout
2026-03-02 09:11:21 INFO user login ok
2026-03-02 09:11:24 WARN user login ok
2026-03-02 09:11:25 INFO cache hit
2026-03-02 09:11:29 INFO database timeout
2026-03-02 09:11:30 INFO user login ok
2026-03-02 09:11:34 INFO connection reset by peer
2026-03-02 09:11:37 INFO user login ok
2026-03-02 09:11:40 INFO user login ok
2026-03-02 09:11:41 INFO user login ok
2026-03-02 09:11:44 INFO cache hit
2026-03-02 09:11:48 INFO user login ok
2026-03-02 09:11:50 INFO request handled
2026-03-02 09:11:53 ERROR user login ok
2026-03-02 09:11:56 INFO connection reset by peer
2026-03-02 09:12:00 INFO user login ok
2026-03-02 09:12:04 WARN request handled
2026-03-02 09:12:08 INFO user logout
2026-03-02 09:12:11 INFO disk usage high
2026-03-02 09:12:13 INFO slow query detected
2026-03-02 09:12:15 INFO user login ok
2026-03-02 09:12:17 INFO user login ok
2026-03-02 09:12:18 INFO cache hit
2026-03-02 09:12:22 INFO request handled
2026-03-02 09:12:25 INFO background job finished
2026-03-02 09:12:26 INFO disk usage high
2026-03-02 09:12:30 INFO connection reset by peer
2026-03-02 09:12:34 INFO database timeout
2026-03-02 09:12:38 INFO user login ok
2026-03-02 09:12:39 INFO user login ok
2026-03-02 09:12:42 INFO user logout
2026-03-02 09:12:44 INFO slow query detected
2026-03-02 09:12:48 INFO cache hit
2026-03-02 09:12:49 INFO user login ok
2026-03-02 09:12:53 INFO connection reset by peer
2026-03-02 09:12:55 INFO disk usage high
2026-03-02 09:12:57 INFO user logout
2026-03-02 09:12:59 INFO cache miss
2026-03-02 09:13:02 INFO database timeout
2026-03-02 09:13:06 INFO user logout
2026-03-02 09:13:10 INFO slow query detected
2026-03-02 09:13:13 WARN disk usage high
2026-03-02 09:13:14 INFO user logout
2026-03-02 09:13:18 INFO request handled
2026-03-02 09:13:19 INFO user logout
2026-03-02 09:13:22 INFO user login ok
2026-03-02 09:13:24 ERROR user logout
2026-03-02 09:13:25 INFO connection reset by peer
2026-03-02 09:13:29 WARN connection reset by peer
2026-03-02 09:13:31 ERROR user login ok
2026-03-02 09:13:33 INFO user login ok
2026-03-02 09:13:34 WARN connection reset by peer
2026-03-02 09:13:37 INFO invalid token
2026-03-02 09:13:38 INFO config reloaded
2026-03-02 09:13:40 INFO connection reset by peer
2026-03-02 09:13:42 ERROR user logout
2026-03-02 09:13:46 INFO disk usage high
2026-03-02 09:13:50 ERROR cache hit
2026-03-02 09:13:51 WARN invalid token
2026-03-02 09:13:55 INFO user login ok
2026-03-02 09:13:59 INFO disk usage high
2026-03-02 09:14:02 WARN user logout
2026-03-02 09:14:04 INFO connection reset by peer
2026-03-02 09:14:08 INFO database timeout
2026-03-02 09:14:09 INFO user login ok
2026-03-02 09:14:12 WARN cache hit
2026-03-02 09:14:16 INFO user login ok
2026-03-02 09:14:19 INFO database timeout
2026-03-02 09:14:23 INFO request handled
2026-03-02 09:14:25 INFO user login ok
2026-03-02 09:14:26 INFO user login ok
2026-03-02 09:14:28 INFO connection reset by peer
2026-03-02 09:14:29 INFO request handled
2026-03-02 09:14:31 INFO cache miss
2026-03-02 09:14:34 INFO request handled
2026-03-02 09:14:37 INFO cache hit
2026-03-02 09:14:40 INFO user logout
2026-03-02 09:14:44 INFO user login ok
2026-03-02 09:14:45 INFO cache hit
2026-03-02 09:14:48 INFO user login ok
2026-03-02 09:14:50 INFO cache miss
2026-03-02 09:14:54 INFO request handled
2026-03-02 09:14:56 INFO invalid token
2026-03-02 09:14:59 INFO config reloaded
2026-03-02 09:15:00 INFO user logout
2026-03-02 09:15:02 INFO request handled
2026-03-02 09:15:06 INFO database timeout
2026-03-02 09:15:08 INFO user login ok
2026-03-02 09:15:09 INFO user login ok
2026-03-02 09:15:11 INFO request handled
2026-03-02 09:15:14 INFO user login ok
2026-03-02 09:15:15 INFO user logout
2026-03-02 09:15:19 WARN request handled
2026-03-02 09:15:20 INFO user login ok
2026-03-02 09:15:21 INFO slow query detected
2026-03-02 09:15:22 INFO cache hit
2026-03-02 09:15:26 INFO user login ok
2026-03-02 09:15:27 INFO database timeout
2026-03-02 09:15:31 INFO cache hit
2026-03-02 09:15:32 WARN cache hit
2026-03-02 09:15:36 INFO cache hit
2026-03-02 09:15:40 INFO connection reset by peer
2026-03-02 09:15:41 INFO user login ok
2026-03-02 09:15:44 INFO request handled
2026-03-02 09:15:46 WARN background job finished
2026-03-02 09:15:48 INFO connection reset by peer
2026-03-02 09:15:49 INFO cache miss
2026-03-02 09:15:50 INFO background job finished
2026-03-02 09:15:52 INFO invalid token
2026-03-02 09:15:55 INFO user login ok
2026-03-02 09:15:57 INFO invalid token
2026-03-02 09:16:00 INFO database timeout
2026-03-02 09:16:04 INFO cache miss
2026-03-02 09:16:05 INFO user logout
2026-03-02 09:16:07 WARN database timeout
2026-03-02 09:16:10 INFO user login ok
2026-03-02 09:16:12 INFO background job finished
2026-03-02 09:16:16 WARN cache hit
2026-03-02 09:16:17 INFO cache miss
2026-03-02 09:16:21 INFO invalid token
2026-03-02 09:16:22 INFO user login ok
2026-03-02 09:16:25 INFO user login ok
2026-03-02 09:16:26 INFO user login ok
2026-03-02 09:16:30 INFO cache hit
2026-03-02 09:16:32 WARN user login ok
2026-03-02 09:16:36 INFO background job finished
2026-03-02 09:16:38 INFO user login ok
2026-03-02 09:16:42 INFO user logout
2026-03-02 09:16:45 INFO request handled
2026-03-02 09:16:49 INFO invalid token
2026-03-02 09:16:51 INFO user logout
2026-03-02 09:16:55 INFO database timeout
2026-03-02 09:16:56 INFO cache hit
2026-03-02 09:16:58 INFO user logout
### повреждённая строка ###
2026-03-02 09:17:00 INFO user login ok
2026-03-02 09:17:01 WARN cache hit
2026-03-02 09:17:04 INFO request handled
2026-03-02 09:17:08 INFO database timeout
2026-03-02 09:17:11 INFO user login ok
2026-03-02 09:17:13 INFO disk usage high
2026-03-02 09:17:17 INFO user logout
2026-03-02 09:17:19 WARN request handled
2026-03-02 09:17:20 INFO user logout
2026-03-02 09:17:24 INFO user logout
2026-03-02 09:17:25 INFO background job finished
2026-03-02 09:17:28 INFO slow query detected
2026-03-02 09:17:32 INFO cache hit
2026-03-02 09:17:36 WARN slow query detected
2026-03-02 09:17:38 INFO connection reset by peer
2026-03-02 09:17:39 INFO user login ok
2026-03-02 09:17:42 INFO database timeout
2026-03-02 09:17:46 WARN user logout
2026-03-02 09:17:48 WARN user logout
2026-03-02 09:17:51 ERROR disk usage high
2026-03-02 09:17:55 ERROR invalid token
2026-03-02 09:17:57 INFO user login ok
2026-03-02 09:18:00 ERROR invalid token
2026-03-02 09:18:01 WARN user logout
2026-03-02 09:18:05 WARN request handled
2026-03-02 09:18:08 INFO config reloaded
2026-03-02 09:18:12 INFO request handled
2026-03-02 09:18:14 INFO database timeout
2026-03-02 09:18:15 INFO user logout
2026-03-02 09:18:18 INFO user logout
2026-03-02 09:18:21 WARN cache miss
2026-03-02 09:18:23 INFO user logout
2026-03-02 09:18:25 INFO connection reset by peer
2026-03-02 09:18:29 INFO user login ok
2026-03-02 09:18:32 WARN cache miss
2026-03-02 09:18:33 INFO user logout
2026-03-02 09:18:36 INFO user login ok
2026-03-02 09:18:38 INFO user login ok
2026-03-02 09:18:42 INFO invalid token
2026-03-02 09:18:44 INFO user logout
2026-03-02 09:18:48 INFO database timeout
2026-03-02 09:18:51 INFO user login ok
2026-03-02 09:18:52 INFO background job finished
2026-03-02 09:18:55 INFO slow query detected
2026-03-02 09:18:56 INFO user logout
2026-03-02 09:18:58 INFO user login ok
2026-03-02 09:19:01 INFO slow query detected
2026-03-02 09:19:04 WARN cache hit
2026-03-02 09:19:07 INFO config reloaded
2026-03-02 09:19:09 ERROR invalid token
2026-03-02 09:19:12 INFO background job finished
2026-03-02 09:19:16 INFO user login ok
2026-03-02 09:19:17 INFO cache hit
2026-03-02 09:19:20 INFO cache hit
2026-03-02 09:19:21 INFO cache hit
2026-03-02 09:19:22 INFO disk usage high
2026-03-02 09:19:24 INFO user login ok
2026-03-02 09:19:27 INFO user logout
2026-03-02 09:19:28 WARN cache hit
2026-03-02 09:19:29 INFO user login ok
2026-03-02 09:19:31 INFO user logout
2026-03-02 09:19:33 INFO cache hit
2026-03-02 09:19:37 INFO user login ok
2026-03-02 09:19:40 INFO cache miss
2026-03-02 09:19:43 INFO config reloaded
2026-03-02 09:19:44 INFO invalid token
2026-03-02 09:19:47 INFO cache miss
2026-03-02 09:19:50 INFO background job finished
2026-03-02 09:19:51 INFO user login ok
2026-03-02 09:19:55 INFO connection reset by peer
2026-03-02 09:19:57 INFO database timeout
2026-03-02 09:20:01 ERROR connection reset by peer
2026-03-02 09:20:03 INFO invalid token
2026-03-02 09:20:07 INFO user login ok
2026-03-02 09:20:09 INFO invalid token
2026-03-02 09:20:12 INFO slow query detected
2026-03-02 09:20:16 WARN user logout
2026-03-02 09:20:20 INFO invalid token
2026-03-02 09:20:22 INFO request handled
2026-03-02 09:20:24 INFO config reloaded
2026-03-02 09:20:28 INFO user login ok
2026-03-02 09:20:30 INFO request handled
2026-03-02 09:20:34 INFO slow query detected
2026-03-02 09:20:38 INFO invalid token
2026-03-02 09:20:40 INFO user login ok
2026-03-02 09:20:44 WARN cache miss
2026-03-02 09:20:47 INFO slow query detected
2026-03-02 09:20:50 INFO background job finished
2026-03-02 09:20:53 INFO user logout
2026-03-02 09:20:55 INFO cache hit
2026-03-02 09:20:57 INFO user login ok
2026-03-02 09:20:59 INFO background job finished
2026-03-02 09:21:02 INFO user login ok
2026-03-02 09:21:03 INFO user login ok
2026-03-02 09:21:05 WARN config reloaded
2026-03-02 09:21:06 INFO user logout
2026-03-02 09:21:07 WARN cache hit
2026-03-02 09:21:10 ERROR cache miss
2026-03-02 09:21:14 INFO cache miss
2026-03-02 09:21:16 WARN slow query detected
2026-03-02 09:21:20 INFO user login ok
2026-03-02 09:21:24 INFO user login ok
2026-03-02 09:21:28 INFO disk usage high
2026-03-02 09:21:31 WARN config reloaded
2026-03-02 09:21:32 INFO user login ok
2026-03-02 09:21:36 INFO cache hit
2026-03-02 09:21:37 INFO user login ok
2026-03-02 09:21:40 INFO disk usage high
2026-03-02 09:21:44 INFO cache hit
2026-03-02 09:21:45 INFO request handled
2026-03-02 09:21:49 INFO user login ok
### повреждённая строка ###
2026-03-02 09:21:57 INFO cache miss
2026-03-02 09:22:00 WARN request handled
2026-03-02 09:22:03 INFO cache hit
2026-03-02 09:22:05 INFO cache hit
2026-03-02 09:22:09 ERROR invalid token
2026-03-02 09:22:13 WARN cache hit
2026-03-02 09:22:14 WARN disk usage high
2026-03-02 09:22:18 INFO cache miss
2026-03-02 09:22:21 INFO cache hit
2026-03-02 09:22:25 INFO cache miss
2026-03-02 09:22:26 INFO background job finished
2026-03-02 09:22:29 INFO cache miss
2026-03-02 09:22:33 INFO config reloaded
2026-03-02 09:22:35 INFO user login ok
2026-03-02 09:22:39 WARN connection reset by peer
2026-03-02 09:22:41 INFO user login ok
2026-03-02 09:22:44 WARN background job finished
2026-03-02 09:22:48 INFO user logout
2026-03-02 09:22:51 INFO cache hit
2026-03-02 09:22:55 INFO user logout
2026-03-02 09:22:56 WARN user login ok
2026-03-02 09:22:59 INFO user logout
2026-03-02 09:23:01 INFO background job finished
2026-03-02 09:23:03 WARN invalid token
2026-03-02 09:23:05 INFO user login ok
2026-03-02 09:23:09 INFO user login ok
2026-03-02 09:23:13 INFO config reloaded
2026-03-02 09:23:15 ERROR user logout
2026-03-02 09:23:16 INFO slow query detected
2026-03-02 09:23:20 INFO cache miss
2026-03-02 09:23:21 INFO invalid token
2026-03-02 09:23:23 INFO invalid token
2026-03-02 09:23:27 INFO database timeout
2026-03-02 09:23:29 INFO request handled
2026-03-02 09:23:30 INFO connection reset by peer
2026-03-02 09:23:33 INFO disk usage high
2026-03-02 09:23:35 WARN connection reset by peer
2026-03-02 09:23:38 INFO cache miss
2026-03-02 09:23:39 INFO user login ok
2026-03-02 09:23:40 INFO user login ok
2026-03-02 09:23:44 INFO slow query detected
2026-03-02 09:23:48 WARN user logout
2026-03-02 09:23:51 INFO user logout
2026-03-02 09:23:54 WARN user logout
2026-03-02 09:23:55 INFO user login ok
2026-03-02 09:23:57 INFO slow query detected
2026-03-02 09:23:59 INFO config reloaded
2026-03-02 09:24:02 INFO cache hit
2026-03-02 09:24:06 INFO user login ok
2026-03-02 09:24:07 WARN cache miss
2026-03-02 09:24:08 INFO request handled
2026-03-02 09:24:10 WARN user logout
2026-03-02 09:24:13 INFO background job finished
2026-03-02 09:24:15 INFO database timeout
2026-03-02 09:24:18 INFO background job finished
2026-03-02 09:24:21 INFO user logout
2026-03-02 09:24:24 INFO disk usage high
2026-03-02 09:24:25 WARN request handled
2026-03-02 09:24:27 INFO background job finished
2026-03-02 09:24:30 INFO request handled
2026-03-02 09:24:31 INFO user login ok
2026-03-02 09:24:35 INFO user login ok
2026-03-02 09:24:37 INFO user login ok
2026-03-02 09:24:41 INFO database timeout
2026-03-02 09:24:44 WARN user login ok
2026-03-02 09:24:48 WARN user logout
2026-03-02 09:24:51 INFO cache miss
2026-03-02 09:24:53 INFO user login ok
2026-03-02 09:24:57 INFO request handled
2026-03-02 09:25:01 INFO request handled
2026-03-02 09:25:02 WARN user login ok
2026-03-02 09:25:06 ERROR user login ok
2026-03-02 09:25:08 INFO connection reset by peer
2026-03-02 09:25:11 INFO user login ok
2026-03-02 09:25:15 INFO user login ok
2026-03-02 09:25:17 INFO user logout
2026-03-02 09:25:20 INFO background job finished
2026-03-02 09:25:22 INFO config reloaded
2026-03-02 09:25:26 INFO database timeout
2026-03-02 09:25:28 INFO user logout
2026-03-02 09:25:29 INFO config reloaded
2026-03-02 09:25:31 INFO user login ok
2026-03-02 09:25:35 INFO config reloaded
2026-03-02 09:25:39 INFO user login ok
2026-03-02 09:25:41 INFO user login ok
2026-03-02 09:25:45 INFO user logout
2026-03-02 09:25:47 INFO slow query detected
2026-03-02 09:25:51 INFO user logout
2026-03-02 09:25:53 ERROR database timeout
2026-03-02 09:25:56 INFO invalid token
2026-03-02 09:25:57 INFO user login ok
2026-03-02 09:25:59 INFO slow query detected
2026-03-02 09:26:02 INFO connection reset by peer
2026-03-02 09:26:04 INFO config reloaded
2026-03-02 09:26:08 INFO user logout
2026-03-02 09:26:12 INFO background job finished
2026-03-02 09:26:13 WARN config reloaded
2026-03-02 09:26:15 INFO user login ok
2026-03-02 09:26:18 WARN cache miss
2026-03-02 09:26:19 INFO database timeout
2026-03-02 09:26:22 INFO slow query detected
2026-03-02 09:26:24 INFO slow query detected
2026-03-02 09:26:26 WARN disk usage high
2026-03-02 09:26:27 INFO user login ok
2026-03-02 09:26:28 INFO database timeout
2026-03-02 09:26:32 WARN disk usage high
2026-03-02 09:26:34 INFO user login ok
2026-03-02 09:26:36 INFO user login ok
2026-03-02 09:26:37 INFO config reloaded
2026-03-02 09:26:41 WARN cache hit
2026-03-02 09:26:43 WARN cache miss
2026-03-02 09:26:45 WARN cache hit
2026-03-02 09:26:47 WARN cache hit
2026-03-02 09:26:50 INFO invalid token
2026-03-02 09:26:53 INFO cache miss
2026-03-02 09:26:57 INFO user login ok
2026-03-02 09:26:58 INFO slow query detected
2026-03-02 09:26:59 WARN user login ok
2026-03-02 09:27:00 WARN user logout
2026-03-02 09:27:04 INFO config reloaded
2026-03-02 09:27:07 WARN user login ok
2026-03-02 09:27:08 INFO user logout
2026-03-02 09:27:12 INFO user login ok
2026-03-02 09:27:16 INFO slow query detected
2026-03-02 09:27:19 INFO user login ok
2026-03-02 09:27:22 INFO cache hit
2026-03-02 09:27:26 INFO disk usage high
2026-03-02 09:27:30 WARN user logout
2026-03-02 09:27:33 INFO cache miss
2026-03-02 09:27:34 INFO user login ok
2026-03-02 09:27:35 INFO connection reset by peer
2026-03-02 09:27:38 INFO config reloaded
2026-03-02 09:27:39 INFO background job finished
2026-03-02 09:27:43 WARN cache miss
2026-03-02 09:27:45 WARN database timeout
2026-03-02 09:27:48 WARN user login ok
2026-03-02 09:27:50 INFO disk usage high
2026-03-02 09:27:53 INFO disk usage high
2026-03-02 09:27:54 INFO connection reset by peer
### повреждённая строка ###
2026-03-02 09:28:01 INFO user logout
2026-03-02 09:28:03 INFO disk usage high
2026-03-02 09:28:05 WARN user logout
2026-03-02 09:28:07 INFO invalid token
2026-03-02 09:28:09 INFO database timeout
2026-03-02 09:28:10 INFO user logout
2026-03-02 09:28:12 INFO background job finished
2026-03-02 09:28:15 INFO user login ok
2026-03-02 09:28:19 INFO connection reset by peer
2026-03-02 09:28:20 WARN user logout
2026-03-02 09:28:24 WARN background job finished
2026-03-02 09:28:27 INFO user login ok
2026-03-02 09:28:29 WARN user login ok
2026-03-02 09:28:33 WARN user login ok
2026-03-02 09:28:36 WARN disk usage high
2026-03-02 09:28:37 INFO invalid token
2026-03-02 09:28:39 INFO request handled
2026-03-02 09:28:41 INFO user login ok
2026-03-02 09:28:45 INFO user login ok
2026-03-02 09:28:46 INFO user login ok
2026-03-02 09:28:47 INFO request handled
2026-03-02 09:28:48 INFO background job finished
2026-03-02 09:28:49 INFO user login ok
2026-03-02 09:28:50 INFO disk usage high
2026-03-02 09:28:54 INFO database timeout
2026-03-02 09:28:58 INFO disk usage high
2026-03-02 09:28:59 INFO user logout
2026-03-02 09:29:02 INFO user login ok
2026-03-02 09:29:05 INFO user login ok
2026-03-02 09:29:09 INFO request handled
2026-03-02 09:29:11 INFO cache miss
2026-03-02 09:29:13 INFO disk usage high
2026-03-02 09:29:14 INFO background job finished
2026-03-02 09:29:15 INFO user logout
2026-03-02 09:29:16 INFO connection reset by peer
2026-03-02 09:29:20 INFO cache hit
2026-03-02 09:29:22 INFO user logout
2026-03-02 09:29:23 WARN user login ok
2026-03-02 09:29:24 INFO cache miss
2026-03-02 09:29:28 INFO slow query detected
2026-03-02 09:29:31 WARN invalid token
2026-03-02 09:29:32 ERROR user login ok
2026-03-02 09:29:36 INFO slow query detected
2026-03-02 09:29:38 INFO user logout
2026-03-02 09:29:39 INFO invalid token
2026-03-02 09:29:41 INFO connection reset by peer
2026-03-02 09:29:45 INFO invalid token
2026-03-02 09:29:49 INFO cache hit
2026-03-02 09:29:53 WARN user login ok
2026-03-02 09:29:57 INFO cache miss
2026-03-02 09:29:59 INFO user login ok
2026-03-02 09:30:01 INFO user login ok
2026-03-02 09:30:04 INFO cache hit
2026-03-02 09:30:06 INFO user login ok
2026-03-02 09:30:07 INFO cache hit
2026-03-02 09:30:09 INFO user login ok
2026-03-02 09:30:13 INFO slow query detected
2026-03-02 09:30:14 INFO cache hit
2026-03-02 09:30:15 INFO user login ok
2026-03-02 09:30:19 INFO cache miss
2026-03-02 09:30:23 INFO user logout
2026-03-02 09:30:27 WARN request handled
2026-03-02 09:30:28 WARN user login ok
2026-03-02 09:30:29 INFO invalid token
2026-03-02 09:30:30 INFO config reloaded
2026-03-02 09:30:31 INFO user login ok
2026-03-02 09:30:35 ERROR connection reset by peer
2026-03-02 09:30:37 INFO user logout
2026-03-02 09:30:39 INFO user login ok
2026-03-02 09:30:43 INFO cache hit
2026-03-02 09:30:45 INFO user login ok
2026-03-02 09:30:49 INFO config reloaded
2026-03-02 09:30:53 INFO user login ok
2026-03-02 09:30:57 INFO connection reset by peer
2026-03-02 09:30:59 WARN config reloaded
2026-03-02 09:31:02 INFO background job finished
2026-03-02 09:31:03 WARN user login ok
2026-03-02 09:31:06 ERROR config reloaded
2026-03-02 09:31:08 INFO connection reset by peer
2026-03-02 09:31:11 INFO cache miss
2026-03-02 09:31:12 INFO cache miss
2026-03-02 09:31:16 INFO user login ok
2026-03-02 09:31:17 WARN connection reset by peer
2026-03-02 09:31:21 INFO request handled
2026-03-02 09:31:25 INFO request handled
2026-03-02 09:31:28 INFO background job finished
2026-03-02 09:31:31 ERROR user login ok
2026-03-02 09:31:34 INFO user login ok
2026-03-02 09:31:35 WARN background job finished
2026-03-02 09:31:37 INFO user login ok
2026-03-02 09:31:39 INFO background job finished
2026-03-02 09:31:42 INFO user logout
2026-03-02 09:31:45 INFO request handled
2026-03-02 09:31:46 INFO cache hit
2026-03-02 09:31:48 INFO disk usage high
2026-03-02 09:31:50 INFO user login ok
2026-03-02 09:31:54 INFO disk usage high
2026-03-02 09:31:55 INFO invalid token
2026-03-02 09:31:59 INFO user login ok
2026-03-02 09:32:02 WARN user login ok
2026-03-02 09:32:05 INFO user login ok
2026-03-02 09:32:06 INFO user logout
2026-03-02 09:32:08 WARN connection reset by peer
2026-03-02 09:32:10 INFO cache hit
2026-03-02 09:32:14 INFO database timeout
2026-03-02 09:32:16 INFO user logout
2026-03-02 09:32:17 INFO user logout
2026-03-02 09:32:20 INFO database timeout
2026-03-02 09:32:21 INFO user login ok
2026-03-02 09:32:23 WARN user login ok
2026-03-02 09:32:27 INFO database timeout
2026-03-02 09:32:31 INFO slow query detected
2026-03-02 09:32:35 INFO request handled
2026-03-02 09:32:38 INFO cache hit
2026-03-02 09:32:42 WARN user logout
2026-03-02 09:32:43 INFO disk usage high
2026-03-02 09:32:46 WARN disk usage high
2026-03-02 09:32:47 INFO user login ok
2026-03-02 09:32:48 INFO cache hit
2026-03-02 09:32:52 INFO user login ok
2026-03-02 09:32:55 INFO cache hit
2026-03-02 09:32:58 INFO cache miss
2026-03-02 09:33:02 INFO background job finished
2026-03-02 09:33:06 INFO user login ok
2026-03-02 09:33:10 INFO config reloaded
2026-03-02 09:33:12 WARN cache hit
2026-03-02 09:33:15 INFO connection reset by peer
2026-03-02 09:33:19 INFO user logout
2026-03-02 09:33:23 WARN user login ok
2026-03-02 09:33:25 INFO slow query detected
2026-03-02 09:33:26 INFO user login ok
2026-03-02 09:33:30 INFO request handled
2026-03-02 09:33:31 INFO user login ok
2026-03-02 09:33:34 INFO user logout
2026-03-02 09:33:38 INFO user login ok
2026-03-02 09:33:41 INFO user login ok
2026-03-02 09:33:42 INFO cache hit
2026-03-02 09:33:46 INFO background job finished
2026-03-02 09:33:50 INFO user login ok
2026-03-02 09:33:53 INFO cache miss
2026-03-02 09:33:56 WARN cache miss
2026-03-02 09:33:59 INFO user logout
### повреждённая строка ###
2026-03-02 09:34:01 INFO user login ok
2026-03-02 09:34:05 INFO request handled
2026-03-02 09:34:07 INFO user logout
2026-03-02 09:34:11 WARN background job finished
2026-03-02 09:34:14 INFO user logout
2026-03-02 09:34:17 INFO slow query detected
2026-03-02 09:34:19 INFO disk usage high
2026-03-02 09:34:20 INFO slow query detected
2026-03-02 09:34:22 INFO cache miss
2026-03-02 09:34:24 INFO slow query detected
2026-03-02 09:34:28 INFO user login ok
2026-03-02 09:34:29 WARN cache miss
2026-03-02 09:34:32 INFO cache miss
2026-03-02 09:34:34 INFO user logout
2026-03-02 09:34:38 INFO config reloaded
2026-03-02 09:34:40 INFO user login ok
2026-03-02 09:34:41 INFO database timeout
2026-03-02 09:34:45 INFO user logout
2026-03-02 09:34:48 INFO cache miss
2026-03-02 09:34:49 WARN cache miss
2026-03-02 09:34:52 INFO user login ok
2026-03-02 09:34:53 INFO connection reset by peer
2026-03-02 09:34:56 INFO config reloaded
2026-03-02 09:34:58 INFO user login ok
2026-03-02 09:35:01 INFO user login ok
2026-03-02 09:35:02 ERROR user login ok
2026-03-02 09:35:04 ERROR cache miss
2026-03-02 09:35:08 INFO connection reset by peer
2026-03-02 09:35:10 WARN disk usage high
2026-03-02 09:35:12 INFO user login ok
2026-03-02 09:35:13 INFO user logout
2026-03-02 09:35:15 INFO user login ok
2026-03-02 09:35:16 INFO user login ok
2026-03-02 09:35:18 INFO slow query detected
2026-03-02 09:35:20 INFO cache miss
2026-03-02 09:35:23 WARN config reloaded
2026-03-02 09:35:25 INFO cache miss
2026-03-02 09:35:29 INFO cache miss
2026-03-02 09:35:33 INFO slow query detected
2026-03-02 09:35:35 INFO user login ok
2026-03-02 09:35:39 INFO background job finished
2026-03-02 09:35:40 INFO request handled
2026-03-02 09:35:41 INFO user login ok
2026-03-02 09:35:42 INFO user logout
2026-03-02 09:35:44 INFO user login ok
2026-03-02 09:35:46 INFO user login ok
2026-03-02 09:35:47 INFO user login ok
2026-03-02 09:35:48 INFO user logout
2026-03-02 09:35:49 INFO cache hit
### повреждённая строка ###
2026-03-02 09:35:57 INFO user logout
2026-03-02 09:36:01 INFO user logout
2026-03-02 09:36:03 INFO cache miss
2026-03-02 09:36:05 INFO user login ok
2026-03-02 09:36:08 INFO slow query detected
2026-03-02 09:36:12 ERROR request handled
2026-03-02 09:36:14 INFO cache miss
2026-03-02 09:36:18 WARN user login ok
2026-03-02 09:36:19 WARN user login ok
2026-03-02 09:36:22 INFO background job finished
2026-03-02 09:36:23 INFO slow query detected
2026-03-02 09:36:26 INFO slow query detected
2026-03-02 09:36:29 WARN user login ok
2026-03-02 09:36:33 INFO connection reset by peer
2026-03-02 09:36:35 INFO user login ok
2026-03-02 09:36:39 INFO background job finished
2026-03-02 09:36:40 INFO slow query detected
2026-03-02 09:36:42 ERROR cache miss
2026-03-02 09:36:45 INFO disk usage high
2026-03-02 09:36:49 INFO cache hit
2026-03-02 09:36:50 INFO user login ok
2026-03-02 09:36:52 WARN user login ok
2026-03-02 09:36:55 INFO request handled
2026-03-02 09:36:56 INFO database timeout
2026-03-02 09:37:00 INFO cache hit
2026-03-02 09:37:04 INFO user login ok
2026-03-02 09:37:08 INFO cache hit
2026-03-02 09:37:10 INFO cache miss
2026-03-02 09:37:12 INFO config reloaded
2026-03-02 09:37:16 INFO user login ok
2026-03-02 09:37:20 INFO user login ok
2026-03-02 09:37:23 INFO user login ok
2026-03-02 09:37:25 INFO request handled
2026-03-02 09:37:27 WARN cache miss
2026-03-02 09:37:30 INFO background job finished
2026-03-02 09:37:33 INFO user login ok
2026-03-02 09:37:35 INFO cache miss
2026-03-02 09:37:36 INFO user login ok
2026-03-02 09:37:37 INFO config reloaded
2026-03-02 09:37:40 WARN connection reset by peer
2026-03-02 09:37:42 WARN cache hit
2026-03-02 09:37:46 WARN user logout
2026-03-02 09:37:49 INFO cache hit
2026-03-02 09:37:53 INFO user login ok
2026-03-02 09:37:56 WARN cache hit
2026-03-02 09:38:00 INFO user login ok
2026-03-02 09:38:02 INFO request handled
2026-03-02 09:38:04 INFO background job finished
2026-03-02 09:38:05 INFO cache hit
2026-03-02 09:38:07 INFO user login ok
2026-03-02 09:38:08 WARN user login ok
2026-03-02 09:38:12 INFO database timeout
2026-03-02 09:38:15 WARN slow query detected
2026-03-02 09:38:18 INFO user logout
2026-03-02 09:38:21 INFO user login ok
2026-03-02 09:38:23 INFO user login ok
2026-03-02 09:38:24 INFO cache miss
2026-03-02 09:38:26 INFO cache miss
2026-03-02 09:38:30 INFO disk usage high
2026-03-02 09:38:32 INFO request handled
2026-03-02 09:38:36 INFO cache hit
2026-03-02 09:38:38 WARN user logout
2026-03-02 09:38:41 INFO background job finished
2026-03-02 09:38:45 WARN user login ok
2026-03-02 09:38:46 INFO cache miss
2026-03-02 09:38:49 INFO cache miss
2026-03-02 09:38:52 INFO user login ok
2026-03-02 09:38:55 INFO connection reset by peer
2026-03-02 09:38:59 INFO disk usage high
2026-03-02 09:39:03 INFO invalid token
2026-03-02 09:39:05 INFO database timeout
2026-03-02 09:39:09 INFO user login ok
2026-03-02 09:39:13 INFO cache hit
2026-03-02 09:39:14 WARN request handled
2026-03-02 09:39:17 INFO cache miss
2026-03-02 09:39:19 INFO cache miss
2026-03-02 09:39:22 INFO user logout
2026-03-02 09:39:25 INFO user login ok
2026-03-02 09:39:29 INFO user login ok
2026-03-02 09:39:30 INFO connection reset by peer
2026-03-02 09:39:32 INFO invalid token
2026-03-02 09:39:33 INFO slow query detected
2026-03-02 09:39:37 INFO database timeout
2026-03-02 09:39:39 INFO database timeout
2026-03-02 09:39:41 INFO connection reset by peer
### повреждённая строка ###
2026-03-02 09:39:44 WARN cache miss
2026-03-02 09:39:48 INFO user logout
2026-03-02 09:39:50 INFO database timeout
2026-03-02 09:39:54 INFO request handled
2026-03-02 09:39:57 WARN background job finished
2026-03-02 09:40:00 INFO user login ok
2026-03-02 09:40:02 INFO user logout
2026-03-02 09:40:05 INFO user login ok
2026-03-02 09:40:09 INFO cache miss
2026-03-02 09:40:12 INFO user login ok
2026-03-02 09:40:15 INFO cache hit
2026-03-02 09:40:16 INFO user login ok
2026-03-02 09:40:20 INFO invalid token
2026-03-02 09:40:23 ERROR cache hit
2026-03-02 09:40:26 INFO slow query detected
2026-03-02 09:40:28 INFO invalid token
2026-03-02 09:40:29 INFO slow query detected
2026-03-02 09:40:33 WARN user logout
2026-03-02 09:40:34 INFO user logout
2026-03-02 09:40:36 INFO slow query detected
2026-03-02 09:40:37 WARN request handled
2026-03-02 09:40:38 ERROR disk usage high
2026-03-02 09:40:40 WARN user login ok
2026-03-02 09:40:43 INFO user logout
2026-03-02 09:40:44 INFO user login ok
2026-03-02 09:40:47 WARN request handled
2026-03-02 09:40:51 INFO request handled
2026-03-02 09:40:55 INFO user login ok
2026-03-02 09:40:58 INFO slow query detected
2026-03-02 09:41:01 INFO slow query detected
2026-03-02 09:41:03 INFO disk usage high
2026-03-02 09:41:04 INFO user login ok
2026-03-02 09:41:05 WARN request handled
2026-03-02 09:41:07 WARN disk usage high
2026-03-02 09:41:08 WARN invalid token
2026-03-02 09:41:12 INFO user login ok
2026-03-02 09:41:13 INFO connection reset by peer
2026-03-02 09:41:17 INFO cache miss
2026-03-02 09:41:20 INFO cache hit
2026-03-02 09:41:21 INFO slow query detected
2026-03-02 09:41:22 INFO cache hit
2026-03-02 09:41:25 INFO database timeout
2026-03-02 09:41:28 WARN request handled
2026-03-02 09:41:31 INFO cache hit
2026-03-02 09:41:34 INFO user logout
2026-03-02 09:41:35 INFO user login ok
2026-03-02 09:41:36 INFO user login ok
2026-03-02 09:41:40 INFO cache hit
2026-03-02 09:41:41 INFO disk usage high
2026-03-02 09:41:44 INFO cache hit
2026-03-02 09:41:47 ERROR cache hit
2026-03-02 09:41:48 INFO cache miss
2026-03-02 09:41:52 INFO user logout
2026-03-02 09:41:53 INFO user logout
2026-03-02 09:41:56 INFO user login ok
2026-03-02 09:41:57 INFO user login ok
2026-03-02 09:42:01 ERROR slow query detected
2026-03-02 09:42:02 INFO user logout
2026-03-02 09:42:06 INFO config reloaded
2026-03-02 09:42:09 INFO user login ok
2026-03-02 09:42:13 INFO user login ok
2026-03-02 09:42:16 WARN config reloaded
2026-03-02 09:42:20 WARN cache miss
2026-03-02 09:42:21 INFO config reloaded
2026-03-02 09:42:25 INFO request handled
2026-03-02 09:42:28 INFO user logout
2026-03-02 09:42:31 INFO user login ok
2026-03-02 09:42:33 INFO config reloaded
2026-03-02 09:42:37 INFO user login ok
2026-03-02 09:42:41 INFO connection reset by peer
2026-03-02 09:42:42 INFO user login ok
2026-03-02 09:42:43 INFO config reloaded
2026-03-02 09:42:44 INFO user login ok
2026-03-02 09:42:47 INFO user login ok
2026-03-02 09:42:51 ERROR cache miss
2026-03-02 09:42:52 INFO invalid token
2026-03-02 09:42:55 INFO cache hit
2026-03-02 09:42:58 WARN cache miss
2026-03-02 09:43:00 INFO user login ok
2026-03-02 09:43:04 INFO user login ok
2026-03-02 09:43:06 ERROR user login ok
2026-03-02 09:43:07 INFO user login ok
2026-03-02 09:43:11 INFO database timeout
2026-03-02 09:43:15 INFO background job finished
2026-03-02 09:43:17 WARN user login ok
2026-03-02 09:43:18 INFO user login ok
2026-03-02 09:43:22 INFO cache hit
2026-03-02 09:43:24 INFO cache hit
2026-03-02 09:43:28 INFO user login ok
2026-03-02 09:43:29 INFO user logout
2026-03-02 09:43:32 WARN request handled
2026-03-02 09:43:36 INFO disk usage high
2026-03-02 09:43:38 INFO user login ok
2026-03-02 09:43:42 INFO slow query detected
2026-03-02 09:43:44 INFO config reloaded
2026-03-02 09:43:45 INFO user logout
2026-03-02 09:43:48 INFO cache miss
2026-03-02 09:43:51 INFO cache miss
2026-03-02 09:43:54 INFO cache miss
2026-03-02 09:43:55 ERROR user login ok
2026-03-02 09:43:56 INFO user logout
2026-03-02 09:43:57 INFO user login ok
2026-03-02 09:43:58 INFO user login ok
2026-03-02 09:44:01 ERROR user login ok
2026-03-02 09:44:02 INFO disk usage high
2026-03-02 09:44:06 INFO connection reset by peer
2026-03-02 09:44:08 INFO user login ok
2026-03-02 09:44:11 INFO cache miss
2026-03-02 09:44:12 INFO connection reset by peer
2026-03-02 09:44:14 INFO user logout
2026-03-02 09:44:16 WARN user login ok
2026-03-02 09:44:20 INFO database timeout
2026-03-02 09:44:23 INFO user login ok
2026-03-02 09:44:26 INFO background job finished
2026-03-02 09:44:30 INFO user login ok
2026-03-02 09:44:33 INFO cache miss
2026-03-02 09:44:36 INFO background job finished
2026-03-02 09:44:39 INFO config reloaded
2026-03-02 09:44:43 INFO user login ok
2026-03-02 09:44:46 INFO connection reset by peer
2026-03-02 09:44:48 INFO invalid token
2026-03-02 09:44:51 INFO user logout
2026-03-02 09:44:52 WARN disk usage high
2026-03-02 09:44:56 INFO user login ok
2026-03-02 09:44:58 INFO cache hit
2026-03-02 09:45:00 INFO user login ok
2026-03-02 09:45:01 WARN user login ok
2026-03-02 09:45:03 INFO request handled
2026-03-02 09:45:06 INFO user login ok
2026-03-02 09:45:08 INFO request handled
2026-03-02 09:45:11 INFO user login ok
2026-03-02 09:45:14 INFO connection reset by peer
2026-03-02 09:45:17 INFO user login ok
2026-03-02 09:45:21 INFO cache hit
2026-03-02 09:45:23 INFO user login ok
2026-03-02 09:45:25 INFO request handled
2026-03-02 09:45:26 WARN cache hit
2026-03-02 09:45:28 INFO request handled
2026-03-02 09:45:31 INFO disk usage high
2026-03-02 09:45:32 INFO user logout
2026-03-02 09:45:34 INFO cache hit
2026-03-02 09:45:38 WARN user logout
2026-03-02 09:45:39 WARN user logout
2026-03-02 09:45:40 WARN cache miss
2026-03-02 09:45:41 INFO user logout
2026-03-02 09:45:43 INFO cache hit
2026-03-02 09:45:47 WARN cache hit
2026-03-02 09:45:50 WARN cache hit
2026-03-02 09:45:51 INFO user login ok
2026-03-02 09:45:53 INFO user login ok
2026-03-02 09:45:54 WARN invalid token
2026-03-02 09:45:55 INFO request handled
2026-03-02 09:45:58 WARN config reloaded
2026-03-02 09:46:01 INFO disk usage high
2026-03-02 09:46:04 INFO request handled
2026-03-02 09:46:05 INFO background job finished
2026-03-02 09:46:06 INFO user login ok
2026-03-02 09:46:09 INFO user login ok
2026-03-02 09:46:10 WARN user logout
2026-03-02 09:46:11 WARN database timeout
2026-03-02 09:46:14 INFO connection reset by peer
2026-03-02 09:46:16 INFO request handled
2026-03-02 09:46:20 INFO request handled
2026-03-02 09:46:23 INFO invalid token
2026-03-02 09:46:25 ERROR user login ok
2026-03-02 09:46:29 INFO user login ok
2026-03-02 09:46:33 INFO user login ok
2026-03-02 09:46:34 INFO database timeout
2026-03-02 09:46:38 INFO cache hit
2026-03-02 09:46:41 INFO invalid token
2026-03-02 09:46:43 INFO user login ok
2026-03-02 09:46:46 INFO user logout
2026-03-02 09:46:50 ERROR user login ok
2026-03-02 09:46:52 INFO cache miss
2026-03-02 09:46:55 INFO user login ok
2026-03-02 09:46:57 INFO user logout
2026-03-02 09:47:01 INFO connection reset by peer
2026-03-02 09:47:05 INFO user login ok
2026-03-02 09:47:08 INFO cache hit
2026-03-02 09:47:10 INFO user login ok
2026-03-02 09:47:13 INFO cache hit
2026-03-02 09:47:15 INFO user login ok
2026-03-02 09:47:19 INFO slow query detected
2026-03-02 09:47:21 WARN connection reset by peer
2026-03-02 09:47:23 WARN connection reset by peer
2026-03-02 09:47:26 INFO user login ok
2026-03-02 09:47:28 WARN user login ok
2026-03-02 09:47:31 WARN slow query detected
2026-03-02 09:47:35 WARN user login ok
2026-03-02 09:47:38 INFO connection reset by peer
2026-03-02 09:47:42 WARN cache hit
2026-03-02 09:47:46 INFO connection reset by peer
2026-03-02 09:47:49 INFO user logout
2026-03-02 09:47:50 INFO invalid token
2026-03-02 09:47:54 INFO user login ok
2026-03-02 09:47:56 INFO config reloaded
2026-03-02 09:47:58 INFO user login ok
2026-03-02 09:47:59 ERROR cache hit
2026-03-02 09:48:00 INFO background job finished
2026-03-02 09:48:03 INFO cache hit
### повреждённая строка ###
2026-03-02 09:48:10 INFO user login ok
2026-03-02 09:48:12 INFO user login ok
2026-03-02 09:48:14 INFO cache hit
2026-03-02 09:48:16 INFO user logout
2026-03-02 09:48:20 INFO slow query detected
2026-03-02 09:48:22 INFO config reloaded
2026-03-02 09:48:23 INFO user login ok
2026-03-02 09:48:24 INFO user login ok
2026-03-02 09:48:26 INFO invalid token
2026-03-02 09:48:28 INFO request handled
2026-03-02 09:48:29 WARN cache miss
2026-03-02 09:48:30 INFO user login ok
2026-03-02 09:48:31 INFO cache hit
2026-03-02 09:48:35 INFO connection reset by peer
2026-03-02 09:48:37 INFO user login ok
2026-03-02 09:48:38 INFO cache hit
2026-03-02 09:48:41 INFO cache miss
2026-03-02 09:48:45 INFO user login ok
2026-03-02 09:48:48 INFO slow query detected
2026-03-02 09:48:52 INFO user logout
2026-03-02 09:48:53 INFO config reloaded
2026-03-02 09:48:56 INFO config reloaded
2026-03-02 09:48:57 INFO slow query detected
2026-03-02 09:48:58 INFO cache hit
2026-03-02 09:48:59 INFO request handled
2026-03-02 09:49:01 INFO background job finished
2026-03-02 09:49:05 INFO user login ok
2026-03-02 09:49:08 INFO request handled
2026-03-02 09:49:10 WARN cache miss
2026-03-02 09:49:12 INFO user login ok
2026-03-02 09:49:13 INFO request handled
2026-03-02 09:49:16 INFO cache miss
2026-03-02 09:49:19 INFO user login ok
2026-03-02 09:49:23 INFO cache miss
2026-03-02 09:49:26 INFO user login ok
2026-03-02 09:49:28 INFO user login ok
2026-03-02 09:49:31 INFO request handled
2026-03-02 09:49:35 INFO user login ok
2026-03-02 09:49:38 INFO connection reset by peer
### повреждённая строка ###
2026-03-02 09:49:42 INFO user login ok
2026-03-02 09:49:43 INFO user login ok
2026-03-02 09:49:46 WARN invalid token
2026-03-02 09:49:50 INFO connection reset by peer
2026-03-02 09:49:52 WARN config reloaded
2026-03-02 09:49:53 ERROR cache hit
2026-03-02 09:49:54 INFO cache miss
2026-03-02 09:49:55 INFO user login ok
2026-03-02 09:49:56 INFO config reloaded
2026-03-02 09:50:00 INFO invalid token
2026-03-02 09:50:03 INFO background job finished
2026-03-02 09:50:05 INFO user login ok
2026-03-02 09:50:08 INFO user login ok
2026-03-02 09:50:11 INFO user login ok
2026-03-02 09:50:14 WARN user logout
2026-03-02 09:50:15 INFO database timeout
2026-03-02 09:50:19 INFO request handled
2026-03-02 09:50:22 INFO user login ok
2026-03-02 09:50:25 WARN user login ok
2026-03-02 09:50:28 INFO user login ok
2026-03-02 09:50:30 INFO user logout
2026-03-02 09:50:31 INFO background job finished
2026-03-02 09:50:35 WARN request handled
2026-03-02 09:50:37 INFO user login ok
2026-03-02 09:50:39 INFO cache hit
2026-03-02 09:50:40 INFO background job finished
2026-03-02 09:50:41 INFO request handled
2026-03-02 09:50:45 INFO request handled
### повреждённая строка ###
2026-03-02 09:50:51 INFO cache miss
2026-03-02 09:50:53 INFO cache hit
2026-03-02 09:50:57 INFO disk usage high
2026-03-02 09:51:00 INFO cache miss
2026-03-02 09:51:03 INFO slow query detected
2026-03-02 09:51:07 WARN disk usage high
2026-03-02 09:51:09 WARN user login ok
2026-03-02 09:51:12 INFO disk usage high
2026-03-02 09:51:16 INFO disk usage high
2026-03-02 09:51:18 INFO user logout
2026-03-02 09:51:19 INFO cache miss
2026-03-02 09:51:23 INFO config reloaded
2026-03-02 09:51:26 INFO user logout
2026-03-02 09:51:27 INFO disk usage high
2026-03-02 09:51:28 WARN disk usage high
2026-03-02 09:51:29 INFO user login ok
2026-03-02 09:51:30 INFO database timeout
2026-03-02 09:51:31 INFO request handled
2026-03-02 09:51:35 INFO user login ok
2026-03-02 09:51:36 INFO request handled
2026-03-02 09:51:38 INFO user login ok
2026-03-02 09:51:39 INFO user login ok
2026-03-02 09:51:40 ERROR cache miss
2026-03-02 09:51:43 INFO user logout
2026-03-02 09:51:47 WARN user logout
2026-03-02 09:51:50 WARN cache hit
2026-03-02 09:51:53 WARN config reloaded
2026-03-02 09:51:57 INFO database timeout
2026-03-02 09:51:58 INFO cache hit
2026-03-02 09:51:59 INFO user login ok
2026-03-02 09:52:02 WARN user logout
2026-03-02 09:52:04 INFO cache hit
2026-03-02 09:52:08 INFO connection reset by peer
2026-03-02 09:52:10 INFO connection reset by peer
2026-03-02 09:52:13 INFO user login ok
2026-03-02 09:52:15 WARN user logout
2026-03-02 09:52:19 INFO user login ok
2026-03-02 09:52:21 INFO user login ok
2026-03-02 09:52:23 ERROR request handled
2026-03-02 09:52:27 INFO connection reset by peer
2026-03-02 09:52:29 WARN user login ok
2026-03-02 09:52:33 INFO database timeout
2026-03-02 09:52:36 INFO user login ok
2026-03-02 09:52:37 INFO slow query detected
2026-03-02 09:52:39 INFO cache miss
2026-03-02 09:52:42 INFO user logout
2026-03-02 09:52:43 INFO user login ok
2026-03-02 09:52:47 WARN database timeout
2026-03-02 09:52:48 WARN connection reset by peer
2026-03-02 09:52:51 WARN background job finished
2026-03-02 09:52:53 INFO slow query detected
2026-03-02 09:52:54 INFO connection reset by peer
2026-03-02 09:52:56 WARN cache hit
2026-03-02 09:52:59 ERROR request handled
2026-03-02 09:53:03 INFO config reloaded
2026-03-02 09:53:06 INFO request handled
2026-03-02 09:53:09 WARN request handled
2026-03-02 09:53:13 INFO connection reset by peer
2026-03-02 09:53:15 WARN disk usage high
2026-03-02 09:53:19 INFO user login ok
2026-03-02 09:53:21 INFO user logout
2026-03-02 09:53:25 INFO disk usage high
2026-03-02 09:53:29 INFO request handled
2026-03-02 09:53:33 INFO cache hit
2026-03-02 09:53:37 INFO cache hit
2026-03-02 09:53:41 INFO slow query detected
2026-03-02 09:53:45 INFO user login ok
2026-03-02 09:53:48 WARN background job finished
2026-03-02 09:53:50 INFO config reloaded
2026-03-02 09:53:52 INFO user login ok
2026-03-02 09:53:55 INFO background job finished
2026-03-02 09:53:59 WARN cache miss
2026-03-02 09:54:03 INFO connection reset by peer
2026-03-02 09:54:04 WARN invalid token
2026-03-02 09:54:05 ERROR cache hit
2026-03-02 09:54:08 INFO background job finished
2026-03-02 09:54:12 INFO cache hit
2026-03-02 09:54:15 INFO cache hit
2026-03-02 09:54:17 INFO user logout
2026-03-02 09:54:18 WARN disk usage high
2026-03-02 09:54:20 INFO cache miss
2026-03-02 09:54:22 INFO cache hit
2026-03-02 09:54:23 INFO user logout
2026-03-02 09:54:27 INFO cache miss
2026-03-02 09:54:30 INFO request handled
2026-03-02 09:54:32 INFO user login ok
2026-03-02 09:54:36 WARN user login ok
2026-03-02 09:54:39 INFO disk usage high
2026-03-02 09:54:43 INFO database timeout
2026-03-02 09:54:46 INFO database timeout
2026-03-02 09:54:49 ERROR user login ok
2026-03-02 09:54:53 WARN invalid token
2026-03-02 09:54:54 INFO user login ok
2026-03-02 09:54:57 INFO user logout
2026-03-02 09:55:01 INFO cache miss
2026-03-02 09:55:02 WARN user login ok
2026-03-02 09:55:05 INFO config reloaded
2026-03-02 09:55:07 ERROR cache hit
2026-03-02 09:55:11 INFO background job finished
2026-03-02 09:55:12 INFO user login ok
2026-03-02 09:55:15 INFO cache miss
2026-03-02 09:55:16 INFO user login ok
2026-03-02 09:55:17 WARN request handled
2026-03-02 09:55:18 INFO user logout
2026-03-02 09:55:19 INFO user logout
2026-03-02 09:55:22 WARN cache miss
2026-03-02 09:55:25 INFO connection reset by peer
2026-03-02 09:55:27 INFO user logout
2026-03-02 09:55:30 INFO database timeout
2026-03-02 09:55:31 INFO config reloaded
2026-03-02 09:55:34 WARN disk usage high
2026-03-02 09:55:35 ERROR config reloaded
2026-03-02 09:55:38 INFO database timeout
2026-03-02 09:55:42 INFO disk usage high
### повреждённая строка ###
2026-03-02 09:55:49 INFO invalid token
2026-03-02 09:55:53 INFO user login ok
2026-03-02 09:55:56 INFO disk usage high
2026-03-02 09:55:59 INFO disk usage high
2026-03-02 09:56:03 INFO user login ok
2026-03-02 09:56:06 INFO cache miss
2026-03-02 09:56:10 INFO user logout
2026-03-02 09:56:14 INFO user logout
2026-03-02 09:56:15 WARN user login ok
2026-03-02 09:56:16 WARN background job finished
2026-03-02 09:56:18 WARN config reloaded
2026-03-02 09:56:22 INFO cache hit
2026-03-02 09:56:24 INFO user logout
2026-03-02 09:56:27 INFO request handled
2026-03-02 09:56:30 WARN background job finished
2026-03-02 09:56:32 WARN user login ok
2026-03-02 09:56:34 INFO user login ok
2026-03-02 09:56:37 ERROR request handled
2026-03-02 09:56:40 INFO database timeout
2026-03-02 09:56:41 INFO connection reset by peer
2026-03-02 09:56:43 INFO user login ok
2026-03-02 09:56:47 WARN user login ok
2026-03-02 09:56:51 WARN user login ok
2026-03-02 09:56:53 INFO database timeout
2026-03-02 09:56:57 INFO user login ok
2026-03-02 09:56:59 INFO slow query detected
2026-03-02 09:57:01 INFO slow query detected
2026-03-02 09:57:02 INFO user logout
2026-03-02 09:57:04 WARN user login ok
2026-03-02 09:57:05 INFO slow query detected
2026-03-02 09:57:09 INFO user login ok
2026-03-02 09:57:13 WARN background job finished
2026-03-02 09:57:17 INFO user login ok
2026-03-02 09:57:20 INFO slow query detected
2026-03-02 09:57:21 INFO user login ok
2026-03-02 09:57:22 INFO user login ok
2026-03-02 09:57:25 WARN background job finished
2026-03-02 09:57:29 INFO request handled
2026-03-02 09:57:30 INFO user logout
2026-03-02 09:57:33 INFO config reloaded
2026-03-02 09:57:37 INFO cache miss
2026-03-02 09:57:40 ERROR user login ok
2026-03-02 09:57:41 INFO slow query detected
2026-03-02 09:57:45 INFO database timeout
2026-03-02 09:57:49 INFO user logout
2026-03-02 09:57:53 INFO request handled
2026-03-02 09:57:57 INFO request handled
2026-03-02 09:57:58 ERROR slow query detected
2026-03-02 09:58:02 INFO user login ok
2026-03-02 09:58:04 ERROR user login ok
2026-03-02 09:58:06 INFO cache miss
2026-03-02 09:58:08 INFO user logout
2026-03-02 09:58:09 INFO user login ok
2026-03-02 09:58:13 INFO cache miss
2026-03-02 09:58:17 INFO request handled
2026-03-02 09:58:19 WARN config reloaded
2026-03-02 09:58:21 INFO cache miss
2026-03-02 09:58:24 WARN disk usage high
2026-03-02 09:58:27 ERROR request handled
2026-03-02 09:58:28 INFO user login ok
2026-03-02 09:58:31 INFO user logout
2026-03-02 09:58:33 WARN background job finished
2026-03-02 09:58:36 INFO disk usage high
2026-03-02 09:58:38 INFO cache miss
2026-03-02 09:58:42 INFO user logout
2026-03-02 09:58:44 INFO cache hit
2026-03-02 09:58:45 INFO user login ok
2026-03-02 09:58:47 INFO invalid token
2026-03-02 09:58:48 ERROR user login ok
2026-03-02 09:58:52 WARN slow query detected
2026-03-02 09:58:55 INFO database timeout
2026-03-02 09:58:57 INFO config reloaded
2026-03-02 09:59:01 INFO request handled
2026-03-02 09:59:02 INFO cache miss
2026-03-02 09:59:04 INFO cache hit
2026-03-02 09:59:06 INFO config reloaded
2026-03-02 09:59:07 INFO cache hit
2026-03-02 09:59:10 INFO connection reset by peer
2026-03-02 09:59:12 INFO request handled
2026-03-02 09:59:16 INFO user logout
2026-03-02 09:59:18 INFO invalid token
2026-03-02 09:59:22 INFO background job finished
2026-03-02 09:59:24 INFO request handled
2026-03-02 09:59:26 WARN request handled
2026-03-02 09:59:30 INFO slow query detected
2026-03-02 09:59:33 INFO database timeout
2026-03-02 09:59:34 INFO cache miss
2026-03-02 09:59:37 INFO invalid token
2026-03-02 09:59:40 INFO slow query detected
2026-03-02 09:59:42 INFO request handled
2026-03-02 09:59:46 INFO disk usage high
2026-03-02 09:59:49 INFO user login ok
2026-03-02 09:59:50 INFO request handled
2026-03-02 09:59:53 INFO slow query detected
2026-03-02 09:59:55 INFO cache hit
2026-03-02 09:59:59 INFO user logout
2026-03-02 10:00:00 WARN cache hit
2026-03-02 10:00:03 INFO user login ok
2026-03-02 10:00:04 INFO user logout
2026-03-02 10:00:05 INFO slow query detected
2026-03-02 10:00:08 INFO cache miss
2026-03-02 10:00:10 INFO slow query detected
2026-03-02 10:00:12 INFO request handled
2026-03-02 10:00:14 INFO cache hit
2026-03-02 10:00:16 INFO slow query detected
2026-03-02 10:00:20 INFO user logout
2026-03-02 10:00:21 WARN user login ok
2026-03-02 10:00:22 INFO request handled
2026-03-02 10:00:23 INFO user logout
2026-03-02 10:00:27 INFO user logout
2026-03-02 10:00:28 WARN connection reset by peer
2026-03-02 10:00:30 INFO user logout
2026-03-02 10:00:32 INFO user login ok
2026-03-02 10:00:34 WARN user login ok
2026-03-02 10:00:37 WARN slow query detected
2026-03-02 10:00:39 INFO invalid token
2026-03-02 10:00:42 INFO config reloaded
2026-03-02 10:00:43 INFO cache hit
2026-03-02 10:00:47 INFO database timeout
2026-03-02 10:00:50 INFO invalid token
2026-03-02 10:00:51 WARN slow query detected
2026-03-02 10:00:52 INFO invalid token
2026-03-02 10:00:54 INFO request handled
2026-03-02 10:00:58 INFO user login ok
2026-03-02 10:01:00 INFO user logout
2026-03-02 10:01:04 INFO database timeout
2026-03-02 10:01:05 WARN cache hit
2026-03-02 10:01:09 INFO slow query detected
2026-03-02 10:01:10 INFO background job finished
2026-03-02 10:01:13 INFO slow query detected
2026-03-02 10:01:17 INFO user login ok
2026-03-02 10:01:21 INFO user logout
2026-03-02 10:01:24 WARN user logout
2026-03-02 10:01:26 INFO cache hit
2026-03-02 10:01:29 INFO user login ok
2026-03-02 10:01:33 ERROR invalid token
2026-03-02 10:01:35 INFO user login ok
2026-03-02 10:01:36 INFO database timeout
2026-03-02 10:01:40 INFO connection reset by peer
2026-03-02 10:01:44 ERROR cache miss
2026-03-02 10:01:45 INFO cache hit
2026-03-02 10:01:47 INFO invalid token
2026-03-02 10:01:51 INFO database timeout
2026-03-02 10:01:53 INFO disk usage high
2026-03-02 10:01:54 INFO cache miss
2026-03-02 10:01:58 INFO cache miss
2026-03-02 10:02:00 INFO disk usage high
2026-03-02 10:02:04 INFO connection reset by peer
2026-03-02 10:02:07 INFO user login ok
2026-03-02 10:02:11 INFO user login ok
2026-03-02 10:02:13 INFO cache hit
2026-03-02 10:02:17 INFO user login ok
2026-03-02 10:02:18 WARN config reloaded
2026-03-02 10:02:19 INFO user logout
2026-03-02 10:02:23 INFO cache miss
2026-03-02 10:02:25 INFO user login ok
2026-03-02 10:02:26 INFO database timeout
2026-03-02 10:02:27 INFO request handled
2026-03-02 10:02:31 INFO cache hit
2026-03-02 10:02:35 INFO user login ok
2026-03-02 10:02:36 INFO cache miss
2026-03-02 10:02:40 ERROR user logout
2026-03-02 10:02:43 INFO user login ok
2026-03-02 10:02:44 INFO cache miss
2026-03-02 10:02:47 WARN user login ok
2026-03-02 10:02:49 WARN user login ok
2026-03-02 10:02:51 INFO cache hit
2026-03-02 10:02:55 WARN user login ok
2026-03-02 10:02:58 INFO invalid token
2026-03-02 10:02:59 INFO user login ok
2026-03-02 10:03:02 ERROR user logout
2026-03-02 10:03:04 WARN user login ok
2026-03-02 10:03:06 INFO disk usage high
2026-03-02 10:03:07 INFO user logout
2026-03-02 10:03:11 INFO database timeout
2026-03-02 10:03:15 INFO slow query detected
2026-03-02 10:03:17 INFO cache hit
2026-03-02 10:03:19 INFO cache hit
2026-03-02 10:03:21 INFO connection reset by peer
2026-03-02 10:03:23 INFO user login ok
2026-03-02 10:03:26 INFO user login ok
2026-03-02 10:03:30 INFO cache miss
2026-03-02 10:03:32 ERROR user login ok
2026-03-02 10:03:33 INFO connection reset by peer
2026-03-02 10:03:34 INFO background job finished
2026-03-02 10:03:37 INFO disk usage high
2026-03-02 10:03:38 INFO user login ok
2026-03-02 10:03:39 INFO cache hit
2026-03-02 10:03:41 WARN user login ok
2026-03-02 10:03:42 INFO user login ok
2026-03-02 10:03:44 ERROR user login ok
2026-03-02 10:03:47 INFO user logout
2026-03-02 10:03:50 INFO invalid token
2026-03-02 10:03:53 INFO user login ok
2026-03-02 10:03:57 INFO config reloaded
2026-03-02 10:03:59 INFO cache hit
2026-03-02 10:04:01 WARN background job finished
2026-03-02 10:04:02 INFO cache miss
2026-03-02 10:04:04 INFO config reloaded
2026-03-02 10:04:06 INFO user logout
2026-03-02 10:04:10 WARN cache miss
2026-03-02 10:04:11 INFO connection reset by peer
2026-03-02 10:04:15 INFO user login ok
2026-03-02 10:04:17 INFO cache hit
2026-03-02 10:04:18 INFO user login ok
2026-03-02 10:04:21 INFO disk usage high
2026-03-02 10:04:24 INFO database timeout
2026-03-02 10:04:25 INFO user logout
2026-03-02 10:04:29 INFO config reloaded
2026-03-02 10:04:33 INFO connection reset by peer
2026-03-02 10:04:36 INFO cache miss
2026-03-02 10:04:40 WARN background job finished
2026-03-02 10:04:42 INFO user logout
2026-03-02 10:04:45 INFO user logout
2026-03-02 10:04:46 INFO request handled
2026-03-02 10:04:47 WARN user login ok
2026-03-02 10:04:50 INFO connection reset by peer
2026-03-02 10:04:51 INFO disk usage high
2026-03-02 10:04:55 INFO cache miss
2026-03-02 10:04:59 INFO user login ok
2026-03-02 10:05:00 INFO connection reset by peer
2026-03-02 10:05:02 INFO user login ok
2026-03-02 10:05:03 INFO cache hit
2026-03-02 10:05:06 INFO background job finished
2026-03-02 10:05:08 INFO user logout
2026-03-02 10:05:10 WARN database timeout
2026-03-02 10:05:11 INFO cache hit
2026-03-02 10:05:12 INFO database timeout
2026-03-02 10:05:15 INFO user login ok
2026-03-02 10:05:19 INFO disk usage high
2026-03-02 10:05:20 INFO connection reset by peer
2026-03-02 10:05:22 INFO user login ok
2026-03-02 10:05:23 INFO request handled
2026-03-02 10:05:24 INFO user login ok
2026-03-02 10:05:25 WARN user logout
2026-03-02 10:05:29 WARN database timeout
2026-03-02 10:05:33 INFO user login ok
2026-03-02 10:05:34 INFO user logout
2026-03-02 10:05:37 INFO user login ok
2026-03-02 10:05:39 ERROR invalid token
2026-03-02 10:05:40 INFO cache hit
2026-03-02 10:05:41 INFO cache miss
2026-03-02 10:05:44 INFO cache miss
2026-03-02 10:05:46 INFO cache hit
2026-03-02 10:05:49 WARN user login ok
2026-03-02 10:05:52 INFO disk usage high
2026-03-02 10:05:53 INFO cache miss
2026-03-02 10:05:56 INFO background job finished
2026-03-02 10:05:57 INFO disk usage high
2026-03-02 10:06:01 ERROR config reloaded
2026-03-02 10:06:04 INFO user login ok
2026-03-02 10:06:05 INFO connection reset by peer
2026-03-02 10:06:06 INFO config reloaded
2026-03-02 10:06:07 INFO user login ok
2026-03-02 10:06:09 INFO disk usage high
2026-03-02 10:06:10 INFO user logout
2026-03-02 10:06:12 INFO connection reset by peer
2026-03-02 10:06:16 INFO cache hit
2026-03-02 10:06:17 INFO invalid token
2026-03-02 10:06:20 INFO database timeout
2026-03-02 10:06:21 INFO user login ok
2026-03-02 10:06:23 INFO cache miss
2026-03-02 10:06:24 INFO user logout
2026-03-02 10:06:25 INFO user login ok
2026-03-02 10:06:27 ERROR user login ok
2026-03-02 10:06:28 INFO user login ok
2026-03-02 10:06:31 WARN user login ok
2026-03-02 10:06:34 INFO connection reset by peer
2026-03-02 10:06:37 INFO database timeout
2026-03-02 10:06:41 INFO user login ok
### повреждённая строка ###
2026-03-02 10:06:46 WARN user logout
2026-03-02 10:06:49 INFO cache miss
2026-03-02 10:06:51 INFO cache hit
2026-03-02 10:06:53 INFO user logout
2026-03-02 10:06:54 INFO user login ok
2026-03-02 10:06:55 WARN config reloaded
2026-03-02 10:06:57 INFO user login ok
2026-03-02 10:06:58 INFO request handled
2026-03-02 10:06:59 INFO cache hit
2026-03-02 10:07:00 INFO user login ok
2026-03-02 10:07:02 INFO disk usage high
2026-03-02 10:07:05 WARN disk usage high
2026-03-02 10:07:09 INFO database timeout
2026-03-02 10:07:12 ERROR invalid token
2026-03-02 10:07:15 INFO user login ok
2026-03-02 10:07:16 WARN cache miss
2026-03-02 10:07:17 INFO request handled
2026-03-02 10:07:18 INFO user logout
2026-03-02 10:07:19 INFO cache hit
### повреждённая строка ###
2026-03-02 10:07:21 INFO database timeout
2026-03-02 10:07:22 INFO cache miss
2026-03-02 10:07:26 INFO disk usage high
2026-03-02 10:07:29 INFO disk usage high
2026-03-02 10:07:30 INFO slow query detected
2026-03-02 10:07:32 INFO cache miss
2026-03-02 10:07:34 WARN user login ok
2026-03-02 10:07:37 INFO user logout
2026-03-02 10:07:38 INFO invalid token
2026-03-02 10:07:39 INFO user logout
2026-03-02 10:07:40 INFO user logout
2026-03-02 10:07:42 INFO user login ok
2026-03-02 10:07:46 ERROR user logout
2026-03-02 10:07:47 INFO cache miss
2026-03-02 10:07:50 INFO user login ok
2026-03-02 10:07:52 INFO config reloaded
2026-03-02 10:07:54 WARN user login ok
2026-03-02 10:07:57 INFO request handled
2026-03-02 10:08:00 INFO config reloaded
2026-03-02 10:08:04 INFO slow query detected
2026-03-02 10:08:05 INFO user login ok
2026-03-02 10:08:06 INFO request handled
2026-03-02 10:08:10 INFO user login ok
2026-03-02 10:08:14 INFO cache hit
2026-03-02 10:08:18 WARN user login ok
2026-03-02 10:08:21 INFO user logout
2026-03-02 10:08:25 INFO user logout
2026-03-02 10:08:27 INFO user login ok
2026-03-02 10:08:31 INFO disk usage high
2026-03-02 10:08:34 WARN cache miss
2026-03-02 10:08:37 INFO user login ok
2026-03-02 10:08:41 INFO request handled
2026-03-02 10:08:45 INFO user login ok
2026-03-02 10:08:49 WARN user login ok
2026-03-02 10:08:52 INFO user login ok
2026-03-02 10:08:54 INFO user logout
2026-03-02 10:08:58 INFO background job finished
2026-03-02 10:09:01 INFO disk usage high
2026-03-02 10:09:03 INFO user logout
2026-03-02 10:09:06 INFO user login ok
2026-03-02 10:09:08 INFO user login ok
2026-03-02 10:09:11 INFO disk usage high
2026-03-02 10:09:14 INFO user logout
2026-03-02 10:09:18 WARN user logout
### повреждённая строка ###
2026-03-02 10:09:20 INFO user login ok
2026-03-02 10:09:21 INFO user login ok
2026-03-02 10:09:25 WARN request handled
2026-03-02 10:09:29 INFO slow query detected
2026-03-02 10:09:30 WARN cache hit
2026-03-02 10:09:34 WARN background job finished
2026-03-02 10:09:37 INFO user logout
2026-03-02 10:09:40 INFO invalid token
2026-03-02 10:09:41 INFO user logout
2026-03-02 10:09:43 INFO user logout
2026-03-02 10:09:44 INFO config reloaded
2026-03-02 10:09:45 INFO user logout
2026-03-02 10:09:46 INFO cache miss
2026-03-02 10:09:47 INFO connection reset by peer
2026-03-02 10:09:49 INFO user login ok
2026-03-02 10:09:51 INFO user logout
2026-03-02 10:09:54 INFO database timeout
2026-03-02 10:09:58 INFO cache hit
2026-03-02 10:10:00 INFO user login ok
2026-03-02 10:10:01 INFO connection reset by peer
2026-03-02 10:10:02 INFO user login ok
2026-03-02 10:10:06 INFO cache hit
2026-03-02 10:10:08 INFO user login ok
### повреждённая строка ###
2026-03-02 10:10:14 WARN user login ok
2026-03-02 10:10:15 INFO connection reset by peer
2026-03-02 10:10:18 INFO user login ok
2026-03-02 10:10:22 INFO slow query detected
2026-03-02 10:10:24 INFO cache miss
2026-03-02 10:10:25 INFO user login ok
2026-03-02 10:10:29 INFO invalid token
2026-03-02 10:10:31 INFO user login ok
2026-03-02 10:10:33 INFO user login ok
2026-03-02 10:10:35 INFO database timeout
2026-03-02 10:10:36 INFO cache miss
2026-03-02 10:10:39 INFO database timeout
2026-03-02 10:10:40 INFO user login ok
2026-03-02 10:10:42 INFO user logout
2026-03-02 10:10:43 WARN cache hit
2026-03-02 10:10:44 INFO cache hit
2026-03-02 10:10:45 INFO user login ok
2026-03-02 10:10:47 INFO user login ok
2026-03-02 10:10:48 INFO cache hit
2026-03-02 10:10:49 INFO slow query detected
2026-03-02 10:10:52 INFO user logout
2026-03-02 10:10:56 INFO request handled
2026-03-02 10:11:00 ERROR user login ok
2026-03-02 10:11:02 INFO background job finished
2026-03-02 10:11:03 WARN request handled
2026-03-02 10:11:04 INFO user login ok
2026-03-02 10:11:05 INFO cache hit
2026-03-02 10:11:08 INFO cache hit
2026-03-02 10:11:09 INFO slow query detected
2026-03-02 10:11:13 INFO user logout
2026-03-02 10:11:17 WARN user login ok
2026-03-02 10:11:19 WARN user login ok
2026-03-02 10:11:22 INFO user logout
2026-03-02 10:11:25 INFO user login ok
2026-03-02 10:11:26 INFO request handled
2026-03-02 10:11:27 INFO disk usage high
2026-03-02 10:11:28 ERROR user login ok
2026-03-02 10:11:30 ERROR user login ok
2026-03-02 10:11:33 INFO user logout
2026-03-02 10:11:37 WARN config reloaded
2026-03-02 10:11:41 INFO user logout
2026-03-02 10:11:45 INFO user login ok
2026-03-02 10:11:49 INFO user login ok
2026-03-02 10:11:50 INFO request handled
2026-03-02 10:11:51 INFO slow query detected
### повреждённая строка ###
2026-03-02 10:11:53 INFO cache hit
2026-03-02 10:11:54 WARN user login ok
2026-03-02 10:11:58 INFO background job finished
2026-03-02 10:11:59 WARN user login ok
2026-03-02 10:12:00 INFO connection reset by peer
2026-03-02 10:12:03 INFO cache hit
2026-03-02 10:12:06 INFO user logout
2026-03-02 10:12:10 INFO user login ok
2026-03-02 10:12:12 WARN user logout
2026-03-02 10:12:15 INFO database timeout
2026-03-02 10:12:17 INFO user login ok
2026-03-02 10:12:20 INFO config reloaded
2026-03-02 10:12:24 INFO cache miss
2026-03-02 10:12:26 INFO config reloaded
2026-03-02 10:12:28 INFO cache hit
2026-03-02 10:12:30 ERROR cache hit
2026-03-02 10:12:31 INFO invalid token
2026-03-02 10:12:33 INFO user login ok
2026-03-02 10:12:37 INFO connection reset by peer
2026-03-02 10:12:40 INFO user login ok
2026-03-02 10:12:43 INFO user login ok
2026-03-02 10:12:44 WARN connection reset by peer
2026-03-02 10:12:47 INFO user logout
2026-03-02 10:12:50 INFO database timeout
2026-03-02 10:12:54 INFO user logout
2026-03-02 10:12:55 INFO user login ok
2026-03-02 10:12:59 INFO slow query detected
2026-03-02 10:13:03 INFO user login ok
2026-03-02 10:13:05 INFO user login ok
2026-03-02 10:13:09 INFO connection reset by peer
2026-03-02 10:13:10 INFO connection reset by peer
2026-03-02 10:13:14 INFO database timeout
2026-03-02 10:13:18 INFO user logout
2026-03-02 10:13:21 INFO user logout
2026-03-02 10:13:22 INFO user logout
2026-03-02 10:13:25 INFO user login ok
2026-03-02 10:13:29 INFO slow query detected
2026-03-02 10:13:31 WARN user logout
2026-03-02 10:13:32 INFO connection reset by peer
2026-03-02 10:13:36 INFO invalid token
2026-03-02 10:13:38 INFO user logout
2026-03-02 10:13:40 WARN connection reset by peer
2026-03-02 10:13:44 INFO database timeout
2026-03-02 10:13:46 INFO user logout
2026-03-02 10:13:49 INFO connection reset by peer
2026-03-02 10:13:51 INFO slow query detected
2026-03-02 10:13:52 ERROR cache miss
2026-03-02 10:13:55 INFO user login ok
2026-03-02 10:13:56 WARN database timeout
### повреждённая строка ###
2026-03-02 10:14:00 ERROR invalid token
2026-03-02 10:14:02 INFO user login ok
2026-03-02 10:14:04 INFO database timeout
2026-03-02 10:14:05 INFO disk usage high
2026-03-02 10:14:06 INFO user login ok
2026-03-02 10:14:07 INFO connection reset by peer
2026-03-02 10:14:11 INFO config reloaded
2026-03-02 10:14:14 INFO disk usage high
2026-03-02 10:14:16 INFO user login ok
2026-03-02 10:14:20 INFO background job finished
2026-03-02 10:14:24 INFO connection reset by peer
2026-03-02 10:14:25 INFO slow query detected
2026-03-02 10:14:28 WARN user login ok
2026-03-02 10:14:29 INFO invalid token
2026-03-02 10:14:32 INFO cache miss
2026-03-02 10:14:35 WARN user logout
2026-03-02 10:14:39 WARN background job finished
2026-03-02 10:14:42 INFO config reloaded
2026-03-02 10:14:43 INFO request handled
2026-03-02 10:14:46 INFO request handled
2026-03-02 10:14:48 INFO cache hit
2026-03-02 10:14:50 INFO cache miss
2026-03-02 10:14:52 INFO user login ok
2026-03-02 10:14:56 INFO user login ok
2026-03-02 10:14:58 INFO connection reset by peer
2026-03-02 10:14:59 INFO user logout
2026-03-02 10:15:01 INFO slow query detected
2026-03-02 10:15:02 INFO background job finished
2026-03-02 10:15:05 WARN user login ok
2026-03-02 10:15:09 INFO connection reset by peer
2026-03-02 10:15:11 INFO user logout
2026-03-02 10:15:13 INFO invalid token
2026-03-02 10:15:16 INFO user login ok
2026-03-02 10:15:18 INFO background job finished
2026-03-02 10:15:20 INFO request handled
2026-03-02 10:15:24 INFO request handled
2026-03-02 10:15:28 INFO config reloaded
2026-03-02 10:15:30 INFO cache hit
2026-03-02 10:15:34 INFO connection reset by peer
2026-03-02 10:15:36 INFO disk usage high
2026-03-02 10:15:40 INFO cache hit
2026-03-02 10:15:44 INFO disk usage high
2026-03-02 10:15:46 INFO database timeout
2026-03-02 10:15:48 INFO user login ok
2026-03-02 10:15:49 INFO config reloaded
2026-03-02 10:15:50 INFO user login ok
2026-03-02 10:15:54 INFO request handled
2026-03-02 10:15:58 INFO request handled
2026-03-02 10:16:02 INFO connection reset by peer
2026-03-02 10:16:04 WARN user login ok
2026-03-02 10:16:05 INFO config reloaded
2026-03-02 10:16:09 INFO user logout
2026-03-02 10:16:12 INFO user login ok
2026-03-02 10:16:14 INFO config reloaded
2026-03-02 10:16:16 INFO user login ok
2026-03-02 10:16:19 INFO user login ok
2026-03-02 10:16:21 INFO user logout
2026-03-02 10:16:23 INFO cache miss
2026-03-02 10:16:24 WARN cache hit
2026-03-02 10:16:25 INFO database timeout
2026-03-02 10:16:27 INFO user login ok
2026-03-02 10:16:30 INFO slow query detected
2026-03-02 10:16:32 INFO user logout
2026-03-02 10:16:35 INFO user logout
2026-03-02 10:16:37 ERROR config reloaded
2026-03-02 10:16:39 INFO config reloaded
2026-03-02 10:16:43 INFO user login ok
2026-03-02 10:16:45 WARN slow query detected
2026-03-02 10:16:46 INFO user logout
2026-03-02 10:16:48 WARN disk usage high
2026-03-02 10:16:51 INFO cache hit
2026-03-02 10:16:53 INFO user login ok
2026-03-02 10:16:55 INFO config reloaded
2026-03-02 10:16:56 INFO user login ok
2026-03-02 10:16:59 INFO slow query detected
2026-03-02 10:17:00 INFO cache hit
2026-03-02 10:17:03 INFO background job finished
2026-03-02 10:17:04 INFO user login ok
2026-03-02 10:17:07 INFO cache miss
2026-03-02 10:17:10 INFO config reloaded
2026-03-02 10:17:12 INFO user login ok
2026-03-02 10:17:14 INFO user login ok
2026-03-02 10:17:17 INFO user login ok
2026-03-02 10:17:19 INFO user login ok
2026-03-02 10:17:21 INFO user login ok
2026-03-02 10:17:25 INFO user login ok
2026-03-02 10:17:26 INFO user login ok
2026-03-02 10:17:30 INFO user logout
2026-03-02 10:17:33 INFO user login ok
2026-03-02 10:17:35 INFO user login ok
2026-03-02 10:17:37 INFO database timeout
2026-03-02 10:17:38 INFO config reloaded
2026-03-02 10:17:42 WARN slow query detected
2026-03-02 10:17:44 WARN user login ok
2026-03-02 10:17:48 INFO user logout
2026-03-02 10:17:49 INFO connection reset by peer
2026-03-02 10:17:50 INFO background job finished
2026-03-02 10:17:52 WARN user logout
2026-03-02 10:17:55 WARN user login ok
2026-03-02 10:17:56 INFO user logout
2026-03-02 10:17:57 INFO user login ok
2026-03-02 10:17:59 WARN cache miss
2026-03-02 10:18:03 INFO background job finished
2026-03-02 10:18:04 INFO disk usage high
2026-03-02 10:18:07 INFO disk usage high
2026-03-02 10:18:11 INFO user login ok
2026-03-02 10:18:13 INFO user login ok
2026-03-02 10:18:14 ERROR slow query detected
2026-03-02 10:18:18 INFO cache hit
2026-03-02 10:18:22 WARN user login ok
2026-03-02 10:18:25 WARN user logout
2026-03-02 10:18:27 INFO user logout
2026-03-02 10:18:30 INFO connection reset by peer
2026-03-02 10:18:34 INFO user login ok
2026-03-02 10:18:37 INFO background job finished
2026-03-02 10:18:38 INFO cache hit
2026-03-02 10:18:41 WARN user login ok
2026-03-02 10:18:43 ERROR background job finished
2026-03-02 10:18:46 INFO user login ok
2026-03-02 10:18:49 INFO cache hit
2026-03-02 10:18:52 INFO user login ok
2026-03-02 10:18:54 INFO user login ok
2026-03-02 10:18:58 WARN user login ok
2026-03-02 10:19:00 INFO slow query detected
2026-03-02 10:19:04 WARN user logout
2026-03-02 10:19:05 INFO user login ok
2026-03-02 10:19:09 INFO user logout
2026-03-02 10:19:12 INFO config reloaded
2026-03-02 10:19:16 WARN user logout
2026-03-02 10:19:20 ERROR cache miss
2026-03-02 10:19:23 ERROR user login ok
2026-03-02 10:19:24 INFO connection reset by peer
2026-03-02 10:19:27 INFO config reloaded
2026-03-02 10:19:31 INFO user logout
2026-03-02 10:19:34 INFO background job finished
2026-03-02 10:19:37 INFO user logout
2026-03-02 10:19:38 INFO cache hit
2026-03-02 10:19:42 INFO user login ok
2026-03-02 10:19:46 INFO user logout
2026-03-02 10:19:49 INFO slow query detected
2026-03-02 10:19:51 INFO user login ok
2026-03-02 10:19:52 INFO background job finished
2026-03-02 10:19:55 INFO user login ok
2026-03-02 10:19:56 INFO user login ok
2026-03-02 10:19:58 INFO user login ok
2026-03-02 10:19:59 INFO slow query detected
2026-03-02 10:20:03 INFO user login ok
2026-03-02 10:20:05 INFO user logout
2026-03-02 10:20:08 INFO disk usage high
2026-03-02 10:20:11 INFO slow query detected
2026-03-02 10:20:14 INFO user logout
2026-03-02 10:20:16 WARN user login ok
2026-03-02 10:20:17 INFO cache miss
2026-03-02 10:20:21 INFO cache hit
2026-03-02 10:20:24 INFO user login ok
2026-03-02 10:20:26 INFO user login ok
2026-03-02 10:20:30 WARN user logout
2026-03-02 10:20:33 WARN cache miss
2026-03-02 10:20:34 INFO cache hit
2026-03-02 10:20:37 INFO user logout
2026-03-02 10:20:38 INFO background job finished
2026-03-02 10:20:40 ERROR cache miss
2026-03-02 10:20:41 INFO user login ok
2026-03-02 10:20:43 INFO user logout
2026-03-02 10:20:46 INFO user login ok
2026-03-02 10:20:49 INFO cache miss
2026-03-02 10:20:51 WARN user login ok
2026-03-02 10:20:53 WARN slow query detected
2026-03-02 10:20:55 INFO disk usage high
2026-03-02 10:20:57 INFO user login ok
2026-03-02 10:20:58 INFO user logout
2026-03-02 10:21:00 INFO user login ok
2026-03-02 10:21:01 INFO user logout
2026-03-02 10:21:04 INFO user logout
2026-03-02 10:21:05 INFO disk usage high
2026-03-02 10:21:08 WARN cache hit
2026-03-02 10:21:10 INFO user logout
2026-03-02 10:21:12 INFO user login ok
2026-03-02 10:21:15 INFO background job finished
2026-03-02 10:21:19 INFO user login ok
2026-03-02 10:21:22 INFO background job finished
2026-03-02 10:21:23 INFO user logout
2026-03-02 10:21:24 INFO disk usage high
2026-03-02 10:21:26 INFO user login ok
2026-03-02 10:21:30 INFO disk usage high
2026-03-02 10:21:34 INFO user logout
2026-03-02 10:21:37 INFO user logout
2026-03-02 10:21:39 INFO invalid token
2026-03-02 10:21:42 INFO user logout
2026-03-02 10:21:44 WARN invalid token
2026-03-02 10:21:45 INFO invalid token
2026-03-02 10:21:46 INFO disk usage high
2026-03-02 10:21:48 INFO user logout
2026-03-02 10:21:50 INFO cache miss
2026-03-02 10:21:54 INFO cache hit
2026-03-02 10:21:58 WARN connection reset by peer
2026-03-02 10:22:02 INFO database timeout
2026-03-02 10:22:06 INFO cache hit
2026-03-02 10:22:08 INFO user logout
2026-03-02 10:22:12 INFO user logout
2026-03-02 10:22:15 WARN user login ok
2026-03-02 10:22:19 INFO request handled
2026-03-02 10:22:21 INFO user login ok
2026-03-02 10:22:24 INFO user login ok
2026-03-02 10:22:28 ERROR connection reset by peer
2026-03-02 10:22:31 WARN config reloaded
2026-03-02 10:22:33 INFO cache hit
2026-03-02 10:22:34 ERROR user login ok
2026-03-02 10:22:38 INFO cache miss
2026-03-02 10:22:40 INFO user login ok
2026-03-02 10:22:44 INFO request handled
2026-03-02 10:22:45 INFO cache miss
2026-03-02 10:22:49 INFO user login ok
2026-03-02 10:22:51 INFO user logout
2026-03-02 10:22:53 ERROR database timeout
2026-03-02 10:22:55 INFO user logout
2026-03-02 10:22:58 INFO background job finished
2026-03-02 10:23:02 INFO config reloaded
2026-03-02 10:23:05 INFO request handled
2026-03-02 10:23:06 INFO user login ok
2026-03-02 10:23:10 INFO database timeout
2026-03-02 10:23:14 WARN user logout
2026-03-02 10:23:17 INFO user login ok
2026-03-02 10:23:19 INFO user login ok
2026-03-02 10:23:23 INFO user logout
2026-03-02 10:23:24 INFO user login ok
2026-03-02 10:23:25 ERROR user login ok
2026-03-02 10:23:29 INFO slow query detected
2026-03-02 10:23:31 INFO cache hit
