2026-03-01 00:00:04 INFO request handled
2026-03-01 00:00:07 INFO background job finished
2026-03-01 00:00:09 INFO user logout
2026-03-01 00:00:13 INFO config reloaded
2026-03-01 00:00:16 INFO background job finished
2026-03-01 00:00:19 WARN background job finished
2026-03-01 00:00:20 INFO config reloaded
2026-03-01 00:00:22 INFO user login ok
2026-03-01 00:00:24 INFO user login ok
2026-03-01 00:00:28 INFO user login ok
2026-03-01 00:00:31 INFO disk usage high
2026-03-01 00:00:32 INFO request handled
2026-03-01 00:00:35 INFO connection reset by peer
2026-03-01 00:00:39 WARN user logout
2026-03-01 00:00:41 INFO disk usage high
2026-03-01 00:00:43 WARN config reloaded
2026-03-01 00:00:46 INFO background job finished
2026-03-01 00:00:49 INFO user login ok
2026-03-01 00:00:53 INFO user login ok
2026-03-01 00:00:55 INFO user login ok
2026-03-01 00:00:59 INFO cache hit
2026-03-01 00:01:02 INFO user login ok
2026-03-01 00:01:04 INFO user login ok
2026-03-01 00:01:07 INFO user login ok
2026-03-01 00:01:11 INFO config reloaded
2026-03-01 00:01:12 INFO user logout
2026-03-01 00:01:14 INFO slow query detected
2026-03-01 00:01:16 WARN user logout
2026-03-01 00:01:18 INFO database timeout
2026-03-01 00:01:19 WARN cache hit
2026-03-01 00:01:22 INFO user login ok
2026-03-01 00:01:23 INFO connection reset by peer
2026-03-01 00:01:24 INFO invalid token
2026-03-01 00:01:25 ERROR request handled
2026-03-01 00:01:28 INFO slow query detected
2026-03-01 00:01:31 INFO cache miss
2026-03-01 00:01:32 INFO cache miss
2026-03-01 00:01:33 INFO slow query detected
2026-03-01 00:01:35 INFO user login ok
2026-03-01 00:01:38 WARN slow query detected
2026-03-01 00:01:41 INFO cache hit
2026-03-01 00:01:44 INFO slow query detected
2026-03-01 00:01:45 INFO user login ok
2026-03-01 00:01:47 INFO slow query detected
2026-03-01 00:01:50 INFO database timeout
2026-03-01 00:01:54 INFO invalid token
2026-03-01 00:01:58 INFO user logout
2026-03-01 00:02:01 INFO user login ok
2026-03-01 00:02:04 INFO user login ok
2026-03-01 00:02:06 INFO connection reset by peer
2026-03-01 00:02:10 INFO user logout
2026-03-01 00:02:11 INFO user login ok
2026-03-01 00:02:14 INFO user login ok
2026-03-01 00:02:17 INFO slow query detected
2026-03-01 00:02:21 INFO config reloaded
2026-03-01 00:02:22 INFO user logout
2026-03-01 00:02:23 INFO cache hit
2026-03-01 00:02:25 INFO user login ok
2026-03-01 00:02:26 INFO request handled
2026-03-01 00:02:30 INFO user login ok
2026-03-01 00:02:33 INFO slow query detected
2026-03-01 00:02:37 INFO request handled
2026-03-01 00:02:41 INFO user login ok
2026-03-01 00:02:42 INFO user login ok
2026-03-01 00:02:43 INFO user login ok
2026-03-01 00:02:47 INFO user logout
2026-03-01 00:02:48 WARN cache hit
2026-03-01 00:02:52 INFO user login ok
2026-03-01 00:02:56 INFO cache hit
2026-03-01 00:02:59 WARN invalid token
2026-03-01 00:03:02 INFO user logout
2026-03-01 00:03:03 INFO user login ok
2026-03-01 00:03:05 INFO user logout
2026-03-01 00:03:06 ERROR config reloaded
2026-03-01 00:03:07 INFO disk usage high
2026-03-01 00:03:11 WARN slow query detected
2026-03-01 00:03:14 INFO user login ok
2026-03-01 00:03:15 WARN cache miss
2026-03-01 00:03:19 INFO user login ok
2026-03-01 00:03:23 INFO user login ok
2026-03-01 00:03:27 INFO connection reset by peer
2026-03-01 00:03:30 INFO cache hit
2026-03-01 00:03:31 INFO config reloaded
2026-03-01 00:03:35 INFO user login ok
2026-03-01 00:03:36 INFO background job finished
2026-03-01 00:03:38 INFO user login ok
2026-03-01 00:03:41 INFO user login ok
2026-03-01 00:03:43 INFO connection reset by peer
2026-03-01 00:03:47 INFO cache hit
2026-03-01 00:03:50 INFO disk usage high
2026-03-01 00:03:53 INFO cache miss
2026-03-01 00:03:55 INFO background job finished
2026-03-01 00:03:56 INFO cache hit
2026-03-01 00:04:00 INFO user login ok
2026-03-01 00:04:01 INFO config reloaded
2026-03-01 00:04:04 INFO invalid token
2026-03-01 00:04:07 INFO user login ok
2026-03-01 00:04:10 WARN slow query detected
2026-03-01 00:04:13 INFO user logout
2026-03-01 00:04:17 INFO cache miss
2026-03-01 00:04:19 INFO request handled
2026-03-01 00:04:22 INFO slow query detected
2026-03-01 00:04:23 INFO user login ok
2026-03-01 00:04:27 INFO cache miss
2026-03-01 00:04:30 INFO user logout
2026-03-01 00:04:32 INFO cache hit
2026-03-01 00:04:34 INFO user logout
2026-03-01 00:04:36 WARN cache miss
2026-03-01 00:04:40 INFO user logout
2026-03-01 00:04:41 WARN user login ok
2026-03-01 00:04:42 INFO connection reset by peer
2026-03-01 00:04:44 INFO disk usage high
2026-03-01 00:04:45 INFO request handled
2026-03-01 00:04:46 WARN user logout
2026-03-01 00:04:50 INFO user login ok
2026-03-01 00:04:54 INFO user logout
2026-03-01 00:04:57 INFO disk usage high
2026-03-01 00:05:01 INFO connection reset by peer
2026-03-01 00:05:04 INFO cache miss
2026-03-01 00:05:07 INFO config reloaded
2026-03-01 00:05:11 INFO invalid token
2026-03-01 00:05:12 WARN user logout
2026-03-01 00:05:16 WARN user login ok
2026-03-01 00:05:17 INFO slow query detected
2026-03-01 00:05:19 INFO user logout
2026-03-01 00:05:22 INFO user login ok
2026-03-01 00:05:24 INFO request handled
2026-03-01 00:05:25 INFO invalid token
2026-03-01 00:05:29 INFO user login ok
2026-03-01 00:05:30 INFO user logout
2026-03-01 00:05:34 INFO connection reset by peer
2026-03-01 00:05:35 INFO slow query detected
2026-03-01 00:05:37 INFO user login ok
2026-03-01 00:05:38 INFO user login ok
2026-03-01 00:05:41 INFO request handled
2026-03-01 00:05:42 INFO user login ok
2026-03-01 00:05:43 INFO invalid token
2026-03-01 00:05:44 INFO cache miss
2026-03-01 00:05:48 INFO disk usage high
2026-03-01 00:05:52 WARN user login ok
2026-03-01 00:05:56 INFO user logout
2026-03-01 00:06:00 INFO config reloaded
2026-03-01 00:06:01 INFO user login ok
2026-03-01 00:06:02 ERROR user login ok
2026-03-01 00:06:05 INFO user login ok
2026-03-01 00:06:09 WARN cache miss
2026-03-01 00:06:12 INFO database timeout
2026-03-01 00:06:13 INFO cache hit
2026-03-01 00:06:15 INFO database timeout
2026-03-01 00:06:17 INFO background job finished
2026-03-01 00:06:20 INFO user login ok
2026-03-01 00:06:22 INFO config reloaded
2026-03-01 00:06:26 INFO database timeout
2026-03-01 00:06:27 ERROR database timeout
2026-03-01 00:06:31 WARN connection reset by peer
2026-03-01 00:06:35 ERROR user login ok
2026-03-01 00:06:39 WARN connection reset by peer
2026-03-01 00:06:40 WARN database timeout
2026-03-01 00:06:42 WARN database timeout
2026-03-01 00:06:44 INFO invalid token
2026-03-01 00:06:47 WARN background job finished
2026-03-01 00:06:50 ERROR user logout
2026-03-01 00:06:53 INFO config reloaded
2026-03-01 00:06:55 INFO background job finished
2026-03-01 00:06:57 INFO user login ok
2026-03-01 00:07:00 INFO user logout
2026-03-01 00:07:03 INFO user login ok
2026-03-01 00:07:07 INFO cache miss
2026-03-01 00:07:09 INFO database timeout
2026-03-01 00:07:12 INFO user login ok
2026-03-01 00:07:14 INFO cache miss
2026-03-01 00:07:16 INFO config reloaded
2026-03-01 00:07:17 WARN background job finished
2026-03-01 00:07:20 INFO user login ok
2026-03-01 00:07:21 WARN user login ok
2026-03-01 00:07:23 INFO background job finished
2026-03-01 00:07:25 INFO user login ok
2026-03-01 00:07:26 INFO disk usage high
2026-03-01 00:07:28 INFO background job finished
2026-03-01 00:07:32 INFO user logout
2026-03-01 00:07:35 INFO config reloaded
2026-03-01 00:07:36 INFO user logout
2026-03-01 00:07:39 INFO cache miss
2026-03-01 00:07:42 INFO user login ok
2026-03-01 00:07:44 INFO user login ok
2026-03-01 00:07:47 INFO slow query detected
2026-03-01 00:07:51 INFO request handled
2026-03-01 00:07:54 INFO invalid token
2026-03-01 00:07:58 INFO user logout
2026-03-01 00:07:59 WARN user login ok
2026-03-01 00:08:03 INFO cache miss
2026-03-01 00:08:05 INFO config reloaded
2026-03-01 00:08:06 INFO user logout
2026-03-01 00:08:08 INFO slow query detected
2026-03-01 00:08:12 INFO background job finished
2026-03-01 00:08:13 INFO disk usage high
2026-03-01 00:08:14 WARN user login ok
2026-03-01 00:08:16 ERROR connection reset by peer
2026-03-01 00:08:19 INFO user login ok
2026-03-01 00:08:22 INFO user login ok
2026-03-01 00:08:23 INFO user login ok
2026-03-01 00:08:26 INFO cache miss
2026-03-01 00:08:27 INFO background job finished
2026-03-01 00:08:28 INFO user login ok
2026-03-01 00:08:32 INFO user logout
2026-03-01 00:08:34 INFO connection reset by peer
2026-03-01 00:08:35 INFO user logout
2026-03-01 00:08:39 WARN disk usage high
2026-03-01 00:08:42 INFO connection reset by peer
2026-03-01 00:08:44 INFO user login ok
2026-03-01 00:08:45 INFO slow query detected
2026-03-01 00:08:48 INFO cache hit
2026-03-01 00:08:52 INFO cache miss
2026-03-01 00:08:53 INFO cache miss
2026-03-01 00:08:54 WARN user login ok
2026-03-01 00:08:57 INFO request handled
2026-03-01 00:09:00 INFO user logout
2026-03-01 00:09:01 INFO slow query detected
2026-03-01 00:09:03 ERROR user logout
2026-03-01 00:09:07 INFO database timeout
2026-03-01 00:09:11 INFO database timeout
2026-03-01 00:09:13 INFO user login ok
2026-03-01 00:09:14 ERROR user login ok
2026-03-01 00:09:17 INFO user login ok
2026-03-01 00:09:19 INFO user logout
2026-03-01 00:09:22 INFO request handled
2026-03-01 00:09:23 INFO user login ok
2026-03-01 00:09:26 INFO config reloaded
2026-03-01 00:09:28 WARN user login ok
2026-03-01 00:09:29 INFO cache hit
2026-03-01 00:09:32 INFO slow query detected
2026-03-01 00:09:34 ERROR user login ok
2026-03-01 00:09:38 INFO slow query detected
### повреждённая строка ###
2026-03-01 00:09:45 INFO user login ok
2026-03-01 00:09:46 INFO slow query detected
2026-03-01 00:09:47 INFO config reloaded
2026-03-01 00:09:51 INFO connection reset by peer
2026-03-01 00:09:55 INFO user login ok
2026-03-01 00:09:58 INFO connection reset by peer
2026-03-01 00:10:01 INFO user login ok
2026-03-01 00:10:05 INFO user login ok
2026-03-01 00:10:08 INFO database timeout
2026-03-01 00:10:09 WARN config reloaded
2026-03-01 00:10:11 INFO disk usage high
2026-03-01 00:10:15 INFO config reloaded
2026-03-01 00:10:16 INFO cache miss
2026-03-01 00:10:20 INFO config reloaded
2026-03-01 00:10:24 WARN user login ok
2026-03-01 00:10:27 INFO user logout
### повреждённая строка ###
2026-03-01 00:10:29 WARN cache miss
2026-03-01 00:10:32 INFO background job finished
2026-03-01 00:10:35 INFO invalid token
2026-03-01 00:10:36 INFO disk usage high
2026-03-01 00:10:39 INFO cache miss
2026-03-01 00:10:41 INFO cache miss
2026-03-01 00:10:45 INFO cache miss
2026-03-01 00:10:48 WARN user login ok
2026-03-01 00:10:50 INFO slow query detected
2026-03-01 00:10:51 INFO user logout
2026-03-01 00:10:52 WARN slow query detected
2026-03-01 00:10:53 INFO disk usage high
2026-03-01 00:10:55 INFO invalid token
2026-03-01 00:10:56 INFO slow query detected
2026-03-01 00:11:00 INFO user logout
2026-03-01 00:11:01 WARN database timeout
2026-03-01 00:11:03 WARN user logout
2026-03-01 00:11:04 INFO database timeout
2026-03-01 00:11:07 INFO config reloaded
2026-03-01 00:11:09 INFO cache hit
2026-03-01 00:11:12 WARN cache hit
2026-03-01 00:11:13 INFO user login ok
2026-03-01 00:11:17 INFO user login ok
2026-03-01 00:11:18 INFO user logout
2026-03-01 00:11:19 INFO disk usage high
2026-03-01 00:11:20 INFO connection reset by peer
2026-03-01 00:11:24 WARN user login ok
2026-03-01 00:11:25 INFO config reloaded
2026-03-01 00:11:28 INFO disk usage high
2026-03-01 00:11:30 INFO connection reset by peer
2026-03-01 00:11:32 WARN user login ok
2026-03-01 00:11:34 INFO user login ok
2026-03-01 00:11:37 INFO user login ok
2026-03-01 00:11:41 WARN cache miss
2026-03-01 00:11:45 INFO slow query detected
2026-03-01 00:11:47 INFO database timeout
2026-03-01 00:11:48 INFO cache miss
### повреждённая строка ###
2026-03-01 00:11:55 INFO config reloaded
2026-03-01 00:11:56 INFO user login ok
2026-03-01 00:11:59 INFO user logout
2026-03-01 00:12:00 WARN database timeout
2026-03-01 00:12:01 WARN background job finished
2026-03-01 00:12:04 INFO cache hit
2026-03-01 00:12:08 INFO user login ok
2026-03-01 00:12:09 INFO user login ok
2026-03-01 00:12:10 INFO user login ok
2026-03-01 00:12:12 INFO user login ok
2026-03-01 00:12:13 INFO user login ok
2026-03-01 00:12:17 INFO user logout
2026-03-01 00:12:21 INFO database timeout
2026-03-01 00:12:25 INFO slow query detected
2026-03-01 00:12:26 WARN user login ok
2026-03-01 00:12:29 INFO cache miss
2026-03-01 00:12:32 INFO cache miss
2026-03-01 00:12:35 INFO request handled
2026-03-01 00:12:39 INFO background job finished
2026-03-01 00:12:42 INFO disk usage high
2026-03-01 00:12:44 INFO user login ok
2026-03-01 00:12:48 INFO user logout
2026-03-01 00:12:49 INFO user logout
2026-03-01 00:12:53 INFO request handled
2026-03-01 00:12:55 INFO disk usage high
2026-03-01 00:12:56 INFO database timeout
2026-03-01 00:12:59 INFO user logout
2026-03-01 00:13:02 INFO connection reset by peer
2026-03-01 00:13:06 INFO cache miss
2026-03-01 00:13:10 INFO background job finished
2026-03-01 00:13:12 INFO request handled
2026-03-01 00:13:15 INFO connection reset by peer
2026-03-01 00:13:18 INFO request handled
2026-03-01 00:13:22 INFO user login ok
2026-03-01 00:13:23 WARN user login ok
2026-03-01 00:13:26 INFO user login ok
2026-03-01 00:13:27 INFO cache hit
2026-03-01 00:13:29 INFO connection reset by peer
2026-03-01 00:13:32 ERROR user login ok
2026-03-01 00:13:35 INFO user login ok
2026-03-01 00:13:37 INFO user logout
2026-03-01 00:13:39 INFO user logout
2026-03-01 00:13:41 ERROR user login ok
2026-03-01 00:13:43 ERROR user login ok
2026-03-01 00:13:45 INFO user login ok
2026-03-01 00:13:49 INFO user logout
2026-03-01 00:13:51 INFO user login ok
2026-03-01 00:13:52 INFO user login ok
2026-03-01 00:13:54 WARN user login ok
2026-03-01 00:13:55 INFO user logout
2026-03-01 00:13:56 INFO user login ok
2026-03-01 00:13:57 INFO user login ok
2026-03-01 00:13:58 INFO user login ok
2026-03-01 00:13:59 INFO user login ok
2026-03-01 00:14:03 INFO cache hit
2026-03-01 00:14:04 INFO user login ok
2026-03-01 00:14:08 INFO invalid token
2026-03-01 00:14:12 INFO cache miss
2026-03-01 00:14:13 INFO user login ok
2026-03-01 00:14:15 INFO user login ok
2026-03-01 00:14:18 INFO user login ok
2026-03-01 00:14:19 INFO config reloaded
2026-03-01 00:14:23 INFO cache miss
2026-03-01 00:14:24 INFO cache hit
2026-03-01 00:14:28 INFO user login ok
2026-03-01 00:14:29 INFO user login ok
2026-03-01 00:14:33 INFO request handled
2026-03-01 00:14:37 INFO user logout
2026-03-01 00:14:38 INFO connection reset by peer
2026-03-01 00:14:41 INFO background job finished
2026-03-01 00:14:44 INFO user login ok
2026-03-01 00:14:48 INFO database timeout
2026-03-01 00:14:51 INFO request handled
2026-03-01 00:14:55 INFO cache miss
2026-03-01 00:14:59 WARN user login ok
2026-03-01 00:15:02 INFO user login ok
### повреждённая строка ###
2026-03-01 00:15:05 INFO user logout
2026-03-01 00:15:06 WARN user login ok
2026-03-01 00:15:07 WARN user login ok
2026-03-01 00:15:11 INFO cache hit
2026-03-01 00:15:12 ERROR user logout
2026-03-01 00:15:14 INFO request handled
2026-03-01 00:15:15 INFO background job finished
2026-03-01 00:15:18 INFO invalid token
2026-03-01 00:15:19 INFO request handled
2026-03-01 00:15:22 INFO user login ok
2026-03-01 00:15:26 INFO user login ok
2026-03-01 00:15:29 INFO user logout
2026-03-01 00:15:33 INFO slow query detected
2026-03-01 00:15:36 ERROR database timeout
2026-03-01 00:15:37 WARN user login ok
2026-03-01 00:15:39 INFO connection reset by peer
2026-03-01 00:15:41 INFO user login ok
2026-03-01 00:15:45 INFO background job finished
2026-03-01 00:15:47 WARN user login ok
2026-03-01 00:15:49 INFO user login ok
2026-03-01 00:15:53 WARN cache hit
2026-03-01 00:15:56 WARN cache hit
2026-03-01 00:15:57 INFO user login ok
2026-03-01 00:16:00 INFO slow query detected
2026-03-01 00:16:02 INFO connection reset by peer
2026-03-01 00:16:04 INFO user logout
2026-03-01 00:16:06 INFO invalid token
2026-03-01 00:16:08 WARN user logout
2026-03-01 00:16:09 WARN background job finished
2026-03-01 00:16:11 INFO user login ok
2026-03-01 00:16:13 WARN connection reset by peer
### повреждённая строка ###
2026-03-01 00:16:21 INFO user login ok
2026-03-01 00:16:24 WARN user logout
2026-03-01 00:16:27 INFO cache miss
2026-03-01 00:16:30 INFO disk usage high
2026-03-01 00:16:32 INFO user login ok
2026-03-01 00:16:33 INFO slow query detected
2026-03-01 00:16:37 INFO config reloaded
2026-03-01 00:16:40 INFO user login ok
2026-03-01 00:16:44 INFO database timeout
2026-03-01 00:16:46 INFO user logout
2026-03-01 00:16:49 WARN user login ok
2026-03-01 00:16:50 INFO background job finished
2026-03-01 00:16:53 INFO user login ok
### повреждённая строка ###
2026-03-01 00:16:59 INFO user logout
2026-03-01 00:17:02 INFO user login ok
2026-03-01 00:17:06 INFO user login ok
2026-03-01 00:17:07 INFO cache hit
2026-03-01 00:17:10 INFO user logout
2026-03-01 00:17:13 INFO cache hit
2026-03-01 00:17:14 INFO user login ok
2026-03-01 00:17:17 INFO user logout
2026-03-01 00:17:18 INFO user login ok
2026-03-01 00:17:20 INFO request handled
2026-03-01 00:17:21 WARN background job finished
2026-03-01 00:17:25 INFO cache hit
2026-03-01 00:17:27 INFO invalid token
2026-03-01 00:17:31 INFO request handled
2026-03-01 00:17:34 ERROR background job finished
2026-03-01 00:17:38 INFO slow query detected
2026-03-01 00:17:42 WARN user login ok
2026-03-01 00:17:46 INFO user login ok
2026-03-01 00:17:49 INFO user login ok
2026-03-01 00:17:50 INFO config reloaded
2026-03-01 00:17:54 WARN connection reset by peer
2026-03-01 00:17:55 INFO disk usage high
2026-03-01 00:17:57 INFO user login ok
2026-03-01 00:17:59 INFO user login ok
2026-03-01 00:18:01 INFO request handled
2026-03-01 00:18:03 WARN slow query detected
2026-03-01 00:18:07 INFO user logout
2026-03-01 00:18:09 INFO cache miss
2026-03-01 00:18:10 INFO connection reset by peer
2026-03-01 00:18:14 INFO disk usage high
2026-03-01 00:18:15 INFO user login ok
2026-03-01 00:18:19 INFO user login ok
2026-03-01 00:18:23 INFO cache hit
2026-03-01 00:18:25 WARN background job finished
2026-03-01 00:18:27 INFO user login ok
2026-03-01 00:18:28 WARN config reloaded
2026-03-01 00:18:29 INFO config reloaded
2026-03-01 00:18:32 INFO disk usage high
2026-03-01 00:18:36 WARN request handled
2026-03-01 00:18:39 INFO connection reset by peer
2026-03-01 00:18:43 INFO cache hit
2026-03-01 00:18:46 INFO database timeout
2026-03-01 00:18:48 INFO disk usage high
2026-03-01 00:18:49 INFO slow query detected
2026-03-01 00:18:51 INFO request handled
2026-03-01 00:18:52 INFO cache miss
2026-03-01 00:18:56 INFO database timeout
2026-03-01 00:18:58 INFO database timeout
2026-03-01 00:19:00 WARN cache hit
2026-03-01 00:19:01 ERROR user logout
2026-03-01 00:19:05 INFO user login ok
2026-03-01 00:19:09 INFO user logout
2026-03-01 00:19:11 WARN user login ok
2026-03-01 00:19:12 WARN user login ok
2026-03-01 00:19:13 WARN user logout
2026-03-01 00:19:14 WARN user login ok
2026-03-01 00:19:15 WARN user login ok
2026-03-01 00:19:18 INFO cache miss
2026-03-01 00:19:19 INFO cache miss
2026-03-01 00:19:23 INFO config reloaded
2026-03-01 00:19:27 INFO database timeout
2026-03-01 00:19:29 INFO user login ok
2026-03-01 00:19:32 ERROR request handled
2026-03-01 00:19:35 INFO slow query detected
2026-03-01 00:19:37 INFO user logout
2026-03-01 00:19:38 INFO user login ok
2026-03-01 00:19:39 WARN invalid token
2026-03-01 00:19:41 WARN user login ok
2026-03-01 00:19:43 WARN request handled
2026-03-01 00:19:45 INFO config reloaded
2026-03-01 00:19:49 INFO invalid token
2026-03-01 00:19:53 INFO connection reset by peer
2026-03-01 00:19:54 INFO user logout
2026-03-01 00:19:56 INFO user login ok
2026-03-01 00:19:57 INFO request handled
2026-03-01 00:20:00 INFO config reloaded
2026-03-01 00:20:01 INFO user login ok
2026-03-01 00:20:04 INFO user login ok
2026-03-01 00:20:05 INFO user login ok
2026-03-01 00:20:06 INFO connection reset by peer
2026-03-01 00:20:10 INFO user login ok
2026-03-01 00:20:14 INFO disk usage high
2026-03-01 00:20:16 WARN config reloaded
2026-03-01 00:20:17 INFO config reloaded
2026-03-01 00:20:18 ERROR cache miss
2026-03-01 00:20:20 WARN cache hit
2026-03-01 00:20:22 INFO user login ok
2026-03-01 00:20:25 INFO user login ok
2026-03-01 00:20:28 INFO cache hit
2026-03-01 00:20:32 INFO request handled
2026-03-01 00:20:33 INFO connection reset by peer
2026-03-01 00:20:34 INFO user logout
2026-03-01 00:20:35 INFO user logout
2026-03-01 00:20:36 INFO request handled
2026-03-01 00:20:38 INFO cache miss
2026-03-01 00:20:42 INFO config reloaded
2026-03-01 00:20:43 INFO user login ok
2026-03-01 00:20:44 INFO slow query detected
2026-03-01 00:20:47 WARN connection reset by peer
2026-03-01 00:20:50 INFO user login ok
2026-03-01 00:20:52 INFO user logout
2026-03-01 00:20:53 INFO user login ok
2026-03-01 00:20:55 ERROR config reloaded
2026-03-01 00:20:58 WARN connection reset by peer
2026-03-01 00:21:02 INFO slow query detected
2026-03-01 00:21:06 INFO connection reset by peer
2026-03-01 00:21:07 INFO user logout
2026-03-01 00:21:08 INFO user login ok
2026-03-01 00:21:11 WARN cache hit
2026-03-01 00:21:13 WARN background job finished
2026-03-01 00:21:16 INFO user login ok
2026-03-01 00:21:17 ERROR request handled
2026-03-01 00:21:21 INFO user logout
2026-03-01 00:21:22 INFO user login ok
2026-03-01 00:21:24 INFO user login ok
2026-03-01 00:21:28 INFO user login ok
2026-03-01 00:21:30 INFO cache miss
2026-03-01 00:21:32 INFO user login ok
2026-03-01 00:21:36 WARN slow query detected
2026-03-01 00:21:38 INFO user logout
2026-03-01 00:21:39 ERROR user logout
2026-03-01 00:21:43 INFO cache miss
2026-03-01 00:21:47 INFO slow query detected
2026-03-01 00:21:51 INFO user logout
2026-03-01 00:21:53 WARN user login ok
2026-03-01 00:21:57 INFO config reloaded
2026-03-01 00:22:01 INFO user login ok
2026-03-01 00:22:03 INFO request handled
2026-03-01 00:22:06 INFO user login ok
2026-03-01 00:22:07 INFO user login ok
2026-03-01 00:22:10 INFO user login ok
2026-03-01 00:22:13 INFO user login ok
2026-03-01 00:22:17 INFO user logout
2026-03-01 00:22:18 INFO user login ok
2026-03-01 00:22:21 INFO user login ok
2026-03-01 00:22:25 ERROR cache miss
2026-03-01 00:22:26 WARN disk usage high
2026-03-01 00:22:29 WARN user login ok
2026-03-01 00:22:30 INFO cache hit
2026-03-01 00:22:33 INFO slow query detected
2026-03-01 00:22:36 WARN user login ok
2026-03-01 00:22:38 WARN cache miss
2026-03-01 00:22:42 INFO request handled
2026-03-01 00:22:43 INFO cache hit
2026-03-01 00:22:46 WARN disk usage high
2026-03-01 00:22:47 INFO user login ok
2026-03-01 00:22:50 INFO user login ok
2026-03-01 00:22:52 INFO user login ok
2026-03-01 00:22:54 INFO user logout
2026-03-01 00:22:55 INFO cache hit
2026-03-01 00:22:56 INFO user login ok
2026-03-01 00:22:57 INFO slow query detected
2026-03-01 00:22:59 INFO connection reset by peer
2026-03-01 00:23:00 INFO cache hit
2026-03-01 00:23:04 INFO slow query detected
2026-03-01 00:23:07 INFO user login ok
2026-03-01 00:23:08 INFO slow query detected
### повреждённая строка ###
2026-03-01 00:23:12 INFO user logout
2026-03-01 00:23:16 INFO cache hit
2026-03-01 00:23:20 WARN user login ok
2026-03-01 00:23:23 INFO config reloaded
2026-03-01 00:23:26 INFO user logout
2026-03-01 00:23:29 INFO invalid token
2026-03-01 00:23:32 INFO user login ok
2026-03-01 00:23:33 INFO user login ok
2026-03-01 00:23:36 INFO user login ok
2026-03-01 00:23:38 INFO background job finished
2026-03-01 00:23:41 INFO connection reset by peer
2026-03-01 00:23:42 INFO background job finished
2026-03-01 00:23:45 WARN user login ok
2026-03-01 00:23:48 INFO user login ok
2026-03-01 00:23:50 INFO user login ok
2026-03-01 00:23:52 INFO user logout
2026-03-01 00:23:53 INFO user login ok
2026-03-01 00:23:55 WARN slow query detected
2026-03-01 00:23:59 INFO request handled
2026-03-01 00:24:03 INFO disk usage high
2026-03-01 00:24:06 INFO slow query detected
2026-03-01 00:24:08 INFO user login ok
2026-03-01 00:24:11 INFO disk usage high
2026-03-01 00:24:12 INFO user login ok
2026-03-01 00:24:16 INFO cache miss
2026-03-01 00:24:19 INFO invalid token
2026-03-01 00:24:22 INFO cache miss
2026-03-01 00:24:25 INFO slow query detected
2026-03-01 00:24:29 INFO cache miss
2026-03-01 00:24:30 INFO cache hit
2026-03-01 00:24:33 INFO cache hit
2026-03-01 00:24:34 INFO user login ok
2026-03-01 00:24:36 INFO slow query detected
2026-03-01 00:24:37 INFO user login ok
2026-03-01 00:24:39 INFO invalid token
2026-03-01 00:24:43 INFO config reloaded
2026-03-01 00:24:47 INFO cache miss
2026-03-01 00:24:49 ERROR user login ok
2026-03-01 00:24:51 INFO cache miss
2026-03-01 00:24:53 INFO config reloaded
2026-03-01 00:24:56 INFO background job finished
2026-03-01 00:24:57 INFO slow query detected
2026-03-01 00:25:00 INFO connection reset by peer
2026-03-01 00:25:04 ERROR user login ok
2026-03-01 00:25:05 WARN connection reset by peer
2026-03-01 00:25:06 INFO user login ok
2026-03-01 00:25:09 INFO cache hit
2026-03-01 00:25:12 INFO user login ok
2026-03-01 00:25:16 INFO user logout
2026-03-01 00:25:20 INFO cache miss
2026-03-01 00:25:24 INFO cache hit
2026-03-01 00:25:25 WARN config reloaded
2026-03-01 00:25:29 INFO user login ok
2026-03-01 00:25:33 INFO user login ok
2026-03-01 00:25:35 INFO user login ok
2026-03-01 00:25:38 INFO cache hit
2026-03-01 00:25:40 INFO user logout
2026-03-01 00:25:43 INFO cache miss
2026-03-01 00:25:45 INFO user login ok
2026-03-01 00:25:49 WARN user login ok
2026-03-01 00:25:51 WARN background job finished
2026-03-01 00:25:53 INFO user login ok
2026-03-01 00:25:55 INFO invalid token
2026-03-01 00:25:59 WARN user login ok
2026-03-01 00:26:01 ERROR user logout
2026-03-01 00:26:05 INFO cache hit
2026-03-01 00:26:06 INFO cache miss
2026-03-01 00:26:08 WARN cache miss
2026-03-01 00:26:12 INFO user login ok
2026-03-01 00:26:16 INFO user logout
2026-03-01 00:26:19 INFO cache miss
2026-03-01 00:26:22 INFO cache hit
2026-03-01 00:26:24 INFO invalid token
2026-03-01 00:26:28 INFO user login ok
2026-03-01 00:26:32 INFO database timeout
2026-03-01 00:26:33 INFO background job finished
2026-03-01 00:26:34 INFO connection reset by peer
2026-03-01 00:26:35 INFO connection reset by peer
2026-03-01 00:26:36 INFO slow query detected
2026-03-01 00:26:39 INFO connection reset by peer
2026-03-01 00:26:43 WARN user login ok
2026-03-01 00:26:47 INFO cache miss
2026-03-01 00:26:50 WARN connection reset by peer
2026-03-01 00:26:51 INFO slow query detected
2026-03-01 00:26:53 INFO cache miss
2026-03-01 00:26:54 WARN config reloaded
2026-03-01 00:26:57 INFO user login ok
2026-03-01 00:26:59 INFO cache miss
2026-03-01 00:27:03 INFO invalid token
2026-03-01 00:27:05 INFO invalid token
2026-03-01 00:27:07 INFO cache miss
2026-03-01 00:27:10 INFO user login ok
2026-03-01 00:27:14 INFO disk usage high
2026-03-01 00:27:15 INFO user login ok
2026-03-01 00:27:17 INFO user login ok
2026-03-01 00:27:20 INFO invalid token
2026-03-01 00:27:22 INFO user login ok
2026-03-01 00:27:26 INFO invalid token
2026-03-01 00:27:28 INFO user logout
2026-03-01 00:27:32 INFO user logout
2026-03-01 00:27:34 INFO user logout
2026-03-01 00:27:37 INFO database timeout
2026-03-01 00:27:41 INFO user login ok
2026-03-01 00:27:43 INFO cache miss
2026-03-01 00:27:46 INFO cache hit
2026-03-01 00:27:47 INFO user logout
2026-03-01 00:27:49 INFO cache miss
2026-03-01 00:27:52 ERROR cache hit
2026-03-01 00:27:56 WARN user login ok
2026-03-01 00:28:00 INFO user logout
2026-03-01 00:28:04 WARN user logout
2026-03-01 00:28:07 INFO user login ok
2026-03-01 00:28:11 ERROR cache hit
2026-03-01 00:28:15 INFO disk usage high
2026-03-01 00:28:17 INFO request handled
2026-03-01 00:28:19 WARN cache hit
2026-03-01 00:28:21 INFO cache hit
2026-03-01 00:28:24 INFO user logout
2026-03-01 00:28:27 INFO user login ok
2026-03-01 00:28:30 INFO user logout
2026-03-01 00:28:32 INFO user login ok
2026-03-01 00:28:35 INFO user login ok
2026-03-01 00:28:38 INFO cache miss
2026-03-01 00:28:42 WARN cache miss
2026-03-01 00:28:43 WARN cache miss
2026-03-01 00:28:47 ERROR database timeout
2026-03-01 00:28:49 INFO disk usage high
2026-03-01 00:28:50 INFO user login ok
2026-03-01 00:28:54 INFO config reloaded
2026-03-01 00:28:58 INFO connection reset by peer
2026-03-01 00:28:59 INFO request handled
2026-03-01 00:29:03 INFO user login ok
2026-03-01 00:29:07 INFO request handled
2026-03-01 00:29:10 INFO user logout
2026-03-01 00:29:11 INFO user login ok
2026-03-01 00:29:12 WARN cache hit
2026-03-01 00:29:13 INFO disk usage high
2026-03-01 00:29:15 INFO user login ok
2026-03-01 00:29:18 ERROR slow query detected
2026-03-01 00:29:22 ERROR slow query detected
2026-03-01 00:29:26 INFO request handled
2026-03-01 00:29:27 INFO cache hit
2026-03-01 00:29:31 INFO database timeout
2026-03-01 00:29:33 INFO background job finished
2026-03-01 00:29:34 INFO cache hit
2026-03-01 00:29:35 INFO background job finished
2026-03-01 00:29:37 INFO user logout
2026-03-01 00:29:41 INFO cache miss
2026-03-01 00:29:43 WARN cache hit
2026-03-01 00:29:44 INFO cache hit
2026-03-01 00:29:46 INFO config reloaded
2026-03-01 00:29:48 INFO cache miss
2026-03-01 00:29:49 INFO user login ok
2026-03-01 00:29:53 INFO database timeout
2026-03-01 00:29:55 ERROR user login ok
2026-03-01 00:29:58 INFO config reloaded
2026-03-01 00:30:02 INFO user logout
2026-03-01 00:30:03 INFO cache miss
2026-03-01 00:30:04 INFO request handled
2026-03-01 00:30:08 INFO cache miss
2026-03-01 00:30:12 INFO user login ok
2026-03-01 00:30:14 WARN user logout
2026-03-01 00:30:18 INFO user logout
2026-03-01 00:30:21 INFO cache hit
2026-03-01 00:30:22 INFO user login ok
2026-03-01 00:30:26 INFO config reloaded
2026-03-01 00:30:30 INFO connection reset by peer
2026-03-01 00:30:32 ERROR cache miss
2026-03-01 00:30:35 INFO config reloaded
2026-03-01 00:30:36 INFO invalid token
2026-03-01 00:30:40 ERROR background job finished
2026-03-01 00:30:43 INFO cache miss
2026-03-01 00:30:44 INFO user login ok
2026-03-01 00:30:46 INFO connection reset by peer
2026-03-01 00:30:49 INFO connection reset by peer
2026-03-01 00:30:53 INFO invalid token
2026-03-01 00:30:55 INFO slow query detected
2026-03-01 00:30:57 INFO invalid token
2026-03-01 00:30:58 INFO slow query detected
2026-03-01 00:31:02 INFO user logout
2026-03-01 00:31:04 INFO config reloaded
2026-03-01 00:31:08 INFO disk usage high
2026-03-01 00:31:11 INFO invalid token
2026-03-01 00:31:15 INFO disk usage high
2026-03-01 00:31:16 WARN user login ok
2026-03-01 00:31:20 INFO cache hit
2026-03-01 00:31:24 INFO background job finished
2026-03-01 00:31:25 WARN slow query detected
2026-03-01 00:31:29 INFO connection reset by peer
2026-03-01 00:31:31 WARN user login ok
2026-03-01 00:31:33 ERROR user logout
2026-03-01 00:31:36 INFO user logout
2026-03-01 00:31:39 ERROR user login ok
2026-03-01 00:31:41 ERROR slow query detected
2026-03-01 00:31:43 INFO user login ok
2026-03-01 00:31:45 INFO user login ok
2026-03-01 00:31:46 INFO connection reset by peer
2026-03-01 00:31:49 INFO user login ok
2026-03-01 00:31:50 INFO user login ok
2026-03-01 00:31:53 INFO user login ok
2026-03-01 00:31:57 INFO slow query detected
2026-03-01 00:32:01 INFO user login ok
2026-03-01 00:32:03 INFO request handled
2026-03-01 00:32:05 WARN user login ok
2026-03-01 00:32:06 INFO user logout
2026-03-01 00:32:10 INFO slow query detected
2026-03-01 00:32:11 INFO database timeout
2026-03-01 00:32:15 INFO user logout
2026-03-01 00:32:17 INFO background job finished
2026-03-01 00:32:20 ERROR user login ok
2026-03-01 00:32:21 INFO user logout
2026-03-01 00:32:22 INFO connection reset by peer
2026-03-01 00:32:24 INFO cache hit
2026-03-01 00:32:27 INFO request handled
2026-03-01 00:32:30 INFO user login ok
2026-03-01 00:32:31 WARN user login ok
2026-03-01 00:32:35 INFO user login ok
2026-03-01 00:32:37 INFO user logout
2026-03-01 00:32:38 INFO connection reset by peer
2026-03-01 00:32:42 INFO config reloaded
2026-03-01 00:32:46 INFO user logout
2026-03-01 00:32:49 INFO config reloaded
2026-03-01 00:32:50 INFO cache miss
2026-03-01 00:32:54 WARN disk usage high
2026-03-01 00:32:57 INFO request handled
2026-03-01 00:32:58 INFO user logout
2026-03-01 00:33:02 INFO slow query detected
2026-03-01 00:33:05 INFO background job finished
2026-03-01 00:33:06 ERROR config reloaded
2026-03-01 00:33:09 INFO slow query detected
2026-03-01 00:33:10 INFO user login ok
2026-03-01 00:33:11 INFO user login ok
2026-03-01 00:33:14 INFO cache miss
2026-03-01 00:33:17 INFO user logout
2026-03-01 00:33:18 ERROR cache hit
2026-03-01 00:33:20 WARN user logout
2026-03-01 00:33:24 WARN user login ok
### повреждённая строка ###
2026-03-01 00:33:30 INFO cache miss
2026-03-01 00:33:32 INFO request handled
2026-03-01 00:33:34 INFO user login ok
2026-03-01 00:33:35 WARN connection reset by peer
2026-03-01 00:33:36 INFO request handled
2026-03-01 00:33:37 INFO request handled
2026-03-01 00:33:41 INFO user login ok
2026-03-01 00:33:45 INFO user logout
2026-03-01 00:33:47 INFO user login ok
2026-03-01 00:33:51 INFO user logout
2026-03-01 00:33:53 INFO user login ok
2026-03-01 00:33:54 WARN user login ok
2026-03-01 00:33:58 INFO cache miss
2026-03-01 00:33:59 INFO user login ok
2026-03-01 00:34:00 INFO database timeout
2026-03-01 00:34:01 INFO user login ok
2026-03-01 00:34:05 INFO user login ok
2026-03-01 00:34:07 INFO slow query detected
2026-03-01 00:34:10 INFO user login ok
2026-03-01 00:34:11 INFO user login ok
2026-03-01 00:34:13 WARN user login ok
2026-03-01 00:34:17 INFO user logout
2026-03-01 00:34:19 INFO connection reset by peer
2026-03-01 00:34:21 INFO slow query detected
2026-03-01 00:34:24 WARN user login ok
2026-03-01 00:34:26 INFO invalid token
2026-03-01 00:34:27 INFO cache miss
2026-03-01 00:34:29 INFO cache hit
2026-03-01 00:34:30 INFO cache hit
2026-03-01 00:34:31 INFO cache miss
2026-03-01 00:34:33 INFO database timeout
2026-03-01 00:34:36 WARN config reloaded
2026-03-01 00:34:37 INFO cache miss
2026-03-01 00:34:41 INFO user login ok
2026-03-01 00:34:44 INFO connection reset by peer
2026-03-01 00:34:46 INFO user login ok
2026-03-01 00:34:48 INFO user logout
2026-03-01 00:34:52 WARN invalid token
2026-03-01 00:34:54 INFO user login ok
2026-03-01 00:34:55 INFO request handled
2026-03-01 00:34:58 INFO disk usage high
2026-03-01 00:35:02 INFO user login ok
2026-03-01 00:35:04 INFO user login ok
2026-03-01 00:35:06 INFO cache miss
2026-03-01 00:35:10 INFO disk usage high
2026-03-01 00:35:14 WARN slow query detected
2026-03-01 00:35:18 INFO cache miss
2026-03-01 00:35:21 INFO background job finished
2026-03-01 00:35:23 INFO cache hit
2026-03-01 00:35:26 INFO disk usage high
2026-03-01 00:35:28 INFO config reloaded
2026-03-01 00:35:29 ERROR user login ok
2026-03-01 00:35:30 INFO user login ok
2026-03-01 00:35:31 INFO invalid token
2026-03-01 00:35:32 INFO cache miss
2026-03-01 00:35:35 WARN user login ok
2026-03-01 00:35:38 INFO connection reset by peer
2026-03-01 00:35:42 INFO user logout
2026-03-01 00:35:43 INFO config reloaded
2026-03-01 00:35:47 INFO request handled
2026-03-01 00:35:50 WARN cache miss
2026-03-01 00:35:54 INFO database timeout
2026-03-01 00:35:57 INFO user login ok
2026-03-01 00:35:59 INFO connection reset by peer
2026-03-01 00:36:02 WARN cache hit
2026-03-01 00:36:03 WARN user login ok
2026-03-01 00:36:04 INFO invalid token
2026-03-01 00:36:07 INFO connection reset by peer
2026-03-01 00:36:08 INFO user login ok
2026-03-01 00:36:12 INFO invalid token
2026-03-01 00:36:13 INFO slow query detected
2026-03-01 00:36:14 WARN disk usage high
2026-03-01 00:36:16 INFO background job finished
2026-03-01 00:36:20 INFO config reloaded
2026-03-01 00:36:24 INFO slow query detected
2026-03-01 00:36:26 INFO config reloaded
2026-03-01 00:36:29 ERROR background job finished
2026-03-01 00:36:31 INFO cache miss
2026-03-01 00:36:34 INFO request handled
2026-03-01 00:36:35 INFO slow query detected
2026-03-01 00:36:39 WARN user login ok
2026-03-01 00:36:41 INFO user login ok
2026-03-01 00:36:43 INFO user login ok
2026-03-01 00:36:46 INFO disk usage high
2026-03-01 00:36:50 INFO cache hit
2026-03-01 00:36:51 INFO database timeout
2026-03-01 00:36:52 INFO config reloaded
2026-03-01 00:36:55 WARN config reloaded
2026-03-01 00:36:59 INFO user login ok
2026-03-01 00:37:03 INFO user logout
2026-03-01 00:37:06 INFO user login ok
2026-03-01 00:37:07 INFO user login ok
2026-03-01 00:37:09 WARN user login ok
2026-03-01 00:37:10 INFO cache hit
2026-03-01 00:37:12 INFO invalid token
2026-03-01 00:37:14 INFO disk usage high
2026-03-01 00:37:15 INFO request handled
2026-03-01 00:37:19 INFO request handled
2026-03-01 00:37:22 INFO user login ok
2026-03-01 00:37:26 ERROR cache miss
2026-03-01 00:37:27 INFO user login ok
2026-03-01 00:37:28 INFO config reloaded
2026-03-01 00:37:29 INFO cache miss
2026-03-01 00:37:31 INFO connection reset by peer
2026-03-01 00:37:33 INFO slow query detected
2026-03-01 00:37:35 INFO database timeout
2026-03-01 00:37:38 INFO user login ok
2026-03-01 00:37:42 INFO user login ok
2026-03-01 00:37:46 WARN request handled
2026-03-01 00:37:49 INFO user logout
2026-03-01 00:37:51 WARN request handled
2026-03-01 00:37:53 INFO connection reset by peer
2026-03-01 00:37:54 INFO database timeout
2026-03-01 00:37:55 INFO user login ok
2026-03-01 00:37:56 INFO database timeout
2026-03-01 00:37:57 INFO user login ok
2026-03-01 00:37:58 INFO request handled
2026-03-01 00:38:00 INFO user logout
2026-03-01 00:38:01 INFO invalid token
2026-03-01 00:38:05 INFO cache miss
2026-03-01 00:38:06 INFO user login ok
2026-03-01 00:38:08 INFO user logout
2026-03-01 00:38:12 INFO user logout
2026-03-01 00:38:13 INFO disk usage high
2026-03-01 00:38:16 INFO connection reset by peer
2026-03-01 00:38:19 INFO config reloaded
2026-03-01 00:38:20 INFO config reloaded
2026-03-01 00:38:24 INFO cache hit
2026-03-01 00:38:26 INFO cache hit
2026-03-01 00:38:30 INFO user login ok
2026-03-01 00:38:31 INFO config reloaded
2026-03-01 00:38:33 INFO disk usage high
2026-03-01 00:38:37 INFO cache hit
2026-03-01 00:38:39 WARN cache miss
2026-03-01 00:38:40 INFO background job finished
2026-03-01 00:38:43 INFO slow query detected
2026-03-01 00:38:47 WARN user login ok
2026-03-01 00:38:50 INFO user login ok
2026-03-01 00:38:52 INFO background job finished
2026-03-01 00:38:55 INFO disk usage high
2026-03-01 00:38:58 INFO user login ok
2026-03-01 00:39:01 INFO user logout
2026-03-01 00:39:05 INFO background job finished
2026-03-01 00:39:07 INFO cache miss
2026-03-01 00:39:09 INFO database timeout
2026-03-01 00:39:10 INFO user login ok
2026-03-01 00:39:11 INFO background job finished
2026-03-01 00:39:12 INFO invalid token
2026-03-01 00:39:14 INFO cache miss
2026-03-01 00:39:17 INFO user logout
2026-03-01 00:39:19 INFO database timeout
2026-03-01 00:39:21 INFO user login ok
2026-03-01 00:39:23 INFO cache hit
2026-03-01 00:39:25 INFO user logout
2026-03-01 00:39:27 INFO user logout
2026-03-01 00:39:30 INFO request handled
2026-03-01 00:39:34 WARN user login ok
2026-03-01 00:39:37 INFO user login ok
2026-03-01 00:39:39 INFO user logout
2026-03-01 00:39:40 INFO user logout
2026-03-01 00:39:42 WARN disk usage high
2026-03-01 00:39:44 INFO cache miss
2026-03-01 00:39:46 INFO user login ok
2026-03-01 00:39:50 INFO user login ok
2026-03-01 00:39:53 INFO user logout
2026-03-01 00:39:55 INFO cache miss
2026-03-01 00:39:56 INFO cache hit
2026-03-01 00:39:58 WARN cache hit
2026-03-01 00:39:59 INFO user logout
2026-03-01 00:40:02 INFO config reloaded
2026-03-01 00:40:03 INFO connection reset by peer
2026-03-01 00:40:05 INFO user login ok
2026-03-01 00:40:09 INFO disk usage high
2026-03-01 00:40:10 INFO user logout
2026-03-01 00:40:13 WARN cache hit
2026-03-01 00:40:15 INFO request handled
2026-03-01 00:40:19 INFO database timeout
2026-03-01 00:40:22 INFO user logout
2026-03-01 00:40:23 INFO connection reset by peer
2026-03-01 00:40:27 INFO user logout
2026-03-01 00:40:28 INFO disk usage high
2026-03-01 00:40:29 INFO cache hit
2026-03-01 00:40:33 INFO user logout
2026-03-01 00:40:37 WARN user login ok
2026-03-01 00:40:38 WARN user login ok
2026-03-01 00:40:39 WARN user login ok
2026-03-01 00:40:40 INFO connection reset by peer
2026-03-01 00:40:41 INFO disk usage high
2026-03-01 00:40:44 ERROR invalid token
2026-03-01 00:40:46 WARN user login ok
2026-03-01 00:40:49 INFO slow query detected
2026-03-01 00:40:52 WARN connection reset by peer
2026-03-01 00:40:55 INFO user login ok
2026-03-01 00:40:57 WARN user login ok
2026-03-01 00:40:58 INFO user logout
2026-03-01 00:41:01 WARN user login ok
2026-03-01 00:41:04 INFO database timeout
2026-03-01 00:41:08 INFO user login ok
2026-03-01 00:41:11 INFO database timeout
2026-03-01 00:41:13 INFO background job finished
2026-03-01 00:41:14 INFO database timeout
2026-03-01 00:41:17 INFO cache hit
2026-03-01 00:41:19 INFO cache hit
2026-03-01 00:41:22 INFO slow query detected
2026-03-01 00:41:25 INFO cache hit
2026-03-01 00:41:29 INFO user login ok
2026-03-01 00:41:30 INFO user logout
2026-03-01 00:41:33 INFO invalid token
2026-03-01 00:41:35 INFO connection reset by peer
2026-03-01 00:41:39 INFO config reloaded
2026-03-01 00:41:41 INFO user login ok
2026-03-01 00:41:45 INFO request handled
2026-03-01 00:41:47 INFO invalid token
2026-03-01 00:41:50 WARN config reloaded
2026-03-01 00:41:52 INFO user logout
2026-03-01 00:41:56 INFO user login ok
2026-03-01 00:41:57 INFO cache miss
2026-03-01 00:41:59 INFO user logout
2026-03-01 00:42:03 ERROR background job finished
2026-03-01 00:42:06 WARN cache miss
2026-03-01 00:42:08 INFO cache miss
2026-03-01 00:42:11 ERROR database timeout
2026-03-01 00:42:14 INFO user login ok
2026-03-01 00:42:17 INFO request handled
2026-03-01 00:42:19 INFO connection reset by peer
2026-03-01 00:42:23 INFO user logout
2026-03-01 00:42:24 INFO config reloaded
2026-03-01 00:42:27 INFO connection reset by peer
2026-03-01 00:42:30 INFO config reloaded
2026-03-01 00:42:32 INFO user logout
2026-03-01 00:42:34 INFO user login ok
2026-03-01 00:42:35 INFO background job finished
2026-03-01 00:42:37 INFO user login ok
2026-03-01 00:42:41 INFO slow query detected
2026-03-01 00:42:45 INFO cache miss
2026-03-01 00:42:47 INFO disk usage high
2026-03-01 00:42:51 INFO user logout
2026-03-01 00:42:52 INFO request handled
2026-03-01 00:42:56 WARN background job finished
2026-03-01 00:43:00 INFO cache hit
2026-03-01 00:43:03 INFO user login ok
2026-03-01 00:43:04 INFO request handled
2026-03-01 00:43:05 INFO invalid token
2026-03-01 00:43:07 INFO cache miss
2026-03-01 00:43:10 WARN user logout
2026-03-01 00:43:12 INFO connection reset by peer
2026-03-01 00:43:15 INFO config reloaded
2026-03-01 00:43:18 INFO user logout
2026-03-01 00:43:21 ERROR cache hit
2026-03-01 00:43:24 INFO cache miss
2026-03-01 00:43:27 INFO user login ok
2026-03-01 00:43:31 INFO user login ok
2026-03-01 00:43:32 INFO cache hit
2026-03-01 00:43:34 INFO user login ok
2026-03-01 00:43:36 INFO cache miss
2026-03-01 00:43:38 INFO slow query detected
2026-03-01 00:43:42 INFO user login ok
2026-03-01 00:43:46 INFO connection reset by peer
2026-03-01 00:43:49 INFO disk usage high
2026-03-01 00:43:51 INFO cache miss
2026-03-01 00:43:54 INFO request handled
2026-03-01 00:43:58 INFO slow query detected
2026-03-01 00:44:00 INFO config reloaded
2026-03-01 00:44:03 INFO config reloaded
2026-03-01 00:44:06 INFO user logout
2026-03-01 00:44:07 INFO user login ok
2026-03-01 00:44:10 INFO invalid token
2026-03-01 00:44:11 INFO user login ok
2026-03-01 00:44:15 INFO user login ok
2026-03-01 00:44:18 INFO cache miss
2026-03-01 00:44:21 INFO disk usage high
2026-03-01 00:44:22 INFO cache miss
2026-03-01 00:44:25 WARN disk usage high
2026-03-01 00:44:26 WARN cache miss
2026-03-01 00:44:27 INFO cache hit
2026-03-01 00:44:28 WARN user login ok
2026-03-01 00:44:31 INFO invalid token
2026-03-01 00:44:34 INFO connection reset by peer
2026-03-01 00:44:36 WARN request handled
2026-03-01 00:44:40 INFO request handled
2026-03-01 00:44:44 INFO cache hit
2026-03-01 00:44:45 INFO cache miss
2026-03-01 00:44:48 INFO cache hit
2026-03-01 00:44:52 ERROR user login ok
2026-03-01 00:44:54 WARN user login ok
2026-03-01 00:44:55 INFO user login ok
2026-03-01 00:44:59 INFO user logout
2026-03-01 00:45:01 INFO user login ok
2026-03-01 00:45:04 INFO user login ok
2026-03-01 00:45:05 WARN user login ok
2026-03-01 00:45:06 INFO cache miss
2026-03-01 00:45:08 WARN config reloaded
2026-03-01 00:45:10 WARN user login ok
2026-03-01 00:45:14 INFO user logout
2026-03-01 00:45:15 WARN config reloaded
2026-03-01 00:45:16 INFO user logout
2026-03-01 00:45:17 WARN user login ok
2026-03-01 00:45:21 INFO invalid token
2026-03-01 00:45:22 WARN background job finished
2026-03-01 00:45:26 INFO cache miss
2026-03-01 00:45:29 WARN config reloaded
2026-03-01 00:45:31 INFO invalid token
2026-03-01 00:45:32 INFO user login ok
2026-03-01 00:45:33 INFO user logout
2026-03-01 00:45:34 INFO user login ok
2026-03-01 00:45:36 WARN cache hit
2026-03-01 00:45:40 INFO cache miss
2026-03-01 00:45:41 INFO user login ok
2026-03-01 00:45:45 INFO config reloaded
2026-03-01 00:45:48 INFO cache miss
2026-03-01 00:45:52 INFO user login ok
2026-03-01 00:45:56 INFO invalid token
2026-03-01 00:45:58 WARN connection reset by peer
2026-03-01 00:45:59 INFO config reloaded
2026-03-01 00:46:00 INFO request handled
2026-03-01 00:46:03 INFO user login ok
2026-03-01 00:46:05 INFO user login ok
2026-03-01 00:46:08 INFO user login ok
2026-03-01 00:46:10 WARN cache hit
2026-03-01 00:46:13 INFO slow query detected
2026-03-01 00:46:17 INFO cache miss
2026-03-01 00:46:21 INFO cache miss
2026-03-01 00:46:24 INFO user login ok
2026-03-01 00:46:28 INFO user login ok
2026-03-01 00:46:32 INFO user login ok
2026-03-01 00:46:34 INFO user login ok
2026-03-01 00:46:38 WARN user login ok
2026-03-01 00:46:42 WARN user login ok
2026-03-01 00:46:46 INFO request handled
2026-03-01 00:46:47 INFO slow query detected
2026-03-01 00:46:49 INFO cache hit
2026-03-01 00:46:53 INFO user login ok
2026-03-01 00:46:55 INFO user logout
2026-03-01 00:46:58 INFO disk usage high
2026-03-01 00:46:59 ERROR user login ok
2026-03-01 00:47:01 INFO slow query detected
2026-03-01 00:47:04 INFO invalid token
2026-03-01 00:47:06 INFO cache miss
2026-03-01 00:47:08 INFO connection reset by peer
2026-03-01 00:47:10 INFO cache hit
2026-03-01 00:47:12 INFO cache hit
2026-03-01 00:47:13 INFO cache hit
2026-03-01 00:47:17 ERROR disk usage high
2026-03-01 00:47:20 WARN slow query detected
2026-03-01 00:47:24 INFO user login ok
2026-03-01 00:47:25 INFO user login ok
2026-03-01 00:47:29 INFO database timeout
2026-03-01 00:47:31 INFO user login ok
2026-03-01 00:47:35 INFO cache miss
2026-03-01 00:47:36 WARN config reloaded
2026-03-01 00:47:39 INFO slow query detected
2026-03-01 00:47:40 INFO user logout
2026-03-01 00:47:43 INFO disk usage high
2026-03-01 00:47:45 INFO user login ok
2026-03-01 00:47:46 WARN config reloaded
2026-03-01 00:47:50 INFO cache miss
2026-03-01 00:47:53 WARN slow query detected
2026-03-01 00:47:55 INFO user logout
2026-03-01 00:47:58 INFO cache miss
2026-03-01 00:47:59 INFO config reloaded
2026-03-01 00:48:02 WARN cache miss
2026-03-01 00:48:05 INFO user login ok
2026-03-01 00:48:08 INFO user logout
2026-03-01 00:48:09 INFO request handled
2026-03-01 00:48:11 INFO user login ok
2026-03-01 00:48:13 INFO user logout
2026-03-01 00:48:14 INFO connection reset by peer
2026-03-01 00:48:16 WARN connection reset by peer
2026-03-01 00:48:17 INFO user login ok
2026-03-01 00:48:19 INFO user logout
2026-03-01 00:48:20 INFO connection reset by peer
2026-03-01 00:48:21 INFO connection reset by peer
2026-03-01 00:48:23 WARN connection reset by peer
2026-03-01 00:48:24 INFO user login ok
2026-03-01 00:48:26 INFO config reloaded
2026-03-01 00:48:29 INFO background job finished
2026-03-01 00:48:33 ERROR user login ok
2026-03-01 00:48:34 ERROR user logout
2026-03-01 00:48:37 INFO user login ok
2026-03-01 00:48:40 INFO user login ok
2026-03-01 00:48:43 INFO user login ok
2026-03-01 00:48:47 INFO background job finished
2026-03-01 00:48:49 ERROR connection reset by peer
2026-03-01 00:48:50 INFO cache miss
2026-03-01 00:48:53 WARN database timeout
2026-03-01 00:48:57 INFO config reloaded
2026-03-01 00:49:01 INFO request handled
2026-03-01 00:49:05 INFO user login ok
2026-03-01 00:49:07 INFO cache miss
2026-03-01 00:49:10 INFO user login ok
2026-03-01 00:49:14 INFO cache hit
2026-03-01 00:49:16 WARN user login ok
2026-03-01 00:49:17 WARN user login ok
2026-03-01 00:49:20 WARN slow query detected
2026-03-01 00:49:23 INFO cache miss
2026-03-01 00:49:26 INFO cache hit
2026-03-01 00:49:29 INFO user login ok
2026-03-01 00:49:33 INFO user logout
2026-03-01 00:49:35 INFO user login ok
2026-03-01 00:49:38 INFO request handled
2026-03-01 00:49:42 INFO background job finished
2026-03-01 00:49:44 WARN user logout
2026-03-01 00:49:48 INFO invalid token
2026-03-01 00:49:50 INFO cache miss
2026-03-01 00:49:54 INFO request handled
### повреждённая строка ###
2026-03-01 00:49:59 INFO user login ok
2026-03-01 00:50:03 INFO config reloaded
2026-03-01 00:50:04 INFO invalid token
2026-03-01 00:50:05 WARN database timeout
2026-03-01 00:50:09 INFO disk usage high
2026-03-01 00:50:11 INFO database timeout
2026-03-01 00:50:12 WARN user login ok
2026-03-01 00:50:14 WARN disk usage high
2026-03-01 00:50:15 INFO user login ok
2026-03-01 00:50:16 INFO user login ok
2026-03-01 00:50:17 INFO connection reset by peer
2026-03-01 00:50:19 INFO cache miss
2026-03-01 00:50:22 INFO cache miss
2026-03-01 00:50:23 INFO user login ok
2026-03-01 00:50:24 INFO cache miss
2026-03-01 00:50:25 INFO request handled
2026-03-01 00:50:26 INFO background job finished
### повреждённая строка ###
2026-03-01 00:50:30 INFO disk usage high
2026-03-01 00:50:34 WARN user login ok
2026-03-01 00:50:35 INFO connection reset by peer
2026-03-01 00:50:38 WARN disk usage high
2026-03-01 00:50:42 INFO user logout
2026-03-01 00:50:43 INFO user login ok
2026-03-01 00:50:47 INFO cache hit
2026-03-01 00:50:51 INFO connection reset by peer
2026-03-01 00:50:52 INFO database timeout
2026-03-01 00:50:56 INFO user login ok
2026-03-01 00:50:59 INFO slow query detected
2026-03-01 00:51:03 INFO user login ok
2026-03-01 00:51:06 INFO user logout
2026-03-01 00:51:07 WARN user login ok
2026-03-01 00:51:08 INFO slow query detected
2026-03-01 00:51:12 INFO user login ok
2026-03-01 00:51:16 WARN cache hit
2026-03-01 00:51:17 ERROR user login ok
### повреждённая строка ###
2026-03-01 00:51:24 INFO user login ok
2026-03-01 00:51:25 INFO request handled
2026-03-01 00:51:26 WARN cache hit
2026-03-01 00:51:28 INFO cache miss
2026-03-01 00:51:31 INFO cache hit
2026-03-01 00:51:35 INFO user login ok
2026-03-01 00:51:38 INFO cache hit
2026-03-01 00:51:42 ERROR database timeout
2026-03-01 00:51:44 INFO cache hit
### повреждённая строка ###
2026-03-01 00:51:52 INFO connection reset by peer
2026-03-01 00:51:56 INFO cache miss
2026-03-01 00:51:58 INFO connection reset by peer
2026-03-01 00:52:02 INFO user login ok
2026-03-01 00:52:03 INFO user login ok
2026-03-01 00:52:06 WARN config reloaded
2026-03-01 00:52:07 WARN slow query detected
2026-03-01 00:52:08 INFO user login ok
2026-03-01 00:52:12 INFO background job finished
2026-03-01 00:52:16 ERROR user login ok
2026-03-01 00:52:17 INFO user logout
2026-03-01 00:52:21 WARN user login ok
2026-03-01 00:52:25 INFO slow query detected
### повреждённая строка ###
2026-03-01 00:52:30 INFO request handled
2026-03-01 00:52:34 INFO cache hit
2026-03-01 00:52:38 ERROR user logout
2026-03-01 00:52:41 WARN user logout
2026-03-01 00:52:42 INFO config reloaded
2026-03-01 00:52:43 INFO invalid token
2026-03-01 00:52:45 INFO disk usage high
2026-03-01 00:52:48 INFO request handled
2026-03-01 00:52:49 INFO user login ok
2026-03-01 00:52:53 ERROR disk usage high
2026-03-01 00:52:57 INFO config reloaded
### повреждённая строка ###
2026-03-01 00:53:00 ERROR user login ok
2026-03-01 00:53:02 INFO user login ok
2026-03-01 00:53:04 INFO user logout
2026-03-01 00:53:06 INFO user login ok
2026-03-01 00:53:08 INFO cache miss
2026-03-01 00:53:09 INFO user login ok
2026-03-01 00:53:11 INFO disk usage high
2026-03-01 00:53:14 INFO slow query detected
2026-03-01 00:53:18 INFO disk usage high
2026-03-01 00:53:22 INFO user logout
2026-03-01 00:53:26 ERROR connection reset by peer
2026-03-01 00:53:28 INFO connection reset by peer
2026-03-01 00:53:31 INFO user login ok
2026-03-01 00:53:33 INFO user login ok
2026-03-01 00:53:35 INFO user login ok
2026-03-01 00:53:38 INFO user login ok
2026-03-01 00:53:39 INFO user login ok
2026-03-01 00:53:42 INFO user logout
2026-03-01 00:53:46 INFO database timeout
2026-03-01 00:53:48 INFO user login ok
2026-03-01 00:53:50 INFO user logout
2026-03-01 00:53:52 ERROR background job finished
2026-03-01 00:53:53 INFO config reloaded
2026-03-01 00:53:54 INFO connection reset by peer
2026-03-01 00:53:56 INFO user login ok
2026-03-01 00:53:57 INFO user login ok
2026-03-01 00:53:58 INFO cache miss
### повреждённая строка ###
2026-03-01 00:54:02 INFO cache miss
2026-03-01 00:54:04 INFO cache hit
2026-03-01 00:54:06 INFO slow query detected
2026-03-01 00:54:08 INFO request handled
2026-03-01 00:54:09 INFO cache miss
2026-03-01 00:54:11 INFO user login ok
2026-03-01 00:54:14 INFO slow query detected
2026-03-01 00:54:17 INFO user login ok
2026-03-01 00:54:19 INFO database timeout
2026-03-01 00:54:23 ERROR user login ok
2026-03-01 00:54:25 INFO request handled
2026-03-01 00:54:27 INFO user logout
2026-03-01 00:54:30 INFO user login ok
2026-03-01 00:54:32 INFO user logout
2026-03-01 00:54:33 WARN user login ok
2026-03-01 00:54:36 INFO user login ok
2026-03-01 00:54:39 INFO connection reset by peer
2026-03-01 00:54:41 INFO user logout
2026-03-01 00:54:45 INFO user login ok
2026-03-01 00:54:46 INFO user logout
2026-03-01 00:54:47 INFO user login ok
2026-03-01 00:54:49 WARN cache miss
2026-03-01 00:54:53 INFO user login ok
2026-03-01 00:54:55 INFO cache hit
2026-03-01 00:54:58 INFO user login ok
2026-03-01 00:54:59 WARN config reloaded
2026-03-01 00:55:01 INFO request handled
2026-03-01 00:55:05 INFO request handled
2026-03-01 00:55:06 INFO request handled
2026-03-01 00:55:09 INFO user logout
2026-03-01 00:55:10 INFO database timeout
2026-03-01 00:55:11 INFO user logout
2026-03-01 00:55:15 INFO database timeout
2026-03-01 00:55:18 INFO user logout
2026-03-01 00:55:19 INFO user login ok
2026-03-01 00:55:23 INFO slow query detected
2026-03-01 00:55:26 INFO user logout
2026-03-01 00:55:29 INFO connection reset by peer
2026-03-01 00:55:30 INFO user logout
2026-03-01 00:55:32 INFO slow query detected
2026-03-01 00:55:35 INFO user logout
2026-03-01 00:55:36 ERROR slow query detected
2026-03-01 00:55:39 INFO user login ok
2026-03-01 00:55:42 INFO cache hit
2026-03-01 00:55:44 INFO request handled
2026-03-01 00:55:46 INFO database timeout
2026-03-01 00:55:48 INFO config reloaded
2026-03-01 00:55:49 INFO user logout
2026-03-01 00:55:53 INFO user login ok
2026-03-01 00:55:56 INFO user logout
2026-03-01 00:55:58 WARN slow query detected
2026-03-01 00:55:59 INFO connection reset by peer
2026-03-01 00:56:02 ERROR user login ok
2026-03-01 00:56:05 INFO cache miss
2026-03-01 00:56:09 INFO database timeout
2026-03-01 00:56:11 WARN background job finished
2026-03-01 00:56:12 INFO user login ok
2026-03-01 00:56:15 INFO user login ok
2026-03-01 00:56:16 ERROR connection reset by peer
2026-03-01 00:56:20 INFO user login ok
2026-03-01 00:56:24 INFO cache miss
2026-03-01 00:56:28 INFO invalid token
2026-03-01 00:56:30 WARN invalid token
2026-03-01 00:56:34 INFO user login ok
2026-03-01 00:56:37 INFO user logout
2026-03-01 00:56:41 INFO cache hit
2026-03-01 00:56:45 ERROR slow query detected
2026-03-01 00:56:49 INFO slow query detected
2026-03-01 00:56:53 INFO cache miss
2026-03-01 00:56:57 INFO user logout
2026-03-01 00:57:00 WARN slow query detected
2026-03-01 00:57:01 INFO request handled
2026-03-01 00:57:02 INFO disk usage high
2026-03-01 00:57:03 WARN user login ok
2026-03-01 00:57:06 ERROR invalid token
2026-03-01 00:57:08 WARN request handled
2026-03-01 00:57:12 WARN disk usage high
2026-03-01 00:57:14 INFO connection reset by peer
2026-03-01 00:57:16 INFO request handled
2026-03-01 00:57:17 WARN cache miss
2026-03-01 00:57:19 INFO disk usage high
2026-03-01 00:57:23 WARN user login ok
2026-03-01 00:57:24 WARN cache miss
2026-03-01 00:57:25 INFO user login ok
2026-03-01 00:57:28 INFO user logout
2026-03-01 00:57:32 INFO slow query detected
2026-03-01 00:57:33 WARN config reloaded
2026-03-01 00:57:34 WARN request handled
2026-03-01 00:57:37 WARN disk usage high
2026-03-01 00:57:40 WARN user login ok
2026-03-01 00:57:44 INFO connection reset by peer
2026-03-01 00:57:47 INFO slow query detected
### повреждённая строка ###
2026-03-01 00:57:51 INFO cache hit
2026-03-01 00:57:53 INFO invalid token
2026-03-01 00:57:57 WARN database timeout
2026-03-01 00:57:58 INFO user login ok
2026-03-01 00:58:02 INFO request handled
2026-03-01 00:58:03 INFO cache hit
2026-03-01 00:58:05 INFO disk usage high
2026-03-01 00:58:06 INFO invalid token
2026-03-01 00:58:07 INFO request handled
2026-03-01 00:58:10 INFO user login ok
2026-03-01 00:58:11 INFO user login ok
2026-03-01 00:58:12 INFO disk usage high
2026-03-01 00:58:15 WARN user login ok
2026-03-01 00:58:19 INFO user login ok
2026-03-01 00:58:20 INFO user login ok
2026-03-01 00:58:22 INFO cache hit
2026-03-01 00:58:26 INFO config reloaded
2026-03-01 00:58:29 INFO user login ok
2026-03-01 00:58:33 INFO background job finished
2026-03-01 00:58:36 WARN user login ok
2026-03-01 00:58:38 INFO request handled
2026-03-01 00:58:40 WARN cache miss
2026-03-01 00:58:42 INFO user logout
2026-03-01 00:58:45 INFO cache hit
2026-03-01 00:58:48 INFO user login ok
2026-03-01 00:58:52 INFO cache hit
2026-03-01 00:58:54 INFO user login ok
2026-03-01 00:58:55 INFO slow query detected
2026-03-01 00:58:58 INFO user login ok
2026-03-01 00:58:59 INFO user login ok
2026-03-01 00:59:00 INFO user logout
2026-03-01 00:59:01 INFO cache miss
2026-03-01 00:59:03 INFO background job finished
2026-03-01 00:59:05 INFO connection reset by peer
2026-03-01 00:59:08 INFO user login ok
2026-03-01 00:59:10 INFO user login ok
2026-03-01 00:59:11 INFO cache miss
2026-03-01 00:59:13 INFO connection reset by peer
2026-03-01 00:59:15 INFO user login ok
2026-03-01 00:59:16 INFO cache hit
2026-03-01 00:59:17 INFO user login ok
2026-03-01 00:59:21 ERROR invalid token
2026-03-01 00:59:25 INFO request handled
2026-03-01 00:59:26 WARN background job finished
2026-03-01 00:59:27 ERROR request handled
2026-03-01 00:59:28 INFO invalid token
2026-03-01 00:59:30 INFO user login ok
2026-03-01 00:59:32 INFO cache miss
2026-03-01 00:59:33 WARN user logout
2026-03-01 00:59:35 INFO user logout
2026-03-01 00:59:38 INFO slow query detected
2026-03-01 00:59:40 INFO cache miss
2026-03-01 00:59:42 INFO user login ok
2026-03-01 00:59:44 WARN user login ok
2026-03-01 00:59:45 INFO cache hit
2026-03-01 00:59:46 ERROR connection reset by peer
2026-03-01 00:59:48 INFO user login ok
2026-03-01 00:59:49 INFO cache miss
2026-03-01 00:59:52 INFO invalid token
2026-03-01 00:59:55 INFO request handled
2026-03-01 00:59:58 INFO request handled
2026-03-01 01:00:02 INFO cache hit
2026-03-01 01:00:05 INFO cache miss
2026-03-01 01:00:08 WARN request handled
2026-03-01 01:00:12 INFO cache hit
2026-03-01 01:00:14 INFO request handled
2026-03-01 01:00:18 WARN request handled
2026-03-01 01:00:19 INFO database timeout
2026-03-01 01:00:20 INFO cache hit
2026-03-01 01:00:22 WARN connection reset by peer
2026-03-01 01:00:26 INFO user login ok
2026-03-01 01:00:29 INFO user login ok
2026-03-01 01:00:30 INFO user login ok
2026-03-01 01:00:34 INFO user login ok
2026-03-01 01:00:35 INFO config reloaded
2026-03-01 01:00:38 INFO request handled
2026-03-01 01:00:40 INFO user login ok
2026-03-01 01:00:44 INFO slow query detected
2026-03-01 01:00:45 ERROR request handled
2026-03-01 01:00:48 INFO user logout
2026-03-01 01:00:50 WARN config reloaded
2026-03-01 01:00:53 WARN connection reset by peer
2026-03-01 01:00:55 INFO request handled
2026-03-01 01:00:57 INFO user login ok
2026-03-01 01:00:59 INFO disk usage high
2026-03-01 01:01:01 INFO user login ok
2026-03-01 01:01:02 INFO invalid token
2026-03-01 01:01:04 INFO cache hit
2026-03-01 01:01:05 WARN user login ok
2026-03-01 01:01:06 INFO cache miss
2026-03-01 01:01:08 INFO request handled
2026-03-01 01:01:10 INFO background job finished
2026-03-01 01:01:11 INFO user login ok
2026-03-01 01:01:15 INFO user login ok
2026-03-01 01:01:19 INFO invalid token
2026-03-01 01:01:21 INFO user login ok
2026-03-01 01:01:23 WARN user login ok
2026-03-01 01:01:27 WARN background job finished
2026-03-01 01:01:31 INFO user login ok
2026-03-01 01:01:32 INFO request handled
2026-03-01 01:01:36 INFO user login ok
2026-03-01 01:01:38 INFO user login ok
2026-03-01 01:01:42 INFO user logout
2026-03-01 01:01:44 INFO cache hit
2026-03-01 01:01:45 WARN request handled
2026-03-01 01:01:46 INFO cache hit
2026-03-01 01:01:50 ERROR slow query detected
2026-03-01 01:01:51 INFO user logout
2026-03-01 01:01:52 INFO database timeout
2026-03-01 01:01:56 INFO database timeout
2026-03-01 01:01:57 INFO config reloaded
2026-03-01 01:02:00 INFO user logout
2026-03-01 01:02:02 ERROR database timeout
2026-03-01 01:02:04 INFO disk usage high
2026-03-01 01:02:07 WARN request handled
2026-03-01 01:02:10 INFO invalid token
2026-03-01 01:02:14 INFO disk usage high
2026-03-01 01:02:16 WARN cache hit
2026-03-01 01:02:19 INFO background job finished
2026-03-01 01:02:23 INFO request handled
2026-03-01 01:02:26 INFO connection reset by peer
2026-03-01 01:02:27 ERROR user login ok
2026-03-01 01:02:31 INFO config reloaded
2026-03-01 01:02:33 WARN cache hit
2026-03-01 01:02:34 INFO request handled
2026-03-01 01:02:37 INFO config reloaded
2026-03-01 01:02:41 WARN user logout
2026-03-01 01:02:43 INFO config reloaded
2026-03-01 01:02:47 WARN background job finished
2026-03-01 01:02:50 INFO cache hit
2026-03-01 01:02:51 ERROR user login ok
2026-03-01 01:02:55 INFO user logout
2026-03-01 01:02:59 WARN cache hit
2026-03-01 01:03:01 INFO user logout
2026-03-01 01:03:04 WARN background job finished
2026-03-01 01:03:06 WARN cache hit
2026-03-01 01:03:10 INFO user login ok
2026-03-01 01:03:11 WARN user login ok
2026-03-01 01:03:15 INFO user login ok
2026-03-01 01:03:16 INFO invalid token
2026-03-01 01:03:17 INFO user login ok
2026-03-01 01:03:18 INFO user login ok
2026-03-01 01:03:19 INFO user login ok
2026-03-01 01:03:23 INFO cache miss
2026-03-01 01:03:25 INFO user login ok
2026-03-01 01:03:29 INFO slow query detected
2026-03-01 01:03:32 INFO cache hit
2026-03-01 01:03:33 INFO database timeout
2026-03-01 01:03:35 INFO request handled
2026-03-01 01:03:37 INFO invalid token
2026-03-01 01:03:41 INFO user login ok
2026-03-01 01:03:45 INFO slow query detected
2026-03-01 01:03:47 INFO user login ok
2026-03-01 01:03:51 INFO cache hit
2026-03-01 01:03:52 INFO disk usage high
2026-03-01 01:03:56 INFO config reloaded
2026-03-01 01:03:58 INFO user login ok
2026-03-01 01:04:00 WARN cache miss
2026-03-01 01:04:01 INFO user login ok
2026-03-01 01:04:05 INFO cache hit
2026-03-01 01:04:06 WARN user login ok
2026-03-01 01:04:09 INFO user login ok
2026-03-01 01:04:11 WARN config reloaded
2026-03-01 01:04:15 INFO connection reset by peer
2026-03-01 01:04:17 INFO user logout
2026-03-01 01:04:21 INFO disk usage high
2026-03-01 01:04:22 WARN user login ok
2026-03-01 01:04:25 INFO request handled
2026-03-01 01:04:26 INFO request handled
2026-03-01 01:04:30 INFO user login ok
2026-03-01 01:04:31 INFO user login ok
2026-03-01 01:04:33 WARN cache hit
2026-03-01 01:04:36 INFO background job finished
2026-03-01 01:04:38 INFO config reloaded
2026-03-01 01:04:42 INFO user login ok
2026-03-01 01:04:46 WARN user login ok
2026-03-01 01:04:50 INFO user login ok
2026-03-01 01:04:54 INFO user login ok
2026-03-01 01:04:57 INFO background job finished
2026-03-01 01:05:01 INFO request handled
2026-03-01 01:05:05 INFO slow query detected
2026-03-01 01:05:07 INFO cache hit
2026-03-01 01:05:10 INFO user login ok
2026-03-01 01:05:12 INFO request handled
2026-03-01 01:05:16 WARN connection reset by peer
2026-03-01 01:05:19 WARN invalid token
2026-03-01 01:05:23 WARN connection reset by peer
2026-03-01 01:05:25 INFO user login ok
2026-03-01 01:05:27 INFO cache hit
2026-03-01 01:05:31 ERROR config reloaded
2026-03-01 01:05:35 INFO cache hit
2026-03-01 01:05:37 INFO slow query detected
2026-03-01 01:05:39 INFO invalid token
2026-03-01 01:05:40 INFO user logout
2026-03-01 01:05:41 INFO connection reset by peer
2026-03-01 01:05:44 INFO user logout
2026-03-01 01:05:48 ERROR user login ok
2026-03-01 01:05:50 ERROR background job finished
2026-03-01 01:05:51 INFO user login ok
2026-03-01 01:05:52 INFO request handled
2026-03-01 01:05:54 INFO background job finished
2026-03-01 01:05:56 WARN cache miss
2026-03-01 01:05:57 INFO user login ok
2026-03-01 01:06:00 INFO user login ok
2026-03-01 01:06:02 WARN connection reset by peer
2026-03-01 01:06:06 INFO user logout
2026-03-01 01:06:08 INFO user login ok
2026-03-01 01:06:09 INFO user login ok
2026-03-01 01:06:11 INFO user logout
2026-03-01 01:06:12 INFO user login ok
2026-03-01 01:06:13 INFO user login ok
2026-03-01 01:06:14 INFO config reloaded
2026-03-01 01:06:15 INFO config reloaded
2026-03-01 01:06:17 INFO request handled
2026-03-01 01:06:21 INFO user login ok
2026-03-01 01:06:23 INFO user login ok
2026-03-01 01:06:26 INFO user login ok
2026-03-01 01:06:27 INFO user login ok
2026-03-01 01:06:28 WARN user login ok
2026-03-01 01:06:29 INFO request handled
2026-03-01 01:06:30 INFO user login ok
2026-03-01 01:06:32 INFO cache miss
2026-03-01 01:06:34 INFO request handled
2026-03-01 01:06:36 WARN slow query detected
2026-03-01 01:06:38 INFO cache miss
2026-03-01 01:06:40 INFO cache miss
2026-03-01 01:06:41 INFO cache hit
2026-03-01 01:06:43 INFO config reloaded
2026-03-01 01:06:45 INFO database timeout
2026-03-01 01:06:47 INFO cache hit
2026-03-01 01:06:48 WARN cache hit
2026-03-01 01:06:51 INFO config reloaded
2026-03-01 01:06:55 INFO disk usage high
2026-03-01 01:06:58 INFO user login ok
2026-03-01 01:07:02 INFO cache miss
2026-03-01 01:07:04 WARN user login ok
2026-03-01 01:07:08 INFO user login ok
2026-03-01 01:07:09 INFO background job finished
2026-03-01 01:07:12 INFO user login ok
2026-03-01 01:07:15 WARN user login ok
2026-03-01 01:07:18 INFO cache miss
2026-03-01 01:07:20 INFO user login ok
2026-03-01 01:07:24 INFO config reloaded
2026-03-01 01:07:26 INFO disk usage high
2026-03-01 01:07:28 INFO background job finished
2026-03-01 01:07:30 INFO background job finished
2026-03-01 01:07:32 INFO user login ok
2026-03-01 01:07:36 INFO user login ok
2026-03-01 01:07:37 INFO request handled
2026-03-01 01:07:38 INFO slow query detected
2026-03-01 01:07:41 INFO invalid token
2026-03-01 01:07:45 WARN cache hit
2026-03-01 01:07:49 WARN cache miss
2026-03-01 01:07:51 INFO user logout
2026-03-01 01:07:52 INFO user login ok
2026-03-01 01:07:53 INFO user logout
2026-03-01 01:07:54 INFO connection reset by peer
2026-03-01 01:07:56 INFO connection reset by peer
2026-03-01 01:07:57 INFO user login ok
2026-03-01 01:07:59 INFO user login ok
2026-03-01 01:08:00 INFO cache miss
2026-03-01 01:08:03 INFO user login ok
2026-03-01 01:08:04 INFO user logout
2026-03-01 01:08:05 INFO cache hit
2026-03-01 01:08:07 INFO database timeout
2026-03-01 01:08:10 WARN disk usage high
2026-03-01 01:08:13 INFO user login ok
2026-03-01 01:08:14 WARN cache hit
2026-03-01 01:08:15 WARN slow query detected
2026-03-01 01:08:19 INFO cache miss
2026-03-01 01:08:23 INFO cache hit
2026-03-01 01:08:26 INFO config reloaded
2026-03-01 01:08:27 INFO user login ok
2026-03-01 01:08:29 INFO user login ok
2026-03-01 01:08:33 INFO user login ok
2026-03-01 01:08:35 INFO user logout
2026-03-01 01:08:39 INFO background job finished
2026-03-01 01:08:43 INFO user login ok
2026-03-01 01:08:46 WARN cache miss
2026-03-01 01:08:48 INFO disk usage high
2026-03-01 01:08:51 INFO connection reset by peer
### повреждённая строка ###
2026-03-01 01:08:54 WARN cache hit
2026-03-01 01:08:55 INFO cache hit
2026-03-01 01:08:57 WARN request handled
2026-03-01 01:08:59 INFO cache hit
2026-03-01 01:09:00 INFO cache miss
2026-03-01 01:09:04 INFO cache miss
2026-03-01 01:09:05 WARN config reloaded
2026-03-01 01:09:06 INFO cache hit
2026-03-01 01:09:10 INFO cache miss
2026-03-01 01:09:13 WARN user logout
2026-03-01 01:09:14 INFO cache hit
2026-03-01 01:09:18 INFO connection reset by peer
2026-03-01 01:09:21 WARN config reloaded
2026-03-01 01:09:22 INFO invalid token
2026-03-01 01:09:26 INFO request handled
2026-03-01 01:09:29 INFO request handled
2026-03-01 01:09:30 INFO cache hit
2026-03-01 01:09:34 INFO user login ok
### повреждённая строка ###
2026-03-01 01:09:36 INFO user login ok
2026-03-01 01:09:40 INFO background job finished
2026-03-01 01:09:42 WARN user login ok
2026-03-01 01:09:44 INFO request handled
2026-03-01 01:09:46 INFO user login ok
2026-03-01 01:09:50 INFO user login ok
2026-03-01 01:09:52 INFO user logout
2026-03-01 01:09:53 INFO cache miss
2026-03-01 01:09:57 WARN user login ok
2026-03-01 01:10:00 INFO user logout
2026-03-01 01:10:03 INFO request handled
2026-03-01 01:10:07 INFO cache miss
2026-03-01 01:10:09 INFO cache hit
2026-03-01 01:10:11 WARN user login ok
2026-03-01 01:10:14 WARN user logout
2026-03-01 01:10:15 INFO invalid token
2026-03-01 01:10:19 INFO user login ok
2026-03-01 01:10:21 WARN cache hit
2026-03-01 01:10:24 INFO background job finished
2026-03-01 01:10:27 INFO disk usage high
2026-03-01 01:10:30 WARN cache miss
2026-03-01 01:10:31 INFO user login ok
2026-03-01 01:10:33 INFO config reloaded
2026-03-01 01:10:34 INFO cache miss
2026-03-01 01:10:36 INFO user login ok
2026-03-01 01:10:40 INFO disk usage high
### повреждённая строка ###
2026-03-01 01:10:45 INFO user login ok
2026-03-01 01:10:49 INFO background job finished
2026-03-01 01:10:52 INFO cache miss
2026-03-01 01:10:55 INFO user login ok
2026-03-01 01:10:56 ERROR database timeout
2026-03-01 01:10:57 INFO user login ok
2026-03-01 01:11:00 ERROR user login ok
2026-03-01 01:11:04 INFO cache hit
2026-03-01 01:11:05 INFO background job finished
2026-03-01 01:11:09 INFO user logout
2026-03-01 01:11:13 WARN user login ok
2026-03-01 01:11:15 INFO request handled
2026-03-01 01:11:19 INFO disk usage high
2026-03-01 01:11:23 INFO slow query detected
2026-03-01 01:11:24 INFO invalid token
2026-03-01 01:11:26 INFO user login ok
2026-03-01 01:11:27 INFO user login ok
2026-03-01 01:11:29 INFO cache miss
2026-03-01 01:11:30 INFO user login ok
2026-03-01 01:11:34 INFO user login ok
2026-03-01 01:11:37 INFO user login ok
2026-03-01 01:11:40 INFO user login ok
2026-03-01 01:11:43 ERROR connection reset by peer
2026-03-01 01:11:46 WARN cache miss
2026-03-01 01:11:49 INFO slow query detected
2026-03-01 01:11:50 INFO connection reset by peer
2026-03-01 01:11:51 INFO cache miss
2026-03-01 01:11:53 INFO cache hit
2026-03-01 01:11:57 INFO background job finished
2026-03-01 01:12:01 INFO user login ok
2026-03-01 01:12:04 INFO connection reset by peer
2026-03-01 01:12:05 INFO background job finished
2026-03-01 01:12:06 INFO user login ok
2026-03-01 01:12:10 INFO config reloaded
2026-03-01 01:12:12 INFO user logout
2026-03-01 01:12:13 INFO cache miss
2026-03-01 01:12:17 INFO user logout
2026-03-01 01:12:21 INFO connection reset by peer
2026-03-01 01:12:25 ERROR user login ok
2026-03-01 01:12:27 INFO user logout
2026-03-01 01:12:29 INFO user login ok
2026-03-01 01:12:33 INFO background job finished
2026-03-01 01:12:37 WARN user logout
2026-03-01 01:12:39 INFO request handled
2026-03-01 01:12:41 INFO user login ok
2026-03-01 01:12:45 INFO config reloaded
2026-03-01 01:12:47 WARN disk usage high
2026-03-01 01:12:50 INFO user login ok
2026-03-01 01:12:54 INFO user logout
2026-03-01 01:12:58 INFO user logout
2026-03-01 01:12:59 INFO user logout
2026-03-01 01:13:02 INFO disk usage high
2026-03-01 01:13:04 WARN user login ok
2026-03-01 01:13:05 INFO user login ok
2026-03-01 01:13:08 INFO connection reset by peer
2026-03-01 01:13:12 INFO connection reset by peer
2026-03-01 01:13:13 WARN user login ok
2026-03-01 01:13:14 WARN user login ok
2026-03-01 01:13:16 INFO user logout
2026-03-01 01:13:18 ERROR cache miss
2026-03-01 01:13:19 WARN user logout
2026-03-01 01:13:21 WARN user login ok
2026-03-01 01:13:24 INFO user login ok
2026-03-01 01:13:25 INFO user login ok
2026-03-01 01:13:29 INFO user login ok
2026-03-01 01:13:30 INFO cache hit
2026-03-01 01:13:31 WARN user login ok
2026-03-01 01:13:34 INFO cache miss
2026-03-01 01:13:38 INFO user login ok
2026-03-01 01:13:39 INFO user login ok
2026-03-01 01:13:40 INFO user login ok
2026-03-01 01:13:44 INFO request handled
2026-03-01 01:13:45 INFO user logout
2026-03-01 01:13:47 WARN database timeout
2026-03-01 01:13:50 INFO slow query detected
2026-03-01 01:13:53 INFO slow query detected
2026-03-01 01:13:55 WARN config reloaded
2026-03-01 01:13:58 WARN config reloaded
2026-03-01 01:14:02 ERROR disk usage high
2026-03-01 01:14:03 INFO user logout
2026-03-01 01:14:05 WARN user logout
2026-03-01 01:14:07 INFO request handled
2026-03-01 01:14:11 INFO cache hit
2026-03-01 01:14:14 INFO request handled
2026-03-01 01:14:17 WARN database timeout
2026-03-01 01:14:21 INFO user login ok
2026-03-01 01:14:25 INFO slow query detected
2026-03-01 01:14:28 INFO cache hit
2026-03-01 01:14:31 WARN connection reset by peer
2026-03-01 01:14:35 INFO disk usage high
2026-03-01 01:14:36 INFO disk usage high
2026-03-01 01:14:37 INFO user logout
2026-03-01 01:14:39 INFO user logout
2026-03-01 01:14:43 INFO config reloaded
2026-03-01 01:14:46 WARN database timeout
2026-03-01 01:14:50 INFO background job finished
2026-03-01 01:14:51 WARN request handled
2026-03-01 01:14:53 INFO cache miss
2026-03-01 01:14:57 ERROR slow query detected
2026-03-01 01:14:58 INFO user logout
2026-03-01 01:15:01 WARN connection reset by peer
2026-03-01 01:15:02 WARN database timeout
2026-03-01 01:15:06 WARN cache miss
2026-03-01 01:15:07 INFO slow query detected
2026-03-01 01:15:09 WARN cache hit
2026-03-01 01:15:12 INFO user login ok
2026-03-01 01:15:16 INFO user logout
2026-03-01 01:15:18 INFO cache hit
2026-03-01 01:15:19 INFO user login ok
2026-03-01 01:15:23 INFO connection reset by peer
2026-03-01 01:15:24 INFO user login ok
2026-03-01 01:15:25 WARN database timeout
2026-03-01 01:15:29 INFO user login ok
2026-03-01 01:15:31 INFO disk usage high
2026-03-01 01:15:34 WARN slow query detected
2026-03-01 01:15:36 INFO cache miss
2026-03-01 01:15:39 WARN cache hit
2026-03-01 01:15:42 INFO disk usage high
2026-03-01 01:15:45 ERROR database timeout
2026-03-01 01:15:47 INFO database timeout
2026-03-01 01:15:49 WARN cache miss
2026-03-01 01:15:51 INFO invalid token
2026-03-01 01:15:52 INFO user login ok
2026-03-01 01:15:56 INFO user logout
2026-03-01 01:15:59 WARN user logout
2026-03-01 01:16:03 INFO config reloaded
2026-03-01 01:16:06 INFO user login ok
2026-03-01 01:16:09 INFO user login ok
2026-03-01 01:16:12 INFO user login ok
2026-03-01 01:16:14 INFO slow query detected
2026-03-01 01:16:15 INFO cache miss
2026-03-01 01:16:16 INFO cache miss
2026-03-01 01:16:18 INFO config reloaded
2026-03-01 01:16:22 INFO config reloaded
2026-03-01 01:16:24 INFO cache miss
2026-03-01 01:16:27 WARN slow query detected
2026-03-01 01:16:31 WARN invalid token
2026-03-01 01:16:35 INFO database timeout
2026-03-01 01:16:38 INFO user login ok
2026-03-01 01:16:39 INFO user login ok
2026-03-01 01:16:40 INFO background job finished
2026-03-01 01:16:44 INFO slow query detected
2026-03-01 01:16:47 INFO user logout
2026-03-01 01:16:48 INFO config reloaded
2026-03-01 01:16:49 INFO user login ok
2026-03-01 01:16:50 INFO user logout
2026-03-01 01:16:51 INFO connection reset by peer
2026-03-01 01:16:55 INFO disk usage high
2026-03-01 01:16:59 WARN user login ok
2026-03-01 01:17:00 INFO user login ok
2026-03-01 01:17:01 INFO disk usage high
2026-03-01 01:17:04 WARN user login ok
2026-03-01 01:17:06 INFO user login ok
2026-03-01 01:17:08 INFO cache hit
2026-03-01 01:17:12 INFO cache hit
2026-03-01 01:17:14 INFO user logout
2026-03-01 01:17:16 INFO cache miss
2026-03-01 01:17:19 INFO cache hit
2026-03-01 01:17:23 INFO user login ok
2026-03-01 01:17:24 INFO connection reset by peer
2026-03-01 01:17:25 INFO request handled
2026-03-01 01:17:29 INFO user login ok
2026-03-01 01:17:31 INFO user login ok
2026-03-01 01:17:34 WARN user login ok
2026-03-01 01:17:37 INFO user login ok
2026-03-01 01:17:40 INFO disk usage high
2026-03-01 01:17:41 INFO user login ok
2026-03-01 01:17:42 INFO disk usage high
2026-03-01 01:17:43 INFO cache hit
2026-03-01 01:17:45 INFO cache hit
2026-03-01 01:17:49 INFO slow query detected
2026-03-01 01:17:53 ERROR request handled
2026-03-01 01:17:55 INFO cache miss
2026-03-01 01:17:58 ERROR user login ok
2026-03-01 01:18:01 INFO user login ok
2026-03-01 01:18:02 INFO user login ok
2026-03-01 01:18:05 WARN user logout
2026-03-01 01:18:07 INFO slow query detected
2026-03-01 01:18:08 INFO user login ok
2026-03-01 01:18:09 INFO user login ok
2026-03-01 01:18:12 INFO user login ok
2026-03-01 01:18:13 INFO cache hit
2026-03-01 01:18:16 INFO user login ok
2026-03-01 01:18:18 INFO request handled
2026-03-01 01:18:22 INFO user login ok
2026-03-01 01:18:26 INFO cache hit
2026-03-01 01:18:27 INFO cache hit
2026-03-01 01:18:30 INFO user logout
2026-03-01 01:18:34 INFO slow query detected
2026-03-01 01:18:35 INFO user login ok
### повреждённая строка ###
2026-03-01 01:18:38 WARN user login ok
2026-03-01 01:18:39 INFO cache hit
2026-03-01 01:18:42 INFO user login ok
2026-03-01 01:18:43 INFO user logout
2026-03-01 01:18:45 INFO user login ok
2026-03-01 01:18:49 INFO user login ok
2026-03-01 01:18:50 INFO user login ok
2026-03-01 01:18:52 INFO user login ok
2026-03-01 01:18:54 INFO connection reset by peer
2026-03-01 01:18:58 INFO config reloaded
2026-03-01 01:19:00 INFO config reloaded
2026-03-01 01:19:02 INFO user logout
2026-03-01 01:19:05 INFO config reloaded
2026-03-01 01:19:08 WARN user logout
2026-03-01 01:19:11 INFO config reloaded
2026-03-01 01:19:13 INFO disk usage high
2026-03-01 01:19:15 INFO slow query detected
2026-03-01 01:19:17 INFO user login ok
2026-03-01 01:19:20 INFO request handled
2026-03-01 01:19:22 WARN cache hit
2026-03-01 01:19:25 INFO user login ok
2026-03-01 01:19:27 INFO request handled
2026-03-01 01:19:29 INFO slow query detected
2026-03-01 01:19:33 INFO user login ok
2026-03-01 01:19:37 WARN user login ok
2026-03-01 01:19:39 INFO cache miss
2026-03-01 01:19:40 INFO user logout
2026-03-01 01:19:42 INFO cache hit
2026-03-01 01:19:45 INFO request handled
2026-03-01 01:19:46 INFO invalid token
2026-03-01 01:19:50 INFO disk usage high
2026-03-01 01:19:54 INFO user login ok
2026-03-01 01:19:55 INFO slow query detected
2026-03-01 01:19:57 INFO user logout
2026-03-01 01:19:59 INFO cache miss
2026-03-01 01:20:02 WARN disk usage high
2026-03-01 01:20:05 INFO invalid token
2026-03-01 01:20:08 INFO config reloaded
2026-03-01 01:20:09 INFO user logout
2026-03-01 01:20:11 INFO user login ok
2026-03-01 01:20:15 INFO background job finished
2026-03-01 01:20:18 INFO slow query detected
2026-03-01 01:20:22 INFO disk usage high
2026-03-01 01:20:25 INFO slow query detected
2026-03-01 01:20:27 INFO request handled
2026-03-01 01:20:31 INFO user login ok
2026-03-01 01:20:35 INFO user login ok
2026-03-01 01:20:38 INFO user logout
2026-03-01 01:20:42 INFO cache hit
2026-03-01 01:20:45 WARN user login ok
2026-03-01 01:20:47 INFO connection reset by peer
2026-03-01 01:20:50 WARN user login ok
2026-03-01 01:20:52 ERROR user logout
2026-03-01 01:20:54 INFO user logout
2026-03-01 01:20:55 WARN cache miss
2026-03-01 01:20:58 INFO user login ok
2026-03-01 01:20:59 INFO cache miss
2026-03-01 01:21:00 INFO user login ok
2026-03-01 01:21:03 INFO config reloaded
2026-03-01 01:21:05 WARN user login ok
2026-03-01 01:21:07 WARN slow query detected
2026-03-01 01:21:10 INFO request handled
2026-03-01 01:21:11 INFO cache miss
2026-03-01 01:21:15 INFO cache hit
2026-03-01 01:21:17 INFO connection reset by peer
2026-03-01 01:21:21 INFO user login ok
2026-03-01 01:21:24 INFO config reloaded
2026-03-01 01:21:28 WARN config reloaded
2026-03-01 01:21:29 WARN user login ok
2026-03-01 01:21:32 INFO invalid token
2026-03-01 01:21:34 WARN user login ok
### повреждённая строка ###
2026-03-01 01:21:38 INFO cache hit
2026-03-01 01:21:40 INFO user login ok
2026-03-01 01:21:42 INFO config reloaded
2026-03-01 01:21:44 INFO user login ok
2026-03-01 01:21:48 INFO request handled
2026-03-01 01:21:51 INFO user logout
2026-03-01 01:21:54 INFO database timeout
2026-03-01 01:21:57 INFO database timeout
2026-03-01 01:21:59 INFO request handled
2026-03-01 01:22:02 INFO user login ok
2026-03-01 01:22:05 INFO user login ok
2026-03-01 01:22:06 INFO user logout
2026-03-01 01:22:09 INFO disk usage high
2026-03-01 01:22:10 INFO slow query detected
2026-03-01 01:22:13 WARN user login ok
2026-03-01 01:22:17 INFO slow query detected
2026-03-01 01:22:20 INFO slow query detected
2026-03-01 01:22:24 INFO invalid token
2026-03-01 01:22:26 INFO slow query detected
2026-03-01 01:22:27 INFO user login ok
2026-03-01 01:22:28 WARN user logout
2026-03-01 01:22:32 WARN request handled
2026-03-01 01:22:35 INFO invalid token
2026-03-01 01:22:36 INFO connection reset by peer
2026-03-01 01:22:38 WARN cache miss
2026-03-01 01:22:39 INFO user login ok
2026-03-01 01:22:43 INFO user login ok
2026-03-01 01:22:45 INFO slow query detected
2026-03-01 01:22:46 INFO cache hit
2026-03-01 01:22:48 INFO user login ok
2026-03-01 01:22:49 INFO user logout
2026-03-01 01:22:53 WARN user logout
2026-03-01 01:22:55 INFO invalid token
2026-03-01 01:22:56 INFO database timeout
2026-03-01 01:23:00 INFO user logout
2026-03-01 01:23:03 INFO cache hit
2026-03-01 01:23:07 INFO user logout
2026-03-01 01:23:10 WARN cache hit
2026-03-01 01:23:11 INFO background job finished
2026-03-01 01:23:12 INFO user login ok
2026-03-01 01:23:13 WARN background job finished
2026-03-01 01:23:16 INFO user login ok
2026-03-01 01:23:19 WARN user login ok
2026-03-01 01:23:21 INFO user login ok
2026-03-01 01:23:22 INFO database timeout
2026-03-01 01:23:25 ERROR request handled
2026-03-01 01:23:27 INFO user login ok
2026-03-01 01:23:29 INFO user logout
2026-03-01 01:23:31 ERROR invalid token
2026-03-01 01:23:33 INFO slow query detected
2026-03-01 01:23:35 WARN user login ok
2026-03-01 01:23:38 INFO user login ok
2026-03-01 01:23:41 INFO user logout
2026-03-01 01:23:42 WARN user logout
2026-03-01 01:23:43 INFO user login ok
2026-03-01 01:23:47 INFO cache hit
2026-03-01 01:23:48 INFO invalid token
2026-03-01 01:23:50 INFO user login ok
2026-03-01 01:23:54 INFO slow query detected
2026-03-01 01:23:57 INFO connection reset by peer
2026-03-01 01:23:59 INFO request handled
2026-03-01 01:24:01 INFO background job finished
2026-03-01 01:24:04 WARN cache hit
2026-03-01 01:24:06 INFO database timeout
2026-03-01 01:24:07 INFO user login ok
2026-03-01 01:24:09 INFO invalid token
2026-03-01 01:24:10 INFO cache miss
2026-03-01 01:24:11 INFO user login ok
2026-03-01 01:24:13 WARN cache hit
2026-03-01 01:24:14 INFO user login ok
2026-03-01 01:24:18 INFO disk usage high
2026-03-01 01:24:22 INFO user login ok
2026-03-01 01:24:23 INFO cache hit
2026-03-01 01:24:25 INFO user login ok
2026-03-01 01:24:29 INFO config reloaded
2026-03-01 01:24:31 INFO user login ok
2026-03-01 01:24:35 INFO user logout
### повреждённая строка ###
2026-03-01 01:24:38 INFO cache hit
2026-03-01 01:24:39 INFO user logout
2026-03-01 01:24:40 INFO cache hit
2026-03-01 01:24:44 INFO request handled
2026-03-01 01:24:45 INFO request handled
2026-03-01 01:24:46 WARN user login ok
2026-03-01 01:24:47 INFO config reloaded
2026-03-01 01:24:48 WARN cache hit
2026-03-01 01:24:50 INFO user logout
2026-03-01 01:24:52 ERROR user login ok
2026-03-01 01:24:53 INFO cache hit
2026-03-01 01:24:54 INFO cache miss
2026-03-01 01:24:55 INFO background job finished
2026-03-01 01:24:59 INFO cache miss
2026-03-01 01:25:00 INFO cache miss
2026-03-01 01:25:02 INFO user login ok
2026-03-01 01:25:05 WARN disk usage high
2026-03-01 01:25:07 INFO database timeout
2026-03-01 01:25:08 WARN background job finished
2026-03-01 01:25:12 INFO config reloaded
2026-03-01 01:25:16 INFO user logout
2026-03-01 01:25:18 INFO disk usage high
2026-03-01 01:25:21 WARN user login ok
2026-03-01 01:25:22 INFO config reloaded
2026-03-01 01:25:23 INFO cache miss
2026-03-01 01:25:26 INFO connection reset by peer
2026-03-01 01:25:28 INFO user login ok
2026-03-01 01:25:29 INFO cache hit
2026-03-01 01:25:32 INFO user login ok
2026-03-01 01:25:36 INFO cache miss
2026-03-01 01:25:38 WARN invalid token
2026-03-01 01:25:41 INFO user logout
2026-03-01 01:25:44 INFO user login ok
2026-03-01 01:25:47 INFO user login ok
2026-03-01 01:25:50 INFO user login ok
2026-03-01 01:25:53 WARN user login ok
2026-03-01 01:25:56 INFO user login ok
2026-03-01 01:25:59 INFO user logout
2026-03-01 01:26:02 INFO request handled
2026-03-01 01:26:03 INFO user login ok
2026-03-01 01:26:06 WARN user login ok
2026-03-01 01:26:08 INFO invalid token
2026-03-01 01:26:09 ERROR user login ok
2026-03-01 01:26:12 INFO slow query detected
2026-03-01 01:26:15 INFO user login ok
2026-03-01 01:26:19 INFO connection reset by peer
2026-03-01 01:26:21 ERROR user logout
2026-03-01 01:26:24 INFO cache miss
2026-03-01 01:26:26 INFO invalid token
2026-03-01 01:26:28 INFO disk usage high
2026-03-01 01:26:30 WARN user login ok
2026-03-01 01:26:34 INFO cache hit
2026-03-01 01:26:36 INFO user login ok
2026-03-01 01:26:37 INFO user login ok
2026-03-01 01:26:39 ERROR user login ok
2026-03-01 01:26:41 INFO user logout
2026-03-01 01:26:45 INFO slow query detected
2026-03-01 01:26:47 INFO request handled
2026-03-01 01:26:50 INFO slow query detected
2026-03-01 01:26:54 INFO config reloaded
2026-03-01 01:26:56 INFO slow query detected
2026-03-01 01:26:57 INFO user logout
2026-03-01 01:26:58 INFO background job finished
2026-03-01 01:27:01 INFO request handled
2026-03-01 01:27:04 ERROR invalid token
2026-03-01 01:27:08 INFO user logout
2026-03-01 01:27:09 INFO background job finished
2026-03-01 01:27:13 INFO user logout
2026-03-01 01:27:17 WARN cache miss
2026-03-01 01:27:21 INFO user logout
2026-03-01 01:27:25 INFO user login ok
2026-03-01 01:27:27 INFO request handled
2026-03-01 01:27:30 INFO user login ok
2026-03-01 01:27:33 INFO cache hit
2026-03-01 01:27:35 INFO request handled
2026-03-01 01:27:39 INFO slow query detected
2026-03-01 01:27:42 INFO request handled
2026-03-01 01:27:46 INFO user logout
2026-03-01 01:27:49 INFO database timeout
2026-03-01 01:27:52 INFO database timeout
2026-03-01 01:27:55 INFO user login ok
2026-03-01 01:27:59 INFO user login ok
2026-03-01 01:28:03 INFO request handled
2026-03-01 01:28:06 INFO user login ok
2026-03-01 01:28:07 INFO slow query detected
2026-03-01 01:28:08 INFO cache miss
2026-03-01 01:28:10 INFO user login ok
2026-03-01 01:28:11 INFO user login ok
2026-03-01 01:28:12 INFO disk usage high
2026-03-01 01:28:14 INFO user logout
2026-03-01 01:28:17 WARN user login ok
2026-03-01 01:28:20 WARN user login ok
2026-03-01 01:28:23 WARN user login ok
2026-03-01 01:28:25 INFO connection reset by peer
2026-03-01 01:28:27 INFO user logout
2026-03-01 01:28:31 INFO cache miss
2026-03-01 01:28:35 INFO user login ok
2026-03-01 01:28:36 INFO request handled
2026-03-01 01:28:39 WARN user login ok
2026-03-01 01:28:41 INFO disk usage high
2026-03-01 01:28:45 WARN user logout
2026-03-01 01:28:49 WARN user logout
2026-03-01 01:28:50 INFO user login ok
2026-03-01 01:28:53 INFO disk usage high
2026-03-01 01:28:56 INFO request handled
2026-03-01 01:28:58 INFO cache miss
2026-03-01 01:29:01 INFO user login ok
2026-03-01 01:29:02 INFO user login ok
2026-03-01 01:29:03 INFO cache miss
2026-03-01 01:29:04 INFO user logout
2026-03-01 01:29:08 ERROR request handled
2026-03-01 01:29:10 INFO user login ok
2026-03-01 01:29:14 INFO background job finished
2026-03-01 01:29:18 INFO user logout
2026-03-01 01:29:22 INFO database timeout
2026-03-01 01:29:24 INFO connection reset by peer
2026-03-01 01:29:28 INFO disk usage high
2026-03-01 01:29:29 INFO request handled
2026-03-01 01:29:33 INFO connection reset by peer
2026-03-01 01:29:34 INFO slow query detected
2026-03-01 01:29:35 WARN cache miss
2026-03-01 01:29:39 WARN user login ok
2026-03-01 01:29:40 INFO user login ok
2026-03-01 01:29:44 ERROR cache hit
2026-03-01 01:29:46 INFO background job finished
2026-03-01 01:29:47 INFO disk usage high
2026-03-01 01:29:51 INFO cache hit
2026-03-01 01:29:54 INFO user logout
2026-03-01 01:29:55 INFO request handled
2026-03-01 01:29:57 INFO cache hit
2026-03-01 01:30:00 INFO user logout
2026-03-01 01:30:04 INFO user logout
2026-03-01 01:30:05 INFO cache miss
2026-03-01 01:30:06 INFO slow query detected
2026-03-01 01:30:08 INFO user login ok
2026-03-01 01:30:12 INFO user logout
2026-03-01 01:30:14 INFO config reloaded
2026-03-01 01:30:18 INFO user login ok
2026-03-01 01:30:21 INFO cache miss
2026-03-01 01:30:24 INFO config reloaded
2026-03-01 01:30:28 INFO user logout
2026-03-01 01:30:30 INFO connection reset by peer
2026-03-01 01:30:34 INFO connection reset by peer
2026-03-01 01:30:38 WARN slow query detected
2026-03-01 01:30:39 INFO request handled
2026-03-01 01:30:40 INFO disk usage high
2026-03-01 01:30:41 INFO background job finished
2026-03-01 01:30:42 WARN user login ok
2026-03-01 01:30:44 INFO user login ok
2026-03-01 01:30:47 INFO config reloaded
2026-03-01 01:30:51 INFO connection reset by peer
2026-03-01 01:30:52 INFO request handled
2026-03-01 01:30:55 INFO user logout
2026-03-01 01:30:59 INFO user login ok
2026-03-01 01:31:03 INFO user login ok
2026-03-01 01:31:04 INFO config reloaded
2026-03-01 01:31:07 INFO user logout
2026-03-01 01:31:10 INFO request handled
2026-03-01 01:31:13 WARN user login ok
2026-03-01 01:31:17 INFO user login ok
2026-03-01 01:31:21 INFO cache miss
2026-03-01 01:31:22 INFO config reloaded
2026-03-01 01:31:24 INFO user login ok
2026-03-01 01:31:25 INFO disk usage high
2026-03-01 01:31:29 INFO background job finished
2026-03-01 01:31:31 INFO cache miss
2026-03-01 01:31:35 INFO connection reset by peer
2026-03-01 01:31:39 INFO request handled
2026-03-01 01:31:43 INFO invalid token
2026-03-01 01:31:47 WARN slow query detected
2026-03-01 01:31:51 ERROR database timeout
2026-03-01 01:31:53 INFO user login ok
2026-03-01 01:31:54 ERROR user login ok
2026-03-01 01:31:58 WARN user login ok
2026-03-01 01:31:59 INFO database timeout
2026-03-01 01:32:00 INFO user login ok
2026-03-01 01:32:01 INFO cache miss
2026-03-01 01:32:05 INFO user logout
2026-03-01 01:32:06 ERROR user login ok
2026-03-01 01:32:10 INFO background job finished
2026-03-01 01:32:11 INFO user login ok
2026-03-01 01:32:15 ERROR user login ok
2026-03-01 01:32:18 WARN database timeout
### повреждённая строка ###
2026-03-01 01:32:24 INFO invalid token
2026-03-01 01:32:25 WARN request handled
2026-03-01 01:32:26 ERROR invalid token
2026-03-01 01:32:29 INFO user logout
2026-03-01 01:32:32 INFO cache hit
2026-03-01 01:32:36 INFO database timeout
2026-03-01 01:32:37 INFO user logout
2026-03-01 01:32:39 WARN connection reset by peer
2026-03-01 01:32:42 INFO database timeout
2026-03-01 01:32:46 INFO user login ok
2026-03-01 01:32:50 INFO invalid token
2026-03-01 01:32:51 INFO user login ok
2026-03-01 01:32:55 INFO user login ok
2026-03-01 01:32:57 INFO config reloaded
2026-03-01 01:32:58 INFO user login ok
2026-03-01 01:33:02 INFO background job finished
2026-03-01 01:33:03 INFO user login ok
2026-03-01 01:33:04 WARN user login ok
2026-03-01 01:33:07 WARN user login ok
2026-03-01 01:33:08 INFO user login ok
2026-03-01 01:33:11 INFO background job finished
2026-03-01 01:33:15 INFO user login ok
2026-03-01 01:33:18 INFO cache miss
2026-03-01 01:33:20 INFO user login ok
2026-03-01 01:33:21 INFO cache miss
2026-03-01 01:33:23 INFO request handled
2026-03-01 01:33:25 INFO disk usage high
2026-03-01 01:33:26 INFO user login ok
2026-03-01 01:33:28 INFO user login ok
2026-03-01 01:33:29 INFO user logout
2026-03-01 01:33:30 INFO connection reset by peer
2026-03-01 01:33:33 INFO cache hit
2026-03-01 01:33:34 INFO cache miss
2026-03-01 01:33:37 INFO cache miss
2026-03-01 01:33:39 INFO slow query detected
2026-03-01 01:33:42 INFO request handled
2026-03-01 01:33:44 WARN user login ok
2026-03-01 01:33:45 INFO cache miss
2026-03-01 01:33:47 INFO background job finished
2026-03-01 01:33:48 INFO cache miss
2026-03-01 01:33:50 INFO connection reset by peer
2026-03-01 01:33:51 INFO slow query detected
2026-03-01 01:33:53 INFO user logout
2026-03-01 01:33:55 WARN cache hit
2026-03-01 01:33:56 INFO background job finished
2026-03-01 01:33:57 INFO user login ok
2026-03-01 01:33:58 INFO user logout
2026-03-01 01:33:59 INFO cache miss
2026-03-01 01:34:01 INFO connection reset by peer
2026-03-01 01:34:03 INFO user login ok
2026-03-01 01:34:04 INFO user login ok
2026-03-01 01:34:05 INFO request handled
2026-03-01 01:34:09 INFO user login ok
2026-03-01 01:34:10 INFO slow query detected
2026-03-01 01:34:13 INFO request handled
2026-03-01 01:34:14 INFO user login ok
2026-03-01 01:34:15 INFO user logout
2026-03-01 01:34:16 INFO config reloaded
2026-03-01 01:34:20 INFO user login ok
2026-03-01 01:34:24 INFO disk usage high
2026-03-01 01:34:26 INFO connection reset by peer
2026-03-01 01:34:30 ERROR user logout
2026-03-01 01:34:33 INFO user login ok
2026-03-01 01:34:34 INFO disk usage high
2026-03-01 01:34:36 INFO user login ok
2026-03-01 01:34:40 INFO request handled
2026-03-01 01:34:44 INFO user logout
2026-03-01 01:34:47 WARN invalid token
2026-03-01 01:34:48 INFO request handled
2026-03-01 01:34:52 WARN request handled
2026-03-01 01:34:56 WARN user login ok
2026-03-01 01:34:58 INFO user login ok
2026-03-01 01:34:59 ERROR cache hit
2026-03-01 01:35:02 INFO user login ok
2026-03-01 01:35:05 INFO invalid token
2026-03-01 01:35:07 INFO user logout
2026-03-01 01:35:10 INFO user login ok
2026-03-01 01:35:11 WARN user login ok
### повреждённая строка ###
2026-03-01 01:35:17 INFO cache hit
2026-03-01 01:35:21 WARN disk usage high
2026-03-01 01:35:22 INFO user logout
2026-03-01 01:35:23 INFO cache miss
2026-03-01 01:35:24 WARN user login ok
2026-03-01 01:35:26 WARN slow query detected
2026-03-01 01:35:30 INFO request handled
2026-03-01 01:35:34 INFO user login ok
2026-03-01 01:35:35 INFO config reloaded
2026-03-01 01:35:39 INFO user login ok
2026-03-01 01:35:41 WARN disk usage high
2026-03-01 01:35:43 INFO database timeout
2026-03-01 01:35:45 INFO slow query detected
2026-03-01 01:35:49 INFO cache hit
2026-03-01 01:35:53 WARN connection reset by peer
2026-03-01 01:35:57 INFO cache hit
2026-03-01 01:35:58 INFO database timeout
2026-03-01 01:36:00 INFO connection reset by peer
2026-03-01 01:36:02 INFO invalid token
2026-03-01 01:36:06 INFO invalid token
2026-03-01 01:36:09 WARN config reloaded
2026-03-01 01:36:12 WARN connection reset by peer
2026-03-01 01:36:13 WARN user logout
2026-03-01 01:36:15 INFO user logout
2026-03-01 01:36:16 INFO user logout
2026-03-01 01:36:18 INFO disk usage high
2026-03-01 01:36:21 INFO slow query detected
2026-03-01 01:36:22 INFO background job finished
2026-03-01 01:36:26 INFO user logout
2026-03-01 01:36:29 INFO invalid token
2026-03-01 01:36:30 INFO background job finished
2026-03-01 01:36:31 INFO config reloaded
2026-03-01 01:36:32 INFO slow query detected
2026-03-01 01:36:33 INFO slow query detected
2026-03-01 01:36:34 INFO background job finished
2026-03-01 01:36:36 INFO disk usage high
2026-03-01 01:36:40 INFO disk usage high
2026-03-01 01:36:44 INFO background job finished
2026-03-01 01:36:45 INFO background job finished
2026-03-01 01:36:48 INFO slow query detected
2026-03-01 01:36:50 INFO user login ok
2026-03-01 01:36:51 INFO background job finished
2026-03-01 01:36:55 WARN invalid token
2026-03-01 01:36:57 INFO config reloaded
2026-03-01 01:37:00 WARN cache hit
2026-03-01 01:37:04 INFO user login ok
2026-03-01 01:37:08 INFO cache miss
2026-03-01 01:37:12 INFO request handled
2026-03-01 01:37:16 WARN connection reset by peer
2026-03-01 01:37:19 INFO background job finished
2026-03-01 01:37:20 INFO user logout
2026-03-01 01:37:21 INFO connection reset by peer
2026-03-01 01:37:24 INFO user login ok
2026-03-01 01:37:26 WARN user login ok
2026-03-01 01:37:29 INFO cache hit
2026-03-01 01:37:30 INFO user login ok
2026-03-01 01:37:32 INFO database timeout
2026-03-01 01:37:35 INFO user login ok
2026-03-01 01:37:37 INFO user login ok
2026-03-01 01:37:39 INFO user login ok
2026-03-01 01:37:40 INFO invalid token
2026-03-01 01:37:44 INFO connection reset by peer
2026-03-01 01:37:46 INFO slow query detected
2026-03-01 01:37:50 INFO connection reset by peer
2026-03-01 01:37:51 WARN config reloaded
2026-03-01 01:37:53 WARN user logout
2026-03-01 01:37:54 INFO background job finished
2026-03-01 01:37:56 INFO user logout
2026-03-01 01:37:59 INFO cache hit
2026-03-01 01:38:00 INFO cache hit
2026-03-01 01:38:02 INFO user logout
2026-03-01 01:38:05 INFO user logout
### повреждённая строка ###
2026-03-01 01:38:09 INFO user login ok
2026-03-01 01:38:11 INFO background job finished
2026-03-01 01:38:12 WARN user login ok
2026-03-01 01:38:16 INFO user login ok
2026-03-01 01:38:19 ERROR slow query detected
2026-03-01 01:38:22 INFO cache miss
2026-03-01 01:38:26 WARN user login ok
2026-03-01 01:38:27 INFO user login ok
2026-03-01 01:38:31 INFO user login ok
2026-03-01 01:38:33 WARN request handled
2026-03-01 01:38:34 INFO user login ok
2026-03-01 01:38:36 WARN cache hit
2026-03-01 01:38:37 INFO user login ok
2026-03-01 01:38:38 WARN background job finished
2026-03-01 01:38:39 INFO user login ok
2026-03-01 01:38:42 INFO invalid token
2026-03-01 01:38:44 INFO user logout
2026-03-01 01:38:47 ERROR cache miss
2026-03-01 01:38:50 INFO background job finished
2026-03-01 01:38:53 WARN config reloaded
2026-03-01 01:38:55 INFO database timeout
2026-03-01 01:38:59 INFO cache miss
2026-03-01 01:39:02 INFO config reloaded
2026-03-01 01:39:05 INFO user logout
2026-03-01 01:39:08 INFO user logout
2026-03-01 01:39:09 INFO user logout
2026-03-01 01:39:13 INFO cache hit
2026-03-01 01:39:16 WARN user login ok
2026-03-01 01:39:19 INFO user logout
2026-03-01 01:39:22 INFO invalid token
2026-03-01 01:39:26 INFO cache hit
2026-03-01 01:39:29 INFO config reloaded
2026-03-01 01:39:32 INFO user login ok
2026-03-01 01:39:36 INFO slow query detected
2026-03-01 01:39:38 INFO connection reset by peer
2026-03-01 01:39:40 ERROR user login ok
2026-03-01 01:39:42 INFO user login ok
2026-03-01 01:39:45 INFO user logout
2026-03-01 01:39:48 WARN background job finished
2026-03-01 01:39:52 INFO user logout
2026-03-01 01:39:56 INFO user login ok
2026-03-01 01:40:00 INFO database timeout
2026-03-01 01:40:02 INFO request handled
2026-03-01 01:40:03 INFO background job finished
2026-03-01 01:40:05 INFO cache hit
2026-03-01 01:40:08 INFO config reloaded
2026-03-01 01:40:09 INFO connection reset by peer
2026-03-01 01:40:11 INFO cache hit
2026-03-01 01:40:14 WARN slow query detected
2026-03-01 01:40:17 INFO database timeout
2026-03-01 01:40:18 INFO connection reset by peer
2026-03-01 01:40:19 INFO user login ok
2026-03-01 01:40:20 INFO user login ok
2026-03-01 01:40:23 INFO request handled
2026-03-01 01:40:24 INFO disk usage high
2026-03-01 01:40:26 INFO cache miss
2026-03-01 01:40:27 INFO slow query detected
2026-03-01 01:40:29 INFO user login ok
2026-03-01 01:40:31 INFO background job finished
2026-03-01 01:40:34 INFO background job finished
2026-03-01 01:40:38 WARN user login ok
2026-03-01 01:40:42 INFO connection reset by peer
2026-03-01 01:40:44 WARN user login ok
2026-03-01 01:40:48 INFO cache miss
2026-03-01 01:40:49 INFO user login ok
2026-03-01 01:40:52 INFO user logout
2026-03-01 01:40:56 INFO connection reset by peer
2026-03-01 01:40:57 INFO background job finished
2026-03-01 01:40:58 INFO user login ok
2026-03-01 01:40:59 INFO invalid token
2026-03-01 01:41:01 INFO user login ok
2026-03-01 01:41:02 ERROR cache hit
2026-03-01 01:41:06 ERROR request handled
2026-03-01 01:41:08 INFO cache hit
2026-03-01 01:41:10 INFO invalid token
2026-03-01 01:41:13 INFO user login ok
2026-03-01 01:41:14 INFO cache hit
2026-03-01 01:41:16 WARN cache hit
2026-03-01 01:41:20 INFO user login ok
2026-03-01 01:41:24 INFO connection reset by peer
2026-03-01 01:41:27 INFO user login ok
2026-03-01 01:41:29 INFO cache hit
2026-03-01 01:41:30 INFO cache miss
2026-03-01 01:41:32 WARN cache hit
2026-03-01 01:41:33 INFO user login ok
2026-03-01 01:41:34 INFO database timeout
2026-03-01 01:41:35 INFO request handled
2026-03-01 01:41:36 WARN database timeout
2026-03-01 01:41:37 WARN background job finished
2026-03-01 01:41:41 INFO user login ok
2026-03-01 01:41:42 INFO request handled
2026-03-01 01:41:43 INFO request handled
2026-03-01 01:41:44 INFO user login ok
2026-03-01 01:41:45 INFO user login ok
2026-03-01 01:41:46 INFO user logout
2026-03-01 01:41:49 INFO config reloaded
2026-03-01 01:41:52 INFO slow query detected
2026-03-01 01:41:55 INFO user login ok
2026-03-01 01:41:59 INFO disk usage high
2026-03-01 01:42:02 INFO cache hit
2026-03-01 01:42:05 ERROR user logout
2026-03-01 01:42:08 INFO user login ok
2026-03-01 01:42:10 INFO user login ok
2026-03-01 01:42:13 INFO cache miss
2026-03-01 01:42:14 WARN cache miss
2026-03-01 01:42:18 INFO background job finished
2026-03-01 01:42:21 INFO slow query detected
2026-03-01 01:42:25 ERROR disk usage high
2026-03-01 01:42:27 INFO user logout
2026-03-01 01:42:30 INFO user login ok
2026-03-01 01:42:33 INFO connection reset by peer
2026-03-01 01:42:35 INFO user logout
2026-03-01 01:42:39 INFO user login ok
2026-03-01 01:42:40 INFO user logout
2026-03-01 01:42:43 INFO user login ok
2026-03-01 01:42:44 INFO user login ok
2026-03-01 01:42:45 INFO user logout
2026-03-01 01:42:49 INFO user logout
2026-03-01 01:42:50 INFO user login ok
### повреждённая строка ###
2026-03-01 01:42:57 WARN user login ok
2026-03-01 01:43:00 INFO user logout
2026-03-01 01:43:01 INFO user login ok
2026-03-01 01:43:02 INFO request handled
2026-03-01 01:43:06 WARN invalid token
2026-03-01 01:43:10 INFO cache hit
2026-03-01 01:43:12 INFO config reloaded
2026-03-01 01:43:13 INFO user logout
2026-03-01 01:43:17 INFO user login ok
2026-03-01 01:43:20 INFO slow query detected
2026-03-01 01:43:21 WARN user login ok
2026-03-01 01:43:22 INFO cache miss
2026-03-01 01:43:24 INFO user logout
2026-03-01 01:43:27 INFO user logout
2026-03-01 01:43:29 INFO cache hit
2026-03-01 01:43:32 INFO user login ok
2026-03-01 01:43:33 INFO connection reset by peer
2026-03-01 01:43:36 INFO user logout
2026-03-01 01:43:38 WARN cache hit
2026-03-01 01:43:41 INFO user login ok
2026-03-01 01:43:43 WARN background job finished
2026-03-01 01:43:45 ERROR request handled
2026-03-01 01:43:46 INFO user login ok
2026-03-01 01:43:48 WARN disk usage high
2026-03-01 01:43:52 INFO invalid token
2026-03-01 01:43:55 WARN slow query detected
2026-03-01 01:43:57 INFO request handled
2026-03-01 01:43:59 WARN user logout
2026-03-01 01:44:02 INFO user login ok
2026-03-01 01:44:05 ERROR user login ok
2026-03-01 01:44:09 INFO connection reset by peer
2026-03-01 01:44:11 INFO cache miss
2026-03-01 01:44:13 INFO invalid token
2026-03-01 01:44:17 INFO user logout
2026-03-01 01:44:21 INFO config reloaded
2026-03-01 01:44:22 INFO user login ok
2026-03-01 01:44:24 INFO user logout
2026-03-01 01:44:25 INFO user logout
2026-03-01 01:44:26 WARN user login ok
2026-03-01 01:44:27 INFO user logout
2026-03-01 01:44:28 INFO slow query detected
2026-03-01 01:44:30 INFO user logout
2026-03-01 01:44:31 INFO connection reset by peer
2026-03-01 01:44:34 INFO config reloaded
2026-03-01 01:44:38 INFO slow query detected
2026-03-01 01:44:42 ERROR user login ok
2026-03-01 01:44:43 INFO user login ok
2026-03-01 01:44:47 INFO disk usage high
2026-03-01 01:44:50 INFO cache miss
2026-03-01 01:44:52 INFO database timeout
2026-03-01 01:44:56 INFO invalid token
2026-03-01 01:44:57 INFO background job finished
2026-03-01 01:45:01 ERROR connection reset by peer
2026-03-01 01:45:02 INFO user logout
2026-03-01 01:45:05 INFO cache hit
2026-03-01 01:45:07 INFO connection reset by peer
2026-03-01 01:45:10 INFO disk usage high
2026-03-01 01:45:12 INFO user login ok
2026-03-01 01:45:15 INFO cache miss
2026-03-01 01:45:18 INFO user logout
2026-03-01 01:45:22 INFO config reloaded
2026-03-01 01:45:26 INFO disk usage high
2026-03-01 01:45:30 INFO request handled
2026-03-01 01:45:34 INFO user login ok
2026-03-01 01:45:38 INFO user logout
2026-03-01 01:45:40 INFO cache hit
2026-03-01 01:45:43 INFO connection reset by peer
2026-03-01 01:45:47 INFO user login ok
2026-03-01 01:45:51 INFO user logout
2026-03-01 01:45:54 INFO request handled
2026-03-01 01:45:55 INFO user logout
2026-03-01 01:45:56 INFO user login ok
2026-03-01 01:45:57 INFO slow query detected
2026-03-01 01:46:00 INFO cache hit
2026-03-01 01:46:01 INFO cache miss
2026-03-01 01:46:03 INFO user login ok
2026-03-01 01:46:04 INFO user login ok
2026-03-01 01:46:05 INFO cache hit
2026-03-01 01:46:08 INFO user login ok
2026-03-01 01:46:09 INFO slow query detected
2026-03-01 01:46:11 INFO connection reset by peer
2026-03-01 01:46:12 INFO invalid token
2026-03-01 01:46:13 WARN user login ok
2026-03-01 01:46:14 INFO user login ok
2026-03-01 01:46:17 ERROR cache miss
2026-03-01 01:46:20 INFO slow query detected
2026-03-01 01:46:21 INFO slow query detected
2026-03-01 01:46:22 INFO user login ok
2026-03-01 01:46:25 WARN user login ok
2026-03-01 01:46:28 INFO user login ok
2026-03-01 01:46:29 INFO config reloaded
2026-03-01 01:46:30 ERROR user login ok
2026-03-01 01:46:33 WARN user login ok
2026-03-01 01:46:34 INFO request handled
2026-03-01 01:46:38 INFO config reloaded
2026-03-01 01:46:42 INFO user login ok
2026-03-01 01:46:46 WARN user logout
2026-03-01 01:46:49 WARN user logout
2026-03-01 01:46:52 ERROR user logout
2026-03-01 01:46:53 INFO request handled
2026-03-01 01:46:57 WARN database timeout
2026-03-01 01:46:58 INFO user login ok
2026-03-01 01:47:01 WARN slow query detected
2026-03-01 01:47:03 INFO user login ok
2026-03-01 01:47:05 ERROR slow query detected
2026-03-01 01:47:06 INFO invalid token
2026-03-01 01:47:10 WARN user login ok
2026-03-01 01:47:14 ERROR user logout
2026-03-01 01:47:17 INFO cache miss
2026-03-01 01:47:19 INFO user logout
2026-03-01 01:47:22 WARN user logout
2026-03-01 01:47:25 ERROR user login ok
2026-03-01 01:47:26 WARN disk usage high
2026-03-01 01:47:27 INFO request handled
2026-03-01 01:47:29 INFO user logout
2026-03-01 01:47:30 INFO cache miss
2026-03-01 01:47:34 INFO user login ok
2026-03-01 01:47:35 WARN cache hit
2026-03-01 01:47:36 INFO user logout
2026-03-01 01:47:37 INFO user login ok
2026-03-01 01:47:41 INFO cache hit
2026-03-01 01:47:43 INFO user login ok
2026-03-01 01:47:46 INFO cache hit
2026-03-01 01:47:49 INFO cache hit
2026-03-01 01:47:53 INFO invalid token
2026-03-01 01:47:55 WARN database timeout
2026-03-01 01:47:59 INFO background job finished
2026-03-01 01:48:00 INFO disk usage high
2026-03-01 01:48:04 WARN user logout
2026-03-01 01:48:06 INFO user login ok
2026-03-01 01:48:10 INFO cache miss
2026-03-01 01:48:14 INFO request handled
2026-03-01 01:48:18 INFO disk usage high
2026-03-01 01:48:20 INFO slow query detected
2026-03-01 01:48:23 INFO request handled
2026-03-01 01:48:25 INFO invalid token
2026-03-01 01:48:29 INFO connection reset by peer
2026-03-01 01:48:33 INFO invalid token
2026-03-01 01:48:37 INFO connection reset by peer
2026-03-01 01:48:39 INFO user login ok
2026-03-01 01:48:40 INFO user login ok
2026-03-01 01:48:43 INFO config reloaded
2026-03-01 01:48:45 INFO config reloaded
2026-03-01 01:48:46 INFO disk usage high
2026-03-01 01:48:49 INFO config reloaded
2026-03-01 01:48:50 WARN cache miss
2026-03-01 01:48:51 INFO connection reset by peer
2026-03-01 01:48:55 INFO user login ok
2026-03-01 01:48:59 WARN request handled
2026-03-01 01:49:03 ERROR user login ok
2026-03-01 01:49:06 ERROR invalid token
2026-03-01 01:49:07 INFO background job finished
2026-03-01 01:49:08 INFO request handled
2026-03-01 01:49:09 INFO cache miss
2026-03-01 01:49:10 INFO user login ok
2026-03-01 01:49:13 INFO user login ok
2026-03-01 01:49:14 INFO user login ok
### повреждённая строка ###
2026-03-01 01:49:21 INFO user login ok
### повреждённая строка ###
2026-03-01 01:49:24 INFO user logout
2026-03-01 01:49:26 INFO user login ok
2026-03-01 01:49:27 INFO user login ok
2026-03-01 01:49:28 WARN background job finished
2026-03-01 01:49:31 INFO cache hit
2026-03-01 01:49:34 INFO cache hit
2026-03-01 01:49:35 INFO user login ok
2026-03-01 01:49:36 INFO cache miss
2026-03-01 01:49:37 INFO cache miss
2026-03-01 01:49:38 INFO user logout
2026-03-01 01:49:41 INFO cache miss
2026-03-01 01:49:43 INFO user login ok
2026-03-01 01:49:46 INFO background job finished
2026-03-01 01:49:48 INFO user login ok
2026-03-01 01:49:51 INFO user logout
2026-03-01 01:49:53 INFO request handled
2026-03-01 01:49:55 INFO disk usage high
2026-03-01 01:49:56 INFO disk usage high
2026-03-01 01:50:00 INFO user login ok
2026-03-01 01:50:01 INFO cache miss
2026-03-01 01:50:05 INFO slow query detected
2026-03-01 01:50:08 INFO request handled
2026-03-01 01:50:12 INFO invalid token
2026-03-01 01:50:16 INFO cache hit
2026-03-01 01:50:17 INFO user login ok
2026-03-01 01:50:18 INFO cache miss
2026-03-01 01:50:22 INFO background job finished
2026-03-01 01:50:26 INFO disk usage high
2026-03-01 01:50:29 INFO user logout
2026-03-01 01:50:33 INFO user logout
2026-03-01 01:50:35 INFO invalid token
2026-03-01 01:50:37 INFO invalid token
2026-03-01 01:50:40 WARN user logout
2026-03-01 01:50:44 INFO connection reset by peer
2026-03-01 01:50:47 INFO cache miss
2026-03-01 01:50:48 INFO disk usage high
2026-03-01 01:50:51 INFO user login ok
2026-03-01 01:50:53 INFO slow query detected
2026-03-01 01:50:56 WARN cache miss
2026-03-01 01:50:59 WARN cache hit
2026-03-01 01:51:00 ERROR invalid token
2026-03-01 01:51:02 INFO database timeout
2026-03-01 01:51:03 INFO user login ok
2026-03-01 01:51:05 INFO user login ok
2026-03-01 01:51:09 WARN cache miss
2026-03-01 01:51:10 INFO disk usage high
2026-03-01 01:51:12 INFO user login ok
2026-03-01 01:51:14 WARN cache hit
2026-03-01 01:51:15 INFO config reloaded
2026-03-01 01:51:18 WARN user logout
2026-03-01 01:51:22 INFO user login ok
2026-03-01 01:51:23 INFO user login ok
2026-03-01 01:51:25 INFO user login ok
2026-03-01 01:51:28 INFO config reloaded
2026-03-01 01:51:30 INFO user logout
2026-03-01 01:51:33 INFO user login ok
2026-03-01 01:51:37 INFO user login ok
2026-03-01 01:51:40 INFO user login ok
2026-03-01 01:51:42 ERROR slow query detected
2026-03-01 01:51:44 INFO cache hit
2026-03-01 01:51:46 INFO user login ok
2026-03-01 01:51:48 WARN config reloaded
2026-03-01 01:51:51 INFO database timeout
2026-03-01 01:51:53 INFO user logout
2026-03-01 01:51:56 INFO database timeout
2026-03-01 01:51:58 INFO cache hit
2026-03-01 01:52:00 INFO config reloaded
2026-03-01 01:52:04 INFO user login ok
2026-03-01 01:52:05 INFO connection reset by peer
2026-03-01 01:52:06 INFO request handled
2026-03-01 01:52:08 ERROR config reloaded
2026-03-01 01:52:12 INFO background job finished
2026-03-01 01:52:16 WARN slow query detected
2026-03-01 01:52:18 INFO user login ok
2026-03-01 01:52:20 WARN user login ok
2026-03-01 01:52:23 INFO slow query detected
2026-03-01 01:52:25 WARN user login ok
2026-03-01 01:52:27 INFO cache hit
2026-03-01 01:52:30 INFO user logout
2026-03-01 01:52:32 INFO user login ok
2026-03-01 01:52:33 INFO user login ok
2026-03-01 01:52:35 INFO background job finished
2026-03-01 01:52:36 INFO config reloaded
2026-03-01 01:52:40 INFO cache miss
2026-03-01 01:52:42 WARN user logout
2026-03-01 01:52:46 INFO user logout
2026-03-01 01:52:48 INFO request handled
2026-03-01 01:52:49 INFO user login ok
2026-03-01 01:52:53 INFO disk usage high
2026-03-01 01:52:56 INFO user login ok
2026-03-01 01:53:00 INFO invalid token
2026-03-01 01:53:04 INFO cache miss
2026-03-01 01:53:06 INFO user logout
2026-03-01 01:53:09 INFO connection reset by peer
2026-03-01 01:53:11 INFO connection reset by peer
2026-03-01 01:53:15 INFO database timeout
2026-03-01 01:53:17 INFO background job finished
2026-03-01 01:53:18 INFO slow query detected
2026-03-01 01:53:22 INFO database timeout
2026-03-01 01:53:24 INFO slow query detected
2026-03-01 01:53:27 WARN connection reset by peer
2026-03-01 01:53:28 INFO request handled
2026-03-01 01:53:29 ERROR user login ok
2026-03-01 01:53:31 INFO user login ok
2026-03-01 01:53:33 INFO user login ok
2026-03-01 01:53:35 INFO background job finished
2026-03-01 01:53:37 INFO connection reset by peer
2026-03-01 01:53:38 INFO background job finished
2026-03-01 01:53:41 INFO user login ok
2026-03-01 01:53:43 INFO background job finished
2026-03-01 01:53:47 INFO user logout
2026-03-01 01:53:49 INFO background job finished
2026-03-01 01:53:53 INFO slow query detected
2026-03-01 01:53:55 INFO user login ok
2026-03-01 01:53:59 WARN user logout
2026-03-01 01:54:01 INFO database timeout
2026-03-01 01:54:04 INFO user login ok
2026-03-01 01:54:06 INFO user login ok
2026-03-01 01:54:07 ERROR config reloaded
2026-03-01 01:54:09 INFO user login ok
2026-03-01 01:54:13 INFO slow query detected
2026-03-01 01:54:16 WARN user login ok
2026-03-01 01:54:19 WARN user login ok
2026-03-01 01:54:20 WARN cache miss
2026-03-01 01:54:21 INFO user login ok
2026-03-01 01:54:23 INFO connection reset by peer
2026-03-01 01:54:27 WARN cache miss
2026-03-01 01:54:31 WARN user login ok
2026-03-01 01:54:33 INFO cache hit
2026-03-01 01:54:35 INFO invalid token
2026-03-01 01:54:39 INFO user login ok
2026-03-01 01:54:40 INFO user login ok
2026-03-01 01:54:44 WARN config reloaded
2026-03-01 01:54:45 WARN user login ok
2026-03-01 01:54:47 INFO user login ok
2026-03-01 01:54:51 INFO user logout
2026-03-01 01:54:54 WARN user login ok
2026-03-01 01:54:57 ERROR request handled
2026-03-01 01:55:00 INFO request handled
2026-03-01 01:55:02 WARN user login ok
2026-03-01 01:55:04 INFO user login ok
2026-03-01 01:55:05 ERROR user login ok
2026-03-01 01:55:09 INFO connection reset by peer
2026-03-01 01:55:12 INFO disk usage high
2026-03-01 01:55:13 INFO connection reset by peer
2026-03-01 01:55:15 INFO config reloaded
2026-03-01 01:55:18 INFO user login ok
2026-03-01 01:55:22 INFO invalid token
2026-03-01 01:55:24 INFO database timeout
2026-03-01 01:55:27 INFO user login ok
2026-03-01 01:55:29 INFO invalid token
2026-03-01 01:55:33 INFO user login ok
2026-03-01 01:55:35 INFO user login ok
2026-03-01 01:55:37 INFO database timeout
2026-03-01 01:55:41 INFO user login ok
2026-03-01 01:55:43 INFO cache hit
2026-03-01 01:55:44 INFO user login ok
2026-03-01 01:55:47 INFO connection reset by peer
2026-03-01 01:55:48 WARN connection reset by peer
2026-03-01 01:55:49 INFO cache miss
2026-03-01 01:55:50 INFO user login ok
2026-03-01 01:55:53 INFO cache miss
2026-03-01 01:55:55 INFO cache hit
2026-03-01 01:55:59 INFO cache hit
2026-03-01 01:56:00 INFO connection reset by peer
2026-03-01 01:56:03 INFO user login ok
2026-03-01 01:56:06 INFO user login ok
2026-03-01 01:56:08 WARN user logout
2026-03-01 01:56:10 INFO user login ok
2026-03-01 01:56:13 INFO background job finished
2026-03-01 01:56:15 WARN cache miss
2026-03-01 01:56:19 WARN user login ok
2026-03-01 01:56:22 INFO cache hit
2026-03-01 01:56:25 WARN user logout
2026-03-01 01:56:29 WARN background job finished
2026-03-01 01:56:31 INFO cache hit
2026-03-01 01:56:32 INFO cache miss
2026-03-01 01:56:33 INFO slow query detected
2026-03-01 01:56:36 INFO user login ok
2026-03-01 01:56:38 INFO user login ok
2026-03-01 01:56:41 INFO cache miss
2026-03-01 01:56:45 INFO background job finished
2026-03-01 01:56:49 INFO config reloaded
### повреждённая строка ###
2026-03-01 01:56:54 WARN user login ok
2026-03-01 01:56:56 INFO disk usage high
2026-03-01 01:56:59 INFO user login ok
2026-03-01 01:57:02 INFO slow query detected
2026-03-01 01:57:03 INFO user logout
2026-03-01 01:57:05 INFO connection reset by peer
2026-03-01 01:57:07 ERROR cache hit
2026-03-01 01:57:11 INFO cache miss
2026-03-01 01:57:14 INFO user logout
2026-03-01 01:57:18 INFO cache hit
2026-03-01 01:57:19 INFO cache hit
2026-03-01 01:57:22 INFO user login ok
2026-03-01 01:57:23 INFO disk usage high
### повреждённая строка ###
2026-03-01 01:57:30 INFO user logout
2026-03-01 01:57:33 INFO user login ok
2026-03-01 01:57:34 INFO user login ok
2026-03-01 01:57:35 INFO disk usage high
2026-03-01 01:57:37 INFO disk usage high
2026-03-01 01:57:39 WARN slow query detected
2026-03-01 01:57:43 INFO connection reset by peer
2026-03-01 01:57:44 INFO user login ok
2026-03-01 01:57:48 INFO user login ok
2026-03-01 01:57:50 INFO cache hit
2026-03-01 01:57:54 INFO cache miss
2026-03-01 01:57:57 INFO user logout
2026-03-01 01:57:58 INFO user login ok
2026-03-01 01:58:00 ERROR user logout
2026-03-01 01:58:04 INFO invalid token
2026-03-01 01:58:08 INFO user login ok
2026-03-01 01:58:09 INFO database timeout
2026-03-01 01:58:10 INFO user login ok
2026-03-01 01:58:11 INFO request handled
2026-03-01 01:58:15 INFO user login ok
2026-03-01 01:58:16 INFO user logout
2026-03-01 01:58:17 INFO user login ok
2026-03-01 01:58:19 INFO background job finished
2026-03-01 01:58:20 WARN cache miss
2026-03-01 01:58:23 INFO user login ok
2026-03-01 01:58:27 INFO cache miss
2026-03-01 01:58:29 INFO user logout
2026-03-01 01:58:30 INFO cache miss
2026-03-01 01:58:34 INFO user logout
2026-03-01 01:58:36 INFO user login ok
2026-03-01 01:58:39 INFO user login ok
2026-03-01 01:58:42 WARN user login ok
2026-03-01 01:58:44 INFO user login ok
2026-03-01 01:58:45 WARN user logout
2026-03-01 01:58:48 INFO slow query detected
2026-03-01 01:58:50 INFO connection reset by peer
2026-03-01 01:58:54 ERROR user logout
2026-03-01 01:58:58 INFO config reloaded
2026-03-01 01:59:02 INFO user login ok
2026-03-01 01:59:03 ERROR database timeout
2026-03-01 01:59:06 INFO cache miss
2026-03-01 01:59:07 INFO config reloaded
2026-03-01 01:59:10 INFO user login ok
2026-03-01 01:59:11 INFO connection reset by peer
2026-03-01 01:59:15 INFO user login ok
2026-03-01 01:59:16 INFO cache hit
2026-03-01 01:59:18 INFO user login ok
2026-03-01 01:59:22 WARN config reloaded
2026-03-01 01:59:24 INFO request handled
2026-03-01 01:59:25 INFO background job finished
2026-03-01 01:59:28 INFO cache hit
2026-03-01 01:59:31 WARN request handled
2026-03-01 01:59:32 INFO user login ok
2026-03-01 01:59:35 INFO background job finished
2026-03-01 01:59:38 INFO slow query detected
2026-03-01 01:59:42 INFO invalid token
2026-03-01 01:59:43 INFO connection reset by peer
2026-03-01 01:59:46 INFO user login ok
2026-03-01 01:59:48 INFO request handled
2026-03-01 01:59:52 INFO slow query detected
2026-03-01 01:59:56 WARN user logout
2026-03-01 01:59:57 INFO database timeout
2026-03-01 02:00:01 INFO user logout
2026-03-01 02:00:05 INFO user logout
2026-03-01 02:00:07 INFO connection reset by peer
2026-03-01 02:00:09 WARN request handled
2026-03-01 02:00:10 INFO user login ok
2026-03-01 02:00:11 INFO user login ok
2026-03-01 02:00:13 WARN background job finished
2026-03-01 02:00:15 INFO user login ok
2026-03-01 02:00:16 INFO slow query detected
2026-03-01 02:00:19 ERROR user login ok
2026-03-01 02:00:22 INFO cache miss
### повреждённая строка ###
2026-03-01 02:00:28 INFO config reloaded
2026-03-01 02:00:30 INFO user logout
2026-03-01 02:00:31 INFO user login ok
2026-03-01 02:00:34 INFO user logout
2026-03-01 02:00:37 INFO slow query detected
2026-03-01 02:00:38 INFO slow query detected
2026-03-01 02:00:39 WARN invalid token
2026-03-01 02:00:42 INFO user login ok
2026-03-01 02:00:43 INFO slow query detected
2026-03-01 02:00:45 INFO invalid token
2026-03-01 02:00:46 INFO cache hit
2026-03-01 02:00:50 INFO cache hit
2026-03-01 02:00:54 WARN user logout
2026-03-01 02:00:56 INFO cache hit
2026-03-01 02:00:58 ERROR cache miss
2026-03-01 02:01:00 INFO database timeout
2026-03-01 02:01:01 INFO user logout
2026-03-01 02:01:04 INFO user logout
2026-03-01 02:01:05 INFO user login ok
2026-03-01 02:01:08 ERROR invalid token
2026-03-01 02:01:10 INFO cache hit
2026-03-01 02:01:14 INFO user logout
2026-03-01 02:01:18 WARN user login ok
2026-03-01 02:01:20 INFO user logout
2026-03-01 02:01:23 INFO cache hit
2026-03-01 02:01:27 INFO user login ok
2026-03-01 02:01:31 INFO config reloaded
2026-03-01 02:01:33 ERROR user login ok
2026-03-01 02:01:34 INFO disk usage high
2026-03-01 02:01:37 INFO cache hit
2026-03-01 02:01:41 INFO user login ok
2026-03-01 02:01:43 INFO user logout
2026-03-01 02:01:45 WARN cache miss
2026-03-01 02:01:49 INFO user login ok
2026-03-01 02:01:52 INFO user login ok
2026-03-01 02:01:54 ERROR user login ok
2026-03-01 02:01:56 INFO user logout
2026-03-01 02:01:59 INFO disk usage high
2026-03-01 02:02:02 INFO connection reset by peer
2026-03-01 02:02:05 INFO user login ok
2026-03-01 02:02:08 INFO user login ok
2026-03-01 02:02:11 INFO invalid token
2026-03-01 02:02:15 WARN connection reset by peer
2026-03-01 02:02:16 INFO user login ok
2026-03-01 02:02:17 INFO user login ok
2026-03-01 02:02:20 INFO request handled
2026-03-01 02:02:23 INFO config reloaded
2026-03-01 02:02:26 INFO request handled
2026-03-01 02:02:28 WARN user login ok
2026-03-01 02:02:32 INFO cache hit
2026-03-01 02:02:34 INFO cache hit
2026-03-01 02:02:38 INFO user login ok
2026-03-01 02:02:42 INFO cache hit
2026-03-01 02:02:46 WARN user login ok
2026-03-01 02:02:47 INFO user logout
2026-03-01 02:02:48 WARN request handled
2026-03-01 02:02:52 WARN cache miss
2026-03-01 02:02:55 INFO user login ok
2026-03-01 02:02:57 INFO user login ok
2026-03-01 02:03:00 ERROR cache hit
2026-03-01 02:03:03 INFO user logout
2026-03-01 02:03:06 INFO user login ok
2026-03-01 02:03:09 INFO user login ok
2026-03-01 02:03:12 WARN cache hit
2026-03-01 02:03:13 INFO user logout
2026-03-01 02:03:14 INFO user login ok
2026-03-01 02:03:18 WARN cache hit
2026-03-01 02:03:20 INFO config reloaded
2026-03-01 02:03:23 INFO cache hit
2026-03-01 02:03:27 INFO cache miss
2026-03-01 02:03:30 INFO user logout
2026-03-01 02:03:34 INFO connection reset by peer
2026-03-01 02:03:35 WARN background job finished
2026-03-01 02:03:39 INFO user login ok
2026-03-01 02:03:40 INFO config reloaded
2026-03-01 02:03:43 INFO request handled
2026-03-01 02:03:44 INFO cache hit
2026-03-01 02:03:48 INFO request handled
2026-03-01 02:03:50 INFO slow query detected
2026-03-01 02:03:53 INFO user login ok
2026-03-01 02:03:55 INFO cache hit
2026-03-01 02:03:57 INFO user login ok
2026-03-01 02:03:59 INFO disk usage high
2026-03-01 02:04:02 INFO config reloaded
2026-03-01 02:04:05 WARN database timeout
2026-03-01 02:04:07 INFO cache miss
2026-03-01 02:04:08 INFO slow query detected
2026-03-01 02:04:11 INFO database timeout
2026-03-01 02:04:13 WARN user login ok
2026-03-01 02:04:15 INFO user login ok
2026-03-01 02:04:16 ERROR disk usage high
2026-03-01 02:04:18 INFO user login ok
2026-03-01 02:04:22 INFO cache miss
2026-03-01 02:04:26 INFO user login ok
2026-03-01 02:04:30 INFO user login ok
2026-03-01 02:04:31 INFO user login ok
2026-03-01 02:04:32 INFO invalid token
2026-03-01 02:04:34 ERROR background job finished
2026-03-01 02:04:37 INFO user logout
2026-03-01 02:04:38 WARN request handled
2026-03-01 02:04:42 INFO config reloaded
2026-03-01 02:04:43 INFO user login ok
2026-03-01 02:04:45 INFO user logout
2026-03-01 02:04:46 INFO connection reset by peer
2026-03-01 02:04:49 INFO cache hit
2026-03-01 02:04:51 INFO cache hit
2026-03-01 02:04:52 WARN slow query detected
### повреждённая строка ###
2026-03-01 02:04:58 WARN database timeout
2026-03-01 02:05:00 INFO user logout
2026-03-01 02:05:01 INFO user logout
2026-03-01 02:05:04 INFO user login ok
2026-03-01 02:05:08 INFO background job finished
2026-03-01 02:05:11 INFO user login ok
2026-03-01 02:05:15 INFO request handled
2026-03-01 02:05:19 INFO background job finished
2026-03-01 02:05:20 INFO config reloaded
2026-03-01 02:05:21 INFO request handled
2026-03-01 02:05:25 INFO user login ok
2026-03-01 02:05:29 INFO cache miss
2026-03-01 02:05:31 INFO disk usage high
2026-03-01 02:05:35 INFO user login ok
2026-03-01 02:05:37 INFO config reloaded
2026-03-01 02:05:38 INFO user login ok
2026-03-01 02:05:41 WARN user login ok
2026-03-01 02:05:43 WARN user login ok
2026-03-01 02:05:47 INFO disk usage high
2026-03-01 02:05:50 INFO background job finished
2026-03-01 02:05:52 INFO invalid token
2026-03-01 02:05:56 INFO user logout
2026-03-01 02:05:57 INFO request handled
2026-03-01 02:05:58 INFO config reloaded
2026-03-01 02:06:01 INFO user logout
2026-03-01 02:06:02 INFO user logout
2026-03-01 02:06:03 INFO cache hit
2026-03-01 02:06:05 INFO user login ok
2026-03-01 02:06:06 INFO disk usage high
2026-03-01 02:06:08 ERROR user login ok
2026-03-01 02:06:11 INFO user login ok
2026-03-01 02:06:12 INFO config reloaded
2026-03-01 02:06:14 INFO config reloaded
2026-03-01 02:06:18 INFO background job finished
2026-03-01 02:06:19 INFO database timeout
2026-03-01 02:06:23 INFO user login ok
2026-03-01 02:06:25 WARN connection reset by peer
2026-03-01 02:06:28 WARN request handled
2026-03-01 02:06:32 INFO user login ok
2026-03-01 02:06:36 INFO cache miss
2026-03-01 02:06:39 WARN connection reset by peer
2026-03-01 02:06:43 WARN cache hit
2026-03-01 02:06:47 INFO background job finished
2026-03-01 02:06:50 ERROR user login ok
2026-03-01 02:06:51 INFO slow query detected
2026-03-01 02:06:53 INFO user logout
2026-03-01 02:06:57 WARN invalid token
2026-03-01 02:06:59 INFO request handled
2026-03-01 02:07:00 INFO cache hit
2026-03-01 02:07:02 INFO user logout
2026-03-01 02:07:04 INFO slow query detected
2026-03-01 02:07:07 INFO invalid token
2026-03-01 02:07:08 INFO connection reset by peer
2026-03-01 02:07:09 WARN cache miss
2026-03-01 02:07:12 WARN user login ok
2026-03-01 02:07:16 INFO user login ok
2026-03-01 02:07:20 INFO request handled
2026-03-01 02:07:24 INFO connection reset by peer
2026-03-01 02:07:26 WARN user login ok
2026-03-01 02:07:28 INFO user logout
2026-03-01 02:07:30 INFO config reloaded
2026-03-01 02:07:31 INFO user logout
2026-03-01 02:07:35 WARN cache miss
2026-03-01 02:07:39 INFO config reloaded
2026-03-01 02:07:41 WARN user logout
2026-03-01 02:07:44 INFO user login ok
2026-03-01 02:07:47 WARN background job finished
2026-03-01 02:07:50 INFO user logout
2026-03-01 02:07:52 WARN user logout
2026-03-01 02:07:55 INFO user logout
2026-03-01 02:07:57 ERROR cache miss
2026-03-01 02:07:58 INFO database timeout
2026-03-01 02:08:01 INFO user login ok
2026-03-01 02:08:05 INFO user login ok
2026-03-01 02:08:06 INFO background job finished
2026-03-01 02:08:09 INFO database timeout
2026-03-01 02:08:12 INFO config reloaded
2026-03-01 02:08:15 INFO config reloaded
2026-03-01 02:08:16 WARN connection reset by peer
2026-03-01 02:08:18 INFO slow query detected
2026-03-01 02:08:21 ERROR cache miss
2026-03-01 02:08:24 INFO config reloaded
2026-03-01 02:08:27 INFO user logout
2026-03-01 02:08:28 INFO request handled
2026-03-01 02:08:29 INFO invalid token
2026-03-01 02:08:31 INFO invalid token
2026-03-01 02:08:32 INFO cache hit
2026-03-01 02:08:33 WARN user logout
2026-03-01 02:08:35 INFO cache miss
2026-03-01 02:08:38 INFO user login ok
2026-03-01 02:08:39 ERROR cache hit
2026-03-01 02:08:43 WARN user login ok
2026-03-01 02:08:44 WARN connection reset by peer
2026-03-01 02:08:45 INFO cache hit
2026-03-01 02:08:46 INFO cache hit
2026-03-01 02:08:50 INFO background job finished
2026-03-01 02:08:51 INFO request handled
2026-03-01 02:08:55 INFO slow query detected
2026-03-01 02:08:59 INFO connection reset by peer
2026-03-01 02:09:03 INFO user login ok
2026-03-01 02:09:04 INFO cache hit
2026-03-01 02:09:05 INFO disk usage high
2026-03-01 02:09:08 INFO connection reset by peer
2026-03-01 02:09:09 ERROR cache hit
2026-03-01 02:09:11 INFO user login ok
2026-03-01 02:09:15 WARN user login ok
2026-03-01 02:09:16 INFO cache miss
2026-03-01 02:09:19 INFO user login ok
2026-03-01 02:09:22 WARN invalid token
2026-03-01 02:09:23 INFO user login ok
2026-03-01 02:09:27 INFO user login ok
2026-03-01 02:09:29 WARN database timeout
2026-03-01 02:09:33 INFO cache miss
2026-03-01 02:09:37 INFO invalid token
2026-03-01 02:09:39 INFO connection reset by peer
2026-03-01 02:09:40 INFO cache hit
2026-03-01 02:09:43 INFO user login ok
2026-03-01 02:09:45 INFO request handled
2026-03-01 02:09:48 INFO database timeout
2026-03-01 02:09:49 INFO cache miss
2026-03-01 02:09:53 INFO disk usage high
2026-03-01 02:09:56 INFO user login ok
2026-03-01 02:09:59 INFO background job finished
2026-03-01 02:10:03 WARN background job finished
2026-03-01 02:10:06 INFO user logout
2026-03-01 02:10:10 INFO user login ok
2026-03-01 02:10:14 WARN slow query detected
2026-03-01 02:10:18 INFO user logout
2026-03-01 02:10:19 INFO invalid token
2026-03-01 02:10:23 WARN disk usage high
2026-03-01 02:10:24 WARN slow query detected
2026-03-01 02:10:28 WARN user login ok
2026-03-01 02:10:30 INFO user login ok
2026-03-01 02:10:33 INFO invalid token
2026-03-01 02:10:35 INFO cache hit
2026-03-01 02:10:39 INFO disk usage high
2026-03-01 02:10:41 INFO user logout
2026-03-01 02:10:43 INFO user logout
2026-03-01 02:10:45 INFO cache miss
2026-03-01 02:10:48 WARN background job finished
### повреждённая строка ###
2026-03-01 02:10:52 INFO user logout
2026-03-01 02:10:53 WARN user login ok
2026-03-01 02:10:55 INFO slow query detected
2026-03-01 02:10:59 INFO database timeout
2026-03-01 02:11:01 INFO user login ok
2026-03-01 02:11:02 INFO request handled
2026-03-01 02:11:06 WARN cache hit
2026-03-01 02:11:08 INFO config reloaded
2026-03-01 02:11:12 INFO database timeout
2026-03-01 02:11:16 INFO cache hit
2026-03-01 02:11:18 INFO user login ok
2026-03-01 02:11:20 INFO user logout
2026-03-01 02:11:21 INFO cache hit
2026-03-01 02:11:22 INFO cache miss
2026-03-01 02:11:24 INFO user login ok
2026-03-01 02:11:26 INFO cache miss
2026-03-01 02:11:28 ERROR cache miss
2026-03-01 02:11:31 WARN slow query detected
2026-03-01 02:11:34 INFO user logout
2026-03-01 02:11:35 INFO background job finished
2026-03-01 02:11:38 INFO cache miss
2026-03-01 02:11:41 INFO user login ok
2026-03-01 02:11:43 INFO user logout
2026-03-01 02:11:45 WARN slow query detected
2026-03-01 02:11:49 INFO user login ok
2026-03-01 02:11:50 INFO slow query detected
2026-03-01 02:11:52 ERROR connection reset by peer
2026-03-01 02:11:53 INFO request handled
2026-03-01 02:11:54 INFO config reloaded
2026-03-01 02:11:57 INFO user login ok
2026-03-01 02:11:58 INFO database timeout
2026-03-01 02:12:02 WARN slow query detected
2026-03-01 02:12:06 INFO user login ok
2026-03-01 02:12:09 INFO user login ok
2026-03-01 02:12:11 INFO user login ok
2026-03-01 02:12:14 WARN user login ok
2026-03-01 02:12:15 INFO user login ok
2026-03-01 02:12:16 INFO connection reset by peer
2026-03-01 02:12:17 INFO user login ok
2026-03-01 02:12:20 INFO connection reset by peer
2026-03-01 02:12:23 INFO cache miss
2026-03-01 02:12:26 INFO config reloaded
2026-03-01 02:12:29 INFO user logout
2026-03-01 02:12:31 INFO user logout
2026-03-01 02:12:34 INFO connection reset by peer
2026-03-01 02:12:35 ERROR cache hit
2026-03-01 02:12:37 INFO config reloaded
2026-03-01 02:12:40 INFO user login ok
2026-03-01 02:12:43 INFO user login ok
2026-03-01 02:12:47 WARN user login ok
2026-03-01 02:12:50 INFO request handled
2026-03-01 02:12:52 INFO user logout
2026-03-01 02:12:55 INFO user login ok
2026-03-01 02:12:58 INFO request handled
2026-03-01 02:13:01 WARN user login ok
2026-03-01 02:13:03 INFO user login ok
2026-03-01 02:13:04 INFO cache miss
2026-03-01 02:13:07 INFO background job finished
2026-03-01 02:13:09 INFO user login ok
2026-03-01 02:13:13 INFO background job finished
2026-03-01 02:13:17 INFO cache hit
2026-03-01 02:13:20 INFO background job finished
2026-03-01 02:13:22 INFO user login ok
2026-03-01 02:13:25 INFO user login ok
2026-03-01 02:13:26 INFO disk usage high
2026-03-01 02:13:30 INFO cache miss
2026-03-01 02:13:33 INFO background job finished
2026-03-01 02:13:37 INFO user logout
2026-03-01 02:13:41 INFO cache hit
2026-03-01 02:13:45 INFO user login ok
2026-03-01 02:13:46 INFO database timeout
2026-03-01 02:13:47 INFO user login ok
2026-03-01 02:13:49 ERROR user login ok
2026-03-01 02:13:52 INFO request handled
2026-03-01 02:13:56 INFO background job finished
2026-03-01 02:13:58 INFO user login ok
2026-03-01 02:14:00 INFO user logout
2026-03-01 02:14:03 INFO user logout
2026-03-01 02:14:04 INFO user login ok
2026-03-01 02:14:08 INFO user logout
2026-03-01 02:14:12 INFO background job finished
2026-03-01 02:14:15 WARN background job finished
2026-03-01 02:14:19 INFO cache miss
2026-03-01 02:14:23 INFO user login ok
2026-03-01 02:14:24 INFO user login ok
2026-03-01 02:14:25 INFO request handled
2026-03-01 02:14:27 INFO user logout
2026-03-01 02:14:31 WARN config reloaded
2026-03-01 02:14:33 INFO user login ok
2026-03-01 02:14:37 INFO database timeout
2026-03-01 02:14:40 INFO cache miss
2026-03-01 02:14:44 INFO user logout
2026-03-01 02:14:48 INFO user login ok
2026-03-01 02:14:52 INFO invalid token
### повреждённая строка ###
2026-03-01 02:14:59 WARN user login ok
2026-03-01 02:15:02 INFO user logout
2026-03-01 02:15:06 INFO user login ok
2026-03-01 02:15:07 INFO background job finished
2026-03-01 02:15:11 INFO user login ok
2026-03-01 02:15:15 WARN request handled
2026-03-01 02:15:17 INFO cache hit
2026-03-01 02:15:20 INFO slow query detected
2026-03-01 02:15:24 INFO slow query detected
2026-03-01 02:15:28 INFO background job finished
2026-03-01 02:15:30 INFO slow query detected
2026-03-01 02:15:31 WARN user logout
2026-03-01 02:15:33 INFO disk usage high
2026-03-01 02:15:36 INFO user login ok
2026-03-01 02:15:40 WARN user logout
2026-03-01 02:15:44 WARN request handled
2026-03-01 02:15:45 INFO user login ok
2026-03-01 02:15:46 WARN user login ok
2026-03-01 02:15:50 INFO disk usage high
2026-03-01 02:15:51 INFO user logout
2026-03-01 02:15:52 INFO user logout
2026-03-01 02:15:53 WARN database timeout
2026-03-01 02:15:55 INFO cache hit
2026-03-01 02:15:59 INFO user logout
2026-03-01 02:16:01 INFO user login ok
2026-03-01 02:16:02 WARN user login ok
2026-03-01 02:16:05 INFO user login ok
2026-03-01 02:16:08 INFO cache hit
2026-03-01 02:16:11 INFO user login ok
2026-03-01 02:16:14 ERROR cache miss
2026-03-01 02:16:17 INFO user login ok
2026-03-01 02:16:21 INFO user logout
2026-03-01 02:16:22 INFO cache hit
2026-03-01 02:16:25 INFO request handled
2026-03-01 02:16:26 INFO database timeout
2026-03-01 02:16:27 WARN disk usage high
2026-03-01 02:16:31 INFO disk usage high
2026-03-01 02:16:32 INFO user logout
2026-03-01 02:16:36 INFO user login ok
2026-03-01 02:16:39 INFO cache hit
2026-03-01 02:16:41 INFO request handled
2026-03-01 02:16:45 WARN user login ok
2026-03-01 02:16:47 INFO slow query detected
2026-03-01 02:16:51 WARN user login ok
2026-03-01 02:16:53 ERROR user login ok
2026-03-01 02:16:55 INFO disk usage high
2026-03-01 02:16:56 INFO slow query detected
2026-03-01 02:16:57 WARN connection reset by peer
2026-03-01 02:17:00 INFO cache miss
2026-03-01 02:17:02 INFO connection reset by peer
2026-03-01 02:17:06 ERROR slow query detected
2026-03-01 02:17:10 INFO database timeout
2026-03-01 02:17:13 INFO user login ok
2026-03-01 02:17:16 INFO cache hit
2026-03-01 02:17:18 WARN config reloaded
2026-03-01 02:17:19 INFO user login ok
2026-03-01 02:17:21 INFO user login ok
2026-03-01 02:17:25 WARN invalid token
2026-03-01 02:17:28 INFO connection reset by peer
2026-03-01 02:17:32 INFO user logout
2026-03-01 02:17:36 ERROR background job finished
2026-03-01 02:17:39 ERROR user logout
2026-03-01 02:17:40 INFO background job finished
2026-03-01 02:17:43 WARN user login ok
2026-03-01 02:17:46 INFO user login ok
2026-03-01 02:17:49 INFO user login ok
2026-03-01 02:17:52 INFO connection reset by peer
2026-03-01 02:17:56 INFO cache hit
2026-03-01 02:18:00 INFO slow query detected
2026-03-01 02:18:04 INFO user login ok
2026-03-01 02:18:07 INFO invalid token
2026-03-01 02:18:08 INFO cache miss
2026-03-01 02:18:09 WARN disk usage high
2026-03-01 02:18:10 INFO user logout
2026-03-01 02:18:12 INFO cache hit
2026-03-01 02:18:13 INFO user logout
2026-03-01 02:18:14 INFO user login ok
2026-03-01 02:18:18 INFO request handled
2026-03-01 02:18:21 INFO cache hit
2026-03-01 02:18:24 INFO database timeout
2026-03-01 02:18:27 INFO user logout
2026-03-01 02:18:28 ERROR config reloaded
2026-03-01 02:18:31 WARN connection reset by peer
2026-03-01 02:18:35 WARN user login ok
2026-03-01 02:18:38 WARN user logout
2026-03-01 02:18:42 INFO user logout
2026-03-01 02:18:43 INFO user login ok
2026-03-01 02:18:47 INFO user login ok
2026-03-01 02:18:50 INFO user logout
2026-03-01 02:18:53 INFO invalid token
2026-03-01 02:18:57 INFO user login ok
2026-03-01 02:18:59 INFO request handled
2026-03-01 02:19:00 INFO user login ok
2026-03-01 02:19:02 INFO database timeout
2026-03-01 02:19:06 INFO disk usage high
2026-03-01 02:19:07 WARN background job finished
2026-03-01 02:19:10 INFO connection reset by peer
2026-03-01 02:19:13 INFO user login ok
2026-03-01 02:19:14 WARN user login ok
2026-03-01 02:19:16 INFO connection reset by peer
2026-03-01 02:19:17 INFO user login ok
2026-03-01 02:19:19 INFO database timeout
2026-03-01 02:19:22 INFO user login ok
2026-03-01 02:19:25 WARN user login ok
2026-03-01 02:19:27 INFO cache hit
2026-03-01 02:19:29 WARN slow query detected
2026-03-01 02:19:32 INFO user login ok
2026-03-01 02:19:36 INFO user logout
2026-03-01 02:19:40 WARN config reloaded
2026-03-01 02:19:43 INFO user logout
2026-03-01 02:19:45 INFO disk usage high
2026-03-01 02:19:48 INFO invalid token
2026-03-01 02:19:50 INFO request handled
2026-03-01 02:19:52 INFO user logout
2026-03-01 02:19:55 WARN user login ok
2026-03-01 02:19:57 INFO cache miss
2026-03-01 02:19:58 INFO user login ok
2026-03-01 02:19:59 WARN cache miss
2026-03-01 02:20:03 WARN slow query detected
2026-03-01 02:20:07 INFO user login ok
2026-03-01 02:20:10 INFO cache miss
2026-03-01 02:20:14 INFO user login ok
2026-03-01 02:20:15 INFO cache miss
2026-03-01 02:20:17 ERROR config reloaded
2026-03-01 02:20:19 INFO config reloaded
2026-03-01 02:20:22 INFO request handled
2026-03-01 02:20:24 INFO invalid token
2026-03-01 02:20:25 INFO database timeout
2026-03-01 02:20:26 INFO user logout
2026-03-01 02:20:30 INFO user login ok
2026-03-01 02:20:34 INFO user login ok
2026-03-01 02:20:37 INFO user login ok
2026-03-01 02:20:38 INFO user login ok
2026-03-01 02:20:39 ERROR user login ok
2026-03-01 02:20:43 INFO user login ok
2026-03-01 02:20:45 INFO user login ok
2026-03-01 02:20:49 INFO request handled
2026-03-01 02:20:51 INFO user login ok
2026-03-01 02:20:52 INFO connection reset by peer
2026-03-01 02:20:54 WARN user logout
2026-03-01 02:20:56 INFO background job finished
2026-03-01 02:20:57 WARN database timeout
2026-03-01 02:21:01 WARN user login ok
2026-03-01 02:21:04 INFO user logout
2026-03-01 02:21:07 INFO user login ok
2026-03-01 02:21:08 WARN user login ok
2026-03-01 02:21:10 INFO cache miss
2026-03-01 02:21:11 INFO user login ok
2026-03-01 02:21:14 INFO invalid token
2026-03-01 02:21:15 INFO user login ok
2026-03-01 02:21:18 INFO user logout
2026-03-01 02:21:22 INFO user login ok
2026-03-01 02:21:25 INFO database timeout
2026-03-01 02:21:28 INFO user login ok
2026-03-01 02:21:32 INFO user login ok
2026-03-01 02:21:33 INFO user login ok
2026-03-01 02:21:35 WARN user logout
2026-03-01 02:21:37 INFO user login ok
2026-03-01 02:21:41 INFO slow query detected
2026-03-01 02:21:42 INFO connection reset by peer
2026-03-01 02:21:46 INFO config reloaded
2026-03-01 02:21:47 INFO user login ok
2026-03-01 02:21:49 INFO user login ok
2026-03-01 02:21:50 INFO disk usage high
2026-03-01 02:21:54 INFO connection reset by peer
2026-03-01 02:21:55 ERROR cache hit
2026-03-01 02:21:59 WARN slow query detected
2026-03-01 02:22:02 INFO user login ok
2026-03-01 02:22:03 INFO user login ok
2026-03-01 02:22:04 INFO user login ok
2026-03-01 02:22:05 INFO user logout
2026-03-01 02:22:08 INFO user login ok
2026-03-01 02:22:11 INFO request handled
2026-03-01 02:22:14 INFO disk usage high
2026-03-01 02:22:17 INFO disk usage high
2026-03-01 02:22:20 INFO user login ok
2026-03-01 02:22:22 INFO connection reset by peer
2026-03-01 02:22:23 INFO user login ok
2026-03-01 02:22:26 INFO user logout
2026-03-01 02:22:28 INFO cache hit
2026-03-01 02:22:30 INFO user logout
2026-03-01 02:22:31 ERROR background job finished
2026-03-01 02:22:35 INFO cache hit
2026-03-01 02:22:37 WARN request handled
2026-03-01 02:22:40 INFO user logout
2026-03-01 02:22:43 INFO config reloaded
2026-03-01 02:22:46 INFO cache hit
2026-03-01 02:22:50 WARN user login ok
2026-03-01 02:22:51 INFO config reloaded
2026-03-01 02:22:52 INFO user logout
2026-03-01 02:22:55 INFO request handled
2026-03-01 02:22:56 INFO invalid token
2026-03-01 02:23:00 ERROR connection reset by peer
2026-03-01 02:23:04 INFO database timeout
2026-03-01 02:23:06 INFO config reloaded
2026-03-01 02:23:10 INFO user login ok
2026-03-01 02:23:12 INFO user login ok
2026-03-01 02:23:15 ERROR user login ok
2026-03-01 02:23:16 INFO user logout
2026-03-01 02:23:17 INFO user logout
### повреждённая строка ###
2026-03-01 02:23:22 INFO user login ok
2026-03-01 02:23:25 INFO config reloaded
2026-03-01 02:23:29 INFO user login ok
2026-03-01 02:23:30 ERROR database timeout
2026-03-01 02:23:32 INFO user login ok
2026-03-01 02:23:33 INFO cache hit
2026-03-01 02:23:37 INFO user logout
2026-03-01 02:23:39 WARN cache hit
2026-03-01 02:23:41 INFO user login ok
2026-03-01 02:23:44 WARN invalid token
2026-03-01 02:23:48 INFO disk usage high
2026-03-01 02:23:51 INFO database timeout
2026-03-01 02:23:54 INFO request handled
2026-03-01 02:23:56 ERROR background job finished
2026-03-01 02:23:58 INFO disk usage high
2026-03-01 02:24:01 INFO cache hit
2026-03-01 02:24:02 WARN background job finished
2026-03-01 02:24:06 INFO user login ok
2026-03-01 02:24:07 INFO disk usage high
2026-03-01 02:24:10 INFO background job finished
2026-03-01 02:24:14 INFO user login ok
2026-03-01 02:24:18 WARN cache hit
2026-03-01 02:24:20 WARN request handled
2026-03-01 02:24:22 INFO config reloaded
2026-03-01 02:24:23 INFO user login ok
2026-03-01 02:24:25 INFO background job finished
2026-03-01 02:24:29 INFO user login ok
2026-03-01 02:24:33 INFO user login ok
2026-03-01 02:24:35 INFO connection reset by peer
2026-03-01 02:24:38 ERROR user login ok
2026-03-01 02:24:40 INFO cache miss
2026-03-01 02:24:42 INFO user login ok
2026-03-01 02:24:43 WARN invalid token
2026-03-01 02:24:44 INFO cache hit
2026-03-01 02:24:48 INFO config reloaded
2026-03-01 02:24:49 INFO disk usage high
2026-03-01 02:24:51 INFO database timeout
2026-03-01 02:24:55 INFO user login ok
2026-03-01 02:24:59 INFO invalid token
2026-03-01 02:25:02 INFO cache hit
2026-03-01 02:25:05 INFO user login ok
2026-03-01 02:25:07 INFO slow query detected
2026-03-01 02:25:10 INFO slow query detected
2026-03-01 02:25:12 INFO cache miss
2026-03-01 02:25:16 INFO cache miss
2026-03-01 02:25:17 WARN user login ok
2026-03-01 02:25:21 WARN cache hit
2026-03-01 02:25:22 INFO cache hit
2026-03-01 02:25:24 INFO disk usage high
2026-03-01 02:25:27 INFO cache hit
2026-03-01 02:25:28 INFO disk usage high
2026-03-01 02:25:29 WARN connection reset by peer
2026-03-01 02:25:30 INFO user logout
2026-03-01 02:25:34 INFO user login ok
2026-03-01 02:25:38 INFO slow query detected
2026-03-01 02:25:42 INFO user login ok
2026-03-01 02:25:46 INFO user login ok
2026-03-01 02:25:48 ERROR cache hit
2026-03-01 02:25:51 INFO user login ok
2026-03-01 02:25:52 INFO cache miss
2026-03-01 02:25:53 INFO config reloaded
2026-03-01 02:25:56 INFO user logout
2026-03-01 02:26:00 INFO user login ok
2026-03-01 02:26:04 INFO user logout
2026-03-01 02:26:06 WARN user login ok
2026-03-01 02:26:09 INFO connection reset by peer
2026-03-01 02:26:11 INFO background job finished
2026-03-01 02:26:12 WARN cache hit
2026-03-01 02:26:14 INFO slow query detected
2026-03-01 02:26:17 INFO request handled
2026-03-01 02:26:21 INFO user login ok
2026-03-01 02:26:22 WARN cache hit
2026-03-01 02:26:25 INFO user login ok
2026-03-01 02:26:28 WARN user login ok
2026-03-01 02:26:29 WARN user login ok
2026-03-01 02:26:31 WARN cache hit
2026-03-01 02:26:35 INFO request handled
2026-03-01 02:26:38 INFO slow query detected
2026-03-01 02:26:40 WARN user logout
2026-03-01 02:26:41 INFO database timeout
2026-03-01 02:26:42 INFO background job finished
2026-03-01 02:26:45 INFO user logout
2026-03-01 02:26:49 INFO user login ok
2026-03-01 02:26:53 INFO slow query detected
2026-03-01 02:26:54 INFO user login ok
2026-03-01 02:26:56 INFO user logout
2026-03-01 02:27:00 INFO slow query detected
2026-03-01 02:27:03 INFO cache miss
2026-03-01 02:27:06 ERROR database timeout
2026-03-01 02:27:08 INFO connection reset by peer
2026-03-01 02:27:12 WARN request handled
2026-03-01 02:27:16 INFO invalid token
2026-03-01 02:27:19 WARN user login ok
2026-03-01 02:27:23 INFO disk usage high
2026-03-01 02:27:26 INFO cache miss
2026-03-01 02:27:29 INFO config reloaded
2026-03-01 02:27:33 INFO request handled
2026-03-01 02:27:37 INFO request handled
2026-03-01 02:27:41 INFO background job finished
2026-03-01 02:27:42 INFO cache miss
2026-03-01 02:27:44 INFO user login ok
2026-03-01 02:27:46 INFO user logout
2026-03-01 02:27:47 INFO background job finished
2026-03-01 02:27:51 INFO user logout
2026-03-01 02:27:54 INFO slow query detected
2026-03-01 02:27:58 INFO user login ok
2026-03-01 02:28:00 INFO disk usage high
2026-03-01 02:28:03 INFO slow query detected
2026-03-01 02:28:07 INFO user login ok
2026-03-01 02:28:08 INFO user login ok
2026-03-01 02:28:12 INFO user logout
2026-03-01 02:28:14 INFO cache hit
2026-03-01 02:28:16 INFO background job finished
2026-03-01 02:28:20 WARN config reloaded
2026-03-01 02:28:23 INFO database timeout
2026-03-01 02:28:27 INFO invalid token
2026-03-01 02:28:31 INFO request handled
2026-03-01 02:28:32 INFO cache miss
2026-03-01 02:28:35 INFO user login ok
2026-03-01 02:28:39 WARN user login ok
2026-03-01 02:28:43 WARN user login ok
2026-03-01 02:28:46 INFO cache hit
### повреждённая строка ###
2026-03-01 02:28:51 INFO connection reset by peer
2026-03-01 02:28:55 INFO slow query detected
2026-03-01 02:28:56 WARN cache miss
2026-03-01 02:28:58 INFO background job finished
2026-03-01 02:28:59 INFO slow query detected
2026-03-01 02:29:02 INFO database timeout
2026-03-01 02:29:04 ERROR cache hit
2026-03-01 02:29:08 INFO request handled
2026-03-01 02:29:12 INFO user logout
2026-03-01 02:29:13 INFO slow query detected
2026-03-01 02:29:16 INFO cache hit
2026-03-01 02:29:18 INFO config reloaded
2026-03-01 02:29:19 ERROR user login ok
2026-03-01 02:29:22 INFO user login ok
2026-03-01 02:29:23 INFO disk usage high
2026-03-01 02:29:24 INFO user login ok
2026-03-01 02:29:26 INFO cache hit
2026-03-01 02:29:27 WARN user login ok
2026-03-01 02:29:28 INFO request handled
2026-03-01 02:29:29 INFO user logout
2026-03-01 02:29:31 WARN request handled
2026-03-01 02:29:33 INFO config reloaded
2026-03-01 02:29:35 INFO database timeout
2026-03-01 02:29:39 WARN cache hit
2026-03-01 02:29:41 INFO user logout
2026-03-01 02:29:45 INFO request handled
2026-03-01 02:29:46 INFO user logout
2026-03-01 02:29:47 INFO background job finished
2026-03-01 02:29:50 INFO cache hit
2026-03-01 02:29:52 INFO cache hit
2026-03-01 02:29:54 ERROR user login ok
2026-03-01 02:29:57 INFO connection reset by peer
2026-03-01 02:30:01 INFO user logout
2026-03-01 02:30:02 INFO user login ok
2026-03-01 02:30:05 INFO user login ok
2026-03-01 02:30:08 INFO database timeout
2026-03-01 02:30:11 INFO database timeout
### повреждённая строка ###
2026-03-01 02:30:14 INFO user login ok
2026-03-01 02:30:15 INFO background job finished
2026-03-01 02:30:19 INFO connection reset by peer
2026-03-01 02:30:21 INFO cache miss
2026-03-01 02:30:23 INFO cache hit
2026-03-01 02:30:26 INFO disk usage high
2026-03-01 02:30:30 INFO connection reset by peer
2026-03-01 02:30:34 INFO connection reset by peer
2026-03-01 02:30:35 INFO cache hit
2026-03-01 02:30:37 ERROR user login ok
2026-03-01 02:30:41 INFO user logout
2026-03-01 02:30:44 WARN user login ok
2026-03-01 02:30:45 WARN connection reset by peer
2026-03-01 02:30:48 WARN user login ok
2026-03-01 02:30:52 INFO request handled
2026-03-01 02:30:56 INFO cache miss
2026-03-01 02:30:57 INFO user login ok
2026-03-01 02:30:59 INFO cache miss
### повреждённая строка ###
2026-03-01 02:31:01 INFO background job finished
2026-03-01 02:31:03 INFO config reloaded
2026-03-01 02:31:07 INFO connection reset by peer
2026-03-01 02:31:09 INFO user login ok
2026-03-01 02:31:11 INFO connection reset by peer
2026-03-01 02:31:15 INFO slow query detected
2026-03-01 02:31:17 INFO connection reset by peer
2026-03-01 02:31:20 INFO cache hit
2026-03-01 02:31:24 INFO config reloaded
2026-03-01 02:31:28 ERROR user logout
2026-03-01 02:31:30 ERROR user logout
2026-03-01 02:31:32 ERROR background job finished
2026-03-01 02:31:36 WARN request handled
2026-03-01 02:31:38 INFO user login ok
2026-03-01 02:31:39 WARN user login ok
2026-03-01 02:31:40 INFO user login ok
2026-03-01 02:31:43 INFO cache miss
2026-03-01 02:31:47 INFO connection reset by peer
2026-03-01 02:31:48 INFO cache hit
2026-03-01 02:31:50 INFO user login ok
2026-03-01 02:31:52 INFO request handled
2026-03-01 02:31:55 INFO cache hit
2026-03-01 02:31:56 INFO user login ok
2026-03-01 02:31:59 INFO connection reset by peer
2026-03-01 02:32:02 INFO user logout
2026-03-01 02:32:04 WARN cache hit
2026-03-01 02:32:08 INFO user logout
2026-03-01 02:32:12 INFO config reloaded
2026-03-01 02:32:15 INFO user login ok
2026-03-01 02:32:16 INFO slow query detected
2026-03-01 02:32:18 INFO background job finished
2026-03-01 02:32:19 INFO user logout
2026-03-01 02:32:23 INFO user login ok
2026-03-01 02:32:24 WARN user login ok
2026-03-01 02:32:28 INFO request handled
2026-03-01 02:32:31 INFO cache hit
2026-03-01 02:32:35 WARN background job finished
2026-03-01 02:32:37 INFO user login ok
2026-03-01 02:32:38 INFO invalid token
2026-03-01 02:32:42 INFO invalid token
2026-03-01 02:32:46 INFO request handled
2026-03-01 02:32:47 INFO user login ok
2026-03-01 02:32:49 INFO user login ok
2026-03-01 02:32:50 INFO user login ok
2026-03-01 02:32:51 WARN user logout
2026-03-01 02:32:52 INFO config reloaded
2026-03-01 02:32:53 INFO user login ok
2026-03-01 02:32:56 INFO user logout
2026-03-01 02:32:59 INFO user login ok
2026-03-01 02:33:00 INFO request handled
2026-03-01 02:33:01 INFO cache hit
2026-03-01 02:33:03 INFO slow query detected
2026-03-01 02:33:07 INFO user login ok
2026-03-01 02:33:11 INFO disk usage high
2026-03-01 02:33:12 INFO config reloaded
2026-03-01 02:33:16 WARN config reloaded
2026-03-01 02:33:18 INFO user login ok
2026-03-01 02:33:22 INFO disk usage high
2026-03-01 02:33:26 INFO connection reset by peer
2026-03-01 02:33:28 INFO config reloaded
2026-03-01 02:33:30 INFO cache hit
2026-03-01 02:33:31 INFO background job finished
2026-03-01 02:33:33 INFO request handled
2026-03-01 02:33:35 INFO request handled
2026-03-01 02:33:37 WARN user login ok
2026-03-01 02:33:38 INFO config reloaded
2026-03-01 02:33:41 WARN database timeout
2026-03-01 02:33:44 INFO database timeout
2026-03-01 02:33:45 INFO slow query detected
2026-03-01 02:33:49 WARN disk usage high
2026-03-01 02:33:52 INFO user logout
2026-03-01 02:33:55 INFO request handled
2026-03-01 02:33:56 INFO invalid token
2026-03-01 02:33:59 INFO user login ok
2026-03-01 02:34:01 INFO user login ok
2026-03-01 02:34:02 INFO cache miss
2026-03-01 02:34:03 WARN user login ok
2026-03-01 02:34:06 INFO slow query detected
2026-03-01 02:34:09 ERROR user login ok
2026-03-01 02:34:12 INFO request handled
2026-03-01 02:34:14 INFO cache miss
2026-03-01 02:34:16 INFO user login ok
2026-03-01 02:34:19 INFO user login ok
2026-03-01 02:34:22 INFO invalid token
2026-03-01 02:34:23 ERROR database timeout
2026-03-01 02:34:25 INFO user login ok
2026-03-01 02:34:29 WARN user logout
2026-03-01 02:34:33 INFO cache hit
2026-03-01 02:34:37 INFO database timeout
2026-03-01 02:34:38 INFO user logout
2026-03-01 02:34:42 INFO user logout
2026-03-01 02:34:44 ERROR background job finished
2026-03-01 02:34:47 INFO disk usage high
2026-03-01 02:34:50 INFO user login ok
2026-03-01 02:34:51 INFO user login ok
2026-03-01 02:34:54 INFO connection reset by peer
2026-03-01 02:34:58 INFO user logout
2026-03-01 02:34:59 INFO connection reset by peer
2026-03-01 02:35:02 INFO user logout
2026-03-01 02:35:03 WARN user logout
2026-03-01 02:35:04 INFO cache hit
2026-03-01 02:35:06 WARN user logout
2026-03-01 02:35:10 INFO user logout
2026-03-01 02:35:14 INFO user logout
2026-03-01 02:35:15 INFO user login ok
2026-03-01 02:35:17 ERROR user login ok
2026-03-01 02:35:21 INFO database timeout
2026-03-01 02:35:23 INFO invalid token
2026-03-01 02:35:24 INFO user logout
2026-03-01 02:35:27 INFO config reloaded
2026-03-01 02:35:31 WARN invalid token
2026-03-01 02:35:35 INFO user login ok
2026-03-01 02:35:39 INFO user logout
2026-03-01 02:35:41 INFO user logout
2026-03-01 02:35:45 INFO cache miss
2026-03-01 02:35:48 INFO user login ok
2026-03-01 02:35:49 WARN cache hit
2026-03-01 02:35:50 WARN user login ok
2026-03-01 02:35:54 INFO background job finished
2026-03-01 02:35:56 INFO user login ok
2026-03-01 02:35:59 INFO disk usage high
2026-03-01 02:36:02 WARN cache miss
2026-03-01 02:36:05 INFO background job finished
2026-03-01 02:36:06 INFO cache miss
2026-03-01 02:36:09 WARN user logout
2026-03-01 02:36:13 INFO slow query detected
2026-03-01 02:36:17 INFO user login ok
2026-03-01 02:36:19 INFO cache miss
2026-03-01 02:36:21 WARN user logout
2026-03-01 02:36:22 ERROR slow query detected
2026-03-01 02:36:24 INFO user login ok
2026-03-01 02:36:26 INFO user logout
2026-03-01 02:36:27 WARN cache hit
2026-03-01 02:36:30 INFO connection reset by peer
2026-03-01 02:36:33 INFO request handled
2026-03-01 02:36:35 INFO user logout
2026-03-01 02:36:38 ERROR config reloaded
2026-03-01 02:36:41 WARN config reloaded
2026-03-01 02:36:43 ERROR user login ok
2026-03-01 02:36:44 WARN request handled
2026-03-01 02:36:47 INFO user login ok
2026-03-01 02:36:49 INFO cache miss
2026-03-01 02:36:51 WARN disk usage high
2026-03-01 02:36:52 INFO config reloaded
2026-03-01 02:36:55 INFO user login ok
2026-03-01 02:36:57 INFO cache hit
2026-03-01 02:37:01 INFO user login ok
2026-03-01 02:37:05 INFO cache miss
2026-03-01 02:37:09 INFO background job finished
2026-03-01 02:37:11 INFO invalid token
2026-03-01 02:37:13 INFO request handled
2026-03-01 02:37:15 INFO user login ok
2026-03-01 02:37:17 INFO user logout
2026-03-01 02:37:20 INFO connection reset by peer
2026-03-01 02:37:22 INFO database timeout
2026-03-01 02:37:23 INFO background job finished
2026-03-01 02:37:25 INFO disk usage high
2026-03-01 02:37:27 INFO database timeout
2026-03-01 02:37:29 INFO user login ok
2026-03-01 02:37:33 INFO user login ok
2026-03-01 02:37:36 INFO user login ok
2026-03-01 02:37:37 INFO request handled
2026-03-01 02:37:40 INFO slow query detected
2026-03-01 02:37:44 INFO user login ok
2026-03-01 02:37:47 ERROR user login ok
2026-03-01 02:37:51 INFO invalid token
2026-03-01 02:37:55 INFO database timeout
2026-03-01 02:37:59 INFO user login ok
2026-03-01 02:38:02 INFO user login ok
2026-03-01 02:38:04 ERROR user login ok
2026-03-01 02:38:06 INFO user login ok
2026-03-01 02:38:07 INFO user login ok
2026-03-01 02:38:08 INFO invalid token
2026-03-01 02:38:09 INFO cache hit
2026-03-01 02:38:10 INFO database timeout
2026-03-01 02:38:13 INFO user login ok
2026-03-01 02:38:15 INFO user login ok
2026-03-01 02:38:17 INFO slow query detected
2026-03-01 02:38:20 WARN user login ok
2026-03-01 02:38:24 WARN user login ok
2026-03-01 02:38:26 INFO user login ok
2026-03-01 02:38:29 INFO cache hit
2026-03-01 02:38:30 INFO cache hit
2026-03-01 02:38:31 INFO user login ok
2026-03-01 02:38:33 INFO slow query detected
2026-03-01 02:38:36 INFO database timeout
2026-03-01 02:38:38 WARN user logout
2026-03-01 02:38:42 INFO user login ok
2026-03-01 02:38:43 ERROR user login ok
2026-03-01 02:38:44 INFO user login ok
2026-03-01 02:38:46 INFO user login ok
2026-03-01 02:38:50 INFO slow query detected
2026-03-01 02:38:54 ERROR user login ok
### повреждённая строка ###
2026-03-01 02:38:58 INFO user login ok
2026-03-01 02:39:00 INFO slow query detected
2026-03-01 02:39:03 INFO cache hit
2026-03-01 02:39:07 INFO user logout
2026-03-01 02:39:09 INFO connection reset by peer
2026-03-01 02:39:10 INFO user login ok
2026-03-01 02:39:13 INFO invalid token
2026-03-01 02:39:17 INFO connection reset by peer
2026-03-01 02:39:19 INFO request handled
2026-03-01 02:39:20 INFO user logout
2026-03-01 02:39:23 INFO cache miss
2026-03-01 02:39:25 INFO user logout
2026-03-01 02:39:28 INFO user login ok
2026-03-01 02:39:30 INFO slow query detected
2026-03-01 02:39:33 INFO user login ok
### повреждённая строка ###
2026-03-01 02:39:38 INFO user login ok
2026-03-01 02:39:42 INFO user login ok
2026-03-01 02:39:46 INFO user login ok
2026-03-01 02:39:47 INFO cache hit
2026-03-01 02:39:48 INFO user logout
2026-03-01 02:39:50 INFO user login ok
2026-03-01 02:39:53 WARN slow query detected
2026-03-01 02:39:54 INFO connection reset by peer
2026-03-01 02:39:57 INFO disk usage high
2026-03-01 02:39:58 WARN request handled
2026-03-01 02:40:01 INFO request handled
2026-03-01 02:40:05 INFO user login ok
2026-03-01 02:40:08 INFO cache miss
2026-03-01 02:40:12 WARN user login ok
2026-03-01 02:40:14 INFO background job finished
2026-03-01 02:40:17 INFO slow query detected
2026-03-01 02:40:19 INFO disk usage high
2026-03-01 02:40:20 WARN user login ok
2026-03-01 02:40:24 INFO cache hit
2026-03-01 02:40:28 INFO connection reset by peer
2026-03-01 02:40:29 INFO user login ok
2026-03-01 02:40:33 INFO connection reset by peer
2026-03-01 02:40:36 INFO user logout
2026-03-01 02:40:37 INFO user login ok
2026-03-01 02:40:41 INFO disk usage high
2026-03-01 02:40:43 INFO connection reset by peer
2026-03-01 02:40:44 INFO slow query detected
2026-03-01 02:40:48 INFO slow query detected
2026-03-01 02:40:51 WARN user login ok
2026-03-01 02:40:53 INFO config reloaded
2026-03-01 02:40:55 INFO user login ok
2026-03-01 02:40:59 INFO user logout
2026-03-01 02:41:01 INFO user login ok
2026-03-01 02:41:04 INFO connection reset by peer
2026-03-01 02:41:08 INFO cache hit
2026-03-01 02:41:12 INFO user login ok
2026-03-01 02:41:14 WARN user login ok
2026-03-01 02:41:18 INFO user login ok
2026-03-01 02:41:21 INFO background job finished
2026-03-01 02:41:25 INFO cache hit
2026-03-01 02:41:28 INFO cache miss
2026-03-01 02:41:29 INFO cache miss
2026-03-01 02:41:31 INFO invalid token
2026-03-01 02:41:34 INFO cache hit
2026-03-01 02:41:35 INFO request handled
2026-03-01 02:41:38 INFO disk usage high
2026-03-01 02:41:42 INFO user login ok
2026-03-01 02:41:43 INFO background job finished
2026-03-01 02:41:45 INFO user logout
2026-03-01 02:41:46 INFO user login ok
2026-03-01 02:41:48 INFO slow query detected
2026-03-01 02:41:49 INFO slow query detected
2026-03-01 02:41:53 WARN cache hit
2026-03-01 02:41:54 INFO user login ok
2026-03-01 02:41:56 INFO disk usage high
2026-03-01 02:41:57 INFO user login ok
2026-03-01 02:42:01 INFO user logout
2026-03-01 02:42:02 INFO cache miss
2026-03-01 02:42:03 WARN invalid token
2026-03-01 02:42:05 WARN user login ok
2026-03-01 02:42:08 INFO cache hit
2026-03-01 02:42:11 INFO disk usage high
2026-03-01 02:42:13 INFO database timeout
2026-03-01 02:42:15 INFO cache hit
2026-03-01 02:42:18 INFO user login ok
2026-03-01 02:42:19 INFO database timeout
2026-03-01 02:42:21 INFO cache miss
2026-03-01 02:42:24 INFO background job finished
2026-03-01 02:42:27 WARN cache miss
2026-03-01 02:42:31 INFO background job finished
2026-03-01 02:42:34 INFO user login ok
2026-03-01 02:42:37 INFO user login ok
2026-03-01 02:42:39 INFO config reloaded
2026-03-01 02:42:40 INFO user logout
2026-03-01 02:42:44 INFO config reloaded
2026-03-01 02:42:46 ERROR config reloaded
2026-03-01 02:42:48 INFO slow query detected
2026-03-01 02:42:50 ERROR request handled
2026-03-01 02:42:51 WARN user login ok
2026-03-01 02:42:52 ERROR connection reset by peer
2026-03-01 02:42:53 INFO request handled
2026-03-01 02:42:57 INFO request handled
2026-03-01 02:43:01 ERROR connection reset by peer
2026-03-01 02:43:03 INFO user login ok
2026-03-01 02:43:06 INFO slow query detected
2026-03-01 02:43:10 INFO background job finished
2026-03-01 02:43:12 INFO invalid token
2026-03-01 02:43:14 INFO connection reset by peer
2026-03-01 02:43:17 WARN user logout
2026-03-01 02:43:19 WARN connection reset by peer
2026-03-01 02:43:22 ERROR disk usage high
2026-03-01 02:43:24 INFO database timeout
2026-03-01 02:43:26 WARN config reloaded
2026-03-01 02:43:28 INFO request handled
2026-03-01 02:43:31 WARN slow query detected
2026-03-01 02:43:33 INFO user login ok
2026-03-01 02:43:34 INFO disk usage high
2026-03-01 02:43:35 INFO background job finished
2026-03-01 02:43:36 INFO user logout
2026-03-01 02:43:39 INFO connection reset by peer
2026-03-01 02:43:40 INFO user login ok
2026-03-01 02:43:42 INFO user login ok
2026-03-01 02:43:45 INFO request handled
2026-03-01 02:43:49 INFO cache miss
2026-03-01 02:43:52 INFO database timeout
2026-03-01 02:43:55 INFO request handled
2026-03-01 02:43:56 INFO user login ok
2026-03-01 02:43:58 INFO cache hit
2026-03-01 02:44:01 INFO slow query detected
2026-03-01 02:44:04 INFO cache hit
2026-03-01 02:44:06 WARN user login ok
2026-03-01 02:44:09 INFO user login ok
2026-03-01 02:44:13 INFO connection reset by peer
2026-03-01 02:44:17 INFO user login ok
2026-03-01 02:44:19 ERROR connection reset by peer
2026-03-01 02:44:21 INFO user login ok
2026-03-01 02:44:22 INFO user login ok
2026-03-01 02:44:23 INFO slow query detected
2026-03-01 02:44:25 WARN config reloaded
2026-03-01 02:44:26 INFO user logout
2026-03-01 02:44:30 INFO disk usage high
2026-03-01 02:44:34 INFO user login ok
2026-03-01 02:44:35 WARN database timeout
2026-03-01 02:44:36 INFO connection reset by peer
2026-03-01 02:44:40 INFO slow query detected
2026-03-01 02:44:44 INFO user logout
2026-03-01 02:44:48 INFO user login ok
2026-03-01 02:44:49 INFO user login ok
2026-03-01 02:44:51 INFO user logout
2026-03-01 02:44:53 INFO cache hit
2026-03-01 02:44:57 INFO slow query detected
2026-03-01 02:45:01 INFO config reloaded
2026-03-01 02:45:03 ERROR request handled
2026-03-01 02:45:06 INFO slow query detected
2026-03-01 02:45:09 INFO request handled
2026-03-01 02:45:10 INFO invalid token
2026-03-01 02:45:13 INFO database timeout
2026-03-01 02:45:14 INFO user login ok
2026-03-01 02:45:17 INFO slow query detected
2026-03-01 02:45:20 ERROR user login ok
2026-03-01 02:45:23 INFO request handled
2026-03-01 02:45:27 INFO user login ok
2026-03-01 02:45:29 INFO user logout
2026-03-01 02:45:33 INFO user logout
2026-03-01 02:45:37 INFO database timeout
2026-03-01 02:45:41 INFO user login ok
2026-03-01 02:45:43 INFO cache miss
2026-03-01 02:45:45 INFO cache miss
2026-03-01 02:45:49 INFO user login ok
2026-03-01 02:45:53 INFO disk usage high
2026-03-01 02:45:54 INFO background job finished
2026-03-01 02:45:56 INFO slow query detected
2026-03-01 02:45:57 INFO cache miss
2026-03-01 02:46:00 INFO cache hit
2026-03-01 02:46:03 INFO user login ok
2026-03-01 02:46:06 INFO cache miss
2026-03-01 02:46:09 INFO user login ok
2026-03-01 02:46:12 INFO cache miss
2026-03-01 02:46:16 INFO user logout
2026-03-01 02:46:17 INFO user login ok
2026-03-01 02:46:20 INFO cache hit
2026-03-01 02:46:24 INFO config reloaded
2026-03-01 02:46:26 INFO user logout
2026-03-01 02:46:29 INFO user login ok
2026-03-01 02:46:33 INFO user login ok
2026-03-01 02:46:37 INFO disk usage high
2026-03-01 02:46:39 INFO cache hit
2026-03-01 02:46:41 WARN request handled
2026-03-01 02:46:42 INFO user logout
2026-03-01 02:46:43 WARN connection reset by peer
2026-03-01 02:46:46 INFO user login ok
2026-03-01 02:46:49 WARN config reloaded
2026-03-01 02:46:50 INFO invalid token
2026-03-01 02:46:51 INFO user logout
2026-03-01 02:46:55 INFO config reloaded
2026-03-01 02:46:56 INFO connection reset by peer
2026-03-01 02:47:00 INFO user login ok
2026-03-01 02:47:03 INFO disk usage high
2026-03-01 02:47:07 INFO cache hit
2026-03-01 02:47:11 INFO slow query detected
2026-03-01 02:47:13 ERROR user logout
2026-03-01 02:47:15 INFO slow query detected
2026-03-01 02:47:16 INFO user login ok
2026-03-01 02:47:20 INFO user logout
2026-03-01 02:47:24 INFO cache hit
2026-03-01 02:47:27 INFO disk usage high
2026-03-01 02:47:29 INFO config reloaded
2026-03-01 02:47:33 INFO user logout
2026-03-01 02:47:37 WARN cache hit
2026-03-01 02:47:41 INFO cache miss
2026-03-01 02:47:43 INFO cache hit
2026-03-01 02:47:45 INFO user login ok
2026-03-01 02:47:49 ERROR user login ok
2026-03-01 02:47:52 INFO cache hit
2026-03-01 02:47:53 INFO request handled
2026-03-01 02:47:54 ERROR user login ok
2026-03-01 02:47:56 INFO slow query detected
2026-03-01 02:48:00 INFO database timeout
2026-03-01 02:48:03 INFO request handled
2026-03-01 02:48:07 INFO invalid token
2026-03-01 02:48:11 INFO cache miss
2026-03-01 02:48:14 INFO user logout
2026-03-01 02:48:18 INFO user login ok
2026-03-01 02:48:20 INFO connection reset by peer
2026-03-01 02:48:24 INFO invalid token
2026-03-01 02:48:27 INFO user login ok
2026-03-01 02:48:29 INFO cache hit
2026-03-01 02:48:30 INFO disk usage high
2026-03-01 02:48:33 INFO user login ok
2026-03-01 02:48:34 INFO user logout
2026-03-01 02:48:37 INFO request handled
2026-03-01 02:48:39 INFO user login ok
2026-03-01 02:48:42 INFO background job finished
2026-03-01 02:48:45 INFO user login ok
2026-03-01 02:48:47 INFO user logout
2026-03-01 02:48:51 INFO user logout
2026-03-01 02:48:54 INFO request handled
2026-03-01 02:48:57 INFO connection reset by peer
2026-03-01 02:48:59 INFO connection reset by peer
2026-03-01 02:49:00 INFO user login ok
2026-03-01 02:49:01 INFO disk usage high
2026-03-01 02:49:05 INFO cache miss
2026-03-01 02:49:08 WARN config reloaded
2026-03-01 02:49:11 INFO user login ok
2026-03-01 02:49:15 INFO connection reset by peer
2026-03-01 02:49:19 INFO user login ok
2026-03-01 02:49:22 INFO user login ok
2026-03-01 02:49:26 INFO user login ok
2026-03-01 02:49:27 INFO request handled
2026-03-01 02:49:31 INFO request handled
2026-03-01 02:49:32 WARN disk usage high
2026-03-01 02:49:34 INFO slow query detected
2026-03-01 02:49:38 ERROR user login ok
2026-03-01 02:49:40 INFO background job finished
2026-03-01 02:49:42 INFO user logout
2026-03-01 02:49:45 INFO user login ok
2026-03-01 02:49:47 INFO cache hit
2026-03-01 02:49:50 INFO cache hit
2026-03-01 02:49:51 INFO config reloaded
2026-03-01 02:49:53 INFO slow query detected
2026-03-01 02:49:55 WARN user logout
2026-03-01 02:49:59 INFO slow query detected
### повреждённая строка ###
2026-03-01 02:50:04 INFO connection reset by peer
2026-03-01 02:50:08 INFO user login ok
2026-03-01 02:50:11 INFO user logout
2026-03-01 02:50:15 INFO cache hit
2026-03-01 02:50:16 INFO cache hit
2026-03-01 02:50:19 WARN user login ok
2026-03-01 02:50:23 INFO database timeout
2026-03-01 02:50:25 INFO cache hit
2026-03-01 02:50:28 INFO user login ok
2026-03-01 02:50:32 INFO user login ok
2026-03-01 02:50:35 INFO cache hit
2026-03-01 02:50:39 INFO invalid token
2026-03-01 02:50:40 INFO user logout
2026-03-01 02:50:43 ERROR config reloaded
2026-03-01 02:50:46 INFO user logout
2026-03-01 02:50:47 ERROR request handled
2026-03-01 02:50:50 INFO user login ok
2026-03-01 02:50:51 INFO connection reset by peer
2026-03-01 02:50:55 INFO disk usage high
2026-03-01 02:50:59 INFO config reloaded
2026-03-01 02:51:02 INFO user login ok
2026-03-01 02:51:05 INFO database timeout
### повреждённая строка ###
2026-03-01 02:51:10 WARN user logout
2026-03-01 02:51:13 INFO disk usage high
2026-03-01 02:51:15 INFO background job finished
2026-03-01 02:51:16 INFO cache hit
2026-03-01 02:51:17 INFO user login ok
2026-03-01 02:51:18 INFO connection reset by peer
2026-03-01 02:51:20 INFO cache miss
2026-03-01 02:51:23 ERROR user login ok
2026-03-01 02:51:27 INFO cache miss
2026-03-01 02:51:29 INFO slow query detected
2026-03-01 02:51:31 INFO cache hit
2026-03-01 02:51:34 INFO user logout
2026-03-01 02:51:37 INFO cache miss
2026-03-01 02:51:38 INFO connection reset by peer
2026-03-01 02:51:39 INFO connection reset by peer
2026-03-01 02:51:42 INFO database timeout
2026-03-01 02:51:44 INFO slow query detected
2026-03-01 02:51:46 INFO request handled
2026-03-01 02:51:50 WARN disk usage high
2026-03-01 02:51:54 WARN config reloaded
2026-03-01 02:51:55 INFO cache miss
2026-03-01 02:51:59 WARN user login ok
2026-03-01 02:52:03 INFO request handled
2026-03-01 02:52:06 INFO user login ok
2026-03-01 02:52:10 INFO user login ok
2026-03-01 02:52:12 INFO database timeout
2026-03-01 02:52:15 INFO invalid token
2026-03-01 02:52:17 INFO user logout
2026-03-01 02:52:18 INFO background job finished
2026-03-01 02:52:20 INFO database timeout
2026-03-01 02:52:21 ERROR request handled
2026-03-01 02:52:24 WARN cache hit
2026-03-01 02:52:27 INFO user logout
2026-03-01 02:52:30 WARN user logout
2026-03-01 02:52:31 INFO request handled
2026-03-01 02:52:35 INFO disk usage high
2026-03-01 02:52:39 INFO user login ok
2026-03-01 02:52:43 INFO invalid token
2026-03-01 02:52:45 INFO user logout
2026-03-01 02:52:48 INFO cache miss
2026-03-01 02:52:51 WARN user logout
2026-03-01 02:52:54 WARN request handled
2026-03-01 02:52:58 INFO invalid token
2026-03-01 02:53:01 INFO invalid token
2026-03-01 02:53:02 INFO cache hit
2026-03-01 02:53:06 WARN slow query detected
2026-03-01 02:53:08 INFO invalid token
2026-03-01 02:53:11 INFO database timeout
2026-03-01 02:53:14 INFO request handled
2026-03-01 02:53:15 INFO user logout
2026-03-01 02:53:16 INFO user login ok
2026-03-01 02:53:17 INFO config reloaded
2026-03-01 02:53:18 WARN slow query detected
2026-03-01 02:53:20 INFO user login ok
2026-03-01 02:53:21 INFO slow query detected
2026-03-01 02:53:24 WARN user login ok
2026-03-01 02:53:27 WARN user login ok
2026-03-01 02:53:29 WARN cache hit
2026-03-01 02:53:30 INFO slow query detected
2026-03-01 02:53:34 INFO cache miss
2026-03-01 02:53:37 INFO config reloaded
2026-03-01 02:53:38 INFO database timeout
2026-03-01 02:53:40 INFO user login ok
2026-03-01 02:53:44 WARN user login ok
2026-03-01 02:53:47 WARN disk usage high
2026-03-01 02:53:48 INFO cache hit
2026-03-01 02:53:49 INFO connection reset by peer
2026-03-01 02:53:50 INFO invalid token
2026-03-01 02:53:51 WARN user login ok
2026-03-01 02:53:54 ERROR user logout
2026-03-01 02:53:56 INFO user login ok
2026-03-01 02:53:58 WARN user login ok
2026-03-01 02:54:00 INFO user login ok
2026-03-01 02:54:02 INFO user login ok
2026-03-01 02:54:03 INFO user logout
2026-03-01 02:54:07 INFO invalid token
2026-03-01 02:54:11 INFO request handled
2026-03-01 02:54:14 INFO slow query detected
2026-03-01 02:54:17 INFO user login ok
2026-03-01 02:54:20 INFO user logout
2026-03-01 02:54:23 INFO user login ok
2026-03-01 02:54:24 INFO user logout
2026-03-01 02:54:27 INFO disk usage high
2026-03-01 02:54:29 INFO cache miss
2026-03-01 02:54:30 INFO user login ok
2026-03-01 02:54:32 WARN user login ok
2026-03-01 02:54:35 INFO user login ok
2026-03-01 02:54:38 INFO slow query detected
2026-03-01 02:54:39 WARN cache miss
2026-03-01 02:54:42 WARN user logout
2026-03-01 02:54:46 WARN connection reset by peer
2026-03-01 02:54:48 INFO cache hit
2026-03-01 02:54:51 INFO user login ok
2026-03-01 02:54:54 INFO slow query detected
2026-03-01 02:54:56 INFO config reloaded
2026-03-01 02:54:57 INFO user login ok
2026-03-01 02:54:58 INFO cache hit
2026-03-01 02:55:01 INFO request handled
2026-03-01 02:55:03 INFO database timeout
2026-03-01 02:55:05 WARN cache hit
2026-03-01 02:55:09 INFO cache hit
2026-03-01 02:55:12 WARN invalid token
2026-03-01 02:55:14 WARN user login ok
2026-03-01 02:55:15 INFO request handled
2026-03-01 02:55:16 WARN slow query detected
2026-03-01 02:55:17 WARN user login ok
2026-03-01 02:55:20 INFO disk usage high
2026-03-01 02:55:21 INFO user login ok
2026-03-01 02:55:25 INFO user login ok
2026-03-01 02:55:26 WARN user login ok
2026-03-01 02:55:27 INFO user logout
2026-03-01 02:55:29 INFO user login ok
2026-03-01 02:55:33 INFO cache hit
2026-03-01 02:55:35 WARN user login ok
2026-03-01 02:55:37 INFO connection reset by peer
2026-03-01 02:55:40 INFO config reloaded
2026-03-01 02:55:42 INFO cache hit
2026-03-01 02:55:43 INFO user login ok
2026-03-01 02:55:47 INFO user logout
2026-03-01 02:55:48 INFO slow query detected
2026-03-01 02:55:49 INFO user login ok
2026-03-01 02:55:51 INFO cache hit
2026-03-01 02:55:52 INFO user login ok
2026-03-01 02:55:53 WARN background job finished
2026-03-01 02:55:56 INFO request handled
2026-03-01 02:55:57 INFO cache miss
2026-03-01 02:56:01 INFO cache hit
2026-03-01 02:56:05 INFO database timeout
2026-03-01 02:56:07 INFO cache miss
2026-03-01 02:56:08 INFO cache miss
2026-03-01 02:56:12 WARN user login ok
2026-03-01 02:56:13 INFO connection reset by peer
2026-03-01 02:56:16 WARN user login ok
2026-03-01 02:56:17 WARN slow query detected
2026-03-01 02:56:21 WARN database timeout
2026-03-01 02:56:22 INFO user login ok
2026-03-01 02:56:26 INFO config reloaded
2026-03-01 02:56:30 INFO request handled
2026-03-01 02:56:34 INFO invalid token
2026-03-01 02:56:38 INFO user login ok
2026-03-01 02:56:39 INFO disk usage high
2026-03-01 02:56:43 INFO cache miss
2026-03-01 02:56:46 INFO cache hit
2026-03-01 02:56:47 WARN connection reset by peer
2026-03-01 02:56:48 INFO user login ok
2026-03-01 02:56:49 ERROR user login ok
2026-03-01 02:56:50 WARN user login ok
2026-03-01 02:56:51 INFO request handled
2026-03-01 02:56:54 INFO user login ok
2026-03-01 02:56:55 INFO request handled
2026-03-01 02:56:58 INFO cache miss
2026-03-01 02:57:01 INFO cache hit
2026-03-01 02:57:05 INFO user logout
2026-03-01 02:57:07 INFO cache miss
2026-03-01 02:57:09 WARN invalid token
2026-03-01 02:57:12 INFO user login ok
2026-03-01 02:57:16 INFO user login ok
2026-03-01 02:57:20 WARN config reloaded
2026-03-01 02:57:21 INFO user login ok
2026-03-01 02:57:24 INFO request handled
2026-03-01 02:57:25 INFO user logout
2026-03-01 02:57:27 INFO request handled
2026-03-01 02:57:28 INFO slow query detected
2026-03-01 02:57:32 INFO invalid token
2026-03-01 02:57:36 INFO request handled
2026-03-01 02:57:38 WARN user login ok
2026-03-01 02:57:40 INFO database timeout
2026-03-01 02:57:44 INFO user login ok
2026-03-01 02:57:46 WARN request handled
2026-03-01 02:57:47 INFO connection reset by peer
2026-03-01 02:57:50 ERROR user logout
2026-03-01 02:57:52 INFO cache hit
2026-03-01 02:57:55 INFO cache hit
2026-03-01 02:57:57 INFO user logout
2026-03-01 02:58:01 INFO user login ok
2026-03-01 02:58:04 INFO cache hit
2026-03-01 02:58:05 INFO user login ok
2026-03-01 02:58:07 WARN user login ok
2026-03-01 02:58:10 INFO user login ok
2026-03-01 02:58:13 INFO user login ok
2026-03-01 02:58:17 INFO user logout
2026-03-01 02:58:20 WARN database timeout
2026-03-01 02:58:21 INFO connection reset by peer
2026-03-01 02:58:24 WARN cache miss
2026-03-01 02:58:28 INFO user login ok
2026-03-01 02:58:29 INFO user login ok
2026-03-01 02:58:31 INFO cache hit
2026-03-01 02:58:33 INFO database timeout
2026-03-01 02:58:34 INFO user logout
2026-03-01 02:58:36 INFO request handled
2026-03-01 02:58:37 WARN slow query detected
2026-03-01 02:58:41 INFO disk usage high
2026-03-01 02:58:42 WARN config reloaded
2026-03-01 02:58:43 INFO cache hit
2026-03-01 02:58:46 INFO cache miss
2026-03-01 02:58:49 INFO cache hit
2026-03-01 02:58:50 INFO user login ok
2026-03-01 02:58:53 INFO user login ok
2026-03-01 02:58:55 INFO connection reset by peer
2026-03-01 02:58:59 INFO user login ok
2026-03-01 02:59:00 INFO user logout
2026-03-01 02:59:02 INFO disk usage high
2026-03-01 02:59:03 INFO user login ok
2026-03-01 02:59:05 INFO disk usage high
### повреждённая строка ###
2026-03-01 02:59:09 INFO cache hit
2026-03-01 02:59:13 INFO user logout
2026-03-01 02:59:16 INFO user logout
2026-03-01 02:59:18 WARN connection reset by peer
2026-03-01 02:59:20 INFO user logout
2026-03-01 02:59:21 INFO user login ok
2026-03-01 02:59:24 WARN user login ok
2026-03-01 02:59:27 INFO user login ok
2026-03-01 02:59:31 INFO cache hit
2026-03-01 02:59:34 INFO user login ok
2026-03-01 02:59:37 INFO user login ok
2026-03-01 02:59:38 INFO invalid token
2026-03-01 02:59:39 INFO cache hit
2026-03-01 02:59:41 INFO user logout
2026-03-01 02:59:44 INFO invalid token
2026-03-01 02:59:46 INFO user login ok
2026-03-01 02:59:47 WARN request handled
2026-03-01 02:59:51 INFO background job finished
2026-03-01 02:59:53 WARN disk usage high
2026-03-01 02:59:56 INFO cache hit
2026-03-01 02:59:58 INFO user login ok
2026-03-01 03:00:00 INFO user logout
2026-03-01 03:00:02 INFO user login ok
2026-03-01 03:00:06 INFO user logout
2026-03-01 03:00:08 ERROR config reloaded
2026-03-01 03:00:11 WARN cache hit
2026-03-01 03:00:14 WARN cache hit
2026-03-01 03:00:18 INFO user logout
2026-03-01 03:00:19 INFO disk usage high
2026-03-01 03:00:20 INFO cache miss
2026-03-01 03:00:21 WARN cache miss
2026-03-01 03:00:22 INFO slow query detected
2026-03-01 03:00:24 INFO user login ok
2026-03-01 03:00:26 INFO disk usage high
2026-03-01 03:00:29 INFO connection reset by peer
2026-03-01 03:00:33 WARN user logout
2026-03-01 03:00:36 INFO user login ok
2026-03-01 03:00:40 ERROR cache hit
2026-03-01 03:00:44 INFO background job finished
2026-03-01 03:00:48 INFO disk usage high
2026-03-01 03:00:52 INFO user login ok
2026-03-01 03:00:54 INFO background job finished
2026-03-01 03:00:58 INFO user logout
2026-03-01 03:01:01 INFO user login ok
2026-03-01 03:01:05 WARN cache miss
2026-03-01 03:01:08 INFO user login ok
2026-03-01 03:01:11 INFO disk usage high
2026-03-01 03:01:15 INFO slow query detected
2026-03-01 03:01:19 WARN user login ok
2026-03-01 03:01:20 INFO database timeout
2026-03-01 03:01:22 INFO database timeout
2026-03-01 03:01:23 INFO database timeout
2026-03-01 03:01:25 INFO config reloaded
2026-03-01 03:01:27 INFO user logout
2026-03-01 03:01:29 INFO cache miss
2026-03-01 03:01:31 INFO disk usage high
2026-03-01 03:01:33 INFO user login ok
2026-03-01 03:01:35 INFO cache hit
2026-03-01 03:01:39 WARN user login ok
2026-03-01 03:01:42 INFO user logout
2026-03-01 03:01:44 INFO cache miss
2026-03-01 03:01:45 WARN user login ok
2026-03-01 03:01:48 INFO background job finished
2026-03-01 03:01:50 INFO slow query detected
2026-03-01 03:01:51 INFO user login ok
2026-03-01 03:01:53 INFO user logout
2026-03-01 03:01:56 INFO database timeout
2026-03-01 03:01:59 INFO connection reset by peer
2026-03-01 03:02:03 INFO slow query detected
2026-03-01 03:02:04 INFO user login ok
2026-03-01 03:02:06 INFO user login ok
2026-03-01 03:02:10 WARN user login ok
2026-03-01 03:02:11 INFO user logout
2026-03-01 03:02:12 INFO user login ok
2026-03-01 03:02:14 INFO connection reset by peer
2026-03-01 03:02:17 INFO user logout
2026-03-01 03:02:20 INFO user login ok
2026-03-01 03:02:23 INFO user login ok
2026-03-01 03:02:27 INFO connection reset by peer
2026-03-01 03:02:29 INFO background job finished
2026-03-01 03:02:30 INFO user logout
2026-03-01 03:02:34 INFO user login ok
2026-03-01 03:02:35 INFO request handled
2026-03-01 03:02:36 INFO user logout
2026-03-01 03:02:37 INFO connection reset by peer
2026-03-01 03:02:41 INFO slow query detected
2026-03-01 03:02:44 INFO invalid token
2026-03-01 03:02:47 INFO user login ok
2026-03-01 03:02:50 INFO background job finished
2026-03-01 03:02:52 INFO config reloaded
2026-03-01 03:02:53 INFO invalid token
2026-03-01 03:02:57 INFO cache hit
2026-03-01 03:02:59 INFO user login ok
2026-03-01 03:03:01 INFO cache hit
2026-03-01 03:03:05 INFO cache miss
2026-03-01 03:03:09 INFO disk usage high
2026-03-01 03:03:10 INFO user login ok
### повреждённая строка ###
2026-03-01 03:03:14 INFO invalid token
2026-03-01 03:03:15 INFO user login ok
2026-03-01 03:03:19 INFO background job finished
2026-03-01 03:03:23 INFO background job finished
2026-03-01 03:03:27 ERROR slow query detected
2026-03-01 03:03:29 INFO disk usage high
2026-03-01 03:03:30 INFO connection reset by peer
2026-03-01 03:03:32 WARN slow query detected
2026-03-01 03:03:34 INFO invalid token
2026-03-01 03:03:37 INFO user login ok
2026-03-01 03:03:38 INFO user login ok
2026-03-01 03:03:40 INFO user login ok
2026-03-01 03:03:43 INFO user login ok
2026-03-01 03:03:44 INFO user login ok
2026-03-01 03:03:47 INFO user logout
2026-03-01 03:03:48 INFO cache miss
2026-03-01 03:03:51 INFO user login ok
2026-03-01 03:03:55 INFO user login ok
2026-03-01 03:03:58 INFO request handled
2026-03-01 03:03:59 INFO background job finished
2026-03-01 03:04:02 INFO disk usage high
2026-03-01 03:04:03 INFO cache hit
2026-03-01 03:04:05 INFO user logout
2026-03-01 03:04:08 INFO cache miss
2026-03-01 03:04:09 INFO user login ok
2026-03-01 03:04:10 INFO disk usage high
2026-03-01 03:04:11 INFO user login ok
2026-03-01 03:04:15 INFO disk usage high
2026-03-01 03:04:18 INFO user login ok
2026-03-01 03:04:20 INFO request handled
2026-03-01 03:04:24 INFO user login ok
2026-03-01 03:04:28 INFO database timeout
2026-03-01 03:04:32 INFO cache hit
2026-03-01 03:04:36 INFO cache miss
2026-03-01 03:04:40 WARN cache miss
2026-03-01 03:04:41 INFO user login ok
2026-03-01 03:04:44 INFO user logout
2026-03-01 03:04:48 INFO user login ok
2026-03-01 03:04:50 ERROR request handled
2026-03-01 03:04:51 INFO user logout
2026-03-01 03:04:52 WARN user login ok
2026-03-01 03:04:55 INFO database timeout
2026-03-01 03:04:59 WARN user login ok
2026-03-01 03:05:02 INFO user login ok
2026-03-01 03:05:06 INFO user logout
2026-03-01 03:05:08 WARN user login ok
2026-03-01 03:05:10 INFO invalid token
2026-03-01 03:05:13 INFO user login ok
2026-03-01 03:05:15 INFO user login ok
2026-03-01 03:05:18 INFO cache miss
2026-03-01 03:05:21 INFO cache miss
2026-03-01 03:05:23 INFO user login ok
2026-03-01 03:05:26 ERROR cache miss
2026-03-01 03:05:29 INFO cache hit
2026-03-01 03:05:31 INFO user login ok
2026-03-01 03:05:33 INFO database timeout
2026-03-01 03:05:36 WARN database timeout
2026-03-01 03:05:39 INFO cache hit
2026-03-01 03:05:42 INFO user login ok
2026-03-01 03:05:43 INFO user login ok
2026-03-01 03:05:45 ERROR cache hit
2026-03-01 03:05:49 INFO user login ok
2026-03-01 03:05:50 INFO connection reset by peer
2026-03-01 03:05:54 INFO user login ok
2026-03-01 03:05:55 ERROR cache hit
2026-03-01 03:05:58 INFO user login ok
2026-03-01 03:06:01 WARN cache hit
2026-03-01 03:06:02 INFO user logout
2026-03-01 03:06:06 INFO user login ok
2026-03-01 03:06:09 INFO user logout
2026-03-01 03:06:13 WARN user logout
2026-03-01 03:06:17 WARN database timeout
2026-03-01 03:06:20 WARN database timeout
2026-03-01 03:06:22 INFO user logout
2026-03-01 03:06:23 INFO invalid token
2026-03-01 03:06:25 ERROR user login ok
2026-03-01 03:06:27 INFO request handled
2026-03-01 03:06:28 INFO user login ok
2026-03-01 03:06:29 INFO config reloaded
2026-03-01 03:06:30 INFO user login ok
2026-03-01 03:06:31 ERROR connection reset by peer
2026-03-01 03:06:32 INFO user login ok
2026-03-01 03:06:35 INFO user login ok
2026-03-01 03:06:39 INFO database timeout
2026-03-01 03:06:40 INFO background job finished
2026-03-01 03:06:41 WARN slow query detected
### повреждённая строка ###
2026-03-01 03:06:48 INFO database timeout
2026-03-01 03:06:49 INFO config reloaded
2026-03-01 03:06:52 INFO disk usage high
2026-03-01 03:06:54 INFO connection reset by peer
2026-03-01 03:06:56 INFO user logout
2026-03-01 03:06:59 INFO request handled
2026-03-01 03:07:01 INFO cache hit
2026-03-01 03:07:03 INFO user login ok
2026-03-01 03:07:06 INFO cache hit
2026-03-01 03:07:10 WARN cache miss
2026-03-01 03:07:14 INFO request handled
2026-03-01 03:07:17 INFO config reloaded
2026-03-01 03:07:18 INFO user login ok
2026-03-01 03:07:22 INFO request handled
2026-03-01 03:07:24 INFO user login ok
2026-03-01 03:07:26 INFO user login ok
2026-03-01 03:07:28 WARN cache hit
2026-03-01 03:07:31 INFO user login ok
2026-03-01 03:07:34 INFO config reloaded
2026-03-01 03:07:35 INFO config reloaded
2026-03-01 03:07:38 INFO database timeout
2026-03-01 03:07:42 INFO invalid token
2026-03-01 03:07:46 INFO user login ok
2026-03-01 03:07:48 INFO background job finished
2026-03-01 03:07:52 INFO database timeout
2026-03-01 03:07:53 INFO user login ok
2026-03-01 03:07:56 INFO config reloaded
2026-03-01 03:07:58 INFO user login ok
2026-03-01 03:07:59 INFO slow query detected
2026-03-01 03:08:01 INFO cache hit
2026-03-01 03:08:05 INFO database timeout
2026-03-01 03:08:09 INFO cache hit
2026-03-01 03:08:11 INFO slow query detected
2026-03-01 03:08:13 INFO disk usage high
2026-03-01 03:08:15 INFO user login ok
2026-03-01 03:08:19 INFO user logout
2026-03-01 03:08:23 INFO request handled
2026-03-01 03:08:26 INFO user login ok
2026-03-01 03:08:30 INFO cache miss
2026-03-01 03:08:33 INFO user login ok
2026-03-01 03:08:35 INFO user login ok
2026-03-01 03:08:37 INFO user login ok
2026-03-01 03:08:39 INFO config reloaded
2026-03-01 03:08:42 INFO disk usage high
2026-03-01 03:08:45 WARN request handled
2026-03-01 03:08:47 WARN background job finished
2026-03-01 03:08:48 WARN cache hit
2026-03-01 03:08:50 WARN cache hit
2026-03-01 03:08:53 INFO user login ok
2026-03-01 03:08:56 ERROR user logout
2026-03-01 03:09:00 INFO disk usage high
### повреждённая строка ###
2026-03-01 03:09:05 INFO user login ok
2026-03-01 03:09:06 INFO background job finished
2026-03-01 03:09:07 INFO database timeout
2026-03-01 03:09:11 INFO connection reset by peer
2026-03-01 03:09:13 INFO database timeout
2026-03-01 03:09:15 INFO user login ok
2026-03-01 03:09:19 ERROR cache miss
2026-03-01 03:09:20 INFO request handled
2026-03-01 03:09:21 INFO cache miss
2026-03-01 03:09:25 INFO database timeout
2026-03-01 03:09:27 INFO user login ok
2026-03-01 03:09:31 INFO invalid token
2026-03-01 03:09:32 INFO user logout
2026-03-01 03:09:36 INFO user login ok
2026-03-01 03:09:38 INFO user login ok
2026-03-01 03:09:41 INFO user login ok
2026-03-01 03:09:43 INFO invalid token
2026-03-01 03:09:47 WARN slow query detected
2026-03-01 03:09:48 INFO slow query detected
2026-03-01 03:09:50 INFO user login ok
2026-03-01 03:09:51 INFO background job finished
2026-03-01 03:09:53 ERROR user login ok
2026-03-01 03:09:54 WARN cache hit
2026-03-01 03:09:56 INFO invalid token
2026-03-01 03:09:59 INFO request handled
2026-03-01 03:10:01 INFO user logout
2026-03-01 03:10:02 INFO connection reset by peer
2026-03-01 03:10:04 WARN user logout
2026-03-01 03:10:07 INFO user login ok
2026-03-01 03:10:10 INFO user logout
2026-03-01 03:10:14 INFO config reloaded
2026-03-01 03:10:15 INFO user login ok
2026-03-01 03:10:16 WARN request handled
2026-03-01 03:10:17 INFO user logout
2026-03-01 03:10:20 INFO database timeout
2026-03-01 03:10:21 INFO slow query detected
2026-03-01 03:10:22 INFO user login ok
2026-03-01 03:10:23 INFO user login ok
2026-03-01 03:10:26 WARN user login ok
2026-03-01 03:10:30 WARN database timeout
2026-03-01 03:10:31 WARN disk usage high
2026-03-01 03:10:35 INFO database timeout
2026-03-01 03:10:37 INFO database timeout
2026-03-01 03:10:38 INFO cache hit
2026-03-01 03:10:42 WARN connection reset by peer
2026-03-01 03:10:45 INFO invalid token
2026-03-01 03:10:47 INFO disk usage high
2026-03-01 03:10:51 INFO cache hit
2026-03-01 03:10:52 INFO cache hit
2026-03-01 03:10:55 INFO user logout
2026-03-01 03:10:58 INFO database timeout
2026-03-01 03:11:00 INFO user logout
2026-03-01 03:11:03 WARN user login ok
2026-03-01 03:11:05 INFO cache hit
2026-03-01 03:11:09 INFO cache hit
2026-03-01 03:11:13 INFO disk usage high
2026-03-01 03:11:16 INFO user login ok
2026-03-01 03:11:18 INFO user login ok
2026-03-01 03:11:20 WARN slow query detected
2026-03-01 03:11:24 INFO user login ok
2026-03-01 03:11:26 INFO request handled
2026-03-01 03:11:29 INFO cache hit
2026-03-01 03:11:30 INFO config reloaded
2026-03-01 03:11:32 INFO connection reset by peer
2026-03-01 03:11:34 INFO user logout
2026-03-01 03:11:38 INFO database timeout
2026-03-01 03:11:42 INFO user login ok
2026-03-01 03:11:43 INFO user login ok
2026-03-01 03:11:47 INFO user login ok
2026-03-01 03:11:48 WARN cache miss
2026-03-01 03:11:49 INFO disk usage high
2026-03-01 03:11:51 INFO cache miss
2026-03-01 03:11:54 INFO user login ok
2026-03-01 03:11:56 INFO config reloaded
2026-03-01 03:12:00 INFO user logout
2026-03-01 03:12:02 INFO connection reset by peer
2026-03-01 03:12:05 INFO cache hit
2026-03-01 03:12:08 INFO request handled
2026-03-01 03:12:09 INFO user login ok
2026-03-01 03:12:12 INFO cache miss
2026-03-01 03:12:16 INFO user login ok
2026-03-01 03:12:19 INFO user login ok
2026-03-01 03:12:22 WARN cache miss
2026-03-01 03:12:26 INFO user logout
2026-03-01 03:12:28 INFO disk usage high
2026-03-01 03:12:32 WARN user login ok
2026-03-01 03:12:33 INFO cache hit
2026-03-01 03:12:37 INFO cache miss
2026-03-01 03:12:38 INFO connection reset by peer
2026-03-01 03:12:39 INFO request handled
2026-03-01 03:12:43 INFO request handled
2026-03-01 03:12:44 INFO request handled
2026-03-01 03:12:45 INFO slow query detected
2026-03-01 03:12:49 INFO slow query detected
2026-03-01 03:12:52 INFO cache hit
2026-03-01 03:12:54 INFO user login ok
2026-03-01 03:12:57 INFO request handled
2026-03-01 03:12:59 WARN config reloaded
2026-03-01 03:13:03 INFO request handled
2026-03-01 03:13:05 WARN cache miss
2026-03-01 03:13:08 WARN user login ok
2026-03-01 03:13:09 INFO cache miss
2026-03-01 03:13:10 ERROR user logout
2026-03-01 03:13:12 INFO cache hit
2026-03-01 03:13:13 INFO connection reset by peer
2026-03-01 03:13:16 INFO user login ok
2026-03-01 03:13:20 INFO cache hit
2026-03-01 03:13:23 INFO user login ok
2026-03-01 03:13:27 WARN connection reset by peer
2026-03-01 03:13:31 INFO background job finished
2026-03-01 03:13:33 INFO user logout
2026-03-01 03:13:36 INFO user login ok
2026-03-01 03:13:40 INFO background job finished
2026-03-01 03:13:42 INFO background job finished
2026-03-01 03:13:46 INFO user login ok
2026-03-01 03:13:47 INFO user login ok
2026-03-01 03:13:49 INFO user logout
2026-03-01 03:13:50 WARN request handled
2026-03-01 03:13:53 INFO disk usage high
2026-03-01 03:13:57 INFO user logout
2026-03-01 03:13:59 INFO user logout
2026-03-01 03:14:02 INFO database timeout
2026-03-01 03:14:05 WARN request handled
2026-03-01 03:14:09 INFO connection reset by peer
2026-03-01 03:14:11 INFO request handled
2026-03-01 03:14:13 INFO cache hit
2026-03-01 03:14:17 INFO user login ok
2026-03-01 03:14:18 INFO user logout
2026-03-01 03:14:21 INFO request handled
2026-03-01 03:14:24 ERROR user login ok
2026-03-01 03:14:25 INFO user login ok
2026-03-01 03:14:26 INFO user login ok
2026-03-01 03:14:29 WARN cache miss
2026-03-01 03:14:33 WARN database timeout
2026-03-01 03:14:37 INFO config reloaded
2026-03-01 03:14:38 INFO slow query detected
2026-03-01 03:14:42 INFO request handled
2026-03-01 03:14:45 WARN user login ok
2026-03-01 03:14:49 INFO slow query detected
2026-03-01 03:14:51 INFO invalid token
2026-03-01 03:14:55 INFO disk usage high
2026-03-01 03:14:57 INFO user logout
2026-03-01 03:14:59 INFO user logout
2026-03-01 03:15:00 INFO slow query detected
2026-03-01 03:15:01 ERROR connection reset by peer
2026-03-01 03:15:05 INFO user login ok
2026-03-01 03:15:09 INFO connection reset by peer
2026-03-01 03:15:13 INFO user logout
2026-03-01 03:15:16 INFO user login ok
2026-03-01 03:15:17 INFO user logout
2026-03-01 03:15:19 INFO disk usage high
2026-03-01 03:15:23 INFO background job finished
2026-03-01 03:15:26 INFO user login ok
2026-03-01 03:15:29 INFO cache hit
2026-03-01 03:15:31 INFO disk usage high
2026-03-01 03:15:33 INFO request handled
2026-03-01 03:15:35 INFO config reloaded
2026-03-01 03:15:36 INFO cache miss
2026-03-01 03:15:37 INFO background job finished
2026-03-01 03:15:38 INFO user logout
2026-03-01 03:15:39 INFO slow query detected
2026-03-01 03:15:42 INFO user logout
2026-03-01 03:15:43 INFO config reloaded
2026-03-01 03:15:46 ERROR background job finished
2026-03-01 03:15:48 INFO background job finished
2026-03-01 03:15:52 INFO user logout
2026-03-01 03:15:56 INFO user login ok
2026-03-01 03:15:58 INFO user login ok
2026-03-01 03:16:01 INFO user logout
2026-03-01 03:16:02 INFO background job finished
2026-03-01 03:16:05 ERROR user logout
2026-03-01 03:16:08 INFO user login ok
2026-03-01 03:16:12 INFO cache miss
2026-03-01 03:16:14 INFO disk usage high
2026-03-01 03:16:15 INFO background job finished
2026-03-01 03:16:18 WARN cache hit
2026-03-01 03:16:22 INFO cache miss
2026-03-01 03:16:24 INFO user login ok
2026-03-01 03:16:27 INFO cache hit
2026-03-01 03:16:29 WARN slow query detected
2026-03-01 03:16:33 INFO disk usage high
2026-03-01 03:16:36 WARN slow query detected
2026-03-01 03:16:39 WARN invalid token
2026-03-01 03:16:43 ERROR user logout
2026-03-01 03:16:47 INFO connection reset by peer
2026-03-01 03:16:50 WARN user login ok
2026-03-01 03:16:53 INFO slow query detected
2026-03-01 03:16:54 INFO user login ok
2026-03-01 03:16:57 INFO slow query detected
2026-03-01 03:16:58 INFO cache miss
### повреждённая строка ###
2026-03-01 03:17:00 INFO cache hit
2026-03-01 03:17:02 INFO user login ok
### повреждённая строка ###
2026-03-01 03:17:07 INFO config reloaded
2026-03-01 03:17:08 INFO user login ok
2026-03-01 03:17:09 WARN disk usage high
2026-03-01 03:17:10 INFO cache hit
2026-03-01 03:17:14 INFO user login ok
2026-03-01 03:17:16 INFO user logout
2026-03-01 03:17:18 INFO database timeout
2026-03-01 03:17:20 INFO cache miss
2026-03-01 03:17:23 INFO database timeout
2026-03-01 03:17:24 INFO request handled
2026-03-01 03:17:26 INFO user login ok
2026-03-01 03:17:28 INFO user login ok
2026-03-01 03:17:31 INFO slow query detected
2026-03-01 03:17:33 INFO cache hit
2026-03-01 03:17:34 INFO user logout
2026-03-01 03:17:37 INFO user logout
2026-03-01 03:17:40 INFO background job finished
2026-03-01 03:17:43 INFO user login ok
### повреждённая строка ###
2026-03-01 03:17:50 INFO user login ok
2026-03-01 03:17:53 INFO slow query detected
2026-03-01 03:17:56 INFO background job finished
2026-03-01 03:17:58 INFO user logout
2026-03-01 03:18:00 INFO request handled
2026-03-01 03:18:01 INFO cache hit
2026-03-01 03:18:04 INFO cache hit
2026-03-01 03:18:05 INFO connection reset by peer
2026-03-01 03:18:07 INFO user logout
2026-03-01 03:18:10 INFO connection reset by peer
2026-03-01 03:18:14 INFO user login ok
2026-03-01 03:18:18 WARN cache hit
2026-03-01 03:18:21 WARN user login ok
2026-03-01 03:18:25 WARN cache miss
2026-03-01 03:18:28 INFO slow query detected
2026-03-01 03:18:31 INFO cache miss
2026-03-01 03:18:33 INFO cache hit
2026-03-01 03:18:37 ERROR user login ok
2026-03-01 03:18:38 INFO user logout
2026-03-01 03:18:42 INFO user login ok
2026-03-01 03:18:46 INFO request handled
2026-03-01 03:18:47 INFO user login ok
2026-03-01 03:18:48 INFO disk usage high
2026-03-01 03:18:51 INFO user logout
2026-03-01 03:18:55 WARN invalid token
2026-03-01 03:18:58 INFO user login ok
2026-03-01 03:19:01 INFO user login ok
2026-03-01 03:19:02 INFO user login ok
2026-03-01 03:19:04 WARN slow query detected
2026-03-01 03:19:08 INFO user login ok
2026-03-01 03:19:10 INFO user logout
2026-03-01 03:19:12 INFO cache hit
2026-03-01 03:19:16 INFO slow query detected
2026-03-01 03:19:17 INFO user login ok
2026-03-01 03:19:19 ERROR cache miss
2026-03-01 03:19:23 INFO request handled
2026-03-01 03:19:24 INFO user logout
2026-03-01 03:19:28 INFO user login ok
2026-03-01 03:19:32 INFO user logout
2026-03-01 03:19:33 INFO user login ok
2026-03-01 03:19:35 INFO connection reset by peer
2026-03-01 03:19:38 INFO user logout
2026-03-01 03:19:41 INFO cache hit
2026-03-01 03:19:43 WARN cache miss
2026-03-01 03:19:44 WARN user login ok
2026-03-01 03:19:46 INFO slow query detected
2026-03-01 03:19:47 WARN cache hit
2026-03-01 03:19:49 INFO cache miss
2026-03-01 03:19:52 INFO user logout
2026-03-01 03:19:53 INFO invalid token
2026-03-01 03:19:54 INFO config reloaded
2026-03-01 03:19:57 INFO database timeout
2026-03-01 03:19:58 INFO connection reset by peer
2026-03-01 03:20:01 INFO connection reset by peer
2026-03-01 03:20:03 INFO user logout
2026-03-01 03:20:04 INFO background job finished
2026-03-01 03:20:05 WARN user login ok
2026-03-01 03:20:06 WARN config reloaded
2026-03-01 03:20:07 INFO database timeout
2026-03-01 03:20:10 ERROR cache hit
2026-03-01 03:20:12 INFO request handled
2026-03-01 03:20:14 INFO request handled
2026-03-01 03:20:16 INFO cache hit
2026-03-01 03:20:20 INFO slow query detected
2026-03-01 03:20:21 WARN database timeout
2026-03-01 03:20:23 WARN user login ok
2026-03-01 03:20:27 INFO user login ok
2026-03-01 03:20:29 INFO config reloaded
### повреждённая строка ###
2026-03-01 03:20:34 INFO user login ok
2026-03-01 03:20:37 INFO cache hit
2026-03-01 03:20:40 INFO user login ok
2026-03-01 03:20:41 INFO background job finished
2026-03-01 03:20:45 INFO cache hit
2026-03-01 03:20:47 INFO request handled
2026-03-01 03:20:50 ERROR user login ok
2026-03-01 03:20:54 INFO connection reset by peer
2026-03-01 03:20:55 INFO request handled
2026-03-01 03:20:59 INFO background job finished
2026-03-01 03:21:02 INFO user login ok
2026-03-01 03:21:06 INFO user login ok
2026-03-01 03:21:07 WARN user login ok
2026-03-01 03:21:09 INFO disk usage high
2026-03-01 03:21:12 WARN user login ok
2026-03-01 03:21:14 INFO cache miss
2026-03-01 03:21:17 INFO user login ok
2026-03-01 03:21:21 INFO slow query detected
2026-03-01 03:21:23 INFO cache miss
2026-03-01 03:21:26 INFO user login ok
2026-03-01 03:21:28 INFO config reloaded
2026-03-01 03:21:29 WARN disk usage high
2026-03-01 03:21:32 INFO slow query detected
2026-03-01 03:21:34 WARN user login ok
2026-03-01 03:21:35 INFO request handled
2026-03-01 03:21:39 INFO invalid token
2026-03-01 03:21:40 WARN cache miss
2026-03-01 03:21:41 INFO disk usage high
2026-03-01 03:21:44 WARN user login ok
2026-03-01 03:21:45 INFO cache miss
2026-03-01 03:21:46 ERROR database timeout
2026-03-01 03:21:47 INFO cache hit
2026-03-01 03:21:49 WARN cache miss
2026-03-01 03:21:53 WARN user logout
2026-03-01 03:21:56 INFO slow query detected
2026-03-01 03:21:59 INFO user logout
2026-03-01 03:22:03 INFO cache miss
2026-03-01 03:22:05 WARN cache hit
2026-03-01 03:22:07 INFO user logout
2026-03-01 03:22:11 INFO cache hit
2026-03-01 03:22:12 INFO slow query detected
2026-03-01 03:22:14 INFO user login ok
2026-03-01 03:22:18 INFO user login ok
2026-03-01 03:22:20 INFO database timeout
2026-03-01 03:22:23 INFO request handled
2026-03-01 03:22:25 WARN database timeout
2026-03-01 03:22:28 INFO user login ok
2026-03-01 03:22:31 WARN user login ok
2026-03-01 03:22:34 INFO cache hit
2026-03-01 03:22:38 INFO cache hit
2026-03-01 03:22:39 INFO slow query detected
2026-03-01 03:22:40 INFO user login ok
2026-03-01 03:22:44 INFO slow query detected
2026-03-01 03:22:48 INFO cache miss
2026-03-01 03:22:50 WARN user login ok
2026-03-01 03:22:53 INFO user login ok
2026-03-01 03:22:55 INFO connection reset by peer
2026-03-01 03:22:58 INFO slow query detected
2026-03-01 03:23:02 INFO user login ok
2026-03-01 03:23:04 ERROR invalid token
2026-03-01 03:23:05 INFO slow query detected
2026-03-01 03:23:07 INFO user logout
2026-03-01 03:23:11 WARN request handled
2026-03-01 03:23:13 INFO user login ok
2026-03-01 03:23:16 INFO user login ok
2026-03-01 03:23:17 INFO invalid token
2026-03-01 03:23:18 INFO cache hit
2026-03-01 03:23:22 INFO user login ok
2026-03-01 03:23:23 INFO slow query detected
2026-03-01 03:23:27 INFO connection reset by peer
2026-03-01 03:23:31 INFO user logout
2026-03-01 03:23:34 WARN config reloaded
2026-03-01 03:23:35 INFO user login ok
2026-03-01 03:23:37 INFO user logout
2026-03-01 03:23:40 INFO config reloaded
2026-03-01 03:23:41 INFO config reloaded
2026-03-01 03:23:43 INFO config reloaded
2026-03-01 03:23:44 INFO slow query detected
2026-03-01 03:23:48 INFO user login ok
2026-03-01 03:23:51 INFO user logout
2026-03-01 03:23:55 INFO cache hit
2026-03-01 03:23:58 INFO cache hit
2026-03-01 03:24:00 INFO cache miss
2026-03-01 03:24:01 WARN user login ok
2026-03-01 03:24:04 INFO cache hit
2026-03-01 03:24:08 INFO disk usage high
2026-03-01 03:24:10 INFO cache miss
2026-03-01 03:24:12 INFO user logout
2026-03-01 03:24:13 WARN disk usage high
2026-03-01 03:24:15 INFO user login ok
2026-03-01 03:24:17 INFO request handled
2026-03-01 03:24:20 INFO slow query detected
2026-03-01 03:24:21 INFO background job finished
2026-03-01 03:24:23 WARN background job finished
2026-03-01 03:24:25 WARN cache miss
2026-03-01 03:24:28 WARN invalid token
2026-03-01 03:24:32 ERROR user login ok
2026-03-01 03:24:33 ERROR cache hit
2026-03-01 03:24:35 INFO user login ok
2026-03-01 03:24:38 INFO user login ok
2026-03-01 03:24:40 INFO user logout
2026-03-01 03:24:42 INFO slow query detected
2026-03-01 03:24:46 INFO user logout
2026-03-01 03:24:49 INFO background job finished
2026-03-01 03:24:50 INFO invalid token
### повреждённая строка ###
2026-03-01 03:24:55 INFO user login ok
2026-03-01 03:24:56 WARN database timeout
2026-03-01 03:24:58 INFO user login ok
2026-03-01 03:24:59 INFO cache miss
2026-03-01 03:25:00 WARN background job finished
2026-03-01 03:25:03 INFO invalid token
2026-03-01 03:25:07 INFO disk usage high
2026-03-01 03:25:10 INFO disk usage high
2026-03-01 03:25:14 INFO invalid token
2026-03-01 03:25:17 INFO config reloaded
2026-03-01 03:25:18 INFO user login ok
2026-03-01 03:25:19 INFO cache hit
2026-03-01 03:25:23 INFO user logout
2026-03-01 03:25:26 INFO slow query detected
2026-03-01 03:25:29 INFO connection reset by peer
2026-03-01 03:25:32 ERROR user login ok
2026-03-01 03:25:36 INFO user login ok
2026-03-01 03:25:37 INFO user logout
2026-03-01 03:25:40 INFO cache hit
2026-03-01 03:25:44 INFO user logout
2026-03-01 03:25:48 INFO cache miss
2026-03-01 03:25:51 INFO cache miss
2026-03-01 03:25:55 WARN cache hit
2026-03-01 03:25:56 INFO invalid token
2026-03-01 03:25:59 INFO connection reset by peer
2026-03-01 03:26:02 INFO user login ok
2026-03-01 03:26:04 INFO slow query detected
2026-03-01 03:26:06 INFO cache hit
2026-03-01 03:26:10 WARN user login ok
2026-03-01 03:26:12 ERROR cache hit
2026-03-01 03:26:14 INFO user login ok
2026-03-01 03:26:15 INFO cache hit
2026-03-01 03:26:16 INFO background job finished
2026-03-01 03:26:18 INFO user login ok
2026-03-01 03:26:20 INFO connection reset by peer
2026-03-01 03:26:21 INFO user login ok
2026-03-01 03:26:23 INFO slow query detected
2026-03-01 03:26:26 INFO connection reset by peer
2026-03-01 03:26:29 INFO invalid token
2026-03-01 03:26:30 WARN user login ok
2026-03-01 03:26:31 INFO user login ok
2026-03-01 03:26:35 ERROR cache hit
2026-03-01 03:26:38 INFO slow query detected
2026-03-01 03:26:40 WARN user logout
2026-03-01 03:26:41 INFO user login ok
2026-03-01 03:26:43 INFO user logout
2026-03-01 03:26:46 INFO cache miss
2026-03-01 03:26:49 WARN slow query detected
2026-03-01 03:26:52 INFO cache miss
2026-03-01 03:26:55 INFO request handled
### повреждённая строка ###
2026-03-01 03:26:59 INFO cache miss
2026-03-01 03:27:02 INFO request handled
2026-03-01 03:27:05 INFO request handled
2026-03-01 03:27:09 INFO user logout
2026-03-01 03:27:11 INFO slow query detected
2026-03-01 03:27:15 INFO config reloaded
2026-03-01 03:27:19 INFO cache miss
2026-03-01 03:27:20 INFO cache miss
2026-03-01 03:27:21 ERROR user login ok
2026-03-01 03:27:23 WARN user login ok
2026-03-01 03:27:26 INFO cache hit
2026-03-01 03:27:28 INFO user logout
2026-03-01 03:27:29 WARN database timeout
2026-03-01 03:27:33 WARN connection reset by peer
2026-03-01 03:27:37 WARN user login ok
2026-03-01 03:27:40 WARN user login ok
2026-03-01 03:27:44 INFO request handled
2026-03-01 03:27:46 INFO cache miss
2026-03-01 03:27:47 INFO cache miss
2026-03-01 03:27:51 INFO user login ok
2026-03-01 03:27:54 INFO cache miss
2026-03-01 03:27:55 INFO user logout
2026-03-01 03:27:56 ERROR invalid token
2026-03-01 03:28:00 INFO slow query detected
2026-03-01 03:28:04 INFO user logout
2026-03-01 03:28:08 INFO cache hit
2026-03-01 03:28:10 INFO background job finished
2026-03-01 03:28:12 INFO config reloaded
2026-03-01 03:28:15 INFO cache hit
2026-03-01 03:28:19 INFO user login ok
2026-03-01 03:28:21 INFO user logout
2026-03-01 03:28:22 INFO request handled
2026-03-01 03:28:26 INFO cache hit
2026-03-01 03:28:29 ERROR user login ok
2026-03-01 03:28:32 INFO request handled
2026-03-01 03:28:36 INFO cache miss
2026-03-01 03:28:39 INFO user login ok
2026-03-01 03:28:42 INFO user login ok
2026-03-01 03:28:44 INFO disk usage high
2026-03-01 03:28:47 INFO cache hit
2026-03-01 03:28:51 INFO user logout
2026-03-01 03:28:54 INFO slow query detected
2026-03-01 03:28:57 INFO disk usage high
2026-03-01 03:29:01 INFO request handled
2026-03-01 03:29:02 INFO cache miss
2026-03-01 03:29:04 INFO user logout
2026-03-01 03:29:06 INFO request handled
2026-03-01 03:29:10 INFO user login ok
2026-03-01 03:29:12 INFO user login ok
2026-03-01 03:29:16 INFO disk usage high
2026-03-01 03:29:19 INFO cache miss
2026-03-01 03:29:22 INFO user logout
2026-03-01 03:29:24 INFO request handled
2026-03-01 03:29:25 INFO request handled
2026-03-01 03:29:26 INFO connection reset by peer
2026-03-01 03:29:28 INFO user login ok
2026-03-01 03:29:32 INFO user login ok
2026-03-01 03:29:35 INFO background job finished
2026-03-01 03:29:39 INFO user login ok
2026-03-01 03:29:41 INFO invalid token
2026-03-01 03:29:42 INFO disk usage high
2026-03-01 03:29:46 ERROR user logout
2026-03-01 03:29:50 INFO user login ok
2026-03-01 03:29:54 INFO config reloaded
2026-03-01 03:29:58 WARN connection reset by peer
2026-03-01 03:30:02 INFO config reloaded
2026-03-01 03:30:06 INFO request handled
2026-03-01 03:30:08 INFO user login ok
2026-03-01 03:30:10 INFO user logout
2026-03-01 03:30:13 INFO cache hit
2026-03-01 03:30:14 ERROR slow query detected
2026-03-01 03:30:15 WARN cache hit
2026-03-01 03:30:19 INFO slow query detected
2026-03-01 03:30:23 WARN cache hit
2026-03-01 03:30:26 INFO database timeout
2026-03-01 03:30:30 INFO invalid token
2026-03-01 03:30:34 INFO user login ok
2026-03-01 03:30:38 INFO user logout
2026-03-01 03:30:41 INFO cache miss
2026-03-01 03:30:42 INFO cache hit
2026-03-01 03:30:43 WARN request handled
2026-03-01 03:30:44 WARN cache miss
2026-03-01 03:30:45 INFO request handled
2026-03-01 03:30:46 INFO user logout
2026-03-01 03:30:49 INFO request handled
2026-03-01 03:30:52 INFO user logout
2026-03-01 03:30:54 ERROR cache miss
2026-03-01 03:30:57 INFO invalid token
2026-03-01 03:31:00 INFO user logout
2026-03-01 03:31:03 WARN cache miss
2026-03-01 03:31:07 INFO user logout
2026-03-01 03:31:09 INFO background job finished
2026-03-01 03:31:10 WARN connection reset by peer
2026-03-01 03:31:11 INFO invalid token
### повреждённая строка ###
2026-03-01 03:31:15 INFO slow query detected
2026-03-01 03:31:19 INFO config reloaded
2026-03-01 03:31:21 ERROR user login ok
2026-03-01 03:31:25 INFO slow query detected
2026-03-01 03:31:26 INFO disk usage high
2026-03-01 03:31:27 INFO cache hit
2026-03-01 03:31:28 INFO user login ok
2026-03-01 03:31:31 INFO user login ok
2026-03-01 03:31:34 INFO user logout
2026-03-01 03:31:35 INFO database timeout
### повреждённая строка ###
2026-03-01 03:31:38 INFO user logout
2026-03-01 03:31:42 INFO request handled
2026-03-01 03:31:45 INFO database timeout
2026-03-01 03:31:46 WARN user login ok
2026-03-01 03:31:47 INFO user login ok
2026-03-01 03:31:48 WARN user login ok
2026-03-01 03:31:50 INFO user login ok
2026-03-01 03:31:51 INFO user login ok
2026-03-01 03:31:55 INFO disk usage high
2026-03-01 03:31:58 WARN user login ok
2026-03-01 03:32:00 WARN user logout
2026-03-01 03:32:03 ERROR user logout
2026-03-01 03:32:07 WARN background job finished
2026-03-01 03:32:09 INFO request handled
2026-03-01 03:32:11 INFO database timeout
2026-03-01 03:32:13 INFO user login ok
2026-03-01 03:32:15 INFO user login ok
2026-03-01 03:32:18 INFO config reloaded
2026-03-01 03:32:22 INFO user logout
2026-03-01 03:32:23 INFO disk usage high
2026-03-01 03:32:27 INFO user login ok
2026-03-01 03:32:31 INFO user login ok
2026-03-01 03:32:34 INFO cache hit
2026-03-01 03:32:38 INFO user login ok
2026-03-01 03:32:41 WARN user login ok
2026-03-01 03:32:45 WARN cache miss
2026-03-01 03:32:46 INFO slow query detected
2026-03-01 03:32:50 INFO user login ok
2026-03-01 03:32:52 INFO user login ok
2026-03-01 03:32:53 INFO database timeout
2026-03-01 03:32:55 INFO cache miss
2026-03-01 03:32:56 INFO disk usage high
2026-03-01 03:32:57 INFO cache hit
2026-03-01 03:33:01 INFO slow query detected
2026-03-01 03:33:03 ERROR user login ok
2026-03-01 03:33:06 WARN user login ok
2026-03-01 03:33:10 INFO disk usage high
2026-03-01 03:33:13 INFO cache hit
2026-03-01 03:33:17 INFO config reloaded
2026-03-01 03:33:20 INFO user login ok
2026-03-01 03:33:22 INFO connection reset by peer
2026-03-01 03:33:25 INFO user login ok
2026-03-01 03:33:29 INFO cache miss
2026-03-01 03:33:32 WARN config reloaded
2026-03-01 03:33:35 INFO connection reset by peer
2026-03-01 03:33:39 INFO user login ok
2026-03-01 03:33:41 INFO user login ok
2026-03-01 03:33:45 INFO user login ok
2026-03-01 03:33:47 INFO cache miss
2026-03-01 03:33:48 INFO user login ok
2026-03-01 03:33:51 INFO disk usage high
2026-03-01 03:33:55 INFO background job finished
2026-03-01 03:33:58 WARN connection reset by peer
2026-03-01 03:34:02 WARN user logout
2026-03-01 03:34:03 INFO user logout
2026-03-01 03:34:06 INFO disk usage high
2026-03-01 03:34:09 INFO user logout
2026-03-01 03:34:13 INFO cache hit
2026-03-01 03:34:14 INFO request handled
2026-03-01 03:34:15 INFO user login ok
2026-03-01 03:34:17 INFO user login ok
2026-03-01 03:34:18 INFO cache hit
2026-03-01 03:34:19 INFO user login ok
2026-03-01 03:34:22 INFO database timeout
2026-03-01 03:34:23 INFO connection reset by peer
2026-03-01 03:34:26 ERROR user login ok
2026-03-01 03:34:29 INFO user login ok
2026-03-01 03:34:32 WARN cache miss
2026-03-01 03:34:33 INFO user login ok
### повреждённая строка ###
2026-03-01 03:34:39 WARN slow query detected
2026-03-01 03:34:42 INFO user login ok
2026-03-01 03:34:44 INFO user logout
2026-03-01 03:34:45 INFO user logout
2026-03-01 03:34:49 INFO database timeout
2026-03-01 03:34:50 ERROR cache miss
2026-03-01 03:34:52 INFO user logout
2026-03-01 03:34:55 INFO database timeout
2026-03-01 03:34:58 INFO cache miss
2026-03-01 03:34:59 INFO user login ok
2026-03-01 03:35:01 INFO invalid token
2026-03-01 03:35:03 INFO connection reset by peer
2026-03-01 03:35:06 INFO user login ok
2026-03-01 03:35:10 INFO user login ok
2026-03-01 03:35:12 INFO slow query detected
2026-03-01 03:35:16 INFO user logout
2026-03-01 03:35:18 INFO user login ok
2026-03-01 03:35:19 INFO user login ok
2026-03-01 03:35:23 INFO slow query detected
2026-03-01 03:35:26 INFO user logout
2026-03-01 03:35:28 INFO background job finished
2026-03-01 03:35:32 INFO request handled
2026-03-01 03:35:33 WARN user logout
2026-03-01 03:35:35 ERROR user logout
2026-03-01 03:35:37 INFO connection reset by peer
2026-03-01 03:35:38 INFO user login ok
2026-03-01 03:35:39 INFO slow query detected
2026-03-01 03:35:40 INFO config reloaded
2026-03-01 03:35:41 INFO user logout
2026-03-01 03:35:42 WARN user login ok
2026-03-01 03:35:44 INFO user login ok
2026-03-01 03:35:48 WARN user login ok
2026-03-01 03:35:50 ERROR user login ok
2026-03-01 03:35:52 INFO database timeout
2026-03-01 03:35:54 WARN cache hit
2026-03-01 03:35:56 INFO background job finished
2026-03-01 03:35:59 INFO user login ok
2026-03-01 03:36:01 ERROR config reloaded
2026-03-01 03:36:02 INFO database timeout
2026-03-01 03:36:03 INFO connection reset by peer
2026-03-01 03:36:05 INFO user logout
2026-03-01 03:36:08 WARN database timeout
2026-03-01 03:36:12 INFO connection reset by peer
2026-03-01 03:36:16 INFO user login ok
2026-03-01 03:36:17 INFO config reloaded
2026-03-01 03:36:19 INFO cache miss
2026-03-01 03:36:22 INFO background job finished
2026-03-01 03:36:26 INFO user login ok
2026-03-01 03:36:27 WARN connection reset by peer
2026-03-01 03:36:30 INFO invalid token
2026-03-01 03:36:33 INFO user logout
2026-03-01 03:36:35 INFO user logout
2026-03-01 03:36:37 INFO user logout
2026-03-01 03:36:39 WARN user login ok
2026-03-01 03:36:42 INFO slow query detected
2026-03-01 03:36:44 INFO request handled
2026-03-01 03:36:45 INFO config reloaded
2026-03-01 03:36:47 WARN user login ok
2026-03-01 03:36:49 WARN cache hit
2026-03-01 03:36:53 INFO disk usage high
2026-03-01 03:36:55 ERROR user logout
2026-03-01 03:36:56 INFO database timeout
2026-03-01 03:36:58 INFO user login ok
2026-03-01 03:37:00 INFO request handled
2026-03-01 03:37:03 INFO cache miss
2026-03-01 03:37:04 INFO user login ok
2026-03-01 03:37:08 INFO user login ok
2026-03-01 03:37:12 INFO cache miss
2026-03-01 03:37:13 INFO user login ok
2026-03-01 03:37:15 INFO cache hit
2026-03-01 03:37:18 WARN request handled
2026-03-01 03:37:22 INFO cache hit
2026-03-01 03:37:24 INFO user login ok
2026-03-01 03:37:25 INFO background job finished
2026-03-01 03:37:26 INFO user login ok
2026-03-01 03:37:27 INFO user login ok
2026-03-01 03:37:30 INFO request handled
2026-03-01 03:37:32 INFO invalid token
2026-03-01 03:37:35 INFO user login ok
2026-03-01 03:37:38 INFO user login ok
2026-03-01 03:37:40 INFO user logout
2026-03-01 03:37:44 INFO user login ok
2026-03-01 03:37:46 INFO user logout
2026-03-01 03:37:50 INFO disk usage high
2026-03-01 03:37:51 WARN cache miss
2026-03-01 03:37:53 WARN disk usage high
2026-03-01 03:37:56 WARN user login ok
2026-03-01 03:37:59 INFO cache hit
2026-03-01 03:38:01 ERROR request handled
2026-03-01 03:38:02 INFO user login ok
2026-03-01 03:38:05 INFO connection reset by peer
2026-03-01 03:38:08 ERROR request handled
2026-03-01 03:38:12 INFO user login ok
2026-03-01 03:38:15 INFO user login ok
2026-03-01 03:38:16 INFO slow query detected
2026-03-01 03:38:19 INFO user login ok
2026-03-01 03:38:23 INFO database timeout
2026-03-01 03:38:27 INFO user logout
2026-03-01 03:38:31 INFO user login ok
2026-03-01 03:38:35 INFO disk usage high
2026-03-01 03:38:36 INFO background job finished
2026-03-01 03:38:39 INFO request handled
2026-03-01 03:38:43 INFO cache hit
2026-03-01 03:38:44 WARN user login ok
2026-03-01 03:38:47 WARN database timeout
2026-03-01 03:38:49 INFO connection reset by peer
2026-03-01 03:38:53 INFO cache miss
2026-03-01 03:38:55 INFO database timeout
2026-03-01 03:38:57 INFO user login ok
2026-03-01 03:39:01 INFO invalid token
2026-03-01 03:39:04 INFO user login ok
2026-03-01 03:39:05 INFO slow query detected
2026-03-01 03:39:07 INFO user login ok
2026-03-01 03:39:10 INFO user logout
2026-03-01 03:39:14 INFO user login ok
2026-03-01 03:39:17 INFO config reloaded
2026-03-01 03:39:21 INFO user login ok
2026-03-01 03:39:25 WARN user login ok
2026-03-01 03:39:29 INFO user login ok
2026-03-01 03:39:30 INFO user login ok
2026-03-01 03:39:32 INFO cache hit
2026-03-01 03:39:35 WARN user login ok
2026-03-01 03:39:36 INFO connection reset by peer
2026-03-01 03:39:40 INFO user login ok
2026-03-01 03:39:44 INFO user login ok
2026-03-01 03:39:46 INFO request handled
2026-03-01 03:39:50 INFO connection reset by peer
2026-03-01 03:39:53 INFO user login ok
2026-03-01 03:39:57 INFO user login ok
2026-03-01 03:39:58 INFO user login ok
2026-03-01 03:39:59 INFO user login ok
2026-03-01 03:40:01 WARN connection reset by peer
2026-03-01 03:40:02 ERROR background job finished
2026-03-01 03:40:05 INFO cache hit
2026-03-01 03:40:08 INFO user logout
2026-03-01 03:40:10 ERROR cache miss
2026-03-01 03:40:11 WARN user logout
2026-03-01 03:40:13 INFO invalid token
2026-03-01 03:40:16 INFO cache miss
2026-03-01 03:40:20 INFO user login ok
2026-03-01 03:40:21 INFO slow query detected
2026-03-01 03:40:22 INFO user login ok
2026-03-01 03:40:25 WARN cache miss
2026-03-01 03:40:27 INFO disk usage high
2026-03-01 03:40:28 INFO user login ok
2026-03-01 03:40:29 INFO connection reset by peer
2026-03-01 03:40:30 INFO database timeout
2026-03-01 03:40:33 INFO slow query detected
2026-03-01 03:40:35 INFO connection reset by peer
2026-03-01 03:40:37 WARN background job finished
2026-03-01 03:40:40 INFO disk usage high
2026-03-01 03:40:42 INFO user login ok
2026-03-01 03:40:43 INFO disk usage high
2026-03-01 03:40:46 INFO database timeout
2026-03-01 03:40:50 INFO slow query detected
2026-03-01 03:40:51 INFO user login ok
2026-03-01 03:40:55 INFO user login ok
2026-03-01 03:40:58 INFO slow query detected
2026-03-01 03:41:02 INFO config reloaded
2026-03-01 03:41:05 INFO connection reset by peer
2026-03-01 03:41:08 WARN cache miss
2026-03-01 03:41:10 WARN user logout
2026-03-01 03:41:11 INFO user login ok
2026-03-01 03:41:13 INFO user logout
2026-03-01 03:41:16 INFO invalid token
2026-03-01 03:41:17 INFO database timeout
2026-03-01 03:41:21 INFO connection reset by peer
### повреждённая строка ###
2026-03-01 03:41:26 INFO slow query detected
2026-03-01 03:41:27 INFO cache hit
2026-03-01 03:41:30 INFO slow query detected
2026-03-01 03:41:33 INFO user login ok
2026-03-01 03:41:34 INFO user login ok
2026-03-01 03:41:36 INFO user logout
2026-03-01 03:41:37 WARN invalid token
2026-03-01 03:41:38 INFO request handled
2026-03-01 03:41:39 INFO cache miss
2026-03-01 03:41:42 INFO user login ok
2026-03-01 03:41:43 INFO database timeout
2026-03-01 03:41:45 INFO cache hit
2026-03-01 03:41:49 INFO connection reset by peer
2026-03-01 03:41:50 INFO config reloaded
2026-03-01 03:41:53 INFO cache hit
2026-03-01 03:41:55 INFO user login ok
2026-03-01 03:41:58 ERROR slow query detected
2026-03-01 03:41:59 INFO cache miss
2026-03-01 03:42:01 INFO user login ok
2026-03-01 03:42:03 WARN user logout
2026-03-01 03:42:07 INFO user login ok
2026-03-01 03:42:10 INFO cache hit
2026-03-01 03:42:13 INFO user login ok
2026-03-01 03:42:15 INFO connection reset by peer
2026-03-01 03:42:16 INFO cache hit
2026-03-01 03:42:20 ERROR cache hit
2026-03-01 03:42:23 INFO cache miss
2026-03-01 03:42:27 INFO user login ok
2026-03-01 03:42:29 INFO user login ok
2026-03-01 03:42:31 INFO user login ok
2026-03-01 03:42:35 INFO user logout
2026-03-01 03:42:36 INFO background job finished
2026-03-01 03:42:40 INFO cache miss
2026-03-01 03:42:44 INFO user login ok
2026-03-01 03:42:47 INFO user login ok
2026-03-01 03:42:50 INFO user login ok
2026-03-01 03:42:52 WARN user login ok
2026-03-01 03:42:55 INFO cache miss
2026-03-01 03:42:59 INFO user login ok
2026-03-01 03:43:03 INFO database timeout
2026-03-01 03:43:07 INFO request handled
2026-03-01 03:43:09 INFO cache miss
2026-03-01 03:43:12 WARN database timeout
2026-03-01 03:43:14 WARN user login ok
2026-03-01 03:43:15 WARN user login ok
2026-03-01 03:43:16 ERROR background job finished
2026-03-01 03:43:17 INFO cache hit
2026-03-01 03:43:20 INFO user login ok
2026-03-01 03:43:23 WARN user login ok
2026-03-01 03:43:27 INFO slow query detected
2026-03-01 03:43:29 WARN invalid token
2026-03-01 03:43:33 INFO user login ok
2026-03-01 03:43:36 INFO user logout
2026-03-01 03:43:40 INFO database timeout
2026-03-01 03:43:42 INFO user logout
2026-03-01 03:43:43 INFO background job finished
2026-03-01 03:43:45 ERROR user login ok
2026-03-01 03:43:49 WARN user login ok
2026-03-01 03:43:51 INFO user login ok
2026-03-01 03:43:52 WARN cache hit
2026-03-01 03:43:53 INFO user login ok
2026-03-01 03:43:56 INFO cache hit
2026-03-01 03:44:00 INFO user login ok
2026-03-01 03:44:03 WARN cache hit
2026-03-01 03:44:07 WARN user login ok
2026-03-01 03:44:09 INFO user login ok
2026-03-01 03:44:13 INFO user login ok
2026-03-01 03:44:17 INFO disk usage high
2026-03-01 03:44:21 ERROR cache miss
2026-03-01 03:44:23 INFO user login ok
2026-03-01 03:44:24 INFO database timeout
2026-03-01 03:44:26 INFO disk usage high
2026-03-01 03:44:29 INFO user login ok
2026-03-01 03:44:33 WARN user login ok
2026-03-01 03:44:36 INFO cache miss
2026-03-01 03:44:38 INFO disk usage high
2026-03-01 03:44:41 WARN cache hit
2026-03-01 03:44:42 INFO database timeout
2026-03-01 03:44:46 INFO slow query detected
2026-03-01 03:44:47 WARN slow query detected
2026-03-01 03:44:50 INFO user login ok
2026-03-01 03:44:53 INFO cache hit
2026-03-01 03:44:57 INFO background job finished
2026-03-01 03:45:00 INFO connection reset by peer
2026-03-01 03:45:02 INFO user login ok
2026-03-01 03:45:04 INFO slow query detected
2026-03-01 03:45:07 INFO user login ok
2026-03-01 03:45:11 INFO user login ok
2026-03-01 03:45:15 INFO user login ok
2026-03-01 03:45:16 ERROR database timeout
2026-03-01 03:45:19 INFO user logout
2026-03-01 03:45:23 ERROR user login ok
2026-03-01 03:45:26 INFO cache hit
2026-03-01 03:45:28 INFO disk usage high
2026-03-01 03:45:30 INFO invalid token
2026-03-01 03:45:34 INFO user logout
2026-03-01 03:45:38 INFO user login ok
2026-03-01 03:45:41 INFO user logout
2026-03-01 03:45:43 WARN user login ok
2026-03-01 03:45:47 INFO connection reset by peer
2026-03-01 03:45:51 INFO cache miss
2026-03-01 03:45:53 INFO cache miss
2026-03-01 03:45:54 INFO slow query detected
2026-03-01 03:45:57 INFO disk usage high
2026-03-01 03:46:01 INFO user login ok
2026-03-01 03:46:05 ERROR user login ok
2026-03-01 03:46:07 WARN disk usage high
2026-03-01 03:46:09 INFO user login ok
2026-03-01 03:46:12 INFO database timeout
2026-03-01 03:46:14 INFO config reloaded
2026-03-01 03:46:16 WARN user login ok
2026-03-01 03:46:19 INFO user login ok
2026-03-01 03:46:21 INFO database timeout
2026-03-01 03:46:22 INFO config reloaded
2026-03-01 03:46:24 INFO cache hit
2026-03-01 03:46:28 INFO config reloaded
2026-03-01 03:46:30 ERROR user login ok
2026-03-01 03:46:33 WARN user logout
2026-03-01 03:46:34 INFO slow query detected
2026-03-01 03:46:38 WARN config reloaded
2026-03-01 03:46:40 INFO user logout
2026-03-01 03:46:41 INFO cache miss
2026-03-01 03:46:43 INFO user logout
2026-03-01 03:46:44 WARN user login ok
2026-03-01 03:46:48 INFO disk usage high
2026-03-01 03:46:49 INFO cache hit
2026-03-01 03:46:50 WARN user login ok
2026-03-01 03:46:52 INFO disk usage high
2026-03-01 03:46:54 INFO disk usage high
2026-03-01 03:46:55 INFO user login ok
2026-03-01 03:46:57 INFO user logout
2026-03-01 03:46:58 WARN disk usage high
2026-03-01 03:46:59 INFO user login ok
2026-03-01 03:47:00 INFO request handled
2026-03-01 03:47:03 INFO disk usage high
2026-03-01 03:47:05 INFO user login ok
2026-03-01 03:47:07 INFO user login ok
2026-03-01 03:47:09 INFO database timeout
2026-03-01 03:47:12 INFO cache miss
2026-03-01 03:47:14 INFO cache miss
2026-03-01 03:47:18 INFO database timeout
2026-03-01 03:47:19 INFO user logout
2026-03-01 03:47:22 WARN invalid token
2026-03-01 03:47:23 WARN user login ok
2026-03-01 03:47:24 WARN user login ok
2026-03-01 03:47:25 WARN user logout
2026-03-01 03:47:26 INFO request handled
2026-03-01 03:47:28 INFO cache hit
2026-03-01 03:47:30 INFO cache miss
2026-03-01 03:47:33 INFO user logout
2026-03-01 03:47:36 INFO cache miss
2026-03-01 03:47:40 INFO user login ok
2026-03-01 03:47:41 INFO cache hit
2026-03-01 03:47:43 INFO user login ok
2026-03-01 03:47:46 INFO user logout
2026-03-01 03:47:50 INFO cache miss
2026-03-01 03:47:54 WARN cache hit
2026-03-01 03:47:55 INFO cache hit
2026-03-01 03:47:58 INFO user login ok
2026-03-01 03:48:01 INFO user login ok
2026-03-01 03:48:03 INFO user logout
2026-03-01 03:48:06 INFO connection reset by peer
2026-03-01 03:48:08 INFO user logout
2026-03-01 03:48:09 WARN cache hit
2026-03-01 03:48:13 INFO cache miss
2026-03-01 03:48:17 INFO database timeout
2026-03-01 03:48:18 INFO background job finished
2026-03-01 03:48:20 INFO database timeout
2026-03-01 03:48:23 INFO cache hit
2026-03-01 03:48:24 INFO invalid token
2026-03-01 03:48:25 INFO user login ok
2026-03-01 03:48:26 INFO connection reset by peer
2026-03-01 03:48:30 INFO user login ok
2026-03-01 03:48:32 INFO user login ok
2026-03-01 03:48:33 INFO config reloaded
2026-03-01 03:48:36 INFO database timeout
2026-03-01 03:48:38 INFO cache hit
2026-03-01 03:48:40 INFO cache hit
2026-03-01 03:48:41 WARN user login ok
2026-03-01 03:48:44 INFO connection reset by peer
2026-03-01 03:48:45 INFO user login ok
2026-03-01 03:48:47 INFO invalid token
2026-03-01 03:48:51 INFO user login ok
2026-03-01 03:48:55 WARN user login ok
2026-03-01 03:48:57 INFO user login ok
2026-03-01 03:48:59 INFO user login ok
2026-03-01 03:49:03 INFO user login ok
2026-03-01 03:49:06 INFO user login ok
2026-03-01 03:49:07 INFO user login ok
2026-03-01 03:49:09 INFO cache hit
2026-03-01 03:49:11 INFO config reloaded
2026-03-01 03:49:15 WARN user login ok
2026-03-01 03:49:17 INFO cache miss
2026-03-01 03:49:20 INFO slow query detected
2026-03-01 03:49:23 INFO invalid token
2026-03-01 03:49:26 ERROR user logout
2026-03-01 03:49:27 ERROR cache miss
2026-03-01 03:49:29 INFO user logout
2026-03-01 03:49:33 WARN user logout
2026-03-01 03:49:36 INFO user login ok
2026-03-01 03:49:38 INFO user login ok
2026-03-01 03:49:41 WARN user login ok
2026-03-01 03:49:42 INFO user login ok
2026-03-01 03:49:43 INFO disk usage high
2026-03-01 03:49:47 INFO user login ok
2026-03-01 03:49:49 INFO user login ok
2026-03-01 03:49:51 INFO user login ok
2026-03-01 03:49:53 INFO slow query detected
2026-03-01 03:49:56 INFO cache miss
2026-03-01 03:49:58 INFO user logout
2026-03-01 03:50:02 INFO disk usage high
2026-03-01 03:50:03 WARN user logout
### повреждённая строка ###
2026-03-01 03:50:08 INFO user logout
2026-03-01 03:50:11 INFO user login ok
2026-03-01 03:50:15 INFO cache hit
2026-03-01 03:50:17 INFO user login ok
2026-03-01 03:50:20 INFO user login ok
2026-03-01 03:50:22 INFO disk usage high
2026-03-01 03:50:23 INFO user login ok
2026-03-01 03:50:24 INFO cache hit
2026-03-01 03:50:25 INFO user logout
2026-03-01 03:50:26 INFO request handled
2026-03-01 03:50:30 INFO slow query detected
2026-03-01 03:50:34 INFO user logout
2026-03-01 03:50:38 INFO user login ok
2026-03-01 03:50:42 INFO user login ok
2026-03-01 03:50:44 WARN user login ok
2026-03-01 03:50:45 INFO user logout
2026-03-01 03:50:47 INFO user login ok
2026-03-01 03:50:51 WARN user login ok
2026-03-01 03:50:55 INFO user login ok
2026-03-01 03:50:59 WARN background job finished
2026-03-01 03:51:03 INFO cache miss
2026-03-01 03:51:04 WARN user login ok
2026-03-01 03:51:07 INFO user login ok
2026-03-01 03:51:09 INFO user login ok
2026-03-01 03:51:11 INFO user login ok
2026-03-01 03:51:15 WARN cache miss
2026-03-01 03:51:17 INFO user login ok
2026-03-01 03:51:19 INFO user login ok
2026-03-01 03:51:23 INFO user logout
2026-03-01 03:51:26 ERROR user login ok
2026-03-01 03:51:27 INFO user logout
2026-03-01 03:51:30 INFO request handled
2026-03-01 03:51:32 INFO cache miss
2026-03-01 03:51:36 INFO user logout
2026-03-01 03:51:39 INFO connection reset by peer
2026-03-01 03:51:43 INFO user login ok
2026-03-01 03:51:47 INFO cache miss
2026-03-01 03:51:48 INFO user login ok
2026-03-01 03:51:49 INFO user logout
2026-03-01 03:51:50 INFO user login ok
2026-03-01 03:51:53 INFO background job finished
2026-03-01 03:51:57 INFO config reloaded
2026-03-01 03:52:01 INFO database timeout
2026-03-01 03:52:03 WARN user login ok
2026-03-01 03:52:04 INFO connection reset by peer
2026-03-01 03:52:05 INFO request handled
2026-03-01 03:52:06 INFO user login ok
2026-03-01 03:52:09 INFO connection reset by peer
2026-03-01 03:52:13 WARN connection reset by peer
2026-03-01 03:52:16 INFO cache hit
2026-03-01 03:52:19 ERROR user login ok
2026-03-01 03:52:22 WARN user login ok
2026-03-01 03:52:26 WARN user login ok
2026-03-01 03:52:28 INFO disk usage high
2026-03-01 03:52:30 INFO user logout
2026-03-01 03:52:33 INFO config reloaded
2026-03-01 03:52:36 INFO config reloaded
2026-03-01 03:52:38 INFO user login ok
2026-03-01 03:52:39 INFO slow query detected
2026-03-01 03:52:43 INFO user logout
2026-03-01 03:52:44 INFO cache miss
2026-03-01 03:52:47 INFO cache hit
2026-03-01 03:52:48 INFO request handled
2026-03-01 03:52:49 INFO request handled
2026-03-01 03:52:52 WARN user logout
2026-03-01 03:52:56 ERROR user login ok
2026-03-01 03:52:57 INFO user login ok
2026-03-01 03:52:58 WARN connection reset by peer
2026-03-01 03:53:02 INFO user logout
2026-03-01 03:53:04 INFO user login ok
2026-03-01 03:53:05 INFO background job finished
2026-03-01 03:53:08 INFO cache hit
2026-03-01 03:53:11 WARN disk usage high
2026-03-01 03:53:14 INFO disk usage high
2026-03-01 03:53:18 INFO user logout
2026-03-01 03:53:21 ERROR user login ok
2026-03-01 03:53:25 INFO database timeout
2026-03-01 03:53:28 INFO disk usage high
2026-03-01 03:53:31 INFO connection reset by peer
2026-03-01 03:53:32 INFO user logout
2026-03-01 03:53:36 INFO user login ok
2026-03-01 03:53:39 INFO disk usage high
2026-03-01 03:53:41 INFO user logout
2026-03-01 03:53:42 WARN user login ok
2026-03-01 03:53:44 INFO user login ok
2026-03-01 03:53:47 WARN cache miss
2026-03-01 03:53:48 INFO user login ok
2026-03-01 03:53:52 INFO request handled
2026-03-01 03:53:54 ERROR user login ok
2026-03-01 03:53:55 INFO user logout
2026-03-01 03:53:57 WARN invalid token
2026-03-01 03:53:58 INFO database timeout
2026-03-01 03:54:01 INFO user login ok
2026-03-01 03:54:04 INFO user logout
2026-03-01 03:54:08 INFO user logout
2026-03-01 03:54:12 INFO database timeout
2026-03-01 03:54:13 INFO cache hit
2026-03-01 03:54:16 INFO user logout
2026-03-01 03:54:19 INFO user login ok
2026-03-01 03:54:20 WARN cache miss
2026-03-01 03:54:22 INFO connection reset by peer
2026-03-01 03:54:23 INFO slow query detected
2026-03-01 03:54:24 INFO connection reset by peer
2026-03-01 03:54:27 INFO user logout
2026-03-01 03:54:31 INFO cache hit
2026-03-01 03:54:34 INFO user logout
2026-03-01 03:54:35 INFO cache hit
2026-03-01 03:54:37 INFO cache miss
2026-03-01 03:54:38 WARN background job finished
2026-03-01 03:54:40 WARN user login ok
2026-03-01 03:54:41 INFO slow query detected
2026-03-01 03:54:44 INFO request handled
2026-03-01 03:54:48 INFO connection reset by peer
2026-03-01 03:54:51 INFO user login ok
2026-03-01 03:54:54 INFO background job finished
2026-03-01 03:54:55 INFO user login ok
2026-03-01 03:54:57 INFO cache hit
2026-03-01 03:54:58 INFO slow query detected
2026-03-01 03:55:01 INFO background job finished
2026-03-01 03:55:04 WARN user login ok
2026-03-01 03:55:08 INFO cache hit
2026-03-01 03:55:10 INFO request handled
2026-03-01 03:55:11 INFO cache hit
2026-03-01 03:55:12 INFO user login ok
2026-03-01 03:55:15 INFO user login ok
2026-03-01 03:55:19 WARN disk usage high
2026-03-01 03:55:23 WARN user login ok
2026-03-01 03:55:24 INFO connection reset by peer
2026-03-01 03:55:26 INFO config reloaded
2026-03-01 03:55:29 INFO user login ok
2026-03-01 03:55:31 INFO slow query detected
2026-03-01 03:55:32 INFO slow query detected
2026-03-01 03:55:33 INFO user logout
2026-03-01 03:55:37 INFO cache miss
2026-03-01 03:55:38 INFO user login ok
2026-03-01 03:55:40 INFO user login ok
2026-03-01 03:55:41 INFO cache hit
2026-03-01 03:55:44 INFO user login ok
2026-03-01 03:55:47 ERROR cache miss
2026-03-01 03:55:48 INFO connection reset by peer
2026-03-01 03:55:49 INFO slow query detected
2026-03-01 03:55:50 INFO connection reset by peer
2026-03-01 03:55:53 INFO config reloaded
2026-03-01 03:55:57 INFO cache hit
2026-03-01 03:56:00 INFO user logout
2026-03-01 03:56:01 WARN user login ok
2026-03-01 03:56:04 INFO user login ok
2026-03-01 03:56:05 WARN user login ok
2026-03-01 03:56:07 INFO user logout
2026-03-01 03:56:08 INFO user login ok
2026-03-01 03:56:12 INFO slow query detected
2026-03-01 03:56:13 WARN invalid token
2026-03-01 03:56:15 INFO user login ok
2026-03-01 03:56:18 INFO user logout
2026-03-01 03:56:22 INFO cache hit
2026-03-01 03:56:23 INFO cache hit
2026-03-01 03:56:24 ERROR database timeout
2026-03-01 03:56:25 INFO slow query detected
2026-03-01 03:56:27 WARN request handled
2026-03-01 03:56:28 INFO request handled
2026-03-01 03:56:30 INFO user login ok
2026-03-01 03:56:32 INFO user logout
2026-03-01 03:56:34 INFO user login ok
2026-03-01 03:56:37 INFO user login ok
2026-03-01 03:56:41 INFO user login ok
2026-03-01 03:56:44 ERROR cache miss
2026-03-01 03:56:47 INFO cache miss
2026-03-01 03:56:48 WARN user login ok
2026-03-01 03:56:50 INFO user login ok
2026-03-01 03:56:53 INFO disk usage high
2026-03-01 03:56:54 INFO connection reset by peer
2026-03-01 03:56:55 INFO user login ok
2026-03-01 03:56:59 ERROR user login ok
2026-03-01 03:57:03 INFO user login ok
2026-03-01 03:57:06 INFO user login ok
2026-03-01 03:57:07 INFO user logout
2026-03-01 03:57:08 WARN database timeout
2026-03-01 03:57:11 INFO cache hit
2026-03-01 03:57:13 ERROR config reloaded
2026-03-01 03:57:17 INFO database timeout
2026-03-01 03:57:19 INFO user login ok
2026-03-01 03:57:20 INFO connection reset by peer
2026-03-01 03:57:22 INFO background job finished
2026-03-01 03:57:23 ERROR user login ok
2026-03-01 03:57:24 INFO cache hit
2026-03-01 03:57:27 INFO user logout
2026-03-01 03:57:28 INFO request handled
2026-03-01 03:57:29 WARN user logout
2026-03-01 03:57:30 INFO cache miss
2026-03-01 03:57:34 WARN connection reset by peer
2026-03-01 03:57:38 INFO request handled
2026-03-01 03:57:40 INFO user login ok
2026-03-01 03:57:43 INFO database timeout
2026-03-01 03:57:44 INFO user logout
2026-03-01 03:57:47 ERROR user login ok
2026-03-01 03:57:51 INFO slow query detected
2026-03-01 03:57:52 INFO database timeout
2026-03-01 03:57:55 INFO request handled
2026-03-01 03:57:56 INFO user login ok
2026-03-01 03:57:59 INFO user login ok
2026-03-01 03:58:02 INFO user login ok
2026-03-01 03:58:03 INFO slow query detected
2026-03-01 03:58:06 INFO invalid token
2026-03-01 03:58:08 WARN database timeout
2026-03-01 03:58:09 INFO cache miss
2026-03-01 03:58:13 INFO user logout
2026-03-01 03:58:15 WARN request handled
2026-03-01 03:58:16 INFO user logout
2026-03-01 03:58:19 INFO background job finished
2026-03-01 03:58:23 INFO user login ok
2026-03-01 03:58:25 INFO slow query detected
2026-03-01 03:58:28 INFO user logout
2026-03-01 03:58:32 INFO user login ok
2026-03-01 03:58:35 WARN user login ok
2026-03-01 03:58:36 WARN user login ok
2026-03-01 03:58:37 INFO cache hit
2026-03-01 03:58:40 INFO cache miss
2026-03-01 03:58:43 INFO cache miss
2026-03-01 03:58:45 INFO config reloaded
2026-03-01 03:58:47 INFO user login ok
2026-03-01 03:58:49 INFO user login ok
2026-03-01 03:58:50 INFO connection reset by peer
2026-03-01 03:58:52 INFO user login ok
2026-03-01 03:58:53 INFO user login ok
2026-03-01 03:58:57 WARN slow query detected
2026-03-01 03:58:58 INFO slow query detected
2026-03-01 03:59:00 WARN request handled
2026-03-01 03:59:04 INFO user login ok
2026-03-01 03:59:06 INFO invalid token
2026-03-01 03:59:09 INFO invalid token
2026-03-01 03:59:10 INFO cache hit
2026-03-01 03:59:12 INFO user login ok
2026-03-01 03:59:15 INFO background job finished
2026-03-01 03:59:16 WARN database timeout
2026-03-01 03:59:20 INFO cache miss
2026-03-01 03:59:22 INFO user login ok
2026-03-01 03:59:24 INFO cache hit
2026-03-01 03:59:27 INFO user login ok
2026-03-01 03:59:28 WARN config reloaded
2026-03-01 03:59:29 INFO user logout
2026-03-01 03:59:33 WARN user login ok
2026-03-01 03:59:34 WARN user login ok
2026-03-01 03:59:38 INFO user login ok
2026-03-01 03:59:40 INFO user login ok
2026-03-01 03:59:43 INFO user login ok
### повреждённая строка ###
### повреждённая строка ###
2026-03-01 03:59:53 INFO background job finished
2026-03-01 03:59:55 INFO cache hit
2026-03-01 03:59:57 INFO config reloaded
2026-03-01 03:59:58 INFO connection reset by peer
2026-03-01 03:59:59 INFO user login ok
2026-03-01 04:00:00 WARN cache miss
2026-03-01 04:00:04 INFO user logout
2026-03-01 04:00:07 INFO cache hit
2026-03-01 04:00:11 WARN cache hit
2026-03-01 04:00:13 INFO user login ok
2026-03-01 04:00:14 INFO slow query detected
2026-03-01 04:00:16 INFO cache hit
2026-03-01 04:00:20 ERROR user login ok
2026-03-01 04:00:24 INFO connection reset by peer
2026-03-01 04:00:26 INFO user login ok
2026-03-01 04:00:30 INFO slow query detected
2026-03-01 04:00:33 INFO user logout
2026-03-01 04:00:36 INFO invalid token
2026-03-01 04:00:40 INFO cache hit
2026-03-01 04:00:42 INFO request handled
2026-03-01 04:00:43 INFO cache miss
2026-03-01 04:00:45 INFO slow query detected
2026-03-01 04:00:48 WARN disk usage high
2026-03-01 04:00:50 INFO request handled
2026-03-01 04:00:51 INFO cache miss
2026-03-01 04:00:52 INFO user logout
2026-03-01 04:00:53 INFO user login ok
2026-03-01 04:00:55 WARN config reloaded
2026-03-01 04:00:57 WARN request handled
2026-03-01 04:00:59 INFO config reloaded
2026-03-01 04:01:03 INFO user login ok
2026-03-01 04:01:06 WARN user login ok
2026-03-01 04:01:09 INFO user logout
2026-03-01 04:01:11 INFO background job finished
2026-03-01 04:01:15 WARN user logout
### повреждённая строка ###
2026-03-01 04:01:20 INFO user logout
2026-03-01 04:01:22 INFO user login ok
2026-03-01 04:01:24 WARN config reloaded
2026-03-01 04:01:28 ERROR connection reset by peer
2026-03-01 04:01:29 INFO config reloaded
2026-03-01 04:01:33 ERROR user login ok
2026-03-01 04:01:37 INFO user logout
2026-03-01 04:01:40 INFO user login ok
2026-03-01 04:01:44 WARN cache miss
2026-03-01 04:01:47 WARN cache miss
2026-03-01 04:01:50 INFO user logout
2026-03-01 04:01:51 INFO cache miss
2026-03-01 04:01:53 INFO user login ok
2026-03-01 04:01:57 INFO user login ok
2026-03-01 04:01:58 INFO cache miss
2026-03-01 04:01:59 INFO cache hit
2026-03-01 04:02:03 WARN database timeout
### повреждённая строка ###
2026-03-01 04:02:08 INFO config reloaded
2026-03-01 04:02:10 INFO user login ok
2026-03-01 04:02:14 INFO user logout
2026-03-01 04:02:15 INFO invalid token
2026-03-01 04:02:17 INFO slow query detected
2026-03-01 04:02:18 INFO cache hit
2026-03-01 04:02:19 ERROR invalid token
2026-03-01 04:02:23 INFO user logout
2026-03-01 04:02:27 INFO slow query detected
2026-03-01 04:02:28 INFO user login ok
2026-03-01 04:02:29 INFO connection reset by peer
2026-03-01 04:02:33 INFO user login ok
2026-03-01 04:02:36 INFO background job finished
2026-03-01 04:02:40 INFO user logout
2026-03-01 04:02:42 INFO user login ok
2026-03-01 04:02:44 INFO config reloaded
2026-03-01 04:02:45 INFO cache miss
2026-03-01 04:02:47 INFO user login ok
2026-03-01 04:02:48 INFO user login ok
2026-03-01 04:02:50 INFO cache hit
### повреждённая строка ###
2026-03-01 04:02:58 WARN cache hit
2026-03-01 04:03:02 INFO disk usage high
2026-03-01 04:03:04 INFO cache miss
2026-03-01 04:03:08 INFO request handled
2026-03-01 04:03:12 INFO cache hit
2026-03-01 04:03:15 INFO cache miss
2026-03-01 04:03:19 INFO request handled
2026-03-01 04:03:22 WARN user login ok
2026-03-01 04:03:23 WARN background job finished
2026-03-01 04:03:24 ERROR cache hit
2026-03-01 04:03:25 INFO cache miss
2026-03-01 04:03:27 INFO user login ok
2026-03-01 04:03:30 INFO user logout
2026-03-01 04:03:33 INFO user login ok
2026-03-01 04:03:36 INFO user logout
2026-03-01 04:03:38 INFO request handled
2026-03-01 04:03:40 WARN request handled
2026-03-01 04:03:41 INFO cache miss
2026-03-01 04:03:45 WARN connection reset by peer
2026-03-01 04:03:48 INFO invalid token
2026-03-01 04:03:51 INFO config reloaded
2026-03-01 04:03:55 INFO user logout
2026-03-01 04:03:58 WARN user login ok
2026-03-01 04:03:59 INFO cache hit
2026-03-01 04:04:02 INFO request handled
2026-03-01 04:04:03 WARN database timeout
2026-03-01 04:04:05 INFO database timeout
2026-03-01 04:04:06 INFO disk usage high
2026-03-01 04:04:09 INFO slow query detected
2026-03-01 04:04:13 INFO cache miss
2026-03-01 04:04:14 INFO cache hit
2026-03-01 04:04:17 INFO request handled
2026-03-01 04:04:19 WARN request handled
2026-03-01 04:04:21 ERROR user login ok
2026-03-01 04:04:23 INFO slow query detected
2026-03-01 04:04:27 INFO cache hit
2026-03-01 04:04:28 INFO user login ok
2026-03-01 04:04:29 INFO cache hit
2026-03-01 04:04:32 WARN invalid token
2026-03-01 04:04:36 INFO cache hit
2026-03-01 04:04:37 INFO user login ok
2026-03-01 04:04:40 INFO request handled
2026-03-01 04:04:44 INFO user logout
2026-03-01 04:04:46 INFO database timeout
2026-03-01 04:04:50 ERROR user login ok
2026-03-01 04:04:51 WARN user login ok
2026-03-01 04:04:54 INFO user login ok
2026-03-01 04:04:57 INFO cache hit
2026-03-01 04:05:01 INFO cache miss
2026-03-01 04:05:05 INFO user login ok
2026-03-01 04:05:09 INFO user login ok
2026-03-01 04:05:12 INFO disk usage high
2026-03-01 04:05:16 INFO background job finished
2026-03-01 04:05:18 INFO cache miss
2026-03-01 04:05:21 INFO connection reset by peer
2026-03-01 04:05:23 INFO cache hit
2026-03-01 04:05:26 INFO user login ok
2026-03-01 04:05:28 INFO user login ok
2026-03-01 04:05:29 WARN connection reset by peer
2026-03-01 04:05:32 INFO database timeout
2026-03-01 04:05:33 INFO disk usage high
2026-03-01 04:05:36 INFO user login ok
2026-03-01 04:05:38 INFO cache hit
2026-03-01 04:05:42 INFO disk usage high
2026-03-01 04:05:43 WARN connection reset by peer
2026-03-01 04:05:46 INFO cache hit
2026-03-01 04:05:47 INFO request handled
2026-03-01 04:05:50 WARN cache hit
2026-03-01 04:05:51 INFO user login ok
2026-03-01 04:05:54 WARN request handled
2026-03-01 04:05:58 INFO disk usage high
2026-03-01 04:06:01 INFO user logout
### повреждённая строка ###
2026-03-01 04:06:07 INFO cache miss
2026-03-01 04:06:10 INFO user login ok
2026-03-01 04:06:13 INFO cache hit
2026-03-01 04:06:17 INFO request handled
2026-03-01 04:06:20 WARN cache hit
2026-03-01 04:06:21 INFO user logout
2026-03-01 04:06:25 WARN cache hit
2026-03-01 04:06:27 INFO request handled
2026-03-01 04:06:30 INFO request handled
2026-03-01 04:06:34 WARN cache miss
2026-03-01 04:06:38 INFO slow query detected
2026-03-01 04:06:40 INFO connection reset by peer
2026-03-01 04:06:41 INFO cache hit
2026-03-01 04:06:44 INFO user logout
2026-03-01 04:06:46 ERROR disk usage high
2026-03-01 04:06:49 INFO user login ok
2026-03-01 04:06:52 WARN user login ok
2026-03-01 04:06:53 INFO connection reset by peer
2026-03-01 04:06:56 INFO user logout
2026-03-01 04:06:58 INFO invalid token
2026-03-01 04:06:59 INFO user login ok
2026-03-01 04:07:01 INFO user login ok
2026-03-01 04:07:02 INFO request handled
2026-03-01 04:07:05 INFO request handled
2026-03-01 04:07:08 INFO cache hit
2026-03-01 04:07:09 INFO user login ok
2026-03-01 04:07:13 INFO cache miss
2026-03-01 04:07:15 INFO config reloaded
2026-03-01 04:07:16 INFO background job finished
2026-03-01 04:07:17 INFO invalid token
2026-03-01 04:07:21 INFO user login ok
2026-03-01 04:07:22 INFO cache miss
2026-03-01 04:07:23 INFO slow query detected
2026-03-01 04:07:27 INFO cache miss
2026-03-01 04:07:31 INFO user logout
2026-03-01 04:07:34 INFO slow query detected
2026-03-01 04:07:35 INFO user login ok
2026-03-01 04:07:38 WARN user login ok
2026-03-01 04:07:39 INFO user login ok
2026-03-01 04:07:43 INFO cache hit
2026-03-01 04:07:45 INFO cache hit
2026-03-01 04:07:47 INFO invalid token
2026-03-01 04:07:49 INFO user login ok
2026-03-01 04:07:51 INFO user login ok
2026-03-01 04:07:55 INFO user login ok
2026-03-01 04:07:56 INFO user logout
2026-03-01 04:07:59 INFO user login ok
2026-03-01 04:08:01 INFO background job finished
2026-03-01 04:08:02 INFO config reloaded
2026-03-01 04:08:04 INFO connection reset by peer
2026-03-01 04:08:07 ERROR user login ok
2026-03-01 04:08:11 INFO user logout
2026-03-01 04:08:14 INFO request handled
2026-03-01 04:08:16 INFO slow query detected
2026-03-01 04:08:20 INFO user login ok
2026-03-01 04:08:22 WARN invalid token
2026-03-01 04:08:24 INFO cache miss
2026-03-01 04:08:25 INFO invalid token
2026-03-01 04:08:28 INFO invalid token
2026-03-01 04:08:30 WARN config reloaded
2026-03-01 04:08:31 INFO database timeout
2026-03-01 04:08:33 INFO user logout
2026-03-01 04:08:37 INFO user login ok
2026-03-01 04:08:40 WARN user login ok
2026-03-01 04:08:42 INFO database timeout
2026-03-01 04:08:44 INFO disk usage high
2026-03-01 04:08:45 INFO slow query detected
2026-03-01 04:08:46 INFO user logout
2026-03-01 04:08:48 INFO user login ok
2026-03-01 04:08:52 WARN user login ok
2026-03-01 04:08:53 INFO invalid token
2026-03-01 04:08:57 INFO invalid token
2026-03-01 04:09:01 INFO request handled
2026-03-01 04:09:03 INFO cache hit
2026-03-01 04:09:04 INFO cache miss
2026-03-01 04:09:05 ERROR connection reset by peer
2026-03-01 04:09:06 INFO user login ok
2026-03-01 04:09:09 ERROR user login ok
2026-03-01 04:09:13 INFO request handled
2026-03-01 04:09:14 INFO request handled
2026-03-01 04:09:16 ERROR background job finished
2026-03-01 04:09:17 INFO slow query detected
2026-03-01 04:09:21 WARN cache hit
2026-03-01 04:09:24 WARN connection reset by peer
2026-03-01 04:09:25 INFO cache hit
2026-03-01 04:09:26 INFO user login ok
2026-03-01 04:09:29 INFO config reloaded
2026-03-01 04:09:30 INFO user login ok
2026-03-01 04:09:32 INFO user logout
2026-03-01 04:09:35 INFO user login ok
2026-03-01 04:09:38 INFO background job finished
2026-03-01 04:09:40 INFO user login ok
2026-03-01 04:09:41 WARN config reloaded
2026-03-01 04:09:45 INFO database timeout
2026-03-01 04:09:46 INFO user login ok
2026-03-01 04:09:49 INFO background job finished
2026-03-01 04:09:50 ERROR invalid token
2026-03-01 04:09:53 WARN user login ok
2026-03-01 04:09:54 WARN user login ok
2026-03-01 04:09:55 ERROR connection reset by peer
2026-03-01 04:09:57 INFO cache miss
2026-03-01 04:10:00 INFO disk usage high
2026-03-01 04:10:03 INFO user login ok
2026-03-01 04:10:07 INFO user login ok
2026-03-01 04:10:09 INFO background job finished
2026-03-01 04:10:10 WARN database timeout
2026-03-01 04:10:11 INFO slow query detected
2026-03-01 04:10:15 INFO user login ok
2026-03-01 04:10:16 WARN request handled
2026-03-01 04:10:20 INFO request handled
2026-03-01 04:10:22 WARN connection reset by peer
2026-03-01 04:10:26 INFO background job finished
2026-03-01 04:10:27 INFO user logout
2026-03-01 04:10:31 INFO slow query detected
2026-03-01 04:10:33 INFO request handled
2026-03-01 04:10:37 WARN config reloaded
2026-03-01 04:10:40 INFO cache hit
2026-03-01 04:10:43 INFO user logout
2026-03-01 04:10:44 WARN user login ok
2026-03-01 04:10:45 INFO user login ok
2026-03-01 04:10:48 INFO cache miss
2026-03-01 04:10:52 INFO user login ok
2026-03-01 04:10:55 INFO cache miss
2026-03-01 04:10:57 INFO slow query detected
2026-03-01 04:10:59 INFO user login ok
2026-03-01 04:11:03 INFO user login ok
2026-03-01 04:11:07 INFO config reloaded
2026-03-01 04:11:09 INFO user login ok
2026-03-01 04:11:13 INFO user login ok
2026-03-01 04:11:15 INFO user logout
2026-03-01 04:11:16 INFO cache miss
2026-03-01 04:11:17 WARN request handled
2026-03-01 04:11:21 INFO background job finished
2026-03-01 04:11:22 WARN user logout
2026-03-01 04:11:26 WARN cache hit
2026-03-01 04:11:30 INFO background job finished
2026-03-01 04:11:31 INFO invalid token
2026-03-01 04:11:34 ERROR user login ok
2026-03-01 04:11:38 INFO database timeout
2026-03-01 04:11:42 ERROR request handled
2026-03-01 04:11:44 INFO background job finished
2026-03-01 04:11:45 WARN user logout
2026-03-01 04:11:46 INFO user logout
2026-03-01 04:11:50 WARN user login ok
2026-03-01 04:11:52 WARN user logout
2026-03-01 04:11:53 INFO cache miss
2026-03-01 04:11:54 INFO cache miss
2026-03-01 04:11:58 INFO request handled
2026-03-01 04:11:59 INFO cache hit
2026-03-01 04:12:00 INFO connection reset by peer
2026-03-01 04:12:02 INFO connection reset by peer
2026-03-01 04:12:03 WARN cache hit
2026-03-01 04:12:06 INFO user login ok
2026-03-01 04:12:10 INFO disk usage high
2026-03-01 04:12:11 INFO cache hit
2026-03-01 04:12:14 ERROR disk usage high
2026-03-01 04:12:15 INFO cache miss
2026-03-01 04:12:18 WARN cache miss
2026-03-01 04:12:21 INFO disk usage high
2026-03-01 04:12:22 INFO user login ok
2026-03-01 04:12:23 INFO cache hit
2026-03-01 04:12:26 INFO user login ok
2026-03-01 04:12:27 INFO slow query detected
2026-03-01 04:12:28 INFO cache hit
2026-03-01 04:12:31 WARN user login ok
2026-03-01 04:12:35 INFO user logout
2026-03-01 04:12:38 WARN cache hit
2026-03-01 04:12:41 INFO background job finished
2026-03-01 04:12:42 INFO slow query detected
2026-03-01 04:12:43 INFO disk usage high
2026-03-01 04:12:46 INFO cache miss
2026-03-01 04:12:50 INFO database timeout
2026-03-01 04:12:51 INFO request handled
2026-03-01 04:12:55 INFO user login ok
2026-03-01 04:12:56 INFO user login ok
2026-03-01 04:12:59 INFO user login ok
2026-03-01 04:13:02 WARN config reloaded
2026-03-01 04:13:05 INFO database timeout
2026-03-01 04:13:09 INFO user login ok
2026-03-01 04:13:12 INFO user login ok
2026-03-01 04:13:14 INFO cache miss
2026-03-01 04:13:15 WARN user login ok
2026-03-01 04:13:18 INFO invalid token
2026-03-01 04:13:20 WARN user login ok
2026-03-01 04:13:21 WARN request handled
2026-03-01 04:13:23 INFO background job finished
2026-03-01 04:13:24 WARN user logout
2026-03-01 04:13:27 INFO invalid token
2026-03-01 04:13:31 INFO connection reset by peer
2026-03-01 04:13:34 WARN request handled
2026-03-01 04:13:36 INFO user login ok
2026-03-01 04:13:40 INFO config reloaded
2026-03-01 04:13:42 INFO request handled
2026-03-01 04:13:44 WARN user login ok
2026-03-01 04:13:47 INFO user logout
2026-03-01 04:13:51 INFO config reloaded
2026-03-01 04:13:52 INFO user login ok
2026-03-01 04:13:55 INFO user login ok
2026-03-01 04:13:59 WARN database timeout
2026-03-01 04:14:03 INFO user logout
2026-03-01 04:14:07 INFO user login ok
2026-03-01 04:14:08 INFO cache hit
2026-03-01 04:14:11 INFO cache hit
2026-03-01 04:14:13 ERROR disk usage high
2026-03-01 04:14:15 WARN user login ok
2026-03-01 04:14:17 INFO request handled
2026-03-01 04:14:18 WARN user login ok
2026-03-01 04:14:19 INFO user login ok
2026-03-01 04:14:20 INFO user login ok
2026-03-01 04:14:21 INFO user login ok
2026-03-01 04:14:25 WARN cache hit
2026-03-01 04:14:27 INFO user logout
2026-03-01 04:14:28 INFO user login ok
2026-03-01 04:14:30 INFO slow query detected
2026-03-01 04:14:33 WARN config reloaded
2026-03-01 04:14:37 INFO user login ok
2026-03-01 04:14:41 INFO background job finished
2026-03-01 04:14:44 INFO user login ok
2026-03-01 04:14:46 WARN invalid token
2026-03-01 04:14:47 INFO slow query detected
2026-03-01 04:14:50 INFO connection reset by peer
2026-03-01 04:14:54 INFO user login ok
2026-03-01 04:14:57 INFO cache miss
2026-03-01 04:15:01 INFO database timeout
2026-03-01 04:15:05 WARN cache hit
2026-03-01 04:15:06 INFO database timeout
2026-03-01 04:15:10 ERROR cache hit
2026-03-01 04:15:11 INFO invalid token
2026-03-01 04:15:13 INFO user login ok
2026-03-01 04:15:15 INFO user login ok
2026-03-01 04:15:19 WARN user login ok
2026-03-01 04:15:20 INFO user login ok
2026-03-01 04:15:23 INFO user login ok
2026-03-01 04:15:27 INFO user logout
2026-03-01 04:15:28 INFO user login ok
2026-03-01 04:15:31 INFO cache miss
2026-03-01 04:15:33 WARN user login ok
2026-03-01 04:15:35 INFO cache miss
2026-03-01 04:15:37 INFO cache miss
2026-03-01 04:15:41 INFO cache miss
2026-03-01 04:15:44 INFO user login ok
2026-03-01 04:15:48 INFO user login ok
2026-03-01 04:15:52 INFO user logout
2026-03-01 04:15:53 INFO config reloaded
2026-03-01 04:15:54 INFO user login ok
2026-03-01 04:15:56 ERROR user login ok
2026-03-01 04:15:57 INFO invalid token
2026-03-01 04:15:58 INFO user login ok
2026-03-01 04:16:02 INFO user login ok
2026-03-01 04:16:04 INFO user login ok
2026-03-01 04:16:07 INFO config reloaded
2026-03-01 04:16:11 INFO user login ok
2026-03-01 04:16:14 INFO user logout
2026-03-01 04:16:17 INFO user login ok
2026-03-01 04:16:18 INFO user logout
2026-03-01 04:16:20 INFO user login ok
2026-03-01 04:16:21 INFO user login ok
2026-03-01 04:16:24 INFO disk usage high
2026-03-01 04:16:25 INFO connection reset by peer
2026-03-01 04:16:28 INFO user login ok
2026-03-01 04:16:29 WARN user login ok
2026-03-01 04:16:31 INFO request handled
2026-03-01 04:16:33 ERROR user login ok
2026-03-01 04:16:34 INFO user login ok
2026-03-01 04:16:36 INFO user login ok
2026-03-01 04:16:40 INFO background job finished
2026-03-01 04:16:43 INFO config reloaded
2026-03-01 04:16:44 INFO connection reset by peer
2026-03-01 04:16:47 INFO user login ok
2026-03-01 04:16:49 WARN invalid token
2026-03-01 04:16:50 ERROR background job finished
2026-03-01 04:16:53 INFO slow query detected
2026-03-01 04:16:57 INFO cache hit
2026-03-01 04:16:58 INFO request handled
2026-03-01 04:17:02 INFO invalid token
2026-03-01 04:17:05 INFO config reloaded
2026-03-01 04:17:06 INFO user login ok
2026-03-01 04:17:08 INFO user login ok
2026-03-01 04:17:09 INFO user login ok
2026-03-01 04:17:12 INFO user login ok
2026-03-01 04:17:14 INFO background job finished
2026-03-01 04:17:17 INFO user login ok
2026-03-01 04:17:20 INFO user logout
2026-03-01 04:17:21 INFO slow query detected
2026-03-01 04:17:24 INFO user login ok
2026-03-01 04:17:27 INFO config reloaded
2026-03-01 04:17:29 INFO slow query detected
2026-03-01 04:17:33 INFO user login ok
2026-03-01 04:17:35 WARN disk usage high
2026-03-01 04:17:39 INFO connection reset by peer
2026-03-01 04:17:41 INFO cache miss
2026-03-01 04:17:45 INFO user logout
2026-03-01 04:17:46 WARN user logout
2026-03-01 04:17:47 INFO invalid token
2026-03-01 04:17:49 INFO database timeout
2026-03-01 04:17:52 WARN slow query detected
2026-03-01 04:17:54 INFO config reloaded
2026-03-01 04:17:58 WARN user login ok
2026-03-01 04:18:01 INFO background job finished
2026-03-01 04:18:02 INFO config reloaded
2026-03-01 04:18:06 INFO request handled
2026-03-01 04:18:10 INFO disk usage high
2026-03-01 04:18:11 INFO user login ok
2026-03-01 04:18:13 INFO user login ok
2026-03-01 04:18:17 INFO user login ok
2026-03-01 04:18:21 INFO user logout
2026-03-01 04:18:22 INFO cache hit
2026-03-01 04:18:25 INFO user logout
2026-03-01 04:18:28 WARN request handled
2026-03-01 04:18:32 INFO user logout
2026-03-01 04:18:34 INFO cache miss
2026-03-01 04:18:35 INFO user login ok
2026-03-01 04:18:37 INFO cache hit
### повреждённая строка ###
2026-03-01 04:18:44 INFO user login ok
2026-03-01 04:18:48 INFO user login ok
2026-03-01 04:18:52 INFO user login ok
2026-03-01 04:18:54 INFO disk usage high
2026-03-01 04:18:57 WARN user login ok
2026-03-01 04:19:00 INFO background job finished
2026-03-01 04:19:04 WARN user logout
2026-03-01 04:19:07 INFO user login ok
2026-03-01 04:19:09 WARN config reloaded
2026-03-01 04:19:10 INFO cache hit
2026-03-01 04:19:13 INFO config reloaded
2026-03-01 04:19:17 INFO user login ok
2026-03-01 04:19:18 INFO config reloaded
2026-03-01 04:19:22 INFO connection reset by peer
2026-03-01 04:19:24 INFO user login ok
2026-03-01 04:19:28 INFO user login ok
2026-03-01 04:19:32 INFO invalid token
2026-03-01 04:19:36 INFO cache miss
2026-03-01 04:19:38 INFO user login ok
2026-03-01 04:19:40 INFO user login ok
2026-03-01 04:19:41 INFO user logout
2026-03-01 04:19:43 INFO request handled
2026-03-01 04:19:46 INFO invalid token
2026-03-01 04:19:49 INFO background job finished
2026-03-01 04:19:52 INFO user logout
2026-03-01 04:19:54 WARN user logout
2026-03-01 04:19:56 INFO config reloaded
2026-03-01 04:19:57 WARN user login ok
2026-03-01 04:20:01 INFO invalid token
2026-03-01 04:20:05 INFO user login ok
2026-03-01 04:20:07 INFO user logout
2026-03-01 04:20:11 INFO database timeout
2026-03-01 04:20:14 INFO invalid token
2026-03-01 04:20:17 WARN cache miss
2026-03-01 04:20:18 INFO background job finished
2026-03-01 04:20:21 INFO cache hit
2026-03-01 04:20:23 INFO disk usage high
2026-03-01 04:20:24 INFO config reloaded
2026-03-01 04:20:27 INFO request handled
2026-03-01 04:20:30 INFO user login ok
2026-03-01 04:20:34 INFO database timeout
2026-03-01 04:20:35 WARN config reloaded
2026-03-01 04:20:39 WARN user login ok
2026-03-01 04:20:43 INFO invalid token
2026-03-01 04:20:46 INFO background job finished
2026-03-01 04:20:50 WARN cache hit
2026-03-01 04:20:52 INFO cache miss
2026-03-01 04:20:53 INFO user login ok
2026-03-01 04:20:55 INFO cache hit
2026-03-01 04:20:56 INFO user login ok
2026-03-01 04:20:57 INFO user login ok
2026-03-01 04:20:58 INFO user logout
2026-03-01 04:21:01 INFO cache hit
2026-03-01 04:21:02 WARN slow query detected
2026-03-01 04:21:05 WARN user logout
2026-03-01 04:21:06 INFO background job finished
2026-03-01 04:21:08 INFO connection reset by peer
2026-03-01 04:21:10 INFO cache miss
2026-03-01 04:21:11 INFO user login ok
2026-03-01 04:21:14 INFO cache hit
2026-03-01 04:21:17 INFO user login ok
2026-03-01 04:21:19 INFO slow query detected
2026-03-01 04:21:22 WARN user login ok
2026-03-01 04:21:25 INFO config reloaded
2026-03-01 04:21:28 INFO config reloaded
2026-03-01 04:21:32 INFO slow query detected
2026-03-01 04:21:34 INFO user login ok
2026-03-01 04:21:35 INFO user login ok
2026-03-01 04:21:37 INFO disk usage high
2026-03-01 04:21:40 INFO user login ok
2026-03-01 04:21:41 INFO cache hit
2026-03-01 04:21:44 INFO user logout
2026-03-01 04:21:46 WARN user logout
2026-03-01 04:21:48 ERROR invalid token
2026-03-01 04:21:51 INFO cache hit
2026-03-01 04:21:54 WARN request handled
2026-03-01 04:21:58 WARN user login ok
2026-03-01 04:21:59 INFO user logout
2026-03-01 04:22:00 INFO user login ok
2026-03-01 04:22:04 INFO user logout
2026-03-01 04:22:08 INFO disk usage high
2026-03-01 04:22:10 WARN user login ok
2026-03-01 04:22:12 INFO connection reset by peer
2026-03-01 04:22:16 INFO user logout
2026-03-01 04:22:17 INFO config reloaded
2026-03-01 04:22:20 INFO cache miss
2026-03-01 04:22:23 INFO invalid token
2026-03-01 04:22:26 INFO disk usage high
2026-03-01 04:22:28 INFO request handled
2026-03-01 04:22:32 INFO user login ok
2026-03-01 04:22:34 INFO cache hit
2026-03-01 04:22:38 INFO user logout
2026-03-01 04:22:42 INFO request handled
2026-03-01 04:22:44 INFO connection reset by peer
2026-03-01 04:22:47 WARN user login ok
2026-03-01 04:22:51 INFO user login ok
2026-03-01 04:22:52 INFO slow query detected
2026-03-01 04:22:56 INFO config reloaded
2026-03-01 04:23:00 INFO user login ok
2026-03-01 04:23:04 INFO user login ok
2026-03-01 04:23:08 INFO config reloaded
2026-03-01 04:23:10 INFO cache miss
2026-03-01 04:23:11 INFO cache hit
2026-03-01 04:23:15 WARN invalid token
2026-03-01 04:23:16 INFO request handled
2026-03-01 04:23:17 INFO disk usage high
2026-03-01 04:23:20 INFO user login ok
2026-03-01 04:23:24 INFO slow query detected
2026-03-01 04:23:27 INFO slow query detected
2026-03-01 04:23:31 INFO cache miss
2026-03-01 04:23:35 INFO user login ok
2026-03-01 04:23:38 INFO user login ok
2026-03-01 04:23:40 INFO cache miss
2026-03-01 04:23:44 INFO invalid token
2026-03-01 04:23:46 INFO user login ok
2026-03-01 04:23:50 INFO user logout
2026-03-01 04:23:53 INFO user login ok
2026-03-01 04:23:54 INFO user login ok
2026-03-01 04:23:56 INFO invalid token
2026-03-01 04:23:58 INFO disk usage high
2026-03-01 04:23:59 INFO invalid token
2026-03-01 04:24:01 INFO user login ok
2026-03-01 04:24:04 INFO user login ok
2026-03-01 04:24:05 INFO connection reset by peer
2026-03-01 04:24:08 INFO user login ok
2026-03-01 04:24:10 INFO cache hit
2026-03-01 04:24:13 INFO cache miss
2026-03-01 04:24:14 INFO disk usage high
2026-03-01 04:24:16 INFO cache hit
2026-03-01 04:24:18 INFO slow query detected
2026-03-01 04:24:22 INFO slow query detected
2026-03-01 04:24:25 INFO user logout
2026-03-01 04:24:26 INFO connection reset by peer
2026-03-01 04:24:30 INFO user login ok
2026-03-01 04:24:32 ERROR background job finished
2026-03-01 04:24:36 INFO invalid token
2026-03-01 04:24:39 INFO connection reset by peer
2026-03-01 04:24:42 INFO user login ok
2026-03-01 04:24:45 WARN connection reset by peer
2026-03-01 04:24:46 INFO cache hit
2026-03-01 04:24:50 INFO user login ok
2026-03-01 04:24:51 WARN slow query detected
2026-03-01 04:24:54 INFO disk usage high
2026-03-01 04:24:56 INFO background job finished
2026-03-01 04:24:57 INFO database timeout
2026-03-01 04:25:00 INFO request handled
2026-03-01 04:25:04 INFO cache hit
2026-03-01 04:25:06 WARN database timeout
2026-03-01 04:25:08 INFO slow query detected
2026-03-01 04:25:11 WARN slow query detected
2026-03-01 04:25:14 INFO request handled
2026-03-01 04:25:18 WARN connection reset by peer
2026-03-01 04:25:20 INFO cache miss
2026-03-01 04:25:22 WARN disk usage high
2026-03-01 04:25:26 INFO slow query detected
2026-03-01 04:25:29 INFO user logout
2026-03-01 04:25:32 INFO config reloaded
2026-03-01 04:25:33 INFO cache hit
2026-03-01 04:25:37 INFO user login ok
2026-03-01 04:25:40 INFO user login ok
2026-03-01 04:25:43 INFO user login ok
2026-03-01 04:25:45 INFO cache hit
2026-03-01 04:25:47 INFO cache hit
2026-03-01 04:25:50 INFO user login ok
2026-03-01 04:25:54 INFO user login ok
2026-03-01 04:25:56 WARN user logout
2026-03-01 04:26:00 INFO connection reset by peer
2026-03-01 04:26:04 INFO cache hit
2026-03-01 04:26:08 INFO user login ok
2026-03-01 04:26:10 INFO user logout
2026-03-01 04:26:14 INFO request handled
2026-03-01 04:26:17 WARN background job finished
2026-03-01 04:26:20 INFO user logout
2026-03-01 04:26:23 ERROR connection reset by peer
2026-03-01 04:26:24 WARN background job finished
2026-03-01 04:26:27 WARN config reloaded
2026-03-01 04:26:28 INFO user login ok
2026-03-01 04:26:31 INFO slow query detected
2026-03-01 04:26:35 INFO request handled
2026-03-01 04:26:38 ERROR disk usage high
2026-03-01 04:26:40 WARN slow query detected
2026-03-01 04:26:43 INFO request handled
2026-03-01 04:26:46 INFO slow query detected
2026-03-01 04:26:48 INFO request handled
2026-03-01 04:26:49 INFO user login ok
2026-03-01 04:26:52 INFO user login ok
2026-03-01 04:26:55 INFO cache hit
2026-03-01 04:26:58 INFO user login ok
2026-03-01 04:27:01 INFO invalid token
2026-03-01 04:27:03 INFO invalid token
2026-03-01 04:27:07 INFO user login ok
2026-03-01 04:27:11 INFO config reloaded
2026-03-01 04:27:13 INFO connection reset by peer
2026-03-01 04:27:16 INFO user login ok
2026-03-01 04:27:20 INFO cache hit
2026-03-01 04:27:23 INFO connection reset by peer
2026-03-01 04:27:27 INFO cache hit
2026-03-01 04:27:30 INFO user login ok
2026-03-01 04:27:32 INFO config reloaded
2026-03-01 04:27:36 INFO user login ok
2026-03-01 04:27:39 INFO cache hit
2026-03-01 04:27:41 ERROR user login ok
2026-03-01 04:27:42 WARN user login ok
2026-03-01 04:27:45 WARN user login ok
2026-03-01 04:27:49 INFO invalid token
2026-03-01 04:27:50 WARN user login ok
2026-03-01 04:27:51 INFO user login ok
2026-03-01 04:27:52 WARN disk usage high
2026-03-01 04:27:53 INFO cache miss
2026-03-01 04:27:57 INFO slow query detected
2026-03-01 04:27:59 INFO cache hit
2026-03-01 04:28:01 WARN user login ok
2026-03-01 04:28:04 INFO user login ok
2026-03-01 04:28:06 INFO cache miss
2026-03-01 04:28:07 WARN config reloaded
2026-03-01 04:28:11 INFO background job finished
2026-03-01 04:28:15 WARN user login ok
2026-03-01 04:28:18 INFO user login ok
2026-03-01 04:28:19 WARN request handled
2026-03-01 04:28:20 INFO user login ok
2026-03-01 04:28:22 INFO cache hit
2026-03-01 04:28:23 WARN user login ok
2026-03-01 04:28:26 INFO config reloaded
2026-03-01 04:28:27 INFO user logout
2026-03-01 04:28:31 INFO request handled
2026-03-01 04:28:34 INFO user logout
2026-03-01 04:28:38 WARN config reloaded
2026-03-01 04:28:39 INFO cache hit
2026-03-01 04:28:41 INFO user logout
2026-03-01 04:28:42 INFO config reloaded
2026-03-01 04:28:45 INFO user logout
2026-03-01 04:28:46 INFO invalid token
2026-03-01 04:28:48 WARN user login ok
2026-03-01 04:28:49 INFO user login ok
2026-03-01 04:28:50 INFO user login ok
2026-03-01 04:28:54 INFO user login ok
2026-03-01 04:28:56 WARN user login ok
2026-03-01 04:28:59 INFO cache miss
2026-03-01 04:29:02 INFO user login ok
2026-03-01 04:29:06 INFO user login ok
2026-03-01 04:29:10 INFO user logout
2026-03-01 04:29:14 INFO slow query detected
2026-03-01 04:29:17 INFO config reloaded
2026-03-01 04:29:21 INFO user logout
2026-03-01 04:29:24 INFO request handled
2026-03-01 04:29:26 INFO user login ok
2026-03-01 04:29:28 INFO connection reset by peer
2026-03-01 04:29:29 INFO cache miss
2026-03-01 04:29:30 INFO user login ok
2026-03-01 04:29:33 WARN database timeout
2026-03-01 04:29:34 INFO user login ok
2026-03-01 04:29:37 INFO slow query detected
2026-03-01 04:29:40 INFO user login ok
2026-03-01 04:29:44 INFO connection reset by peer
2026-03-01 04:29:48 INFO request handled
2026-03-01 04:29:50 INFO user logout
2026-03-01 04:29:54 INFO user login ok
2026-03-01 04:29:55 INFO user logout
2026-03-01 04:29:57 INFO user login ok
2026-03-01 04:29:59 INFO database timeout
2026-03-01 04:30:03 WARN user login ok
2026-03-01 04:30:05 INFO user login ok
2026-03-01 04:30:06 WARN database timeout
2026-03-01 04:30:09 INFO user login ok
2026-03-01 04:30:11 INFO user logout
2026-03-01 04:30:13 INFO request handled
2026-03-01 04:30:16 INFO invalid token
2026-03-01 04:30:19 INFO request handled
2026-03-01 04:30:21 INFO user login ok
2026-03-01 04:30:23 INFO config reloaded
2026-03-01 04:30:24 ERROR disk usage high
2026-03-01 04:30:25 INFO connection reset by peer
2026-03-01 04:30:29 INFO background job finished
2026-03-01 04:30:32 INFO user logout
2026-03-01 04:30:33 INFO invalid token
2026-03-01 04:30:36 INFO user login ok
2026-03-01 04:30:39 INFO cache miss
2026-03-01 04:30:42 INFO user login ok
2026-03-01 04:30:43 INFO cache hit
2026-03-01 04:30:45 INFO cache hit
2026-03-01 04:30:47 INFO background job finished
2026-03-01 04:30:50 INFO user logout
2026-03-01 04:30:54 INFO disk usage high
2026-03-01 04:30:57 INFO request handled
2026-03-01 04:31:01 INFO cache hit
2026-03-01 04:31:03 INFO request handled
2026-03-01 04:31:06 INFO slow query detected
2026-03-01 04:31:07 INFO cache hit
2026-03-01 04:31:10 INFO user login ok
2026-03-01 04:31:12 WARN connection reset by peer
2026-03-01 04:31:13 INFO background job finished
2026-03-01 04:31:17 INFO connection reset by peer
2026-03-01 04:31:21 WARN user logout
2026-03-01 04:31:22 INFO user login ok
2026-03-01 04:31:25 INFO database timeout
2026-03-01 04:31:26 INFO cache hit
2026-03-01 04:31:28 WARN user login ok
2026-03-01 04:31:29 WARN request handled
2026-03-01 04:31:31 INFO user login ok
2026-03-01 04:31:34 INFO invalid token
2026-03-01 04:31:35 INFO cache hit
2026-03-01 04:31:37 INFO user login ok
### повреждённая строка ###
2026-03-01 04:31:44 INFO user login ok
2026-03-01 04:31:47 INFO user logout
2026-03-01 04:31:49 INFO database timeout
2026-03-01 04:31:50 INFO cache hit
2026-03-01 04:31:54 ERROR background job finished
2026-03-01 04:31:56 ERROR cache hit
2026-03-01 04:31:57 INFO cache hit
2026-03-01 04:32:01 INFO user login ok
2026-03-01 04:32:03 ERROR user login ok
2026-03-01 04:32:05 ERROR user login ok
2026-03-01 04:32:09 INFO background job finished
2026-03-01 04:32:11 WARN user logout
2026-03-01 04:32:13 INFO slow query detected
2026-03-01 04:32:15 INFO user logout
2026-03-01 04:32:16 INFO user logout
2026-03-01 04:32:20 INFO user logout
2026-03-01 04:32:23 WARN slow query detected
2026-03-01 04:32:25 INFO request handled
2026-03-01 04:32:27 INFO slow query detected
2026-03-01 04:32:31 INFO config reloaded
2026-03-01 04:32:34 INFO cache hit
2026-03-01 04:32:36 INFO user login ok
2026-03-01 04:32:38 INFO disk usage high
2026-03-01 04:32:39 INFO database timeout
2026-03-01 04:32:42 INFO config reloaded
2026-03-01 04:32:45 INFO background job finished
2026-03-01 04:32:49 INFO user login ok
2026-03-01 04:32:53 INFO connection reset by peer
2026-03-01 04:32:55 WARN cache miss
2026-03-01 04:32:59 INFO slow query detected
2026-03-01 04:33:03 INFO connection reset by peer
2026-03-01 04:33:07 WARN cache miss
2026-03-01 04:33:09 WARN user login ok
2026-03-01 04:33:13 INFO cache hit
2026-03-01 04:33:15 INFO cache hit
2026-03-01 04:33:19 ERROR user logout
2026-03-01 04:33:21 INFO user login ok
2026-03-01 04:33:25 INFO background job finished
2026-03-01 04:33:29 INFO invalid token
2026-03-01 04:33:31 INFO user login ok
2026-03-01 04:33:35 INFO user login ok
2026-03-01 04:33:39 INFO connection reset by peer
2026-03-01 04:33:42 INFO cache miss
2026-03-01 04:33:43 INFO cache miss
2026-03-01 04:33:47 WARN disk usage high
2026-03-01 04:33:50 INFO user login ok
2026-03-01 04:33:54 WARN cache hit
2026-03-01 04:33:57 INFO request handled
2026-03-01 04:33:59 INFO config reloaded
2026-03-01 04:34:03 INFO slow query detected
2026-03-01 04:34:06 INFO user login ok
2026-03-01 04:34:07 ERROR invalid token
2026-03-01 04:34:10 WARN disk usage high
2026-03-01 04:34:11 INFO user login ok
2026-03-01 04:34:13 INFO user login ok
2026-03-01 04:34:15 INFO disk usage high
2026-03-01 04:34:17 INFO user login ok
2026-03-01 04:34:18 INFO disk usage high
2026-03-01 04:34:20 INFO config reloaded
2026-03-01 04:34:24 INFO request handled
2026-03-01 04:34:28 WARN request handled
2026-03-01 04:34:29 INFO user login ok
2026-03-01 04:34:33 INFO user login ok
2026-03-01 04:34:35 INFO disk usage high
2026-03-01 04:34:39 WARN user logout
2026-03-01 04:34:40 INFO user logout
2026-03-01 04:34:41 INFO cache miss
2026-03-01 04:34:45 WARN user login ok
2026-03-01 04:34:49 WARN config reloaded
2026-03-01 04:34:52 INFO disk usage high
2026-03-01 04:34:56 INFO user login ok
2026-03-01 04:35:00 INFO user logout
2026-03-01 04:35:01 WARN cache miss
2026-03-01 04:35:05 INFO disk usage high
2026-03-01 04:35:09 INFO config reloaded
2026-03-01 04:35:13 INFO disk usage high
2026-03-01 04:35:16 INFO slow query detected
2026-03-01 04:35:18 INFO user login ok
2026-03-01 04:35:20 INFO user login ok
2026-03-01 04:35:24 WARN slow query detected
2026-03-01 04:35:26 INFO user login ok
2026-03-01 04:35:29 INFO user login ok
2026-03-01 04:35:33 ERROR invalid token
2026-03-01 04:35:34 INFO invalid token
2026-03-01 04:35:37 INFO connection reset by peer
2026-03-01 04:35:41 INFO user logout
2026-03-01 04:35:42 WARN connection reset by peer
2026-03-01 04:35:45 INFO user login ok
2026-03-01 04:35:46 INFO user logout
2026-03-01 04:35:49 WARN user login ok
2026-03-01 04:35:51 INFO user login ok
2026-03-01 04:35:54 INFO user login ok
2026-03-01 04:35:55 INFO disk usage high
2026-03-01 04:35:58 WARN cache hit
2026-03-01 04:36:02 WARN config reloaded
2026-03-01 04:36:06 INFO cache miss
2026-03-01 04:36:08 INFO cache miss
2026-03-01 04:36:09 WARN user login ok
2026-03-01 04:36:11 INFO user logout
2026-03-01 04:36:12 INFO cache miss
2026-03-01 04:36:16 INFO cache miss
2026-03-01 04:36:17 INFO user login ok
2026-03-01 04:36:21 WARN user logout
2026-03-01 04:36:25 INFO slow query detected
2026-03-01 04:36:27 INFO background job finished
2026-03-01 04:36:31 INFO connection reset by peer
2026-03-01 04:36:32 INFO cache miss
2026-03-01 04:36:35 INFO user login ok
2026-03-01 04:36:38 WARN slow query detected
2026-03-01 04:36:41 ERROR cache hit
2026-03-01 04:36:43 WARN user login ok
2026-03-01 04:36:47 INFO slow query detected
2026-03-01 04:36:50 INFO disk usage high
2026-03-01 04:36:53 INFO cache miss
2026-03-01 04:36:54 INFO user login ok
2026-03-01 04:36:56 INFO slow query detected
2026-03-01 04:36:57 INFO user logout
2026-03-01 04:37:00 INFO connection reset by peer
2026-03-01 04:37:02 INFO slow query detected
2026-03-01 04:37:06 INFO user login ok
2026-03-01 04:37:08 INFO config reloaded
2026-03-01 04:37:12 WARN request handled
2026-03-01 04:37:15 INFO config reloaded
2026-03-01 04:37:19 INFO cache hit
2026-03-01 04:37:21 WARN user login ok
2026-03-01 04:37:24 WARN cache miss
2026-03-01 04:37:26 INFO connection reset by peer
2026-03-01 04:37:30 INFO cache hit
2026-03-01 04:37:34 INFO user login ok
2026-03-01 04:37:36 INFO database timeout
2026-03-01 04:37:38 INFO user login ok
2026-03-01 04:37:40 ERROR user login ok
2026-03-01 04:37:42 INFO user login ok
2026-03-01 04:37:44 INFO background job finished
2026-03-01 04:37:45 INFO invalid token
2026-03-01 04:37:46 WARN user login ok
2026-03-01 04:37:50 INFO user logout
2026-03-01 04:37:51 INFO slow query detected
2026-03-01 04:37:55 INFO slow query detected
2026-03-01 04:37:56 WARN user login ok
2026-03-01 04:37:57 INFO user login ok
2026-03-01 04:37:58 INFO connection reset by peer
2026-03-01 04:37:59 INFO user login ok
2026-03-01 04:38:03 INFO invalid token
2026-03-01 04:38:07 INFO invalid token
2026-03-01 04:38:08 INFO user login ok
2026-03-01 04:38:12 INFO config reloaded
2026-03-01 04:38:14 WARN user login ok
2026-03-01 04:38:17 INFO user login ok
2026-03-01 04:38:20 INFO connection reset by peer
2026-03-01 04:38:24 WARN request handled
2026-03-01 04:38:27 INFO database timeout
2026-03-01 04:38:28 INFO request handled
2026-03-01 04:38:29 ERROR user logout
2026-03-01 04:38:33 INFO invalid token
2026-03-01 04:38:35 INFO disk usage high
2026-03-01 04:38:37 INFO user logout
2026-03-01 04:38:39 INFO disk usage high
2026-03-01 04:38:42 INFO user login ok
2026-03-01 04:38:45 INFO user login ok
2026-03-01 04:38:49 INFO user login ok
2026-03-01 04:38:52 INFO config reloaded
2026-03-01 04:38:53 INFO slow query detected
2026-03-01 04:38:56 INFO disk usage high
2026-03-01 04:38:59 INFO invalid token
2026-03-01 04:39:01 INFO user login ok
2026-03-01 04:39:05 INFO disk usage high
2026-03-01 04:39:07 INFO cache miss
2026-03-01 04:39:09 INFO disk usage high
2026-03-01 04:39:13 INFO user logout
2026-03-01 04:39:17 INFO user login ok
2026-03-01 04:39:18 INFO cache miss
2026-03-01 04:39:19 INFO request handled
2026-03-01 04:39:23 ERROR user login ok
2026-03-01 04:39:26 INFO cache miss
2026-03-01 04:39:30 INFO cache hit
2026-03-01 04:39:34 INFO background job finished
2026-03-01 04:39:37 INFO user login ok
2026-03-01 04:39:40 WARN user login ok
2026-03-01 04:39:43 INFO user logout
2026-03-01 04:39:47 INFO connection reset by peer
2026-03-01 04:39:51 INFO cache hit
2026-03-01 04:39:54 WARN disk usage high
2026-03-01 04:39:55 INFO cache hit
2026-03-01 04:39:58 INFO disk usage high
2026-03-01 04:40:01 INFO user login ok
2026-03-01 04:40:02 INFO user login ok
2026-03-01 04:40:05 INFO user login ok
2026-03-01 04:40:09 INFO user login ok
2026-03-01 04:40:11 INFO user login ok
2026-03-01 04:40:15 INFO cache miss
2026-03-01 04:40:19 INFO slow query detected
2026-03-01 04:40:22 INFO connection reset by peer
2026-03-01 04:40:26 INFO cache miss
2026-03-01 04:40:27 INFO user logout
2026-03-01 04:40:28 INFO user login ok
2026-03-01 04:40:29 INFO config reloaded
2026-03-01 04:40:33 INFO cache miss
2026-03-01 04:40:35 INFO cache hit
2026-03-01 04:40:36 INFO connection reset by peer
2026-03-01 04:40:38 ERROR config reloaded
2026-03-01 04:40:41 WARN cache hit
2026-03-01 04:40:43 ERROR cache miss
2026-03-01 04:40:46 INFO user logout
2026-03-01 04:40:49 WARN user login ok
2026-03-01 04:40:51 ERROR user login ok
2026-03-01 04:40:54 INFO connection reset by peer
2026-03-01 04:40:55 INFO cache miss
2026-03-01 04:40:57 INFO user login ok
2026-03-01 04:40:59 INFO user logout
2026-03-01 04:41:00 WARN user login ok
2026-03-01 04:41:04 WARN config reloaded
2026-03-01 04:41:05 INFO request handled
2026-03-01 04:41:08 INFO request handled
2026-03-01 04:41:11 INFO invalid token
2026-03-01 04:41:15 INFO request handled
2026-03-01 04:41:17 WARN user login ok
2026-03-01 04:41:20 INFO cache hit
2026-03-01 04:41:21 INFO database timeout
2026-03-01 04:41:23 INFO slow query detected
2026-03-01 04:41:24 ERROR user logout
2026-03-01 04:41:27 INFO database timeout
2026-03-01 04:41:29 WARN cache hit
2026-03-01 04:41:31 INFO user logout
2026-03-01 04:41:32 INFO request handled
2026-03-01 04:41:33 INFO user login ok
2026-03-01 04:41:36 INFO cache hit
2026-03-01 04:41:40 INFO request handled
2026-03-01 04:41:43 INFO connection reset by peer
2026-03-01 04:41:45 INFO cache hit
2026-03-01 04:41:47 INFO user login ok
2026-03-01 04:41:50 INFO user logout
2026-03-01 04:41:54 INFO user logout
2026-03-01 04:41:55 WARN invalid token
2026-03-01 04:41:57 INFO cache hit
2026-03-01 04:41:59 INFO cache miss
2026-03-01 04:42:00 WARN cache miss
2026-03-01 04:42:01 INFO user login ok
2026-03-01 04:42:02 INFO config reloaded
2026-03-01 04:42:06 INFO user logout
2026-03-01 04:42:09 INFO cache miss
2026-03-01 04:42:13 INFO disk usage high
2026-03-01 04:42:17 INFO config reloaded
2026-03-01 04:42:20 INFO invalid token
2026-03-01 04:42:23 INFO database timeout
2026-03-01 04:42:27 INFO user logout
2026-03-01 04:42:28 INFO request handled
2026-03-01 04:42:30 INFO user login ok
2026-03-01 04:42:33 INFO request handled
2026-03-01 04:42:34 WARN user login ok
2026-03-01 04:42:37 WARN user login ok
2026-03-01 04:42:40 ERROR cache miss
2026-03-01 04:42:43 INFO user login ok
2026-03-01 04:42:44 INFO cache miss
2026-03-01 04:42:48 INFO cache hit
2026-03-01 04:42:49 INFO user logout
2026-03-01 04:42:51 WARN background job finished
2026-03-01 04:42:55 INFO background job finished
2026-03-01 04:42:59 INFO user login ok
2026-03-01 04:43:03 INFO slow query detected
2026-03-01 04:43:07 WARN cache miss
2026-03-01 04:43:09 INFO cache miss
2026-03-01 04:43:11 INFO background job finished
2026-03-01 04:43:15 ERROR slow query detected
2026-03-01 04:43:17 INFO cache miss
2026-03-01 04:43:18 INFO user login ok
2026-03-01 04:43:19 INFO user login ok
2026-03-01 04:43:23 INFO cache hit
2026-03-01 04:43:26 INFO user logout
2026-03-01 04:43:30 INFO background job finished
2026-03-01 04:43:31 INFO cache miss
2026-03-01 04:43:35 INFO connection reset by peer
2026-03-01 04:43:36 INFO invalid token
2026-03-01 04:43:37 INFO background job finished
2026-03-01 04:43:40 INFO request handled
2026-03-01 04:43:41 INFO slow query detected
2026-03-01 04:43:42 INFO cache miss
2026-03-01 04:43:45 WARN user login ok
2026-03-01 04:43:46 ERROR cache miss
2026-03-01 04:43:49 WARN cache hit
2026-03-01 04:43:50 INFO invalid token
2026-03-01 04:43:52 INFO user login ok
2026-03-01 04:43:55 INFO request handled
2026-03-01 04:43:59 INFO user logout
2026-03-01 04:44:03 INFO user login ok
2026-03-01 04:44:04 INFO disk usage high
2026-03-01 04:44:08 INFO user logout
2026-03-01 04:44:10 INFO slow query detected
2026-03-01 04:44:12 ERROR user logout
2026-03-01 04:44:14 INFO connection reset by peer
2026-03-01 04:44:17 INFO config reloaded
2026-03-01 04:44:20 INFO cache miss
2026-03-01 04:44:21 INFO connection reset by peer
2026-03-01 04:44:23 INFO user login ok
2026-03-01 04:44:26 INFO user logout
2026-03-01 04:44:28 INFO disk usage high
2026-03-01 04:44:32 WARN disk usage high
2026-03-01 04:44:35 INFO user logout
2026-03-01 04:44:39 INFO user login ok
2026-03-01 04:44:42 INFO cache hit
2026-03-01 04:44:46 INFO user login ok
2026-03-01 04:44:47 INFO background job finished
2026-03-01 04:44:50 WARN cache hit
2026-03-01 04:44:51 WARN user login ok
2026-03-01 04:44:55 INFO user login ok
2026-03-01 04:44:59 INFO connection reset by peer
2026-03-01 04:45:02 WARN user logout
2026-03-01 04:45:04 WARN cache hit
2026-03-01 04:45:05 INFO database timeout
2026-03-01 04:45:07 INFO connection reset by peer
2026-03-01 04:45:08 INFO database timeout
2026-03-01 04:45:11 INFO database timeout
2026-03-01 04:45:14 INFO user login ok
2026-03-01 04:45:15 INFO cache miss
2026-03-01 04:45:19 INFO user login ok
2026-03-01 04:45:23 INFO invalid token
2026-03-01 04:45:27 INFO cache hit
2026-03-01 04:45:28 WARN user logout
2026-03-01 04:45:29 WARN cache hit
2026-03-01 04:45:32 INFO cache miss
2026-03-01 04:45:36 INFO cache hit
2026-03-01 04:45:38 INFO user login ok
2026-03-01 04:45:39 INFO user login ok
2026-03-01 04:45:40 INFO request handled
2026-03-01 04:45:44 INFO config reloaded
2026-03-01 04:45:47 INFO user login ok
2026-03-01 04:45:51 INFO cache miss
2026-03-01 04:45:52 INFO slow query detected
2026-03-01 04:45:55 INFO user login ok
2026-03-01 04:45:57 INFO request handled
2026-03-01 04:46:00 INFO user logout
2026-03-01 04:46:01 INFO database timeout
2026-03-01 04:46:02 INFO disk usage high
2026-03-01 04:46:06 INFO user login ok
2026-03-01 04:46:08 INFO user logout
2026-03-01 04:46:11 ERROR user login ok
2026-03-01 04:46:13 INFO database timeout
2026-03-01 04:46:15 INFO user login ok
2026-03-01 04:46:18 WARN disk usage high
2026-03-01 04:46:21 INFO cache hit
2026-03-01 04:46:23 INFO user login ok
2026-03-01 04:46:27 INFO user login ok
2026-03-01 04:46:31 INFO invalid token
2026-03-01 04:46:32 INFO user login ok
2026-03-01 04:46:35 INFO request handled
2026-03-01 04:46:37 INFO config reloaded
2026-03-01 04:46:39 WARN user login ok
2026-03-01 04:46:40 INFO user login ok
2026-03-01 04:46:44 INFO user login ok
2026-03-01 04:46:46 INFO request handled
2026-03-01 04:46:49 WARN disk usage high
2026-03-01 04:46:52 INFO invalid token
2026-03-01 04:46:55 WARN invalid token
2026-03-01 04:46:57 INFO request handled
2026-03-01 04:46:59 INFO request handled
2026-03-01 04:47:02 INFO user logout
2026-03-01 04:47:06 WARN cache hit
2026-03-01 04:47:10 INFO database timeout
2026-03-01 04:47:12 INFO user login ok
2026-03-01 04:47:16 INFO user login ok
2026-03-01 04:47:17 ERROR user login ok
2026-03-01 04:47:18 INFO cache miss
2026-03-01 04:47:21 INFO user login ok
2026-03-01 04:47:22 INFO disk usage high
2026-03-01 04:47:25 INFO disk usage high
2026-03-01 04:47:28 INFO database timeout
2026-03-01 04:47:29 INFO background job finished
2026-03-01 04:47:31 INFO user logout
2026-03-01 04:47:34 INFO database timeout
2026-03-01 04:47:37 INFO invalid token
2026-03-01 04:47:38 INFO request handled
2026-03-01 04:47:40 INFO user login ok
### повреждённая строка ###
### повреждённая строка ###
2026-03-01 04:47:47 INFO cache hit
2026-03-01 04:47:50 INFO cache hit
2026-03-01 04:47:53 ERROR user login ok
2026-03-01 04:47:56 INFO disk usage high
2026-03-01 04:47:59 INFO cache miss
2026-03-01 04:48:02 ERROR user login ok
2026-03-01 04:48:06 INFO user logout
2026-03-01 04:48:08 INFO invalid token
2026-03-01 04:48:10 INFO user login ok
2026-03-01 04:48:12 INFO cache miss
2026-03-01 04:48:16 INFO user logout
2026-03-01 04:48:19 WARN cache hit
2026-03-01 04:48:22 INFO database timeout
2026-03-01 04:48:23 INFO request handled
2026-03-01 04:48:26 INFO user logout
2026-03-01 04:48:29 INFO disk usage high
2026-03-01 04:48:31 INFO user login ok
2026-03-01 04:48:35 INFO database timeout
2026-03-01 04:48:37 INFO connection reset by peer
2026-03-01 04:48:39 WARN user login ok
2026-03-01 04:48:41 INFO user login ok
2026-03-01 04:48:45 WARN cache hit
2026-03-01 04:48:49 INFO user login ok
2026-03-01 04:48:53 INFO slow query detected
2026-03-01 04:48:57 WARN user login ok
2026-03-01 04:49:01 INFO cache miss
2026-03-01 04:49:03 INFO request handled
2026-03-01 04:49:06 INFO request handled
2026-03-01 04:49:09 INFO connection reset by peer
2026-03-01 04:49:12 INFO user login ok
2026-03-01 04:49:14 INFO user login ok
2026-03-01 04:49:15 INFO user login ok
2026-03-01 04:49:19 INFO user login ok
2026-03-01 04:49:20 WARN cache hit
2026-03-01 04:49:23 ERROR slow query detected
2026-03-01 04:49:24 INFO user login ok
2026-03-01 04:49:28 INFO cache hit
2026-03-01 04:49:30 INFO user login ok
2026-03-01 04:49:31 INFO user login ok
2026-03-01 04:49:33 WARN connection reset by peer
2026-03-01 04:49:37 INFO slow query detected
2026-03-01 04:49:39 WARN config reloaded
2026-03-01 04:49:43 INFO slow query detected
2026-03-01 04:49:45 WARN user login ok
2026-03-01 04:49:47 INFO user logout
2026-03-01 04:49:48 INFO disk usage high
2026-03-01 04:49:52 INFO user logout
2026-03-01 04:49:55 INFO user logout
2026-03-01 04:49:58 INFO connection reset by peer
2026-03-01 04:50:00 INFO invalid token
2026-03-01 04:50:03 INFO cache miss
2026-03-01 04:50:05 INFO user logout
2026-03-01 04:50:08 INFO cache hit
2026-03-01 04:50:10 INFO user login ok
2026-03-01 04:50:14 WARN user logout
2026-03-01 04:50:18 WARN cache hit
2026-03-01 04:50:19 INFO connection reset by peer
2026-03-01 04:50:21 INFO user login ok
2026-03-01 04:50:25 INFO background job finished
2026-03-01 04:50:29 INFO request handled
2026-03-01 04:50:31 INFO slow query detected
2026-03-01 04:50:34 WARN slow query detected
2026-03-01 04:50:38 INFO user login ok
2026-03-01 04:50:40 INFO request handled
2026-03-01 04:50:44 INFO invalid token
2026-03-01 04:50:48 INFO config reloaded
2026-03-01 04:50:50 INFO slow query detected
2026-03-01 04:50:54 INFO user login ok
2026-03-01 04:50:55 INFO cache miss
2026-03-01 04:50:58 INFO user logout
2026-03-01 04:51:02 INFO connection reset by peer
2026-03-01 04:51:06 WARN background job finished
2026-03-01 04:51:10 INFO user login ok
2026-03-01 04:51:11 INFO config reloaded
2026-03-01 04:51:12 ERROR slow query detected
2026-03-01 04:51:13 WARN user logout
2026-03-01 04:51:16 INFO user login ok
2026-03-01 04:51:17 INFO user logout
2026-03-01 04:51:19 ERROR background job finished
2026-03-01 04:51:21 INFO cache miss
2026-03-01 04:51:22 INFO request handled
2026-03-01 04:51:23 ERROR config reloaded
2026-03-01 04:51:24 INFO connection reset by peer
2026-03-01 04:51:28 INFO disk usage high
2026-03-01 04:51:31 INFO slow query detected
2026-03-01 04:51:34 WARN user logout
2026-03-01 04:51:35 INFO config reloaded
2026-03-01 04:51:39 ERROR connection reset by peer
2026-03-01 04:51:41 INFO cache miss
2026-03-01 04:51:43 INFO slow query detected
2026-03-01 04:51:45 ERROR slow query detected
2026-03-01 04:51:48 INFO cache hit
2026-03-01 04:51:52 INFO invalid token
2026-03-01 04:51:54 INFO database timeout
2026-03-01 04:51:58 INFO invalid token
2026-03-01 04:51:59 INFO user login ok
2026-03-01 04:52:00 INFO user login ok
2026-03-01 04:52:03 WARN user login ok
2026-03-01 04:52:04 INFO disk usage high
2026-03-01 04:52:05 INFO slow query detected
2026-03-01 04:52:08 INFO user login ok
2026-03-01 04:52:09 ERROR user login ok
2026-03-01 04:52:10 INFO slow query detected
2026-03-01 04:52:12 INFO connection reset by peer
2026-03-01 04:52:14 INFO cache hit
2026-03-01 04:52:16 WARN cache hit
2026-03-01 04:52:20 INFO user login ok
2026-03-01 04:52:24 INFO cache hit
2026-03-01 04:52:28 INFO user login ok
2026-03-01 04:52:32 INFO user logout
2026-03-01 04:52:35 INFO user login ok
2026-03-01 04:52:37 INFO user logout
2026-03-01 04:52:39 INFO user login ok
2026-03-01 04:52:42 INFO cache miss
2026-03-01 04:52:44 WARN user logout
2026-03-01 04:52:48 ERROR cache hit
2026-03-01 04:52:51 ERROR user login ok
2026-03-01 04:52:55 WARN invalid token
2026-03-01 04:52:57 INFO invalid token
2026-03-01 04:52:58 INFO user login ok
2026-03-01 04:53:01 INFO config reloaded
2026-03-01 04:53:02 INFO connection reset by peer
2026-03-01 04:53:03 INFO cache miss
2026-03-01 04:53:05 INFO user login ok
2026-03-01 04:53:07 INFO cache miss
2026-03-01 04:53:09 INFO user login ok
2026-03-01 04:53:11 WARN user login ok
2026-03-01 04:53:13 INFO cache hit
2026-03-01 04:53:16 INFO config reloaded
2026-03-01 04:53:19 WARN user logout
2026-03-01 04:53:21 INFO config reloaded
2026-03-01 04:53:24 INFO user logout
2026-03-01 04:53:26 WARN disk usage high
2026-03-01 04:53:29 INFO user logout
2026-03-01 04:53:30 INFO background job finished
2026-03-01 04:53:32 INFO cache hit
2026-03-01 04:53:33 INFO user login ok
2026-03-01 04:53:36 WARN user logout
2026-03-01 04:53:39 INFO cache hit
2026-03-01 04:53:40 INFO connection reset by peer
2026-03-01 04:53:42 INFO user login ok
2026-03-01 04:53:43 INFO user login ok
2026-03-01 04:53:45 WARN cache hit
2026-03-01 04:53:48 INFO cache miss
2026-03-01 04:53:52 INFO background job finished
2026-03-01 04:53:54 INFO cache miss
2026-03-01 04:53:55 INFO connection reset by peer
2026-03-01 04:53:59 INFO cache hit
2026-03-01 04:54:02 INFO background job finished
2026-03-01 04:54:06 INFO database timeout
2026-03-01 04:54:10 ERROR database timeout
2026-03-01 04:54:11 WARN user login ok
2026-03-01 04:54:14 INFO request handled
2026-03-01 04:54:18 INFO user login ok
2026-03-01 04:54:20 INFO user login ok
2026-03-01 04:54:22 INFO background job finished
2026-03-01 04:54:24 INFO user login ok
2026-03-01 04:54:26 INFO user login ok
2026-03-01 04:54:29 WARN cache miss
2026-03-01 04:54:33 INFO connection reset by peer
2026-03-01 04:54:37 INFO user login ok
2026-03-01 04:54:41 WARN user login ok
2026-03-01 04:54:45 INFO cache hit
2026-03-01 04:54:47 INFO cache hit
2026-03-01 04:54:48 WARN slow query detected
2026-03-01 04:54:50 INFO user login ok
2026-03-01 04:54:54 INFO user logout
2026-03-01 04:54:55 INFO background job finished
2026-03-01 04:54:58 INFO user login ok
2026-03-01 04:55:01 INFO config reloaded
2026-03-01 04:55:03 INFO disk usage high
2026-03-01 04:55:07 INFO user login ok
2026-03-01 04:55:08 INFO slow query detected
2026-03-01 04:55:12 INFO disk usage high
2026-03-01 04:55:16 ERROR cache miss
2026-03-01 04:55:20 INFO user login ok
2026-03-01 04:55:21 INFO user login ok
2026-03-01 04:55:25 ERROR cache miss
2026-03-01 04:55:27 INFO cache hit
2026-03-01 04:55:28 INFO cache miss
2026-03-01 04:55:32 INFO connection reset by peer
2026-03-01 04:55:33 INFO user logout
2026-03-01 04:55:34 INFO user logout
2026-03-01 04:55:38 INFO request handled
2026-03-01 04:55:41 WARN cache hit
2026-03-01 04:55:44 INFO connection reset by peer
2026-03-01 04:55:45 INFO slow query detected
2026-03-01 04:55:48 WARN user login ok
2026-03-01 04:55:49 INFO user logout
2026-03-01 04:55:52 INFO user logout
2026-03-01 04:55:55 ERROR cache miss
2026-03-01 04:55:58 INFO user login ok
2026-03-01 04:55:59 INFO user login ok
2026-03-01 04:56:00 INFO request handled
2026-03-01 04:56:03 INFO config reloaded
2026-03-01 04:56:07 INFO user login ok
2026-03-01 04:56:09 INFO user login ok
2026-03-01 04:56:12 INFO slow query detected
2026-03-01 04:56:16 INFO cache miss
2026-03-01 04:56:18 WARN user login ok
2026-03-01 04:56:19 INFO request handled
2026-03-01 04:56:23 INFO user logout
2026-03-01 04:56:26 ERROR request handled
2026-03-01 04:56:27 INFO user logout
2026-03-01 04:56:30 INFO database timeout
2026-03-01 04:56:32 INFO user login ok
2026-03-01 04:56:33 INFO invalid token
2026-03-01 04:56:34 INFO user login ok
2026-03-01 04:56:35 INFO config reloaded
2026-03-01 04:56:39 WARN connection reset by peer
2026-03-01 04:56:42 INFO config reloaded
2026-03-01 04:56:44 INFO disk usage high
2026-03-01 04:56:47 WARN user login ok
2026-03-01 04:56:48 WARN user login ok
2026-03-01 04:56:49 INFO user login ok
2026-03-01 04:56:51 INFO database timeout
2026-03-01 04:56:55 INFO user login ok
2026-03-01 04:56:59 WARN cache hit
2026-03-01 04:57:02 INFO request handled
2026-03-01 04:57:03 INFO user login ok
2026-03-01 04:57:06 INFO slow query detected
2026-03-01 04:57:07 ERROR user logout
2026-03-01 04:57:09 INFO request handled
2026-03-01 04:57:12 INFO user login ok
2026-03-01 04:57:14 INFO user login ok
2026-03-01 04:57:17 WARN user login ok
2026-03-01 04:57:20 INFO user logout
2026-03-01 04:57:21 INFO config reloaded
2026-03-01 04:57:23 WARN invalid token
2026-03-01 04:57:24 INFO user login ok
2026-03-01 04:57:27 INFO database timeout
2026-03-01 04:57:30 INFO config reloaded
2026-03-01 04:57:34 WARN cache hit
2026-03-01 04:57:35 INFO user login ok
2026-03-01 04:57:36 ERROR user login ok
2026-03-01 04:57:40 INFO background job finished
2026-03-01 04:57:44 ERROR config reloaded
2026-03-01 04:57:48 INFO user login ok
2026-03-01 04:57:51 WARN background job finished
2026-03-01 04:57:52 INFO invalid token
2026-03-01 04:57:53 INFO user login ok
2026-03-01 04:57:56 INFO disk usage high
2026-03-01 04:57:59 INFO user login ok
2026-03-01 04:58:02 WARN slow query detected
2026-03-01 04:58:03 INFO user login ok
2026-03-01 04:58:06 INFO cache hit
2026-03-01 04:58:07 INFO user login ok
2026-03-01 04:58:08 INFO slow query detected
2026-03-01 04:58:12 INFO user login ok
2026-03-01 04:58:13 INFO request handled
2026-03-01 04:58:17 INFO user login ok
2026-03-01 04:58:18 INFO background job finished
2026-03-01 04:58:22 INFO user login ok
2026-03-01 04:58:24 INFO disk usage high
2026-03-01 04:58:25 ERROR cache hit
2026-03-01 04:58:28 INFO request handled
2026-03-01 04:58:31 WARN slow query detected
2026-03-01 04:58:32 WARN user login ok
2026-03-01 04:58:33 WARN user login ok
2026-03-01 04:58:36 INFO user logout
2026-03-01 04:58:37 INFO user login ok
2026-03-01 04:58:38 INFO user login ok
2026-03-01 04:58:40 INFO slow query detected
2026-03-01 04:58:41 INFO slow query detected
2026-03-01 04:58:43 INFO request handled
2026-03-01 04:58:44 WARN user login ok
2026-03-01 04:58:48 INFO user login ok
2026-03-01 04:58:52 WARN disk usage high
2026-03-01 04:58:53 INFO user login ok
### повреждённая строка ###
2026-03-01 04:58:55 INFO user login ok
2026-03-01 04:58:56 INFO user login ok
2026-03-01 04:58:59 INFO user logout
2026-03-01 04:59:03 WARN user login ok
2026-03-01 04:59:04 WARN user logout
2026-03-01 04:59:05 INFO cache miss
2026-03-01 04:59:06 INFO cache hit
2026-03-01 04:59:07 INFO user login ok
2026-03-01 04:59:08 INFO background job finished
### повреждённая строка ###
2026-03-01 04:59:15 INFO user logout
2026-03-01 04:59:18 INFO slow query detected
2026-03-01 04:59:20 INFO cache miss
2026-03-01 04:59:24 INFO database timeout
2026-03-01 04:59:25 INFO cache hit
2026-03-01 04:59:29 INFO invalid token
2026-03-01 04:59:33 INFO user login ok
2026-03-01 04:59:37 INFO connection reset by peer
2026-03-01 04:59:41 INFO user logout
2026-03-01 04:59:42 INFO invalid token
2026-03-01 04:59:45 INFO user login ok
2026-03-01 04:59:49 INFO config reloaded
2026-03-01 04:59:51 WARN invalid token
2026-03-01 04:59:55 WARN user logout
2026-03-01 04:59:59 INFO user login ok
2026-03-01 05:00:01 WARN user login ok
2026-03-01 05:00:05 WARN cache miss
2026-03-01 05:00:09 INFO user login ok
2026-03-01 05:00:12 INFO cache miss
2026-03-01 05:00:15 INFO cache miss
2026-03-01 05:00:18 INFO user login ok
2026-03-01 05:00:19 INFO slow query detected
2026-03-01 05:00:20 INFO user logout
2026-03-01 05:00:22 INFO user login ok
2026-03-01 05:00:23 INFO user login ok
2026-03-01 05:00:24 INFO config reloaded
2026-03-01 05:00:25 INFO database timeout
2026-03-01 05:00:26 INFO slow query detected
2026-03-01 05:00:30 INFO slow query detected
2026-03-01 05:00:32 INFO config reloaded
2026-03-01 05:00:33 INFO request handled
2026-03-01 05:00:35 INFO user login ok
2026-03-01 05:00:38 INFO user login ok
2026-03-01 05:00:41 INFO background job finished
2026-03-01 05:00:44 INFO request handled
2026-03-01 05:00:46 INFO invalid token
2026-03-01 05:00:50 WARN connection reset by peer
2026-03-01 05:00:52 WARN user login ok
2026-03-01 05:00:55 INFO user login ok
2026-03-01 05:00:58 INFO disk usage high
2026-03-01 05:01:00 INFO config reloaded
2026-03-01 05:01:02 INFO user login ok
2026-03-01 05:01:05 INFO connection reset by peer
2026-03-01 05:01:08 INFO cache miss
2026-03-01 05:01:11 INFO user logout
2026-03-01 05:01:15 WARN config reloaded
2026-03-01 05:01:19 INFO user login ok
2026-03-01 05:01:21 INFO invalid token
2026-03-01 05:01:24 INFO connection reset by peer
2026-03-01 05:01:25 INFO slow query detected
2026-03-01 05:01:28 INFO request handled
2026-03-01 05:01:30 INFO cache hit
2026-03-01 05:01:31 INFO invalid token
2026-03-01 05:01:34 INFO user login ok
2026-03-01 05:01:38 INFO database timeout
2026-03-01 05:01:39 INFO user login ok
2026-03-01 05:01:43 INFO user logout
2026-03-01 05:01:44 INFO cache miss
2026-03-01 05:01:45 INFO slow query detected
2026-03-01 05:01:49 INFO user login ok
2026-03-01 05:01:50 INFO user logout
2026-03-01 05:01:51 INFO user login ok
2026-03-01 05:01:53 INFO user login ok
2026-03-01 05:01:56 WARN cache miss
2026-03-01 05:02:00 INFO user login ok
2026-03-01 05:02:01 ERROR user login ok
2026-03-01 05:02:05 INFO config reloaded
2026-03-01 05:02:09 INFO slow query detected
2026-03-01 05:02:10 WARN user login ok
2026-03-01 05:02:11 ERROR config reloaded
2026-03-01 05:02:13 INFO user login ok
2026-03-01 05:02:14 INFO connection reset by peer
2026-03-01 05:02:18 INFO request handled
2026-03-01 05:02:22 INFO request handled
2026-03-01 05:02:26 INFO user login ok
2026-03-01 05:02:28 INFO user login ok
2026-03-01 05:02:31 INFO user logout
2026-03-01 05:02:34 INFO slow query detected
2026-03-01 05:02:37 WARN user logout
2026-03-01 05:02:39 INFO slow query detected
2026-03-01 05:02:41 INFO slow query detected
2026-03-01 05:02:45 INFO background job finished
2026-03-01 05:02:48 INFO request handled
2026-03-01 05:02:51 INFO database timeout
2026-03-01 05:02:54 INFO database timeout
2026-03-01 05:02:58 INFO user login ok
2026-03-01 05:02:59 INFO user login ok
2026-03-01 05:03:00 INFO database timeout
2026-03-01 05:03:01 INFO connection reset by peer
2026-03-01 05:03:03 INFO user logout
2026-03-01 05:03:06 WARN invalid token
2026-03-01 05:03:07 INFO slow query detected
2026-03-01 05:03:08 WARN request handled
2026-03-01 05:03:10 INFO config reloaded
2026-03-01 05:03:13 INFO request handled
2026-03-01 05:03:14 INFO cache hit
2026-03-01 05:03:18 INFO user login ok
### повреждённая строка ###
2026-03-01 05:03:22 INFO user login ok
2026-03-01 05:03:23 WARN user login ok
2026-03-01 05:03:27 INFO disk usage high
2026-03-01 05:03:30 INFO connection reset by peer
2026-03-01 05:03:33 INFO invalid token
2026-03-01 05:03:34 INFO request handled
2026-03-01 05:03:35 INFO user logout
2026-03-01 05:03:36 WARN slow query detected
2026-03-01 05:03:37 INFO database timeout
2026-03-01 05:03:40 INFO cache hit
2026-03-01 05:03:43 INFO user login ok
2026-03-01 05:03:46 ERROR user login ok
2026-03-01 05:03:47 INFO background job finished
2026-03-01 05:03:50 INFO config reloaded
2026-03-01 05:03:53 INFO user logout
2026-03-01 05:03:55 INFO disk usage high
2026-03-01 05:03:57 WARN user logout
2026-03-01 05:03:58 INFO slow query detected
2026-03-01 05:04:02 INFO background job finished
2026-03-01 05:04:04 INFO user login ok
2026-03-01 05:04:07 INFO user logout
2026-03-01 05:04:08 INFO background job finished
2026-03-01 05:04:11 INFO cache miss
2026-03-01 05:04:12 INFO cache hit
2026-03-01 05:04:14 INFO user login ok
2026-03-01 05:04:18 INFO connection reset by peer
2026-03-01 05:04:21 INFO cache hit
2026-03-01 05:04:23 WARN user login ok
2026-03-01 05:04:25 INFO database timeout
2026-03-01 05:04:28 INFO slow query detected
2026-03-01 05:04:30 INFO invalid token
2026-03-01 05:04:34 WARN connection reset by peer
2026-03-01 05:04:36 INFO connection reset by peer
2026-03-01 05:04:40 INFO config reloaded
2026-03-01 05:04:43 INFO user login ok
2026-03-01 05:04:45 INFO user login ok
### повреждённая строка ###
### повреждённая строка ###
2026-03-01 05:04:52 INFO user login ok
2026-03-01 05:04:55 INFO user logout
2026-03-01 05:04:57 INFO user login ok
2026-03-01 05:05:01 WARN config reloaded
2026-03-01 05:05:05 INFO user login ok
2026-03-01 05:05:09 INFO cache miss
2026-03-01 05:05:11 INFO user login ok
2026-03-01 05:05:12 ERROR cache hit
2026-03-01 05:05:13 INFO user logout
2026-03-01 05:05:15 WARN slow query detected
2026-03-01 05:05:18 INFO cache hit
2026-03-01 05:05:22 WARN user login ok
2026-03-01 05:05:26 INFO config reloaded
2026-03-01 05:05:30 INFO user login ok
2026-03-01 05:05:34 INFO request handled
2026-03-01 05:05:38 INFO user login ok
2026-03-01 05:05:41 WARN background job finished
2026-03-01 05:05:43 INFO user login ok
2026-03-01 05:05:46 INFO user login ok
2026-03-01 05:05:49 INFO user login ok
2026-03-01 05:05:51 INFO user login ok
2026-03-01 05:05:53 INFO invalid token
2026-03-01 05:05:57 INFO disk usage high
2026-03-01 05:05:58 INFO background job finished
2026-03-01 05:06:01 INFO cache miss
2026-03-01 05:06:02 INFO cache hit
2026-03-01 05:06:04 INFO cache miss
2026-03-01 05:06:06 INFO user logout
2026-03-01 05:06:09 INFO user login ok
2026-03-01 05:06:12 WARN user logout
2026-03-01 05:06:15 INFO slow query detected
2026-03-01 05:06:19 INFO connection reset by peer
2026-03-01 05:06:21 ERROR disk usage high
2026-03-01 05:06:23 ERROR slow query detected
2026-03-01 05:06:27 INFO cache hit
2026-03-01 05:06:31 INFO request handled
2026-03-01 05:06:34 INFO user login ok
2026-03-01 05:06:36 INFO database timeout
2026-03-01 05:06:37 ERROR user logout
2026-03-01 05:06:40 INFO user logout
2026-03-01 05:06:41 INFO request handled
2026-03-01 05:06:42 WARN user logout
2026-03-01 05:06:46 WARN user login ok
2026-03-01 05:06:47 INFO invalid token
2026-03-01 05:06:49 INFO cache miss
2026-03-01 05:06:52 INFO background job finished
2026-03-01 05:06:54 INFO user login ok
2026-03-01 05:06:58 WARN user login ok
2026-03-01 05:06:59 INFO request handled
2026-03-01 05:07:00 INFO background job finished
2026-03-01 05:07:02 INFO config reloaded
2026-03-01 05:07:06 INFO user logout
2026-03-01 05:07:08 INFO connection reset by peer
2026-03-01 05:07:10 INFO request handled
2026-03-01 05:07:11 INFO disk usage high
2026-03-01 05:07:12 INFO request handled
2026-03-01 05:07:16 INFO user login ok
2026-03-01 05:07:17 INFO user login ok
2026-03-01 05:07:19 INFO cache miss
2026-03-01 05:07:20 WARN user login ok
2026-03-01 05:07:21 WARN request handled
2026-03-01 05:07:23 INFO user logout
2026-03-01 05:07:26 INFO connection reset by peer
2026-03-01 05:07:28 INFO invalid token
2026-03-01 05:07:32 INFO user logout
2026-03-01 05:07:34 INFO user login ok
2026-03-01 05:07:37 INFO request handled
2026-03-01 05:07:39 INFO user login ok
2026-03-01 05:07:43 INFO user logout
2026-03-01 05:07:44 INFO connection reset by peer
2026-03-01 05:07:45 INFO user login ok
2026-03-01 05:07:49 WARN connection reset by peer
2026-03-01 05:07:51 INFO user login ok
2026-03-01 05:07:53 INFO user login ok
2026-03-01 05:07:56 INFO user login ok
2026-03-01 05:07:58 INFO user login ok
2026-03-01 05:08:02 INFO disk usage high
2026-03-01 05:08:06 INFO background job finished
2026-03-01 05:08:07 INFO user login ok
2026-03-01 05:08:09 INFO config reloaded
2026-03-01 05:08:11 INFO user login ok
2026-03-01 05:08:12 INFO cache miss
2026-03-01 05:08:15 INFO user login ok
2026-03-01 05:08:19 WARN invalid token
2026-03-01 05:08:23 INFO user login ok
2026-03-01 05:08:27 INFO user login ok
2026-03-01 05:08:31 ERROR slow query detected
2026-03-01 05:08:32 INFO user login ok
2026-03-01 05:08:33 INFO database timeout
2026-03-01 05:08:34 INFO cache hit
2026-03-01 05:08:36 INFO user login ok
2026-03-01 05:08:40 INFO user logout
2026-03-01 05:08:42 INFO user login ok
2026-03-01 05:08:46 INFO cache hit
2026-03-01 05:08:50 WARN config reloaded
2026-03-01 05:08:53 INFO config reloaded
2026-03-01 05:08:54 INFO slow query detected
2026-03-01 05:08:56 INFO disk usage high
### повреждённая строка ###
2026-03-01 05:08:58 INFO user login ok
2026-03-01 05:09:00 WARN user login ok
2026-03-01 05:09:02 INFO user login ok
2026-03-01 05:09:03 INFO database timeout
2026-03-01 05:09:06 INFO database timeout
2026-03-01 05:09:10 INFO user logout
2026-03-01 05:09:14 INFO cache hit
2026-03-01 05:09:18 INFO background job finished
2026-03-01 05:09:19 INFO user login ok
2026-03-01 05:09:22 WARN request handled
2026-03-01 05:09:23 INFO cache hit
2026-03-01 05:09:27 INFO request handled
2026-03-01 05:09:29 INFO request handled
2026-03-01 05:09:30 WARN connection reset by peer
2026-03-01 05:09:31 INFO database timeout
2026-03-01 05:09:32 INFO connection reset by peer
2026-03-01 05:09:35 INFO cache miss
2026-03-01 05:09:39 WARN user login ok
2026-03-01 05:09:43 INFO user login ok
2026-03-01 05:09:47 INFO config reloaded
2026-03-01 05:09:49 INFO config reloaded
2026-03-01 05:09:52 INFO cache miss
2026-03-01 05:09:53 WARN config reloaded
2026-03-01 05:09:54 ERROR config reloaded
2026-03-01 05:09:55 WARN slow query detected
2026-03-01 05:09:56 INFO cache hit
2026-03-01 05:09:57 INFO user login ok
2026-03-01 05:10:01 INFO user logout
2026-03-01 05:10:03 WARN config reloaded
2026-03-01 05:10:07 INFO connection reset by peer
2026-03-01 05:10:10 INFO cache miss
2026-03-01 05:10:14 INFO user login ok
2026-03-01 05:10:17 WARN cache hit
2026-03-01 05:10:21 ERROR cache hit
2026-03-01 05:10:24 INFO user logout
2026-03-01 05:10:25 INFO user login ok
2026-03-01 05:10:29 INFO connection reset by peer
2026-03-01 05:10:32 INFO request handled
2026-03-01 05:10:34 WARN slow query detected
2026-03-01 05:10:36 ERROR cache miss
2026-03-01 05:10:37 INFO connection reset by peer
2026-03-01 05:10:41 INFO user login ok
2026-03-01 05:10:44 INFO user logout
2026-03-01 05:10:47 INFO disk usage high
2026-03-01 05:10:50 INFO request handled
2026-03-01 05:10:53 INFO user logout
2026-03-01 05:10:54 INFO user login ok
2026-03-01 05:10:56 INFO user login ok
2026-03-01 05:10:58 INFO connection reset by peer
2026-03-01 05:11:01 INFO database timeout
2026-03-01 05:11:02 INFO invalid token
2026-03-01 05:11:06 INFO user login ok
2026-03-01 05:11:08 ERROR request handled
2026-03-01 05:11:11 WARN user login ok
2026-03-01 05:11:13 INFO slow query detected
2026-03-01 05:11:14 INFO user login ok
2026-03-01 05:11:16 WARN user logout
2026-03-01 05:11:17 INFO slow query detected
2026-03-01 05:11:19 INFO cache miss
2026-03-01 05:11:23 INFO slow query detected
2026-03-01 05:11:24 INFO user login ok
2026-03-01 05:11:25 INFO user logout
2026-03-01 05:11:29 INFO user logout
2026-03-01 05:11:33 INFO user login ok
2026-03-01 05:11:36 INFO user login ok
2026-03-01 05:11:39 WARN background job finished
2026-03-01 05:11:43 INFO slow query detected
2026-03-01 05:11:47 INFO user logout
2026-03-01 05:11:51 INFO cache miss
2026-03-01 05:11:53 INFO database timeout
2026-03-01 05:11:57 INFO user logout
2026-03-01 05:11:58 INFO config reloaded
2026-03-01 05:11:59 INFO user login ok
2026-03-01 05:12:00 WARN user login ok
2026-03-01 05:12:03 WARN request handled
2026-03-01 05:12:06 INFO invalid token
2026-03-01 05:12:09 INFO cache miss
2026-03-01 05:12:13 INFO connection reset by peer
2026-03-01 05:12:15 INFO cache miss
2026-03-01 05:12:19 INFO user logout
2026-03-01 05:12:20 WARN request handled
2026-03-01 05:12:24 INFO user login ok
2026-03-01 05:12:27 INFO user login ok
2026-03-01 05:12:29 INFO config reloaded
2026-03-01 05:12:31 INFO user login ok
2026-03-01 05:12:32 INFO user login ok
2026-03-01 05:12:36 INFO request handled
2026-03-01 05:12:37 INFO slow query detected
2026-03-01 05:12:41 INFO slow query detected
2026-03-01 05:12:43 INFO config reloaded
2026-03-01 05:12:45 INFO config reloaded
2026-03-01 05:12:47 INFO cache miss
2026-03-01 05:12:48 INFO invalid token
2026-03-01 05:12:50 INFO user logout
2026-03-01 05:12:54 WARN connection reset by peer
2026-03-01 05:12:57 INFO user login ok
2026-03-01 05:13:00 INFO user login ok
2026-03-01 05:13:01 WARN cache hit
2026-03-01 05:13:04 INFO request handled
2026-03-01 05:13:06 INFO user logout
2026-03-01 05:13:10 INFO user logout
2026-03-01 05:13:13 INFO cache miss
2026-03-01 05:13:17 INFO user login ok
2026-03-01 05:13:20 INFO database timeout
2026-03-01 05:13:24 INFO request handled
2026-03-01 05:13:28 INFO connection reset by peer
2026-03-01 05:13:31 INFO cache miss
2026-03-01 05:13:34 WARN background job finished
2026-03-01 05:13:35 INFO cache hit
2026-03-01 05:13:36 ERROR user login ok
2026-03-01 05:13:40 INFO user logout
2026-03-01 05:13:42 INFO connection reset by peer
2026-03-01 05:13:46 INFO user logout
2026-03-01 05:13:49 INFO request handled
2026-03-01 05:13:51 INFO user login ok
2026-03-01 05:13:54 INFO user logout
2026-03-01 05:13:55 INFO background job finished
2026-03-01 05:13:57 INFO cache miss
2026-03-01 05:13:59 INFO user logout
2026-03-01 05:14:02 INFO config reloaded
2026-03-01 05:14:06 INFO cache hit
2026-03-01 05:14:08 WARN slow query detected
2026-03-01 05:14:11 INFO user login ok
2026-03-01 05:14:14 WARN user login ok
2026-03-01 05:14:18 INFO user login ok
2026-03-01 05:14:21 ERROR user login ok
2026-03-01 05:14:24 INFO cache miss
2026-03-01 05:14:28 ERROR request handled
2026-03-01 05:14:31 INFO cache hit
2026-03-01 05:14:33 INFO config reloaded
2026-03-01 05:14:37 INFO invalid token
2026-03-01 05:14:39 INFO slow query detected
2026-03-01 05:14:40 INFO cache hit
2026-03-01 05:14:41 INFO user logout
2026-03-01 05:14:42 INFO user login ok
2026-03-01 05:14:43 INFO user logout
2026-03-01 05:14:46 INFO invalid token
2026-03-01 05:14:48 INFO cache miss
2026-03-01 05:14:52 INFO cache hit
2026-03-01 05:14:55 INFO background job finished
2026-03-01 05:14:59 INFO cache hit
2026-03-01 05:15:03 ERROR user logout
2026-03-01 05:15:07 ERROR disk usage high
2026-03-01 05:15:10 INFO user login ok
2026-03-01 05:15:13 INFO user login ok
2026-03-01 05:15:15 INFO invalid token
2026-03-01 05:15:16 INFO user logout
2026-03-01 05:15:20 INFO user login ok
2026-03-01 05:15:21 INFO request handled
2026-03-01 05:15:22 INFO slow query detected
2026-03-01 05:15:23 INFO user login ok
2026-03-01 05:15:25 INFO cache hit
2026-03-01 05:15:26 INFO config reloaded
2026-03-01 05:15:30 INFO user login ok
2026-03-01 05:15:32 ERROR user login ok
2026-03-01 05:15:33 INFO config reloaded
2026-03-01 05:15:35 WARN user login ok
2026-03-01 05:15:36 WARN user logout
2026-03-01 05:15:39 INFO config reloaded
2026-03-01 05:15:41 INFO disk usage high
2026-03-01 05:15:45 INFO user login ok
2026-03-01 05:15:46 WARN connection reset by peer
### повреждённая строка ###
2026-03-01 05:15:51 INFO cache hit
2026-03-01 05:15:52 INFO cache hit
2026-03-01 05:15:55 INFO user login ok
2026-03-01 05:15:58 INFO user login ok
2026-03-01 05:16:02 INFO user login ok
2026-03-01 05:16:05 INFO request handled
2026-03-01 05:16:06 INFO cache hit
2026-03-01 05:16:10 INFO slow query detected
2026-03-01 05:16:12 INFO cache hit
2026-03-01 05:16:13 INFO config reloaded
2026-03-01 05:16:15 WARN user logout
2026-03-01 05:16:18 WARN cache miss
2026-03-01 05:16:21 INFO invalid token
2026-03-01 05:16:24 INFO user login ok
2026-03-01 05:16:25 ERROR user login ok
2026-03-01 05:16:28 INFO user login ok
2026-03-01 05:16:32 INFO cache hit
2026-03-01 05:16:35 INFO user logout
2026-03-01 05:16:39 INFO database timeout
2026-03-01 05:16:41 INFO connection reset by peer
2026-03-01 05:16:44 INFO cache miss
2026-03-01 05:16:46 INFO user logout
2026-03-01 05:16:49 WARN cache miss
2026-03-01 05:16:50 INFO user login ok
2026-03-01 05:16:51 INFO user logout
2026-03-01 05:16:54 INFO cache miss
### повреждённая строка ###
2026-03-01 05:16:57 WARN user login ok
2026-03-01 05:16:59 INFO cache hit
2026-03-01 05:17:03 INFO cache hit
2026-03-01 05:17:04 INFO disk usage high
2026-03-01 05:17:08 INFO user login ok
2026-03-01 05:17:11 INFO user login ok
2026-03-01 05:17:15 WARN cache miss
### повреждённая строка ###
2026-03-01 05:17:20 INFO user login ok
2026-03-01 05:17:22 INFO slow query detected
2026-03-01 05:17:23 INFO database timeout
2026-03-01 05:17:24 INFO disk usage high
2026-03-01 05:17:25 ERROR request handled
2026-03-01 05:17:28 INFO user login ok
2026-03-01 05:17:32 INFO invalid token
2026-03-01 05:17:36 INFO disk usage high
2026-03-01 05:17:38 ERROR user login ok
2026-03-01 05:17:41 INFO disk usage high
2026-03-01 05:17:43 INFO user login ok
2026-03-01 05:17:44 WARN request handled
2026-03-01 05:17:45 INFO disk usage high
2026-03-01 05:17:49 INFO config reloaded
2026-03-01 05:17:53 INFO request handled
2026-03-01 05:17:54 INFO cache miss
2026-03-01 05:17:55 INFO disk usage high
2026-03-01 05:17:59 INFO slow query detected
2026-03-01 05:18:01 INFO user login ok
2026-03-01 05:18:02 INFO cache hit
2026-03-01 05:18:05 INFO cache hit
2026-03-01 05:18:09 INFO slow query detected
2026-03-01 05:18:11 INFO invalid token
2026-03-01 05:18:12 INFO disk usage high
2026-03-01 05:18:14 INFO cache hit
2026-03-01 05:18:18 INFO user login ok
2026-03-01 05:18:22 ERROR request handled
2026-03-01 05:18:25 INFO database timeout
2026-03-01 05:18:26 INFO background job finished
2026-03-01 05:18:27 INFO disk usage high
2026-03-01 05:18:31 WARN user logout
2026-03-01 05:18:34 WARN user logout
2026-03-01 05:18:37 INFO background job finished
2026-03-01 05:18:38 INFO user logout
2026-03-01 05:18:42 INFO slow query detected
2026-03-01 05:18:44 INFO cache miss
2026-03-01 05:18:46 INFO user login ok
2026-03-01 05:18:47 INFO invalid token
2026-03-01 05:18:50 INFO user login ok
2026-03-01 05:18:54 INFO request handled
2026-03-01 05:18:56 INFO user logout
2026-03-01 05:18:58 INFO cache miss
2026-03-01 05:19:00 ERROR cache hit
2026-03-01 05:19:02 INFO cache miss
2026-03-01 05:19:06 INFO connection reset by peer
2026-03-01 05:19:07 WARN invalid token
2026-03-01 05:19:08 WARN user login ok
2026-03-01 05:19:10 WARN user login ok
2026-03-01 05:19:11 INFO request handled
2026-03-01 05:19:15 INFO request handled
2026-03-01 05:19:16 INFO user login ok
2026-03-01 05:19:19 WARN connection reset by peer
2026-03-01 05:19:20 INFO background job finished
2026-03-01 05:19:24 ERROR user logout
2026-03-01 05:19:28 INFO user logout
2026-03-01 05:19:30 INFO request handled
2026-03-01 05:19:32 INFO background job finished
2026-03-01 05:19:35 INFO cache miss
2026-03-01 05:19:39 WARN slow query detected
2026-03-01 05:19:40 WARN user login ok
2026-03-01 05:19:41 INFO cache hit
2026-03-01 05:19:43 INFO user login ok
2026-03-01 05:19:45 INFO background job finished
2026-03-01 05:19:49 ERROR background job finished
2026-03-01 05:19:50 ERROR slow query detected
2026-03-01 05:19:54 WARN connection reset by peer
2026-03-01 05:19:55 INFO cache hit
2026-03-01 05:19:58 INFO database timeout
2026-03-01 05:20:00 INFO user login ok
2026-03-01 05:20:02 WARN slow query detected
2026-03-01 05:20:04 WARN cache hit
2026-03-01 05:20:07 WARN user login ok
2026-03-01 05:20:09 INFO user logout
2026-03-01 05:20:12 ERROR user login ok
2026-03-01 05:20:16 WARN user login ok
2026-03-01 05:20:18 INFO config reloaded
2026-03-01 05:20:19 INFO cache hit
2026-03-01 05:20:20 WARN user login ok
2026-03-01 05:20:21 ERROR user login ok
2026-03-01 05:20:25 INFO database timeout
2026-03-01 05:20:29 INFO user logout
2026-03-01 05:20:32 INFO user logout
2026-03-01 05:20:34 INFO user logout
2026-03-01 05:20:37 INFO config reloaded
2026-03-01 05:20:39 INFO user logout
2026-03-01 05:20:42 WARN invalid token
2026-03-01 05:20:43 INFO cache hit
2026-03-01 05:20:47 INFO cache miss
2026-03-01 05:20:49 INFO background job finished
2026-03-01 05:20:51 INFO cache hit
2026-03-01 05:20:55 INFO slow query detected
2026-03-01 05:20:56 INFO user login ok
2026-03-01 05:20:58 WARN user logout
2026-03-01 05:20:59 INFO user login ok
2026-03-01 05:21:01 INFO cache miss
2026-03-01 05:21:04 ERROR background job finished
2026-03-01 05:21:05 INFO user login ok
2026-03-01 05:21:07 INFO user logout
2026-03-01 05:21:11 INFO user login ok
2026-03-01 05:21:14 INFO user login ok
2026-03-01 05:21:16 WARN config reloaded
2026-03-01 05:21:18 INFO cache hit
2026-03-01 05:21:19 ERROR user login ok
2026-03-01 05:21:23 INFO user logout
2026-03-01 05:21:27 INFO user login ok
2026-03-01 05:21:31 INFO cache hit
2026-03-01 05:21:32 INFO user login ok
2026-03-01 05:21:33 WARN slow query detected
2026-03-01 05:21:36 WARN cache miss
2026-03-01 05:21:39 INFO connection reset by peer
2026-03-01 05:21:40 INFO user logout
2026-03-01 05:21:43 INFO user login ok
2026-03-01 05:21:45 INFO user login ok
2026-03-01 05:21:49 INFO request handled
2026-03-01 05:21:53 WARN user logout
2026-03-01 05:21:57 WARN slow query detected
2026-03-01 05:21:58 WARN invalid token
2026-03-01 05:22:00 INFO user logout
2026-03-01 05:22:01 INFO disk usage high
2026-03-01 05:22:02 WARN slow query detected
2026-03-01 05:22:06 INFO slow query detected
2026-03-01 05:22:09 WARN user login ok
2026-03-01 05:22:10 WARN user logout
2026-03-01 05:22:12 INFO connection reset by peer
2026-03-01 05:22:14 INFO disk usage high
2026-03-01 05:22:15 INFO user login ok
2026-03-01 05:22:16 INFO cache miss
2026-03-01 05:22:18 INFO config reloaded
2026-03-01 05:22:20 INFO user login ok
2026-03-01 05:22:21 INFO database timeout
2026-03-01 05:22:25 WARN user login ok
2026-03-01 05:22:28 INFO user login ok
2026-03-01 05:22:32 WARN user login ok
### повреждённая строка ###
2026-03-01 05:22:36 INFO cache miss
2026-03-01 05:22:39 WARN user logout
2026-03-01 05:22:42 INFO cache hit
2026-03-01 05:22:45 INFO user logout
2026-03-01 05:22:49 INFO disk usage high
2026-03-01 05:22:52 INFO user login ok
2026-03-01 05:22:54 INFO user login ok
2026-03-01 05:22:56 INFO cache miss
2026-03-01 05:22:59 WARN user logout
2026-03-01 05:23:03 INFO user login ok
2026-03-01 05:23:06 INFO cache hit
2026-03-01 05:23:10 ERROR config reloaded
2026-03-01 05:23:13 INFO user login ok
2026-03-01 05:23:15 INFO cache hit
2026-03-01 05:23:19 ERROR user login ok
2026-03-01 05:23:20 INFO invalid token
2026-03-01 05:23:21 INFO slow query detected
2026-03-01 05:23:23 INFO request handled
2026-03-01 05:23:25 INFO user login ok
2026-03-01 05:23:26 INFO user login ok
2026-03-01 05:23:28 INFO user login ok
2026-03-01 05:23:31 INFO config reloaded
2026-03-01 05:23:33 WARN connection reset by peer
2026-03-01 05:23:37 INFO cache miss
2026-03-01 05:23:40 INFO cache miss
2026-03-01 05:23:43 INFO user logout
2026-03-01 05:23:45 INFO invalid token
2026-03-01 05:23:48 WARN slow query detected
2026-03-01 05:23:50 INFO user login ok
2026-03-01 05:23:52 WARN database timeout
2026-03-01 05:23:55 WARN config reloaded
2026-03-01 05:23:59 INFO cache miss
2026-03-01 05:24:01 INFO cache hit
2026-03-01 05:24:05 INFO user login ok
2026-03-01 05:24:06 INFO request handled
2026-03-01 05:24:10 INFO cache hit
2026-03-01 05:24:13 WARN user login ok
2026-03-01 05:24:17 INFO user logout
2026-03-01 05:24:18 INFO cache hit
2026-03-01 05:24:21 INFO user login ok
2026-03-01 05:24:24 INFO disk usage high
2026-03-01 05:24:25 INFO connection reset by peer
2026-03-01 05:24:29 INFO cache miss
2026-03-01 05:24:32 INFO user logout
2026-03-01 05:24:35 INFO user login ok
2026-03-01 05:24:39 INFO slow query detected
2026-03-01 05:24:43 INFO request handled
2026-03-01 05:24:45 INFO cache hit
2026-03-01 05:24:46 WARN disk usage high
2026-03-01 05:24:50 INFO config reloaded
2026-03-01 05:24:52 INFO user logout
2026-03-01 05:24:53 INFO user login ok
2026-03-01 05:24:57 INFO user logout
2026-03-01 05:25:00 INFO user login ok
2026-03-01 05:25:02 INFO user login ok
2026-03-01 05:25:05 INFO cache miss
2026-03-01 05:25:07 INFO cache miss
2026-03-01 05:25:11 WARN user login ok
2026-03-01 05:25:12 WARN config reloaded
2026-03-01 05:25:14 ERROR invalid token
2026-03-01 05:25:18 INFO connection reset by peer
2026-03-01 05:25:21 INFO user logout
2026-03-01 05:25:25 INFO user login ok
2026-03-01 05:25:27 INFO cache hit
2026-03-01 05:25:28 INFO database timeout
2026-03-01 05:25:31 INFO request handled
2026-03-01 05:25:34 INFO cache hit
2026-03-01 05:25:38 INFO disk usage high
2026-03-01 05:25:41 INFO user login ok
2026-03-01 05:25:45 INFO slow query detected
2026-03-01 05:25:49 INFO config reloaded
2026-03-01 05:25:51 INFO cache hit
2026-03-01 05:25:52 INFO user logout
2026-03-01 05:25:54 INFO user logout
2026-03-01 05:25:58 INFO cache hit
2026-03-01 05:25:59 INFO config reloaded
2026-03-01 05:26:02 INFO user login ok
2026-03-01 05:26:06 WARN slow query detected
2026-03-01 05:26:10 INFO background job finished
2026-03-01 05:26:14 INFO user login ok
2026-03-01 05:26:16 INFO user logout
2026-03-01 05:26:18 INFO user login ok
2026-03-01 05:26:20 INFO config reloaded
2026-03-01 05:26:21 INFO user logout
2026-03-01 05:26:24 INFO disk usage high
2026-03-01 05:26:26 INFO request handled
2026-03-01 05:26:28 INFO user login ok
2026-03-01 05:26:31 INFO cache miss
2026-03-01 05:26:35 INFO database timeout
2026-03-01 05:26:36 INFO disk usage high
2026-03-01 05:26:38 INFO slow query detected
2026-03-01 05:26:41 WARN slow query detected
2026-03-01 05:26:42 INFO user logout
2026-03-01 05:26:45 WARN database timeout
2026-03-01 05:26:46 WARN background job finished
2026-03-01 05:26:48 INFO user login ok
2026-03-01 05:26:52 INFO cache hit
2026-03-01 05:26:56 INFO request handled
2026-03-01 05:26:57 INFO request handled
2026-03-01 05:26:59 INFO cache hit
2026-03-01 05:27:02 INFO cache hit
2026-03-01 05:27:04 INFO user logout
2026-03-01 05:27:05 INFO request handled
2026-03-01 05:27:07 INFO slow query detected
2026-03-01 05:27:10 INFO disk usage high
2026-03-01 05:27:13 INFO connection reset by peer
2026-03-01 05:27:14 WARN config reloaded
2026-03-01 05:27:15 INFO user logout
2026-03-01 05:27:18 INFO invalid token
2026-03-01 05:27:19 INFO user login ok
2026-03-01 05:27:22 WARN cache hit
2026-03-01 05:27:25 INFO request handled
2026-03-01 05:27:29 INFO user login ok
2026-03-01 05:27:33 INFO slow query detected
2026-03-01 05:27:35 INFO user login ok
2026-03-01 05:27:37 INFO cache miss
2026-03-01 05:27:40 INFO request handled
2026-03-01 05:27:42 INFO user login ok
2026-03-01 05:27:46 INFO cache hit
2026-03-01 05:27:48 INFO cache hit
2026-03-01 05:27:52 WARN user logout
2026-03-01 05:27:55 INFO disk usage high
2026-03-01 05:27:59 INFO request handled
2026-03-01 05:28:02 WARN invalid token
2026-03-01 05:28:04 ERROR disk usage high
2026-03-01 05:28:05 INFO request handled
2026-03-01 05:28:08 INFO user logout
### повреждённая строка ###
2026-03-01 05:28:13 INFO user login ok
2026-03-01 05:28:14 INFO user login ok
2026-03-01 05:28:15 INFO invalid token
2026-03-01 05:28:18 INFO cache hit
2026-03-01 05:28:19 INFO disk usage high
2026-03-01 05:28:21 INFO user login ok
2026-03-01 05:28:25 INFO connection reset by peer
2026-03-01 05:28:29 INFO connection reset by peer
2026-03-01 05:28:33 ERROR user login ok
2026-03-01 05:28:35 INFO disk usage high
2026-03-01 05:28:37 INFO user logout
2026-03-01 05:28:40 INFO config reloaded
2026-03-01 05:28:41 INFO cache hit
2026-03-01 05:28:43 INFO invalid token
2026-03-01 05:28:46 INFO user login ok
2026-03-01 05:28:50 INFO slow query detected
2026-03-01 05:28:52 INFO cache miss
2026-03-01 05:28:55 INFO user login ok
2026-03-01 05:28:59 INFO disk usage high
2026-03-01 05:29:01 INFO background job finished
2026-03-01 05:29:02 INFO user login ok
2026-03-01 05:29:04 WARN user logout
2026-03-01 05:29:06 INFO user login ok
2026-03-01 05:29:10 INFO user login ok
2026-03-01 05:29:14 WARN cache miss
2026-03-01 05:29:18 WARN cache miss
2026-03-01 05:29:20 ERROR request handled
2026-03-01 05:29:21 WARN user logout
2026-03-01 05:29:25 INFO user login ok
2026-03-01 05:29:28 INFO cache hit
2026-03-01 05:29:32 INFO user logout
2026-03-01 05:29:33 INFO disk usage high
2026-03-01 05:29:37 INFO user login ok
2026-03-01 05:29:39 INFO config reloaded
2026-03-01 05:29:40 INFO invalid token
2026-03-01 05:29:44 INFO user login ok
2026-03-01 05:29:48 WARN config reloaded
2026-03-01 05:29:49 INFO user login ok
2026-03-01 05:29:50 INFO user logout
2026-03-01 05:29:52 INFO cache hit
2026-03-01 05:29:55 INFO user login ok
2026-03-01 05:29:56 INFO cache miss
2026-03-01 05:29:57 INFO user logout
2026-03-01 05:29:58 ERROR cache hit
2026-03-01 05:30:01 INFO user login ok
2026-03-01 05:30:05 WARN connection reset by peer
2026-03-01 05:30:06 INFO user login ok
2026-03-01 05:30:07 INFO cache hit
### повреждённая строка ###
2026-03-01 05:30:09 WARN user login ok
2026-03-01 05:30:12 INFO user login ok
2026-03-01 05:30:15 INFO cache miss
2026-03-01 05:30:18 INFO disk usage high
2026-03-01 05:30:21 INFO config reloaded
2026-03-01 05:30:25 INFO invalid token
2026-03-01 05:30:29 INFO user login ok
2026-03-01 05:30:33 INFO slow query detected
2026-03-01 05:30:37 INFO user login ok
2026-03-01 05:30:38 INFO cache hit
2026-03-01 05:30:40 INFO config reloaded
2026-03-01 05:30:41 INFO database timeout
2026-03-01 05:30:43 INFO request handled
2026-03-01 05:30:46 INFO cache hit
2026-03-01 05:30:50 INFO user logout
2026-03-01 05:30:54 WARN cache hit
2026-03-01 05:30:58 INFO user login ok
2026-03-01 05:31:01 INFO cache miss
2026-03-01 05:31:03 INFO user logout
2026-03-01 05:31:06 INFO user login ok
2026-03-01 05:31:07 INFO user login ok
2026-03-01 05:31:11 INFO user login ok
2026-03-01 05:31:12 INFO user login ok
2026-03-01 05:31:13 INFO slow query detected
2026-03-01 05:31:15 INFO user login ok
2026-03-01 05:31:17 INFO user login ok
2026-03-01 05:31:21 INFO database timeout
2026-03-01 05:31:22 INFO request handled
2026-03-01 05:31:24 INFO user login ok
2026-03-01 05:31:26 INFO slow query detected
2026-03-01 05:31:30 INFO cache miss
2026-03-01 05:31:34 WARN request handled
2026-03-01 05:31:35 INFO config reloaded
2026-03-01 05:31:37 INFO invalid token
2026-03-01 05:31:39 INFO database timeout
2026-03-01 05:31:41 INFO user logout
2026-03-01 05:31:44 ERROR user login ok
2026-03-01 05:31:48 INFO user login ok
2026-03-01 05:31:52 INFO cache miss
2026-03-01 05:31:53 WARN user logout
2026-03-01 05:31:56 INFO user login ok
2026-03-01 05:32:00 INFO database timeout
2026-03-01 05:32:01 INFO cache miss
2026-03-01 05:32:04 INFO user login ok
2026-03-01 05:32:08 INFO database timeout
2026-03-01 05:32:10 INFO request handled
2026-03-01 05:32:14 INFO user login ok
2026-03-01 05:32:17 INFO slow query detected
2026-03-01 05:32:18 INFO user logout
2026-03-01 05:32:21 ERROR database timeout
2026-03-01 05:32:24 INFO cache hit
2026-03-01 05:32:25 INFO user login ok
2026-03-01 05:32:29 INFO invalid token
2026-03-01 05:32:30 ERROR user login ok
2026-03-01 05:32:32 INFO connection reset by peer
2026-03-01 05:32:33 INFO user login ok
2026-03-01 05:32:36 INFO user login ok
2026-03-01 05:32:38 INFO user login ok
2026-03-01 05:32:42 INFO slow query detected
2026-03-01 05:32:43 INFO database timeout
2026-03-01 05:32:45 INFO request handled
2026-03-01 05:32:47 INFO invalid token
2026-03-01 05:32:49 INFO user login ok
2026-03-01 05:32:52 ERROR user login ok
2026-03-01 05:32:56 INFO user login ok
2026-03-01 05:32:59 INFO user login ok
2026-03-01 05:33:00 INFO disk usage high
2026-03-01 05:33:01 INFO user logout
2026-03-01 05:33:03 INFO cache miss
2026-03-01 05:33:07 ERROR user login ok
2026-03-01 05:33:11 INFO config reloaded
2026-03-01 05:33:13 INFO user logout
2026-03-01 05:33:14 INFO user logout
2026-03-01 05:33:16 ERROR user login ok
2026-03-01 05:33:18 INFO background job finished
2026-03-01 05:33:21 INFO user login ok
2026-03-01 05:33:23 INFO user login ok
2026-03-01 05:33:27 INFO background job finished
2026-03-01 05:33:29 WARN user login ok
### повреждённая строка ###
2026-03-01 05:33:33 WARN disk usage high
2026-03-01 05:33:34 INFO config reloaded
2026-03-01 05:33:37 INFO background job finished
2026-03-01 05:33:40 WARN connection reset by peer
2026-03-01 05:33:44 INFO user login ok
2026-03-01 05:33:45 WARN user login ok
2026-03-01 05:33:48 WARN disk usage high
2026-03-01 05:33:49 INFO config reloaded
2026-03-01 05:33:53 INFO request handled
2026-03-01 05:33:57 INFO slow query detected
2026-03-01 05:33:59 INFO database timeout
2026-03-01 05:34:01 INFO config reloaded
2026-03-01 05:34:03 WARN user logout
2026-03-01 05:34:05 INFO cache hit
2026-03-01 05:34:08 INFO user login ok
2026-03-01 05:34:11 INFO cache miss
2026-03-01 05:34:15 INFO cache miss
2026-03-01 05:34:19 WARN disk usage high
2026-03-01 05:34:21 INFO cache hit
### повреждённая строка ###
### повреждённая строка ###
2026-03-01 05:34:30 ERROR request handled
2026-03-01 05:34:31 ERROR cache miss
2026-03-01 05:34:32 INFO invalid token
2026-03-01 05:34:35 INFO config reloaded
2026-03-01 05:34:39 WARN slow query detected
2026-03-01 05:34:40 INFO user login ok
2026-03-01 05:34:41 INFO disk usage high
2026-03-01 05:34:44 INFO user logout
2026-03-01 05:34:45 WARN request handled
2026-03-01 05:34:46 INFO slow query detected
2026-03-01 05:34:47 INFO user login ok
### повреждённая строка ###
2026-03-01 05:34:49 INFO cache miss
2026-03-01 05:34:53 WARN user login ok
2026-03-01 05:34:56 INFO cache hit
2026-03-01 05:34:58 INFO user login ok
2026-03-01 05:35:01 INFO user login ok
2026-03-01 05:35:04 INFO background job finished
2026-03-01 05:35:08 INFO user logout
2026-03-01 05:35:12 INFO disk usage high
2026-03-01 05:35:13 INFO user logout
2026-03-01 05:35:14 INFO user logout
2026-03-01 05:35:16 INFO cache hit
2026-03-01 05:35:18 INFO user login ok
2026-03-01 05:35:21 INFO request handled
2026-03-01 05:35:25 INFO background job finished
2026-03-01 05:35:28 INFO slow query detected
2026-03-01 05:35:30 WARN cache hit
2026-03-01 05:35:31 INFO user login ok
2026-03-01 05:35:32 INFO user login ok
2026-03-01 05:35:34 INFO background job finished
2026-03-01 05:35:35 INFO database timeout
2026-03-01 05:35:38 INFO user login ok
2026-03-01 05:35:40 INFO database timeout
2026-03-01 05:35:44 WARN user login ok
2026-03-01 05:35:45 INFO user login ok
2026-03-01 05:35:46 WARN slow query detected
2026-03-01 05:35:47 INFO user login ok
2026-03-01 05:35:48 INFO user login ok
2026-03-01 05:35:50 WARN disk usage high
2026-03-01 05:35:53 INFO user login ok
2026-03-01 05:35:55 INFO background job finished
2026-03-01 05:35:59 INFO user login ok
2026-03-01 05:36:01 INFO config reloaded
2026-03-01 05:36:03 WARN user login ok
2026-03-01 05:36:04 INFO connection reset by peer
2026-03-01 05:36:05 INFO database timeout
2026-03-01 05:36:07 INFO user login ok
2026-03-01 05:36:09 INFO user logout
2026-03-01 05:36:10 INFO request handled
2026-03-01 05:36:11 INFO user logout
2026-03-01 05:36:12 INFO user login ok
2026-03-01 05:36:16 INFO user login ok
2026-03-01 05:36:17 INFO user login ok
2026-03-01 05:36:21 INFO slow query detected
2026-03-01 05:36:25 INFO cache miss
2026-03-01 05:36:28 INFO cache miss
2026-03-01 05:36:30 INFO cache hit
2026-03-01 05:36:34 INFO invalid token
2026-03-01 05:36:38 INFO disk usage high
2026-03-01 05:36:42 INFO background job finished
2026-03-01 05:36:46 INFO cache hit
2026-03-01 05:36:47 INFO invalid token
2026-03-01 05:36:50 INFO database timeout
2026-03-01 05:36:53 INFO user logout
2026-03-01 05:36:54 WARN config reloaded
2026-03-01 05:36:56 INFO user login ok
2026-03-01 05:37:00 INFO user login ok
2026-03-01 05:37:03 ERROR connection reset by peer
2026-03-01 05:37:04 INFO background job finished
2026-03-01 05:37:06 INFO connection reset by peer
2026-03-01 05:37:09 INFO user login ok
2026-03-01 05:37:12 WARN cache hit
2026-03-01 05:37:16 INFO cache hit
2026-03-01 05:37:20 INFO cache hit
2026-03-01 05:37:21 INFO user login ok
2026-03-01 05:37:23 INFO user login ok
2026-03-01 05:37:26 INFO connection reset by peer
2026-03-01 05:37:27 INFO slow query detected
2026-03-01 05:37:31 INFO cache hit
2026-03-01 05:37:33 INFO user login ok
2026-03-01 05:37:34 WARN user logout
2026-03-01 05:37:37 WARN invalid token
2026-03-01 05:37:39 WARN user login ok
2026-03-01 05:37:42 INFO user login ok
2026-03-01 05:37:45 INFO request handled
2026-03-01 05:37:49 INFO user login ok
### повреждённая строка ###
2026-03-01 05:37:53 INFO background job finished
2026-03-01 05:37:57 WARN background job finished
2026-03-01 05:38:00 WARN cache hit
2026-03-01 05:38:01 INFO user login ok
2026-03-01 05:38:05 ERROR user login ok
2026-03-01 05:38:09 INFO background job finished
2026-03-01 05:38:13 INFO user login ok
2026-03-01 05:38:17 WARN slow query detected
2026-03-01 05:38:20 INFO cache miss
2026-03-01 05:38:22 INFO user logout
2026-03-01 05:38:23 INFO user login ok
2026-03-01 05:38:25 WARN invalid token
2026-03-01 05:38:26 INFO cache miss
2026-03-01 05:38:27 ERROR cache miss
2026-03-01 05:38:30 ERROR user logout
2026-03-01 05:38:34 INFO user login ok
2026-03-01 05:38:37 ERROR user logout
2026-03-01 05:38:40 INFO user logout
2026-03-01 05:38:41 INFO user login ok
2026-03-01 05:38:44 INFO user login ok
2026-03-01 05:38:45 INFO cache hit
2026-03-01 05:38:48 ERROR config reloaded
2026-03-01 05:38:51 WARN cache hit
2026-03-01 05:38:52 WARN disk usage high
2026-03-01 05:38:53 INFO user login ok
2026-03-01 05:38:54 INFO config reloaded
2026-03-01 05:38:55 INFO user login ok
2026-03-01 05:38:58 WARN user login ok
2026-03-01 05:39:00 INFO cache hit
2026-03-01 05:39:01 INFO user logout
2026-03-01 05:39:04 INFO invalid token
2026-03-01 05:39:08 INFO user login ok
2026-03-01 05:39:12 INFO user login ok
2026-03-01 05:39:15 INFO slow query detected
2026-03-01 05:39:17 INFO disk usage high
2026-03-01 05:39:18 WARN user login ok
2026-03-01 05:39:21 INFO database timeout
2026-03-01 05:39:25 INFO user logout
2026-03-01 05:39:29 INFO cache miss
2026-03-01 05:39:33 INFO cache miss
2026-03-01 05:39:35 INFO slow query detected
2026-03-01 05:39:38 INFO invalid token
2026-03-01 05:39:41 INFO user login ok
2026-03-01 05:39:42 INFO user login ok
2026-03-01 05:39:45 INFO user login ok
2026-03-01 05:39:49 WARN database timeout
2026-03-01 05:39:51 INFO cache hit
2026-03-01 05:39:52 INFO user login ok
2026-03-01 05:39:53 WARN user logout
2026-03-01 05:39:55 INFO slow query detected
2026-03-01 05:39:56 INFO cache miss
2026-03-01 05:39:58 INFO user logout
2026-03-01 05:39:59 INFO disk usage high
2026-03-01 05:40:00 WARN user login ok
2026-03-01 05:40:02 INFO invalid token
2026-03-01 05:40:05 INFO cache hit
2026-03-01 05:40:06 WARN cache hit
2026-03-01 05:40:10 INFO request handled
2026-03-01 05:40:12 INFO disk usage high
2026-03-01 05:40:15 WARN database timeout
2026-03-01 05:40:18 INFO user login ok
2026-03-01 05:40:19 INFO cache miss
2026-03-01 05:40:22 INFO disk usage high
2026-03-01 05:40:25 INFO user login ok
2026-03-01 05:40:29 INFO slow query detected
2026-03-01 05:40:33 INFO background job finished
2026-03-01 05:40:36 ERROR user login ok
2026-03-01 05:40:40 INFO user logout
2026-03-01 05:40:44 WARN user login ok
2026-03-01 05:40:45 INFO database timeout
2026-03-01 05:40:46 INFO cache hit
2026-03-01 05:40:49 INFO cache miss
2026-03-01 05:40:53 INFO invalid token
2026-03-01 05:40:56 WARN user logout
2026-03-01 05:40:57 INFO user logout
2026-03-01 05:40:58 WARN user login ok
2026-03-01 05:40:59 INFO cache hit
2026-03-01 05:41:02 INFO request handled
2026-03-01 05:41:05 INFO invalid token
2026-03-01 05:41:08 INFO user logout
2026-03-01 05:41:12 INFO user login ok
2026-03-01 05:41:13 INFO disk usage high
2026-03-01 05:41:17 ERROR database timeout
2026-03-01 05:41:20 INFO request handled
2026-03-01 05:41:21 INFO database timeout
2026-03-01 05:41:22 INFO user login ok
2026-03-01 05:41:23 WARN config reloaded
2026-03-01 05:41:24 INFO user login ok
2026-03-01 05:41:25 INFO slow query detected
2026-03-01 05:41:26 INFO user login ok
2026-03-01 05:41:28 INFO request handled
2026-03-01 05:41:31 INFO connection reset by peer
2026-03-01 05:41:35 INFO user logout
2026-03-01 05:41:38 WARN user logout
2026-03-01 05:41:39 INFO user login ok
2026-03-01 05:41:41 WARN background job finished
2026-03-01 05:41:43 INFO user login ok
2026-03-01 05:41:44 INFO database timeout
2026-03-01 05:41:46 ERROR user logout
### повреждённая строка ###
2026-03-01 05:41:48 INFO background job finished
2026-03-01 05:41:49 WARN cache hit
2026-03-01 05:41:51 INFO user logout
2026-03-01 05:41:55 WARN user login ok
2026-03-01 05:41:56 INFO database timeout
2026-03-01 05:41:57 INFO user logout
2026-03-01 05:42:00 INFO database timeout
2026-03-01 05:42:02 INFO user logout
2026-03-01 05:42:06 INFO connection reset by peer
### повреждённая строка ###
2026-03-01 05:42:11 INFO disk usage high
2026-03-01 05:42:13 INFO user login ok
2026-03-01 05:42:14 WARN cache miss
2026-03-01 05:42:18 WARN database timeout
2026-03-01 05:42:22 WARN cache hit
2026-03-01 05:42:24 INFO config reloaded
2026-03-01 05:42:25 INFO user login ok
2026-03-01 05:42:26 INFO user login ok
2026-03-01 05:42:30 INFO disk usage high
2026-03-01 05:42:33 INFO user logout
2026-03-01 05:42:34 INFO cache miss
2026-03-01 05:42:38 INFO request handled
2026-03-01 05:42:39 INFO user logout
2026-03-01 05:42:43 INFO cache miss
2026-03-01 05:42:47 WARN config reloaded
2026-03-01 05:42:51 ERROR disk usage high
2026-03-01 05:42:53 WARN user logout
2026-03-01 05:42:57 WARN request handled
2026-03-01 05:43:01 WARN user login ok
2026-03-01 05:43:03 INFO user login ok
2026-03-01 05:43:04 WARN request handled
2026-03-01 05:43:06 INFO user login ok
2026-03-01 05:43:10 INFO config reloaded
2026-03-01 05:43:14 INFO config reloaded
2026-03-01 05:43:17 INFO connection reset by peer
2026-03-01 05:43:19 INFO config reloaded
2026-03-01 05:43:21 WARN user logout
2026-03-01 05:43:22 WARN request handled
2026-03-01 05:43:26 INFO user login ok
2026-03-01 05:43:29 INFO user login ok
2026-03-01 05:43:33 INFO user login ok
2026-03-01 05:43:35 INFO invalid token
2026-03-01 05:43:36 INFO disk usage high
2026-03-01 05:43:38 WARN slow query detected
2026-03-01 05:43:42 INFO slow query detected
2026-03-01 05:43:46 ERROR user login ok
2026-03-01 05:43:49 INFO user login ok
2026-03-01 05:43:52 WARN invalid token
2026-03-01 05:43:54 INFO config reloaded
2026-03-01 05:43:57 INFO cache hit
2026-03-01 05:44:01 INFO user login ok
2026-03-01 05:44:04 INFO user login ok
2026-03-01 05:44:06 INFO user login ok
2026-03-01 05:44:08 INFO config reloaded
2026-03-01 05:44:09 INFO cache miss
2026-03-01 05:44:12 INFO user logout
2026-03-01 05:44:14 INFO user login ok
2026-03-01 05:44:15 INFO user login ok
2026-03-01 05:44:18 ERROR user login ok
2026-03-01 05:44:21 INFO user login ok
2026-03-01 05:44:23 INFO request handled
2026-03-01 05:44:27 INFO user login ok
2026-03-01 05:44:28 INFO config reloaded
2026-03-01 05:44:32 WARN connection reset by peer
2026-03-01 05:44:33 WARN background job finished
2026-03-01 05:44:37 INFO connection reset by peer
2026-03-01 05:44:41 INFO user login ok
2026-03-01 05:44:45 INFO invalid token
2026-03-01 05:44:49 INFO cache miss
2026-03-01 05:44:50 INFO cache miss
2026-03-01 05:44:51 INFO user login ok
2026-03-01 05:44:54 INFO connection reset by peer
2026-03-01 05:44:58 INFO user logout
2026-03-01 05:45:00 INFO user login ok
2026-03-01 05:45:04 INFO user login ok
2026-03-01 05:45:07 INFO config reloaded
2026-03-01 05:45:09 INFO user login ok
2026-03-01 05:45:13 INFO connection reset by peer
2026-03-01 05:45:16 INFO user login ok
2026-03-01 05:45:18 WARN slow query detected
2026-03-01 05:45:20 INFO config reloaded
2026-03-01 05:45:22 INFO database timeout
2026-03-01 05:45:24 WARN cache hit
2026-03-01 05:45:26 INFO user login ok
2026-03-01 05:45:28 INFO request handled
2026-03-01 05:45:30 INFO user login ok
2026-03-01 05:45:31 INFO cache miss
2026-03-01 05:45:35 INFO user login ok
2026-03-01 05:45:39 INFO invalid token
2026-03-01 05:45:41 INFO user login ok
2026-03-01 05:45:45 INFO disk usage high
2026-03-01 05:45:46 WARN slow query detected
2026-03-01 05:45:48 INFO connection reset by peer
2026-03-01 05:45:50 ERROR user login ok
2026-03-01 05:45:53 INFO slow query detected
2026-03-01 05:45:57 INFO config reloaded
2026-03-01 05:45:58 INFO user login ok
2026-03-01 05:46:01 INFO cache hit
2026-03-01 05:46:03 INFO cache miss
2026-03-01 05:46:04 INFO connection reset by peer
2026-03-01 05:46:06 INFO user logout
2026-03-01 05:46:09 INFO user logout
2026-03-01 05:46:12 INFO config reloaded
2026-03-01 05:46:16 INFO user login ok
2026-03-01 05:46:19 INFO user login ok
2026-03-01 05:46:20 INFO cache miss
2026-03-01 05:46:21 INFO user login ok
2026-03-01 05:46:25 WARN background job finished
2026-03-01 05:46:26 INFO slow query detected
2026-03-01 05:46:28 INFO cache hit
2026-03-01 05:46:31 WARN background job finished
2026-03-01 05:46:34 INFO cache hit
2026-03-01 05:46:37 INFO connection reset by peer
2026-03-01 05:46:41 INFO config reloaded
2026-03-01 05:46:43 ERROR cache hit
2026-03-01 05:46:44 INFO connection reset by peer
2026-03-01 05:46:48 INFO user logout
2026-03-01 05:46:52 INFO cache miss
2026-03-01 05:46:56 INFO slow query detected
2026-03-01 05:46:59 WARN request handled
2026-03-01 05:47:02 INFO connection reset by peer
2026-03-01 05:47:06 INFO disk usage high
2026-03-01 05:47:10 INFO user login ok
2026-03-01 05:47:12 INFO user logout
2026-03-01 05:47:14 WARN user login ok
2026-03-01 05:47:18 INFO user login ok
2026-03-01 05:47:22 INFO user login ok
2026-03-01 05:47:23 INFO request handled
2026-03-01 05:47:24 WARN user login ok
2026-03-01 05:47:26 INFO cache miss
2026-03-01 05:47:28 INFO user login ok
2026-03-01 05:47:32 WARN user login ok
2026-03-01 05:47:34 INFO config reloaded
2026-03-01 05:47:38 INFO config reloaded
2026-03-01 05:47:40 WARN user logout
2026-03-01 05:47:42 INFO cache hit
2026-03-01 05:47:43 WARN cache miss
2026-03-01 05:47:44 INFO user login ok
2026-03-01 05:47:46 INFO database timeout
2026-03-01 05:47:48 INFO database timeout
2026-03-01 05:47:52 INFO user logout
2026-03-01 05:47:53 INFO user login ok
2026-03-01 05:47:56 INFO user logout
2026-03-01 05:48:00 INFO user login ok
2026-03-01 05:48:01 WARN user logout
2026-03-01 05:48:04 INFO disk usage high
2026-03-01 05:48:07 INFO request handled
2026-03-01 05:48:11 INFO user logout
2026-03-01 05:48:12 ERROR request handled
2026-03-01 05:48:15 INFO request handled
2026-03-01 05:48:17 INFO request handled
2026-03-01 05:48:19 INFO user logout
2026-03-01 05:48:21 INFO request handled
2026-03-01 05:48:23 INFO background job finished
2026-03-01 05:48:27 ERROR cache hit
2026-03-01 05:48:28 ERROR connection reset by peer
2026-03-01 05:48:29 INFO cache miss
2026-03-01 05:48:33 INFO user login ok
2026-03-01 05:48:37 INFO slow query detected
2026-03-01 05:48:38 INFO background job finished
2026-03-01 05:48:40 ERROR user login ok
2026-03-01 05:48:43 INFO cache miss
2026-03-01 05:48:46 INFO config reloaded
2026-03-01 05:48:50 INFO request handled
### повреждённая строка ###
2026-03-01 05:48:58 INFO background job finished
2026-03-01 05:49:02 INFO user login ok
2026-03-01 05:49:03 INFO cache hit
2026-03-01 05:49:04 INFO user logout
2026-03-01 05:49:08 INFO user logout
2026-03-01 05:49:10 INFO user login ok
2026-03-01 05:49:13 INFO user login ok
2026-03-01 05:49:16 INFO user logout
2026-03-01 05:49:17 INFO database timeout
2026-03-01 05:49:21 INFO disk usage high
2026-03-01 05:49:25 INFO config reloaded
2026-03-01 05:49:28 INFO invalid token
2026-03-01 05:49:29 INFO config reloaded
2026-03-01 05:49:31 INFO user login ok
2026-03-01 05:49:32 INFO invalid token
2026-03-01 05:49:33 INFO slow query detected
2026-03-01 05:49:37 INFO cache hit
2026-03-01 05:49:41 INFO cache miss
2026-03-01 05:49:45 INFO invalid token
2026-03-01 05:49:47 INFO database timeout
2026-03-01 05:49:48 INFO slow query detected
2026-03-01 05:49:51 INFO cache hit
2026-03-01 05:49:54 WARN cache hit
2026-03-01 05:49:56 WARN user logout
2026-03-01 05:49:58 INFO request handled
2026-03-01 05:50:02 INFO user login ok
2026-03-01 05:50:06 WARN disk usage high
2026-03-01 05:50:10 WARN background job finished
2026-03-01 05:50:11 INFO user login ok
2026-03-01 05:50:15 INFO slow query detected
2026-03-01 05:50:17 INFO invalid token
2026-03-01 05:50:18 INFO user login ok
2026-03-01 05:50:19 WARN disk usage high
2026-03-01 05:50:22 INFO cache hit
2026-03-01 05:50:26 INFO background job finished
2026-03-01 05:50:30 INFO cache miss
2026-03-01 05:50:31 INFO user login ok
2026-03-01 05:50:32 INFO request handled
2026-03-01 05:50:36 INFO user login ok
2026-03-01 05:50:38 INFO database timeout
2026-03-01 05:50:40 INFO user login ok
2026-03-01 05:50:41 INFO background job finished
2026-03-01 05:50:42 INFO connection reset by peer
2026-03-01 05:50:46 INFO user logout
2026-03-01 05:50:49 INFO cache miss
2026-03-01 05:50:53 INFO disk usage high
2026-03-01 05:50:55 ERROR slow query detected
2026-03-01 05:50:58 INFO user logout
2026-03-01 05:50:59 INFO background job finished
2026-03-01 05:51:03 INFO slow query detected
2026-03-01 05:51:05 INFO disk usage high
2026-03-01 05:51:08 INFO user logout
2026-03-01 05:51:09 INFO user login ok
2026-03-01 05:51:12 INFO user login ok
2026-03-01 05:51:15 INFO database timeout
2026-03-01 05:51:19 INFO request handled
2026-03-01 05:51:22 INFO user logout
2026-03-01 05:51:25 INFO connection reset by peer
2026-03-01 05:51:28 INFO database timeout
2026-03-01 05:51:32 ERROR user logout
2026-03-01 05:51:36 WARN invalid token
2026-03-01 05:51:40 INFO invalid token
2026-03-01 05:51:43 WARN cache hit
2026-03-01 05:51:45 WARN user logout
2026-03-01 05:51:49 WARN user login ok
2026-03-01 05:51:50 INFO user logout
2026-03-01 05:51:52 INFO user login ok
2026-03-01 05:51:54 INFO user login ok
2026-03-01 05:51:56 INFO background job finished
2026-03-01 05:51:57 ERROR user login ok
### повреждённая строка ###
2026-03-01 05:51:59 INFO user login ok
2026-03-01 05:52:00 INFO user login ok
2026-03-01 05:52:02 INFO user login ok
2026-03-01 05:52:04 INFO slow query detected
2026-03-01 05:52:05 INFO background job finished
2026-03-01 05:52:06 INFO user login ok
2026-03-01 05:52:09 INFO request handled
2026-03-01 05:52:11 ERROR user login ok
2026-03-01 05:52:14 INFO database timeout
2026-03-01 05:52:16 INFO user login ok
2026-03-01 05:52:18 ERROR config reloaded
2026-03-01 05:52:21 INFO background job finished
2026-03-01 05:52:22 INFO request handled
2026-03-01 05:52:23 WARN config reloaded
2026-03-01 05:52:24 WARN connection reset by peer
2026-03-01 05:52:26 INFO cache hit
2026-03-01 05:52:30 WARN connection reset by peer
2026-03-01 05:52:31 INFO user logout
2026-03-01 05:52:35 INFO database timeout
2026-03-01 05:52:39 INFO user login ok
2026-03-01 05:52:43 WARN user login ok
2026-03-01 05:52:47 INFO invalid token
2026-03-01 05:52:50 INFO user login ok
2026-03-01 05:52:54 INFO disk usage high
2026-03-01 05:52:56 WARN user login ok
2026-03-01 05:52:59 WARN user login ok
2026-03-01 05:53:02 INFO user login ok
2026-03-01 05:53:06 INFO slow query detected
2026-03-01 05:53:10 INFO user logout
2026-03-01 05:53:11 INFO database timeout
2026-03-01 05:53:14 INFO user login ok
2026-03-01 05:53:18 WARN slow query detected
2026-03-01 05:53:21 WARN user logout
2026-03-01 05:53:22 INFO database timeout
2026-03-01 05:53:23 INFO invalid token
2026-03-01 05:53:24 INFO background job finished
2026-03-01 05:53:27 INFO cache miss
2026-03-01 05:53:29 INFO user login ok
2026-03-01 05:53:31 INFO cache miss
2026-03-01 05:53:33 INFO cache hit
2026-03-01 05:53:37 INFO config reloaded
2026-03-01 05:53:41 INFO cache hit
2026-03-01 05:53:43 INFO user login ok
2026-03-01 05:53:46 INFO connection reset by peer
2026-03-01 05:53:48 INFO config reloaded
2026-03-01 05:53:52 INFO request handled
2026-03-01 05:53:54 INFO user login ok
2026-03-01 05:53:57 INFO request handled
2026-03-01 05:54:01 INFO user login ok
2026-03-01 05:54:04 INFO user login ok
2026-03-01 05:54:06 INFO cache miss
2026-03-01 05:54:10 INFO cache miss
2026-03-01 05:54:14 WARN config reloaded
2026-03-01 05:54:16 INFO user login ok
2026-03-01 05:54:20 INFO connection reset by peer
2026-03-01 05:54:23 INFO user login ok
2026-03-01 05:54:24 INFO connection reset by peer
2026-03-01 05:54:28 INFO cache hit
2026-03-01 05:54:30 INFO background job finished
2026-03-01 05:54:34 INFO connection reset by peer
2026-03-01 05:54:36 WARN request handled
2026-03-01 05:54:37 INFO cache miss
2026-03-01 05:54:41 INFO cache hit
2026-03-01 05:54:43 INFO config reloaded
2026-03-01 05:54:44 INFO user login ok
2026-03-01 05:54:46 INFO cache miss
2026-03-01 05:54:49 ERROR invalid token
2026-03-01 05:54:52 INFO cache miss
2026-03-01 05:54:53 INFO user logout
2026-03-01 05:54:56 WARN user login ok
2026-03-01 05:55:00 INFO user login ok
2026-03-01 05:55:03 INFO request handled
2026-03-01 05:55:05 INFO invalid token
2026-03-01 05:55:08 WARN cache hit
2026-03-01 05:55:09 INFO invalid token
2026-03-01 05:55:12 INFO slow query detected
2026-03-01 05:55:13 WARN request handled
2026-03-01 05:55:14 INFO cache miss
2026-03-01 05:55:16 WARN config reloaded
2026-03-01 05:55:20 INFO background job finished
2026-03-01 05:55:21 INFO background job finished
2026-03-01 05:55:23 INFO disk usage high
2026-03-01 05:55:25 INFO config reloaded
2026-03-01 05:55:28 INFO user login ok
2026-03-01 05:55:31 INFO user login ok
2026-03-01 05:55:35 INFO config reloaded
2026-03-01 05:55:38 INFO connection reset by peer
2026-03-01 05:55:40 INFO request handled
2026-03-01 05:55:42 INFO disk usage high
2026-03-01 05:55:44 INFO connection reset by peer
2026-03-01 05:55:47 INFO user logout
2026-03-01 05:55:51 WARN user logout
2026-03-01 05:55:52 INFO disk usage high
2026-03-01 05:55:56 INFO user logout
2026-03-01 05:55:58 INFO request handled
2026-03-01 05:56:00 INFO user login ok
2026-03-01 05:56:01 INFO user login ok
2026-03-01 05:56:02 INFO background job finished
2026-03-01 05:56:06 INFO request handled
2026-03-01 05:56:07 INFO cache miss
2026-03-01 05:56:09 INFO invalid token
2026-03-01 05:56:11 INFO connection reset by peer
2026-03-01 05:56:14 WARN invalid token
2026-03-01 05:56:15 INFO cache hit
2026-03-01 05:56:19 INFO user login ok
2026-03-01 05:56:21 INFO user login ok
2026-03-01 05:56:23 INFO user login ok
2026-03-01 05:56:27 INFO cache hit
2026-03-01 05:56:29 INFO user login ok
2026-03-01 05:56:33 INFO user login ok
2026-03-01 05:56:34 WARN cache miss
2026-03-01 05:56:36 INFO slow query detected
2026-03-01 05:56:39 INFO cache miss
2026-03-01 05:56:40 WARN config reloaded
2026-03-01 05:56:44 INFO user logout
2026-03-01 05:56:46 INFO invalid token
2026-03-01 05:56:47 INFO user login ok
2026-03-01 05:56:49 INFO invalid token
2026-03-01 05:56:53 INFO cache hit
2026-03-01 05:56:54 INFO user login ok
2026-03-01 05:56:57 INFO disk usage high
2026-03-01 05:56:59 ERROR request handled
2026-03-01 05:57:00 INFO user login ok
2026-03-01 05:57:02 INFO user logout
2026-03-01 05:57:03 WARN user logout
2026-03-01 05:57:07 WARN cache hit
2026-03-01 05:57:11 ERROR user login ok
2026-03-01 05:57:13 INFO user login ok
2026-03-01 05:57:17 INFO user login ok
2026-03-01 05:57:21 INFO invalid token
2026-03-01 05:57:24 INFO user logout
2026-03-01 05:57:26 INFO user login ok
2026-03-01 05:57:28 INFO user login ok
2026-03-01 05:57:32 INFO connection reset by peer
2026-03-01 05:57:35 INFO cache miss
2026-03-01 05:57:38 INFO user login ok
2026-03-01 05:57:42 WARN user login ok
2026-03-01 05:57:46 INFO request handled
2026-03-01 05:57:49 INFO user login ok
2026-03-01 05:57:51 INFO cache miss
2026-03-01 05:57:53 INFO user logout
2026-03-01 05:57:55 INFO user logout
2026-03-01 05:57:56 INFO user login ok
2026-03-01 05:58:00 INFO user logout
2026-03-01 05:58:03 WARN user login ok
2026-03-01 05:58:04 INFO cache hit
2026-03-01 05:58:05 INFO user logout
2026-03-01 05:58:08 INFO invalid token
2026-03-01 05:58:10 INFO user logout
2026-03-01 05:58:14 INFO connection reset by peer
2026-03-01 05:58:15 ERROR disk usage high
2026-03-01 05:58:16 WARN user logout
2026-03-01 05:58:17 INFO user logout
2026-03-01 05:58:20 INFO connection reset by peer
2026-03-01 05:58:23 INFO config reloaded
2026-03-01 05:58:25 INFO connection reset by peer
2026-03-01 05:58:26 INFO connection reset by peer
2026-03-01 05:58:28 INFO disk usage high
2026-03-01 05:58:29 INFO disk usage high
2026-03-01 05:58:33 INFO database timeout
2026-03-01 05:58:35 ERROR user login ok
2026-03-01 05:58:39 INFO user login ok
2026-03-01 05:58:43 INFO request handled
2026-03-01 05:58:46 INFO user login ok
2026-03-01 05:58:48 INFO slow query detected
2026-03-01 05:58:50 ERROR connection reset by peer
2026-03-01 05:58:53 INFO background job finished
2026-03-01 05:58:56 ERROR cache hit
2026-03-01 05:58:59 INFO user logout
### повреждённая строка ###
2026-03-01 05:59:04 INFO user login ok
2026-03-01 05:59:07 INFO user logout
2026-03-01 05:59:08 INFO config reloaded
2026-03-01 05:59:12 INFO user logout
2026-03-01 05:59:14 INFO user login ok
2026-03-01 05:59:15 INFO config reloaded
2026-03-01 05:59:19 INFO request handled
2026-03-01 05:59:22 WARN config reloaded
2026-03-01 05:59:23 INFO invalid token
2026-03-01 05:59:25 INFO user logout
2026-03-01 05:59:27 INFO user login ok
2026-03-01 05:59:31 INFO user login ok
2026-03-01 05:59:35 INFO cache miss
2026-03-01 05:59:37 INFO request handled
2026-03-01 05:59:39 INFO user login ok
2026-03-01 05:59:43 INFO user login ok
2026-03-01 05:59:46 INFO disk usage high
2026-03-01 05:59:48 INFO user login ok
2026-03-01 05:59:52 INFO user login ok
2026-03-01 05:59:54 WARN cache hit
2026-03-01 05:59:56 INFO slow query detected
2026-03-01 05:59:57 INFO disk usage high
2026-03-01 06:00:00 INFO request handled
2026-03-01 06:00:01 ERROR user login ok
2026-03-01 06:00:03 INFO database timeout
2026-03-01 06:00:07 WARN slow query detected
2026-03-01 06:00:11 INFO user logout
2026-03-01 06:00:12 INFO disk usage high
2026-03-01 06:00:16 INFO user login ok
2026-03-01 06:00:18 INFO invalid token
2026-03-01 06:00:21 WARN cache miss
2026-03-01 06:00:22 INFO slow query detected
2026-03-01 06:00:25 INFO user login ok
2026-03-01 06:00:28 INFO cache miss
2026-03-01 06:00:29 INFO user login ok
2026-03-01 06:00:31 INFO user login ok
2026-03-01 06:00:33 INFO user login ok
2026-03-01 06:00:35 INFO cache miss
2026-03-01 06:00:39 INFO user logout
2026-03-01 06:00:42 INFO disk usage high
2026-03-01 06:00:43 INFO disk usage high
2026-03-01 06:00:46 INFO user logout
2026-03-01 06:00:48 ERROR cache hit
2026-03-01 06:00:49 INFO config reloaded
2026-03-01 06:00:51 INFO user logout
2026-03-01 06:00:52 INFO user login ok
2026-03-01 06:00:54 INFO user login ok
2026-03-01 06:00:56 INFO user login ok
2026-03-01 06:00:59 INFO user login ok
2026-03-01 06:01:00 INFO connection reset by peer
2026-03-01 06:01:04 INFO user login ok
2026-03-01 06:01:06 ERROR cache hit
2026-03-01 06:01:07 INFO user login ok
2026-03-01 06:01:10 INFO config reloaded
2026-03-01 06:01:12 INFO user login ok
2026-03-01 06:01:16 INFO cache hit
2026-03-01 06:01:19 INFO user logout
2026-03-01 06:01:20 INFO config reloaded
2026-03-01 06:01:24 INFO user login ok
2026-03-01 06:01:27 INFO user login ok
2026-03-01 06:01:31 INFO database timeout
2026-03-01 06:01:34 INFO user login ok
2026-03-01 06:01:38 ERROR request handled
2026-03-01 06:01:41 INFO cache hit
2026-03-01 06:01:42 INFO config reloaded
2026-03-01 06:01:43 INFO background job finished
2026-03-01 06:01:47 INFO cache miss
2026-03-01 06:01:51 INFO cache hit
2026-03-01 06:01:54 INFO user login ok
2026-03-01 06:01:57 INFO cache miss
2026-03-01 06:02:00 INFO background job finished
2026-03-01 06:02:01 WARN user login ok
2026-03-01 06:02:05 WARN user logout
2026-03-01 06:02:06 INFO slow query detected
2026-03-01 06:02:09 INFO request handled
2026-03-01 06:02:12 INFO user login ok
2026-03-01 06:02:13 INFO request handled
2026-03-01 06:02:14 INFO invalid token
2026-03-01 06:02:16 WARN slow query detected
2026-03-01 06:02:18 INFO user logout
2026-03-01 06:02:19 WARN user logout
2026-03-01 06:02:23 INFO disk usage high
2026-03-01 06:02:27 INFO user login ok
2026-03-01 06:02:28 ERROR database timeout
2026-03-01 06:02:29 INFO background job finished
2026-03-01 06:02:31 INFO cache miss
2026-03-01 06:02:35 INFO cache miss
2026-03-01 06:02:36 WARN user logout
2026-03-01 06:02:38 INFO cache miss
2026-03-01 06:02:42 INFO request handled
2026-03-01 06:02:46 INFO disk usage high
2026-03-01 06:02:47 INFO user login ok
2026-03-01 06:02:51 INFO user login ok
2026-03-01 06:02:55 INFO user login ok
2026-03-01 06:02:57 ERROR slow query detected
2026-03-01 06:02:59 INFO user login ok
2026-03-01 06:03:03 INFO invalid token
2026-03-01 06:03:05 INFO disk usage high
2026-03-01 06:03:09 INFO cache miss
2026-03-01 06:03:12 INFO user login ok
2026-03-01 06:03:15 WARN request handled
2026-03-01 06:03:18 INFO connection reset by peer
2026-03-01 06:03:19 INFO request handled
2026-03-01 06:03:21 INFO config reloaded
2026-03-01 06:03:23 INFO user login ok
2026-03-01 06:03:26 ERROR request handled
2026-03-01 06:03:28 INFO background job finished
2026-03-01 06:03:29 INFO cache miss
2026-03-01 06:03:33 INFO user login ok
2026-03-01 06:03:35 WARN user login ok
2026-03-01 06:03:38 WARN request handled
2026-03-01 06:03:40 INFO user login ok
2026-03-01 06:03:41 INFO user login ok
2026-03-01 06:03:45 INFO user login ok
2026-03-01 06:03:46 INFO background job finished
2026-03-01 06:03:47 INFO slow query detected
2026-03-01 06:03:48 ERROR invalid token
2026-03-01 06:03:52 INFO config reloaded
2026-03-01 06:03:53 INFO user login ok
2026-03-01 06:03:57 INFO invalid token
2026-03-01 06:04:00 INFO user logout
2026-03-01 06:04:02 INFO cache miss
2026-03-01 06:04:03 INFO config reloaded
2026-03-01 06:04:07 WARN disk usage high
2026-03-01 06:04:10 WARN database timeout
2026-03-01 06:04:14 INFO cache miss
2026-03-01 06:04:16 WARN user login ok
2026-03-01 06:04:17 WARN invalid token
2026-03-01 06:04:18 INFO user login ok
2026-03-01 06:04:19 INFO user login ok
2026-03-01 06:04:21 INFO connection reset by peer
2026-03-01 06:04:25 INFO user login ok
2026-03-01 06:04:27 INFO invalid token
2026-03-01 06:04:29 INFO invalid token
2026-03-01 06:04:30 WARN user login ok
2026-03-01 06:04:34 INFO request handled
2026-03-01 06:04:37 INFO user logout
2026-03-01 06:04:39 INFO connection reset by peer
2026-03-01 06:04:43 INFO user login ok
2026-03-01 06:04:44 INFO database timeout
2026-03-01 06:04:47 INFO user logout
2026-03-01 06:04:50 INFO background job finished
2026-03-01 06:04:53 ERROR cache hit
2026-03-01 06:04:55 INFO user logout
2026-03-01 06:04:57 INFO user login ok
2026-03-01 06:05:01 INFO user logout
2026-03-01 06:05:03 INFO user login ok
2026-03-01 06:05:05 INFO user logout
2026-03-01 06:05:09 INFO user login ok
2026-03-01 06:05:12 INFO request handled
2026-03-01 06:05:15 INFO disk usage high
2026-03-01 06:05:16 INFO request handled
2026-03-01 06:05:17 WARN config reloaded
2026-03-01 06:05:18 WARN request handled
2026-03-01 06:05:21 INFO config reloaded
2026-03-01 06:05:22 INFO slow query detected
2026-03-01 06:05:24 INFO invalid token
2026-03-01 06:05:28 INFO user login ok
2026-03-01 06:05:29 INFO disk usage high
2026-03-01 06:05:31 WARN slow query detected
2026-03-01 06:05:35 WARN slow query detected
2026-03-01 06:05:36 INFO config reloaded
2026-03-01 06:05:38 WARN request handled
2026-03-01 06:05:40 INFO user login ok
2026-03-01 06:05:41 WARN background job finished
2026-03-01 06:05:43 INFO user logout
2026-03-01 06:05:44 INFO user login ok
2026-03-01 06:05:46 WARN user login ok
2026-03-01 06:05:50 INFO disk usage high
2026-03-01 06:05:52 INFO invalid token
2026-03-01 06:05:56 WARN cache hit
2026-03-01 06:05:57 WARN user login ok
2026-03-01 06:06:00 INFO user login ok
2026-03-01 06:06:02 WARN background job finished
2026-03-01 06:06:04 INFO database timeout
2026-03-01 06:06:07 INFO connection reset by peer
2026-03-01 06:06:09 INFO cache hit
2026-03-01 06:06:10 INFO user login ok
2026-03-01 06:06:11 INFO user login ok
2026-03-01 06:06:12 INFO connection reset by peer
2026-03-01 06:06:15 INFO request handled
2026-03-01 06:06:17 WARN cache hit
2026-03-01 06:06:21 ERROR cache hit
2026-03-01 06:06:25 WARN user login ok
2026-03-01 06:06:29 INFO slow query detected
2026-03-01 06:06:31 INFO background job finished
2026-03-01 06:06:33 INFO cache hit
2026-03-01 06:06:34 INFO background job finished
2026-03-01 06:06:37 INFO cache miss
2026-03-01 06:06:38 INFO cache miss
2026-03-01 06:06:42 INFO connection reset by peer
2026-03-01 06:06:44 INFO user login ok
2026-03-01 06:06:46 WARN user login ok
2026-03-01 06:06:47 INFO user login ok
2026-03-01 06:06:49 INFO request handled
2026-03-01 06:06:51 INFO cache miss
2026-03-01 06:06:55 INFO request handled
2026-03-01 06:06:59 INFO connection reset by peer
2026-03-01 06:07:02 INFO user logout
2026-03-01 06:07:06 INFO user logout
2026-03-01 06:07:07 WARN disk usage high
2026-03-01 06:07:11 INFO database timeout
2026-03-01 06:07:12 INFO user logout
2026-03-01 06:07:13 INFO request handled
2026-03-01 06:07:17 INFO cache miss
2026-03-01 06:07:18 WARN slow query detected
2026-03-01 06:07:22 INFO cache hit
2026-03-01 06:07:25 INFO database timeout
2026-03-01 06:07:29 ERROR cache miss
2026-03-01 06:07:33 WARN user login ok
2026-03-01 06:07:37 ERROR database timeout
2026-03-01 06:07:40 INFO background job finished
2026-03-01 06:07:42 INFO cache miss
2026-03-01 06:07:44 INFO config reloaded
2026-03-01 06:07:45 WARN cache miss
2026-03-01 06:07:49 INFO user logout
2026-03-01 06:07:52 INFO cache miss
2026-03-01 06:07:56 INFO disk usage high
2026-03-01 06:07:57 INFO config reloaded
2026-03-01 06:07:59 INFO config reloaded
2026-03-01 06:08:03 INFO user logout
2026-03-01 06:08:04 INFO user logout
2026-03-01 06:08:06 INFO user login ok
2026-03-01 06:08:10 INFO user login ok
2026-03-01 06:08:12 INFO user login ok
2026-03-01 06:08:15 INFO disk usage high
2026-03-01 06:08:16 INFO user login ok
2026-03-01 06:08:18 INFO slow query detected
2026-03-01 06:08:21 INFO slow query detected
2026-03-01 06:08:24 INFO user login ok
2026-03-01 06:08:27 INFO user logout
2026-03-01 06:08:28 INFO user login ok
2026-03-01 06:08:31 ERROR connection reset by peer
2026-03-01 06:08:34 INFO user logout
2026-03-01 06:08:38 INFO slow query detected
2026-03-01 06:08:42 WARN cache miss
2026-03-01 06:08:45 INFO user login ok
2026-03-01 06:08:46 INFO user logout
2026-03-01 06:08:48 WARN cache hit
2026-03-01 06:08:50 WARN config reloaded
2026-03-01 06:08:52 WARN user login ok
2026-03-01 06:08:53 INFO background job finished
2026-03-01 06:08:57 ERROR user login ok
2026-03-01 06:08:59 INFO cache hit
2026-03-01 06:09:00 ERROR cache miss
2026-03-01 06:09:04 INFO cache hit
2026-03-01 06:09:06 INFO user logout
2026-03-01 06:09:07 INFO user login ok
2026-03-01 06:09:11 INFO config reloaded
2026-03-01 06:09:15 INFO user login ok
2026-03-01 06:09:18 INFO user login ok
2026-03-01 06:09:20 ERROR user login ok
2026-03-01 06:09:21 INFO request handled
2026-03-01 06:09:25 WARN connection reset by peer
2026-03-01 06:09:27 ERROR user login ok
2026-03-01 06:09:31 ERROR user login ok
2026-03-01 06:09:33 ERROR database timeout
2026-03-01 06:09:35 WARN request handled
2026-03-01 06:09:36 INFO invalid token
2026-03-01 06:09:39 ERROR config reloaded
2026-03-01 06:09:43 INFO user login ok
2026-03-01 06:09:45 INFO config reloaded
2026-03-01 06:09:47 WARN user logout
2026-03-01 06:09:48 INFO user login ok
2026-03-01 06:09:51 INFO request handled
2026-03-01 06:09:54 INFO cache hit
2026-03-01 06:09:55 INFO cache miss
2026-03-01 06:09:57 INFO cache hit
2026-03-01 06:09:59 INFO user login ok
2026-03-01 06:10:02 INFO database timeout
2026-03-01 06:10:06 INFO user logout
2026-03-01 06:10:08 WARN slow query detected
2026-03-01 06:10:12 INFO user logout
2026-03-01 06:10:14 INFO user login ok
2026-03-01 06:10:16 INFO cache hit
2026-03-01 06:10:19 INFO user login ok
2026-03-01 06:10:23 INFO user logout
2026-03-01 06:10:26 INFO cache hit
2026-03-01 06:10:27 INFO user login ok
2026-03-01 06:10:30 INFO user login ok
2026-03-01 06:10:34 INFO disk usage high
2026-03-01 06:10:36 INFO user login ok
2026-03-01 06:10:38 INFO slow query detected
2026-03-01 06:10:40 INFO cache miss
2026-03-01 06:10:43 INFO cache hit
2026-03-01 06:10:45 INFO disk usage high
2026-03-01 06:10:47 INFO connection reset by peer
2026-03-01 06:10:48 INFO user login ok
2026-03-01 06:10:52 WARN config reloaded
2026-03-01 06:10:54 INFO user login ok
2026-03-01 06:10:57 INFO request handled
2026-03-01 06:11:01 WARN slow query detected
2026-03-01 06:11:02 WARN user login ok
2026-03-01 06:11:05 INFO cache hit
2026-03-01 06:11:08 WARN user logout
2026-03-01 06:11:12 INFO cache hit
2026-03-01 06:11:13 INFO slow query detected
2026-03-01 06:11:15 INFO cache hit
2026-03-01 06:11:16 INFO user login ok
2026-03-01 06:11:18 ERROR user logout
### повреждённая строка ###
2026-03-01 06:11:21 INFO user login ok
2026-03-01 06:11:22 INFO background job finished
2026-03-01 06:11:24 INFO cache hit
2026-03-01 06:11:27 ERROR user login ok
2026-03-01 06:11:29 WARN cache miss
2026-03-01 06:11:31 INFO user login ok
2026-03-01 06:11:33 ERROR disk usage high
2026-03-01 06:11:34 INFO user logout
2026-03-01 06:11:38 INFO user login ok
2026-03-01 06:11:40 INFO cache miss
2026-03-01 06:11:42 INFO connection reset by peer
2026-03-01 06:11:44 INFO slow query detected
2026-03-01 06:11:46 INFO user logout
2026-03-01 06:11:50 INFO user login ok
2026-03-01 06:11:53 INFO user logout
2026-03-01 06:11:56 WARN user login ok
2026-03-01 06:12:00 WARN slow query detected
2026-03-01 06:12:03 INFO cache hit
2026-03-01 06:12:06 INFO connection reset by peer
2026-03-01 06:12:08 WARN config reloaded
2026-03-01 06:12:12 INFO user login ok
2026-03-01 06:12:14 INFO database timeout
2026-03-01 06:12:15 INFO slow query detected
2026-03-01 06:12:18 INFO request handled
2026-03-01 06:12:22 INFO user login ok
2026-03-01 06:12:25 INFO request handled
2026-03-01 06:12:26 INFO cache miss
2026-03-01 06:12:28 WARN user login ok
2026-03-01 06:12:31 INFO slow query detected
2026-03-01 06:12:35 INFO invalid token
2026-03-01 06:12:38 INFO user login ok
2026-03-01 06:12:42 INFO cache hit
2026-03-01 06:12:46 INFO user login ok
2026-03-01 06:12:50 INFO user login ok
2026-03-01 06:12:51 INFO slow query detected
2026-03-01 06:12:54 INFO user login ok
2026-03-01 06:12:56 INFO user logout
2026-03-01 06:12:58 ERROR slow query detected
2026-03-01 06:13:00 INFO user logout
2026-03-01 06:13:03 INFO user login ok
2026-03-01 06:13:07 INFO user logout
2026-03-01 06:13:10 INFO slow query detected
2026-03-01 06:13:11 INFO user login ok
2026-03-01 06:13:12 ERROR user logout
2026-03-01 06:13:13 INFO cache miss
2026-03-01 06:13:14 INFO disk usage high
2026-03-01 06:13:17 INFO user login ok
2026-03-01 06:13:20 ERROR user logout
2026-03-01 06:13:23 INFO cache miss
2026-03-01 06:13:25 INFO disk usage high
2026-03-01 06:13:28 INFO connection reset by peer
2026-03-01 06:13:30 INFO background job finished
2026-03-01 06:13:32 INFO background job finished
2026-03-01 06:13:35 INFO database timeout
2026-03-01 06:13:37 INFO user logout
2026-03-01 06:13:38 INFO user login ok
2026-03-01 06:13:42 WARN background job finished
2026-03-01 06:13:46 INFO user logout
2026-03-01 06:13:49 INFO database timeout
2026-03-01 06:13:51 INFO cache miss
2026-03-01 06:13:54 INFO user logout
2026-03-01 06:13:58 INFO request handled
2026-03-01 06:14:01 INFO user login ok
2026-03-01 06:14:03 INFO user login ok
2026-03-01 06:14:04 INFO background job finished
2026-03-01 06:14:07 WARN user logout
2026-03-01 06:14:09 WARN user logout
2026-03-01 06:14:12 INFO user login ok
2026-03-01 06:14:13 INFO invalid token
2026-03-01 06:14:17 INFO config reloaded
2026-03-01 06:14:20 INFO connection reset by peer
2026-03-01 06:14:24 INFO cache miss
2026-03-01 06:14:25 INFO cache hit
2026-03-01 06:14:26 INFO user login ok
2026-03-01 06:14:30 ERROR user logout
2026-03-01 06:14:32 ERROR user logout
2026-03-01 06:14:35 INFO cache hit
2026-03-01 06:14:36 ERROR user logout
2026-03-01 06:14:39 WARN user login ok
2026-03-01 06:14:43 INFO cache miss
2026-03-01 06:14:46 INFO user logout
2026-03-01 06:14:50 INFO connection reset by peer
2026-03-01 06:14:54 INFO background job finished
2026-03-01 06:14:58 INFO user login ok
2026-03-01 06:15:00 INFO user logout
2026-03-01 06:15:03 INFO user login ok
2026-03-01 06:15:05 INFO user login ok
2026-03-01 06:15:07 INFO config reloaded
2026-03-01 06:15:10 INFO user login ok
2026-03-01 06:15:13 ERROR user login ok
### повреждённая строка ###
2026-03-01 06:15:19 INFO config reloaded
2026-03-01 06:15:20 INFO database timeout
2026-03-01 06:15:23 INFO disk usage high
2026-03-01 06:15:24 WARN config reloaded
2026-03-01 06:15:27 WARN user login ok
2026-03-01 06:15:28 INFO slow query detected
2026-03-01 06:15:29 INFO database timeout
2026-03-01 06:15:30 ERROR user logout
2026-03-01 06:15:31 INFO request handled
2026-03-01 06:15:34 INFO connection reset by peer
2026-03-01 06:15:36 WARN disk usage high
2026-03-01 06:15:37 INFO user logout
2026-03-01 06:15:40 INFO user logout
2026-03-01 06:15:44 INFO database timeout
2026-03-01 06:15:46 INFO user login ok
2026-03-01 06:15:50 INFO user login ok
2026-03-01 06:15:52 INFO user logout
2026-03-01 06:15:54 INFO invalid token
2026-03-01 06:15:57 WARN user login ok
2026-03-01 06:16:01 INFO user login ok
2026-03-01 06:16:03 INFO disk usage high
2026-03-01 06:16:04 WARN user logout
2026-03-01 06:16:06 INFO user logout
2026-03-01 06:16:09 INFO cache miss
2026-03-01 06:16:13 INFO user login ok
2026-03-01 06:16:14 INFO connection reset by peer
2026-03-01 06:16:17 WARN disk usage high
2026-03-01 06:16:20 INFO user login ok
2026-03-01 06:16:23 INFO user logout
2026-03-01 06:16:27 INFO request handled
2026-03-01 06:16:30 INFO disk usage high
2026-03-01 06:16:34 INFO cache miss
2026-03-01 06:16:38 INFO user login ok
2026-03-01 06:16:41 INFO user logout
2026-03-01 06:16:44 WARN database timeout
2026-03-01 06:16:45 INFO user login ok
2026-03-01 06:16:47 INFO user login ok
2026-03-01 06:16:49 INFO request handled
2026-03-01 06:16:52 INFO database timeout
2026-03-01 06:16:55 INFO cache hit
2026-03-01 06:16:57 INFO user logout
2026-03-01 06:16:59 INFO user login ok
2026-03-01 06:17:02 WARN invalid token
2026-03-01 06:17:03 INFO config reloaded
2026-03-01 06:17:06 WARN slow query detected
2026-03-01 06:17:09 WARN config reloaded
2026-03-01 06:17:13 INFO disk usage high
2026-03-01 06:17:16 WARN database timeout
2026-03-01 06:17:17 INFO connection reset by peer
2026-03-01 06:17:19 INFO user login ok
2026-03-01 06:17:22 WARN slow query detected
2026-03-01 06:17:24 WARN user logout
2026-03-01 06:17:25 INFO slow query detected
2026-03-01 06:17:26 INFO user logout
2026-03-01 06:17:30 INFO cache hit
2026-03-01 06:17:31 INFO user login ok
2026-03-01 06:17:32 ERROR request handled
2026-03-01 06:17:35 WARN disk usage high
2026-03-01 06:17:37 WARN user login ok
2026-03-01 06:17:40 INFO disk usage high
2026-03-01 06:17:44 INFO cache hit
2026-03-01 06:17:48 INFO user login ok
2026-03-01 06:17:51 INFO user login ok
### повреждённая строка ###
2026-03-01 06:17:54 ERROR invalid token
2026-03-01 06:17:58 INFO slow query detected
2026-03-01 06:17:59 ERROR request handled
2026-03-01 06:18:01 INFO request handled
2026-03-01 06:18:02 ERROR user login ok
2026-03-01 06:18:05 INFO config reloaded
2026-03-01 06:18:06 INFO disk usage high
2026-03-01 06:18:08 WARN config reloaded
2026-03-01 06:18:10 WARN request handled
2026-03-01 06:18:12 INFO request handled
2026-03-01 06:18:15 INFO user logout
2026-03-01 06:18:17 WARN slow query detected
2026-03-01 06:18:18 WARN user login ok
2026-03-01 06:18:21 INFO cache miss
2026-03-01 06:18:22 INFO user login ok
2026-03-01 06:18:25 ERROR background job finished
2026-03-01 06:18:29 INFO config reloaded
2026-03-01 06:18:32 INFO slow query detected
2026-03-01 06:18:33 WARN user logout
2026-03-01 06:18:34 INFO invalid token
2026-03-01 06:18:35 WARN background job finished
2026-03-01 06:18:36 INFO cache hit
2026-03-01 06:18:38 INFO cache hit
2026-03-01 06:18:40 INFO cache hit
2026-03-01 06:18:42 WARN user logout
2026-03-01 06:18:43 INFO user logout
2026-03-01 06:18:47 INFO request handled
2026-03-01 06:18:50 INFO user login ok
2026-03-01 06:18:51 INFO user login ok
2026-03-01 06:18:55 INFO cache miss
2026-03-01 06:18:58 INFO cache miss
2026-03-01 06:18:59 INFO config reloaded
2026-03-01 06:19:03 INFO invalid token
2026-03-01 06:19:05 INFO cache miss
2026-03-01 06:19:07 INFO config reloaded
2026-03-01 06:19:09 WARN connection reset by peer
2026-03-01 06:19:13 WARN request handled
2026-03-01 06:19:15 INFO config reloaded
2026-03-01 06:19:16 WARN invalid token
2026-03-01 06:19:19 INFO user login ok
2026-03-01 06:19:23 INFO cache miss
2026-03-01 06:19:27 INFO cache hit
2026-03-01 06:19:31 INFO cache miss
2026-03-01 06:19:35 INFO user login ok
2026-03-01 06:19:39 INFO user login ok
2026-03-01 06:19:40 INFO slow query detected
2026-03-01 06:19:44 INFO cache hit
2026-03-01 06:19:45 INFO request handled
2026-03-01 06:19:47 INFO cache hit
2026-03-01 06:19:50 INFO background job finished
2026-03-01 06:19:52 INFO cache miss
2026-03-01 06:19:56 INFO database timeout
2026-03-01 06:19:57 INFO connection reset by peer
2026-03-01 06:19:59 ERROR connection reset by peer
2026-03-01 06:20:01 WARN invalid token
2026-03-01 06:20:02 INFO disk usage high
2026-03-01 06:20:05 INFO user logout
2026-03-01 06:20:08 INFO invalid token
2026-03-01 06:20:11 INFO background job finished
2026-03-01 06:20:12 INFO user login ok
2026-03-01 06:20:15 INFO user login ok
2026-03-01 06:20:19 INFO background job finished
2026-03-01 06:20:23 INFO database timeout
2026-03-01 06:20:25 INFO cache miss
2026-03-01 06:20:28 INFO config reloaded
2026-03-01 06:20:31 INFO cache hit
2026-03-01 06:20:32 INFO user login ok
2026-03-01 06:20:35 ERROR user login ok
2026-03-01 06:20:37 INFO cache hit
2026-03-01 06:20:38 INFO config reloaded
2026-03-01 06:20:42 INFO cache hit
2026-03-01 06:20:45 WARN user login ok
2026-03-01 06:20:48 ERROR request handled
2026-03-01 06:20:50 INFO user login ok
2026-03-01 06:20:53 INFO invalid token
2026-03-01 06:20:56 INFO database timeout
2026-03-01 06:20:58 INFO slow query detected
2026-03-01 06:20:59 INFO user login ok
2026-03-01 06:21:03 INFO cache miss
2026-03-01 06:21:05 INFO connection reset by peer
2026-03-01 06:21:07 WARN user logout
2026-03-01 06:21:09 INFO cache hit
2026-03-01 06:21:13 INFO cache hit
2026-03-01 06:21:14 INFO config reloaded
2026-03-01 06:21:18 INFO user logout
2026-03-01 06:21:20 INFO config reloaded
2026-03-01 06:21:22 INFO user logout
2026-03-01 06:21:24 INFO disk usage high
2026-03-01 06:21:25 INFO user login ok
2026-03-01 06:21:29 ERROR user login ok
2026-03-01 06:21:32 INFO connection reset by peer
2026-03-01 06:21:33 INFO background job finished
2026-03-01 06:21:36 INFO config reloaded
2026-03-01 06:21:37 WARN user logout
2026-03-01 06:21:40 INFO request handled
2026-03-01 06:21:41 INFO disk usage high
2026-03-01 06:21:42 INFO user logout
2026-03-01 06:21:46 ERROR user login ok
2026-03-01 06:21:50 INFO user login ok
2026-03-01 06:21:52 INFO cache hit
2026-03-01 06:21:54 INFO user logout
2026-03-01 06:21:57 INFO database timeout
2026-03-01 06:21:59 INFO background job finished
2026-03-01 06:22:03 INFO user login ok
2026-03-01 06:22:05 INFO user login ok
2026-03-01 06:22:08 INFO user logout
2026-03-01 06:22:12 ERROR user logout
2026-03-01 06:22:14 WARN user logout
2026-03-01 06:22:18 INFO user login ok
2026-03-01 06:22:21 INFO user login ok
2026-03-01 06:22:24 INFO user logout
2026-03-01 06:22:28 WARN user login ok
2026-03-01 06:22:29 ERROR disk usage high
2026-03-01 06:22:32 INFO background job finished
2026-03-01 06:22:34 INFO user login ok
2026-03-01 06:22:35 INFO cache hit
2026-03-01 06:22:37 WARN user login ok
2026-03-01 06:22:40 INFO user login ok
2026-03-01 06:22:44 INFO disk usage high
2026-03-01 06:22:45 ERROR user logout
2026-03-01 06:22:47 INFO user login ok
2026-03-01 06:22:51 INFO cache miss
2026-03-01 06:22:54 INFO request handled
2026-03-01 06:22:56 WARN user login ok
2026-03-01 06:22:57 INFO user login ok
2026-03-01 06:23:00 INFO invalid token
2026-03-01 06:23:04 INFO database timeout
2026-03-01 06:23:05 INFO user login ok
2026-03-01 06:23:07 INFO background job finished
2026-03-01 06:23:09 INFO slow query detected
2026-03-01 06:23:11 INFO user logout
2026-03-01 06:23:15 WARN slow query detected
2026-03-01 06:23:18 INFO user login ok
2026-03-01 06:23:19 INFO invalid token
2026-03-01 06:23:23 INFO invalid token
2026-03-01 06:23:24 INFO user login ok
2026-03-01 06:23:26 WARN user login ok
2026-03-01 06:23:27 WARN user logout
2026-03-01 06:23:29 INFO invalid token
2026-03-01 06:23:32 INFO user logout
2026-03-01 06:23:33 INFO user login ok
2026-03-01 06:23:36 INFO user logout
2026-03-01 06:23:38 INFO slow query detected
2026-03-01 06:23:41 INFO user logout
2026-03-01 06:23:45 INFO cache miss
2026-03-01 06:23:47 INFO user login ok
2026-03-01 06:23:50 INFO user logout
2026-03-01 06:23:54 INFO invalid token
2026-03-01 06:23:56 WARN disk usage high
2026-03-01 06:24:00 INFO user login ok
2026-03-01 06:24:03 INFO user logout
2026-03-01 06:24:04 ERROR cache hit
2026-03-01 06:24:08 INFO user login ok
2026-03-01 06:24:11 ERROR user login ok
2026-03-01 06:24:14 INFO disk usage high
2026-03-01 06:24:17 INFO cache miss
2026-03-01 06:24:20 WARN user login ok
2026-03-01 06:24:21 INFO user login ok
2026-03-01 06:24:22 INFO cache miss
2026-03-01 06:24:23 INFO user login ok
2026-03-01 06:24:26 INFO user login ok
2026-03-01 06:24:29 INFO cache miss
2026-03-01 06:24:32 INFO user login ok
2026-03-01 06:24:35 WARN cache miss
2026-03-01 06:24:38 INFO background job finished
2026-03-01 06:24:41 INFO user login ok
2026-03-01 06:24:44 INFO user login ok
2026-03-01 06:24:46 INFO user login ok
### повреждённая строка ###
2026-03-01 06:24:51 INFO user logout
2026-03-01 06:24:55 INFO request handled
2026-03-01 06:24:58 INFO request handled
2026-03-01 06:25:01 INFO disk usage high
2026-03-01 06:25:03 INFO invalid token
2026-03-01 06:25:06 INFO cache hit
2026-03-01 06:25:07 INFO request handled
2026-03-01 06:25:09 INFO cache miss
2026-03-01 06:25:13 INFO user login ok
2026-03-01 06:25:17 INFO config reloaded
2026-03-01 06:25:19 INFO user login ok
2026-03-01 06:25:21 INFO request handled
2026-03-01 06:25:22 INFO user logout
2026-03-01 06:25:26 INFO user login ok
2026-03-01 06:25:27 INFO user login ok
2026-03-01 06:25:28 INFO user logout
2026-03-01 06:25:32 INFO user logout
2026-03-01 06:25:36 INFO background job finished
2026-03-01 06:25:40 INFO user login ok
2026-03-01 06:25:42 INFO user login ok
2026-03-01 06:25:45 WARN disk usage high
2026-03-01 06:25:47 INFO user login ok
2026-03-01 06:25:48 INFO config reloaded
2026-03-01 06:25:51 INFO slow query detected
2026-03-01 06:25:52 INFO disk usage high
2026-03-01 06:25:53 INFO user login ok
2026-03-01 06:25:55 INFO invalid token
2026-03-01 06:25:56 WARN user login ok
2026-03-01 06:26:00 INFO user login ok
2026-03-01 06:26:02 INFO request handled
2026-03-01 06:26:06 INFO user login ok
2026-03-01 06:26:10 INFO user logout
2026-03-01 06:26:12 INFO disk usage high
2026-03-01 06:26:16 INFO disk usage high
2026-03-01 06:26:18 INFO user login ok
2026-03-01 06:26:21 WARN cache miss
2026-03-01 06:26:22 INFO user login ok
2026-03-01 06:26:25 WARN user logout
2026-03-01 06:26:29 INFO user login ok
2026-03-01 06:26:32 WARN user login ok
2026-03-01 06:26:36 INFO database timeout
2026-03-01 06:26:37 WARN cache hit
2026-03-01 06:26:38 INFO database timeout
2026-03-01 06:26:39 INFO user logout
2026-03-01 06:26:43 INFO user login ok
2026-03-01 06:26:47 INFO invalid token
2026-03-01 06:26:49 WARN user login ok
2026-03-01 06:26:50 ERROR invalid token
2026-03-01 06:26:52 ERROR invalid token
2026-03-01 06:26:56 WARN connection reset by peer
2026-03-01 06:26:58 WARN request handled
2026-03-01 06:27:02 INFO user logout
2026-03-01 06:27:03 WARN user logout
2026-03-01 06:27:06 INFO config reloaded
2026-03-01 06:27:08 INFO cache hit
2026-03-01 06:27:12 INFO cache hit
2026-03-01 06:27:16 INFO background job finished
2026-03-01 06:27:19 INFO config reloaded
2026-03-01 06:27:22 INFO request handled
2026-03-01 06:27:26 INFO request handled
2026-03-01 06:27:30 INFO user login ok
2026-03-01 06:27:34 INFO cache miss
2026-03-01 06:27:38 INFO request handled
2026-03-01 06:27:40 INFO database timeout
2026-03-01 06:27:41 INFO cache hit
2026-03-01 06:27:44 WARN user login ok
2026-03-01 06:27:45 INFO user login ok
2026-03-01 06:27:46 WARN disk usage high
2026-03-01 06:27:48 INFO user login ok
2026-03-01 06:27:50 INFO cache hit
2026-03-01 06:27:54 ERROR slow query detected
2026-03-01 06:27:55 INFO config reloaded
2026-03-01 06:27:57 INFO user logout
2026-03-01 06:28:01 INFO user login ok
2026-03-01 06:28:03 INFO user login ok
2026-03-01 06:28:07 INFO user logout
2026-03-01 06:28:08 INFO user login ok
2026-03-01 06:28:09 WARN user login ok
2026-03-01 06:28:10 INFO cache hit
2026-03-01 06:28:11 INFO user logout
2026-03-01 06:28:14 ERROR config reloaded
2026-03-01 06:28:16 INFO user login ok
2026-03-01 06:28:20 INFO cache miss
2026-03-01 06:28:21 INFO user logout
2026-03-01 06:28:24 WARN cache hit
2026-03-01 06:28:26 ERROR user login ok
2026-03-01 06:28:27 WARN connection reset by peer
2026-03-01 06:28:30 INFO connection reset by peer
2026-03-01 06:28:34 INFO slow query detected
2026-03-01 06:28:35 INFO cache hit
2026-03-01 06:28:36 INFO user login ok
2026-03-01 06:28:39 INFO user login ok
2026-03-01 06:28:41 INFO cache miss
2026-03-01 06:28:42 INFO request handled
2026-03-01 06:28:46 WARN user login ok
2026-03-01 06:28:48 INFO user login ok
2026-03-01 06:28:49 INFO database timeout
### повреждённая строка ###
2026-03-01 06:28:55 INFO slow query detected
2026-03-01 06:28:57 INFO cache miss
2026-03-01 06:28:58 INFO database timeout
2026-03-01 06:29:02 INFO user login ok
2026-03-01 06:29:06 INFO cache hit
2026-03-01 06:29:10 INFO connection reset by peer
2026-03-01 06:29:11 WARN user login ok
2026-03-01 06:29:14 INFO user logout
2026-03-01 06:29:18 INFO cache hit
2026-03-01 06:29:22 WARN config reloaded
2026-03-01 06:29:25 INFO user logout
2026-03-01 06:29:27 INFO connection reset by peer
2026-03-01 06:29:28 WARN user login ok
2026-03-01 06:29:31 WARN invalid token
2026-03-01 06:29:33 INFO slow query detected
2026-03-01 06:29:35 WARN user login ok
2026-03-01 06:29:36 INFO user login ok
2026-03-01 06:29:38 INFO user login ok
2026-03-01 06:29:39 ERROR database timeout
2026-03-01 06:29:40 WARN user logout
2026-03-01 06:29:42 ERROR config reloaded
2026-03-01 06:29:45 INFO user login ok
2026-03-01 06:29:48 WARN user login ok
2026-03-01 06:29:51 INFO user login ok
2026-03-01 06:29:55 INFO database timeout
2026-03-01 06:29:59 INFO user logout
2026-03-01 06:30:02 INFO connection reset by peer
2026-03-01 06:30:04 INFO user login ok
2026-03-01 06:30:06 WARN background job finished
2026-03-01 06:30:08 INFO disk usage high
2026-03-01 06:30:09 INFO config reloaded
2026-03-01 06:30:12 ERROR background job finished
2026-03-01 06:30:14 INFO request handled
2026-03-01 06:30:18 INFO user login ok
2026-03-01 06:30:22 INFO connection reset by peer
2026-03-01 06:30:23 ERROR user login ok
2026-03-01 06:30:26 INFO user login ok
2026-03-01 06:30:29 INFO cache miss
2026-03-01 06:30:32 ERROR user logout
2026-03-01 06:30:35 INFO user login ok
2026-03-01 06:30:36 INFO request handled
2026-03-01 06:30:37 WARN user login ok
2026-03-01 06:30:39 INFO cache hit
2026-03-01 06:30:42 INFO database timeout
2026-03-01 06:30:45 WARN user logout
2026-03-01 06:30:46 INFO user login ok
2026-03-01 06:30:50 INFO user logout
2026-03-01 06:30:54 INFO user login ok
2026-03-01 06:30:58 INFO config reloaded
2026-03-01 06:31:01 ERROR user logout
2026-03-01 06:31:03 INFO user login ok
2026-03-01 06:31:06 INFO user logout
2026-03-01 06:31:09 WARN user login ok
2026-03-01 06:31:10 INFO cache hit
2026-03-01 06:31:14 INFO request handled
2026-03-01 06:31:16 INFO user login ok
2026-03-01 06:31:19 INFO cache hit
2026-03-01 06:31:20 INFO connection reset by peer
2026-03-01 06:31:23 INFO invalid token
2026-03-01 06:31:27 INFO database timeout
2026-03-01 06:31:29 INFO user login ok
2026-03-01 06:31:32 INFO config reloaded
2026-03-01 06:31:35 INFO cache hit
2026-03-01 06:31:38 INFO cache hit
2026-03-01 06:31:40 INFO cache miss
2026-03-01 06:31:42 INFO config reloaded
2026-03-01 06:31:44 WARN user login ok
2026-03-01 06:31:48 ERROR cache miss
2026-03-01 06:31:52 WARN connection reset by peer
2026-03-01 06:31:56 INFO user login ok
2026-03-01 06:31:59 INFO connection reset by peer
2026-03-01 06:32:01 INFO slow query detected
2026-03-01 06:32:02 INFO user login ok
2026-03-01 06:32:05 INFO user login ok
2026-03-01 06:32:08 INFO config reloaded
2026-03-01 06:32:10 WARN database timeout
2026-03-01 06:32:14 INFO user login ok
2026-03-01 06:32:16 INFO user login ok
2026-03-01 06:32:20 INFO connection reset by peer
2026-03-01 06:32:21 INFO user login ok
2026-03-01 06:32:25 INFO request handled
2026-03-01 06:32:26 INFO request handled
2026-03-01 06:32:27 INFO config reloaded
2026-03-01 06:32:30 INFO cache hit
2026-03-01 06:32:33 WARN user login ok
2026-03-01 06:32:37 INFO user login ok
2026-03-01 06:32:38 INFO user login ok
2026-03-01 06:32:40 INFO cache hit
2026-03-01 06:32:42 INFO cache hit
2026-03-01 06:32:44 INFO user login ok
2026-03-01 06:32:45 INFO cache miss
2026-03-01 06:32:46 INFO user login ok
2026-03-01 06:32:50 WARN invalid token
2026-03-01 06:32:54 INFO disk usage high
2026-03-01 06:32:55 INFO user login ok
2026-03-01 06:32:58 INFO cache miss
2026-03-01 06:33:00 INFO cache hit
2026-03-01 06:33:03 INFO invalid token
2026-03-01 06:33:04 INFO user logout
2026-03-01 06:33:05 ERROR background job finished
2026-03-01 06:33:07 INFO user login ok
2026-03-01 06:33:09 INFO user login ok
2026-03-01 06:33:11 INFO slow query detected
2026-03-01 06:33:13 INFO cache hit
2026-03-01 06:33:15 INFO user login ok
2026-03-01 06:33:16 INFO user login ok
2026-03-01 06:33:18 WARN cache hit
2026-03-01 06:33:20 ERROR request handled
2026-03-01 06:33:21 INFO user logout
2026-03-01 06:33:23 INFO user login ok
2026-03-01 06:33:24 WARN config reloaded
2026-03-01 06:33:27 INFO request handled
2026-03-01 06:33:30 WARN user login ok
2026-03-01 06:33:34 INFO background job finished
2026-03-01 06:33:37 INFO user logout
2026-03-01 06:33:41 WARN database timeout
2026-03-01 06:33:43 INFO invalid token
2026-03-01 06:33:46 INFO user login ok
2026-03-01 06:33:48 INFO user login ok
2026-03-01 06:33:52 INFO user login ok
2026-03-01 06:33:55 INFO config reloaded
### повреждённая строка ###
2026-03-01 06:33:57 ERROR user login ok
2026-03-01 06:34:00 WARN user login ok
2026-03-01 06:34:01 INFO config reloaded
2026-03-01 06:34:02 INFO user logout
2026-03-01 06:34:06 INFO user login ok
2026-03-01 06:34:09 INFO disk usage high
2026-03-01 06:34:10 INFO cache hit
2026-03-01 06:34:11 WARN cache miss
2026-03-01 06:34:15 WARN connection reset by peer
2026-03-01 06:34:16 INFO cache miss
2026-03-01 06:34:19 INFO user logout
2026-03-01 06:34:22 WARN user login ok
2026-03-01 06:34:25 INFO slow query detected
2026-03-01 06:34:27 INFO config reloaded
2026-03-01 06:34:30 INFO user logout
2026-03-01 06:34:31 INFO user login ok
2026-03-01 06:34:34 INFO user login ok
2026-03-01 06:34:38 INFO background job finished
2026-03-01 06:34:41 WARN user login ok
2026-03-01 06:34:44 INFO cache hit
2026-03-01 06:34:46 INFO user login ok
2026-03-01 06:34:50 WARN background job finished
2026-03-01 06:34:53 INFO config reloaded
2026-03-01 06:34:56 INFO invalid token
2026-03-01 06:35:00 INFO user login ok
2026-03-01 06:35:04 INFO disk usage high
2026-03-01 06:35:06 WARN disk usage high
2026-03-01 06:35:10 INFO cache miss
2026-03-01 06:35:13 INFO background job finished
2026-03-01 06:35:14 INFO database timeout
2026-03-01 06:35:15 INFO user logout
2026-03-01 06:35:18 ERROR request handled
2026-03-01 06:35:21 INFO database timeout
2026-03-01 06:35:22 INFO user login ok
2026-03-01 06:35:25 INFO user login ok
2026-03-01 06:35:29 WARN cache hit
2026-03-01 06:35:33 INFO user login ok
2026-03-01 06:35:34 INFO user login ok
2026-03-01 06:35:37 INFO user login ok
2026-03-01 06:35:41 INFO cache hit
2026-03-01 06:35:45 INFO user login ok
2026-03-01 06:35:47 INFO user logout
2026-03-01 06:35:48 INFO user login ok
2026-03-01 06:35:52 INFO cache miss
2026-03-01 06:35:54 WARN user login ok
2026-03-01 06:35:56 INFO cache miss
2026-03-01 06:36:00 WARN invalid token
2026-03-01 06:36:04 INFO request handled
2026-03-01 06:36:05 INFO user login ok
2026-03-01 06:36:08 WARN user logout
2026-03-01 06:36:10 INFO user logout
2026-03-01 06:36:11 INFO connection reset by peer
2026-03-01 06:36:14 WARN disk usage high
2026-03-01 06:36:18 INFO cache miss
2026-03-01 06:36:20 INFO background job finished
2026-03-01 06:36:24 INFO user login ok
2026-03-01 06:36:27 INFO background job finished
2026-03-01 06:36:31 INFO slow query detected
2026-03-01 06:36:35 ERROR slow query detected
2026-03-01 06:36:39 INFO config reloaded
2026-03-01 06:36:42 WARN user login ok
2026-03-01 06:36:46 INFO slow query detected
2026-03-01 06:36:49 INFO background job finished
2026-03-01 06:36:51 INFO user logout
2026-03-01 06:36:52 WARN user login ok
2026-03-01 06:36:53 INFO request handled
### повреждённая строка ###
2026-03-01 06:37:01 INFO cache miss
2026-03-01 06:37:05 INFO user login ok
2026-03-01 06:37:09 INFO slow query detected
2026-03-01 06:37:13 INFO cache hit
2026-03-01 06:37:15 ERROR user logout
2026-03-01 06:37:17 INFO connection reset by peer
2026-03-01 06:37:21 INFO user login ok
2026-03-01 06:37:23 INFO database timeout
2026-03-01 06:37:27 INFO user login ok
2026-03-01 06:37:28 INFO user logout
2026-03-01 06:37:29 INFO database timeout
2026-03-01 06:37:31 INFO cache hit
2026-03-01 06:37:34 INFO user login ok
2026-03-01 06:37:35 INFO cache hit
2026-03-01 06:37:36 INFO background job finished
### повреждённая строка ###
2026-03-01 06:37:41 INFO request handled
2026-03-01 06:37:45 INFO background job finished
2026-03-01 06:37:47 INFO disk usage high
2026-03-01 06:37:50 WARN user login ok
2026-03-01 06:37:52 INFO slow query detected
2026-03-01 06:37:56 WARN user login ok
2026-03-01 06:38:00 INFO user login ok
2026-03-01 06:38:02 WARN config reloaded
2026-03-01 06:38:03 INFO user logout
2026-03-01 06:38:05 ERROR connection reset by peer
2026-03-01 06:38:09 WARN disk usage high
2026-03-01 06:38:11 INFO config reloaded
2026-03-01 06:38:15 INFO connection reset by peer
2026-03-01 06:38:16 INFO user login ok
2026-03-01 06:38:19 WARN user login ok
2026-03-01 06:38:20 INFO user login ok
2026-03-01 06:38:21 INFO user login ok
2026-03-01 06:38:24 INFO disk usage high
2026-03-01 06:38:27 WARN request handled
2026-03-01 06:38:28 INFO cache miss
2026-03-01 06:38:30 INFO cache miss
2026-03-01 06:38:31 INFO slow query detected
2026-03-01 06:38:32 INFO cache hit
2026-03-01 06:38:36 WARN cache miss
2026-03-01 06:38:40 INFO database timeout
2026-03-01 06:38:42 INFO database timeout
2026-03-01 06:38:46 INFO user logout
2026-03-01 06:38:48 WARN user logout
2026-03-01 06:38:52 WARN user login ok
2026-03-01 06:38:53 INFO background job finished
2026-03-01 06:38:55 WARN user logout
2026-03-01 06:38:58 INFO request handled
2026-03-01 06:39:00 INFO slow query detected
2026-03-01 06:39:02 INFO cache miss
### повреждённая строка ###
2026-03-01 06:39:06 WARN config reloaded
2026-03-01 06:39:10 INFO connection reset by peer
2026-03-01 06:39:14 INFO config reloaded
2026-03-01 06:39:16 INFO invalid token
2026-03-01 06:39:20 INFO user logout
2026-03-01 06:39:21 WARN user login ok
2026-03-01 06:39:25 INFO request handled
2026-03-01 06:39:26 WARN background job finished
2026-03-01 06:39:29 INFO connection reset by peer
2026-03-01 06:39:33 INFO user login ok
2026-03-01 06:39:36 INFO cache hit
2026-03-01 06:39:39 INFO cache hit
2026-03-01 06:39:41 INFO user logout
2026-03-01 06:39:45 INFO request handled
### повреждённая строка ###
2026-03-01 06:39:52 WARN request handled
2026-03-01 06:39:56 INFO cache hit
2026-03-01 06:39:57 INFO cache miss
2026-03-01 06:40:01 INFO user login ok
2026-03-01 06:40:02 WARN database timeout
2026-03-01 06:40:06 INFO cache miss
2026-03-01 06:40:10 WARN connection reset by peer
2026-03-01 06:40:14 INFO cache miss
2026-03-01 06:40:17 INFO user login ok
2026-03-01 06:40:21 INFO user logout
2026-03-01 06:40:22 ERROR database timeout
2026-03-01 06:40:23 INFO user login ok
2026-03-01 06:40:26 ERROR background job finished
2026-03-01 06:40:29 INFO config reloaded
2026-03-01 06:40:30 INFO request handled
2026-03-01 06:40:33 INFO user logout
2026-03-01 06:40:34 INFO user logout
2026-03-01 06:40:35 WARN cache miss
2026-03-01 06:40:37 INFO database timeout
2026-03-01 06:40:40 INFO slow query detected
2026-03-01 06:40:44 WARN cache hit
2026-03-01 06:40:45 INFO request handled
2026-03-01 06:40:48 INFO cache hit
2026-03-01 06:40:51 WARN slow query detected
2026-03-01 06:40:53 INFO user login ok
2026-03-01 06:40:54 INFO cache miss
2026-03-01 06:40:55 INFO background job finished
2026-03-01 06:40:57 INFO cache hit
2026-03-01 06:41:01 INFO background job finished
2026-03-01 06:41:02 INFO user logout
2026-03-01 06:41:05 INFO user login ok
2026-03-01 06:41:07 INFO user login ok
2026-03-01 06:41:09 INFO user logout
2026-03-01 06:41:11 WARN invalid token
2026-03-01 06:41:12 INFO cache miss
2026-03-01 06:41:14 INFO cache miss
2026-03-01 06:41:18 INFO cache miss
2026-03-01 06:41:21 INFO database timeout
2026-03-01 06:41:24 INFO invalid token
2026-03-01 06:41:25 INFO request handled
2026-03-01 06:41:26 INFO cache hit
2026-03-01 06:41:29 INFO user login ok
2026-03-01 06:41:33 INFO cache hit
2026-03-01 06:41:35 INFO user login ok
2026-03-01 06:41:38 INFO disk usage high
2026-03-01 06:41:41 INFO user logout
2026-03-01 06:41:44 WARN user logout
2026-03-01 06:41:48 INFO request handled
2026-03-01 06:41:51 INFO user logout
2026-03-01 06:41:54 INFO database timeout
2026-03-01 06:41:57 INFO user login ok
2026-03-01 06:41:58 INFO disk usage high
2026-03-01 06:41:59 WARN user login ok
2026-03-01 06:42:00 INFO invalid token
2026-03-01 06:42:01 INFO disk usage high
2026-03-01 06:42:05 INFO cache miss
2026-03-01 06:42:09 INFO invalid token
2026-03-01 06:42:11 WARN cache hit
2026-03-01 06:42:14 INFO request handled
2026-03-01 06:42:15 INFO slow query detected
2026-03-01 06:42:18 ERROR user logout
2026-03-01 06:42:21 ERROR database timeout
2026-03-01 06:42:23 INFO request handled
2026-03-01 06:42:24 ERROR user login ok
2026-03-01 06:42:26 INFO cache hit
2026-03-01 06:42:27 INFO user login ok
2026-03-01 06:42:31 INFO database timeout
### повреждённая строка ###
2026-03-01 06:42:34 INFO cache hit
2026-03-01 06:42:38 INFO cache hit
2026-03-01 06:42:41 INFO user login ok
2026-03-01 06:42:42 INFO user login ok
2026-03-01 06:42:43 ERROR user login ok
2026-03-01 06:42:44 INFO slow query detected
2026-03-01 06:42:45 INFO connection reset by peer
2026-03-01 06:42:48 INFO request handled
2026-03-01 06:42:52 INFO user logout
2026-03-01 06:42:54 INFO cache miss
2026-03-01 06:42:57 INFO background job finished
2026-03-01 06:43:01 INFO user logout
2026-03-01 06:43:03 INFO user logout
2026-03-01 06:43:06 WARN request handled
2026-03-01 06:43:08 INFO user logout
2026-03-01 06:43:11 INFO user logout
2026-03-01 06:43:13 INFO user logout
2026-03-01 06:43:16 INFO request handled
2026-03-01 06:43:19 INFO user login ok
2026-03-01 06:43:22 WARN connection reset by peer
2026-03-01 06:43:25 ERROR request handled
2026-03-01 06:43:28 INFO cache hit
2026-03-01 06:43:32 INFO cache hit
2026-03-01 06:43:36 INFO background job finished
2026-03-01 06:43:40 INFO user login ok
2026-03-01 06:43:43 INFO request handled
2026-03-01 06:43:45 INFO user logout
2026-03-01 06:43:46 ERROR user login ok
2026-03-01 06:43:48 WARN user login ok
2026-03-01 06:43:51 INFO user login ok
2026-03-01 06:43:53 INFO user login ok
2026-03-01 06:43:54 INFO disk usage high
2026-03-01 06:43:57 INFO cache hit
2026-03-01 06:44:00 INFO user login ok
2026-03-01 06:44:03 ERROR cache hit
2026-03-01 06:44:06 INFO user login ok
2026-03-01 06:44:08 INFO connection reset by peer
2026-03-01 06:44:11 INFO user login ok
2026-03-01 06:44:15 INFO request handled
2026-03-01 06:44:17 INFO disk usage high
2026-03-01 06:44:20 INFO user logout
2026-03-01 06:44:23 INFO user login ok
2026-03-01 06:44:24 INFO invalid token
2026-03-01 06:44:27 INFO request handled
2026-03-01 06:44:31 INFO cache hit
2026-03-01 06:44:33 INFO slow query detected
2026-03-01 06:44:34 INFO user login ok
2026-03-01 06:44:38 WARN cache hit
2026-03-01 06:44:42 ERROR user login ok
2026-03-01 06:44:44 WARN cache hit
2026-03-01 06:44:46 INFO user login ok
2026-03-01 06:44:47 INFO user logout
2026-03-01 06:44:49 INFO database timeout
2026-03-01 06:44:52 INFO user login ok
2026-03-01 06:44:55 INFO user login ok
2026-03-01 06:44:58 INFO disk usage high
2026-03-01 06:45:02 INFO invalid token
2026-03-01 06:45:05 INFO user login ok
2026-03-01 06:45:09 INFO user logout
2026-03-01 06:45:12 ERROR user login ok
2026-03-01 06:45:13 INFO slow query detected
2026-03-01 06:45:16 INFO slow query detected
2026-03-01 06:45:20 WARN cache hit
2026-03-01 06:45:21 INFO user login ok
2026-03-01 06:45:24 INFO user login ok
2026-03-01 06:45:27 INFO database timeout
2026-03-01 06:45:31 INFO user login ok
2026-03-01 06:45:33 INFO invalid token
2026-03-01 06:45:34 INFO user logout
2026-03-01 06:45:36 INFO database timeout
2026-03-01 06:45:37 INFO user login ok
2026-03-01 06:45:40 INFO disk usage high
2026-03-01 06:45:43 WARN user login ok
2026-03-01 06:45:44 INFO user login ok
2026-03-01 06:45:46 INFO cache hit
2026-03-01 06:45:47 INFO user login ok
2026-03-01 06:45:48 WARN database timeout
2026-03-01 06:45:51 INFO user logout
2026-03-01 06:45:53 WARN cache miss
2026-03-01 06:45:55 ERROR config reloaded
2026-03-01 06:45:57 INFO user login ok
2026-03-01 06:45:58 INFO config reloaded
2026-03-01 06:46:00 INFO config reloaded
2026-03-01 06:46:01 WARN connection reset by peer
2026-03-01 06:46:04 INFO config reloaded
2026-03-01 06:46:06 INFO cache miss
2026-03-01 06:46:07 ERROR disk usage high
2026-03-01 06:46:08 ERROR user logout
2026-03-01 06:46:11 INFO cache miss
2026-03-01 06:46:12 INFO user login ok
2026-03-01 06:46:15 INFO user login ok
2026-03-01 06:46:18 INFO invalid token
2026-03-01 06:46:19 INFO slow query detected
2026-03-01 06:46:23 INFO background job finished
2026-03-01 06:46:26 INFO user login ok
2026-03-01 06:46:28 INFO cache hit
2026-03-01 06:46:29 INFO user login ok
2026-03-01 06:46:31 INFO disk usage high
2026-03-01 06:46:35 WARN user login ok
2026-03-01 06:46:39 INFO user logout
2026-03-01 06:46:42 INFO disk usage high
2026-03-01 06:46:46 INFO config reloaded
2026-03-01 06:46:50 INFO user logout
2026-03-01 06:46:52 INFO user logout
2026-03-01 06:46:54 INFO user logout
2026-03-01 06:46:56 INFO user logout
2026-03-01 06:46:59 INFO user login ok
2026-03-01 06:47:01 INFO slow query detected
2026-03-01 06:47:05 INFO user login ok
2026-03-01 06:47:09 INFO config reloaded
2026-03-01 06:47:12 INFO disk usage high
2026-03-01 06:47:13 WARN user logout
2026-03-01 06:47:17 INFO user logout
2026-03-01 06:47:19 INFO user login ok
2026-03-01 06:47:20 INFO slow query detected
2026-03-01 06:47:22 WARN request handled
2026-03-01 06:47:26 INFO request handled
2026-03-01 06:47:30 INFO cache hit
2026-03-01 06:47:34 INFO invalid token
2026-03-01 06:47:38 INFO request handled
2026-03-01 06:47:39 INFO user login ok
2026-03-01 06:47:42 INFO cache miss
2026-03-01 06:47:45 INFO cache hit
2026-03-01 06:47:47 WARN cache miss
2026-03-01 06:47:51 INFO user login ok
2026-03-01 06:47:55 INFO user login ok
2026-03-01 06:47:56 INFO connection reset by peer
2026-03-01 06:47:58 INFO cache miss
2026-03-01 06:48:02 WARN invalid token
2026-03-01 06:48:05 INFO user logout
2026-03-01 06:48:08 INFO user logout
2026-03-01 06:48:12 INFO background job finished
2026-03-01 06:48:13 INFO user logout
2026-03-01 06:48:15 INFO user logout
2026-03-01 06:48:18 INFO user login ok
2026-03-01 06:48:19 INFO user login ok
2026-03-01 06:48:21 INFO slow query detected
2026-03-01 06:48:23 INFO user login ok
2026-03-01 06:48:27 INFO user login ok
2026-03-01 06:48:30 INFO invalid token
2026-03-01 06:48:32 INFO slow query detected
2026-03-01 06:48:36 INFO slow query detected
2026-03-01 06:48:39 INFO request handled
2026-03-01 06:48:41 INFO user login ok
2026-03-01 06:48:44 INFO disk usage high
2026-03-01 06:48:47 INFO user login ok
2026-03-01 06:48:48 INFO cache hit
2026-03-01 06:48:49 INFO user logout
2026-03-01 06:48:50 INFO slow query detected
2026-03-01 06:48:51 INFO user login ok
2026-03-01 06:48:54 INFO cache miss
2026-03-01 06:48:57 INFO user login ok
2026-03-01 06:48:58 INFO user logout
2026-03-01 06:49:02 INFO user login ok
2026-03-01 06:49:06 INFO database timeout
2026-03-01 06:49:10 INFO cache hit
2026-03-01 06:49:13 INFO invalid token
2026-03-01 06:49:16 INFO user logout
2026-03-01 06:49:17 INFO user logout
2026-03-01 06:49:19 WARN user login ok
2026-03-01 06:49:23 ERROR connection reset by peer
2026-03-01 06:49:25 INFO request handled
2026-03-01 06:49:26 INFO user logout
2026-03-01 06:49:28 INFO request handled
2026-03-01 06:49:30 INFO slow query detected
2026-03-01 06:49:32 INFO cache miss
2026-03-01 06:49:34 INFO user login ok
2026-03-01 06:49:35 INFO user login ok
2026-03-01 06:49:36 INFO connection reset by peer
2026-03-01 06:49:38 ERROR user login ok
2026-03-01 06:49:40 ERROR background job finished
2026-03-01 06:49:41 ERROR user login ok
2026-03-01 06:49:42 WARN user logout
2026-03-01 06:49:46 INFO cache hit
2026-03-01 06:49:47 INFO user login ok
2026-03-01 06:49:48 WARN config reloaded
2026-03-01 06:49:52 INFO cache miss
2026-03-01 06:49:54 INFO cache hit
2026-03-01 06:49:56 INFO invalid token
2026-03-01 06:49:57 INFO database timeout
2026-03-01 06:49:58 ERROR disk usage high
2026-03-01 06:49:59 INFO connection reset by peer
2026-03-01 06:50:03 WARN user login ok
2026-03-01 06:50:06 WARN user login ok
### повреждённая строка ###
2026-03-01 06:50:11 INFO user login ok
2026-03-01 06:50:13 INFO cache hit
2026-03-01 06:50:17 INFO cache hit
2026-03-01 06:50:20 INFO user logout
2026-03-01 06:50:23 INFO request handled
2026-03-01 06:50:27 INFO user login ok
2026-03-01 06:50:29 INFO user login ok
2026-03-01 06:50:32 INFO user logout
2026-03-01 06:50:34 ERROR connection reset by peer
2026-03-01 06:50:36 INFO user logout
2026-03-01 06:50:37 WARN config reloaded
2026-03-01 06:50:41 INFO user login ok
2026-03-01 06:50:44 INFO database timeout
2026-03-01 06:50:45 INFO user login ok
2026-03-01 06:50:49 ERROR disk usage high
2026-03-01 06:50:51 INFO cache hit
2026-03-01 06:50:54 INFO request handled
2026-03-01 06:50:57 INFO background job finished
2026-03-01 06:51:00 INFO disk usage high
2026-03-01 06:51:04 INFO database timeout
2026-03-01 06:51:07 INFO config reloaded
2026-03-01 06:51:08 INFO user login ok
2026-03-01 06:51:11 INFO user login ok
2026-03-01 06:51:14 WARN user logout
2026-03-01 06:51:16 INFO user login ok
2026-03-01 06:51:17 INFO config reloaded
2026-03-01 06:51:18 INFO request handled
2026-03-01 06:51:19 ERROR disk usage high
2026-03-01 06:51:22 INFO config reloaded
2026-03-01 06:51:25 INFO user logout
2026-03-01 06:51:26 INFO user login ok
2026-03-01 06:51:28 ERROR user logout
2026-03-01 06:51:32 WARN user logout
2026-03-01 06:51:33 ERROR request handled
2026-03-01 06:51:35 INFO connection reset by peer
2026-03-01 06:51:36 INFO background job finished
2026-03-01 06:51:39 INFO cache hit
2026-03-01 06:51:40 INFO user login ok
2026-03-01 06:51:43 INFO cache miss
2026-03-01 06:51:45 INFO disk usage high
2026-03-01 06:51:48 INFO user login ok
2026-03-01 06:51:52 ERROR config reloaded
2026-03-01 06:51:53 INFO user login ok
2026-03-01 06:51:54 INFO config reloaded
2026-03-01 06:51:56 INFO user logout
2026-03-01 06:51:59 ERROR user login ok
2026-03-01 06:52:03 INFO config reloaded
2026-03-01 06:52:06 INFO user logout
2026-03-01 06:52:10 WARN config reloaded
2026-03-01 06:52:12 INFO user logout
2026-03-01 06:52:14 INFO user login ok
2026-03-01 06:52:18 INFO database timeout
2026-03-01 06:52:21 WARN user login ok
2026-03-01 06:52:24 INFO connection reset by peer
2026-03-01 06:52:25 INFO connection reset by peer
2026-03-01 06:52:26 INFO user login ok
2026-03-01 06:52:29 INFO user login ok
2026-03-01 06:52:30 INFO background job finished
2026-03-01 06:52:31 INFO cache hit
2026-03-01 06:52:34 INFO cache hit
2026-03-01 06:52:38 INFO user logout
2026-03-01 06:52:39 INFO background job finished
2026-03-01 06:52:40 WARN user logout
2026-03-01 06:52:41 INFO user login ok
2026-03-01 06:52:45 INFO user login ok
2026-03-01 06:52:49 INFO config reloaded
2026-03-01 06:52:52 INFO user login ok
2026-03-01 06:52:55 INFO connection reset by peer
2026-03-01 06:52:56 WARN user login ok
2026-03-01 06:52:59 INFO cache hit
2026-03-01 06:53:00 INFO user login ok
2026-03-01 06:53:04 WARN user logout
2026-03-01 06:53:07 WARN user login ok
2026-03-01 06:53:09 INFO slow query detected
2026-03-01 06:53:10 INFO user login ok
2026-03-01 06:53:13 INFO cache miss
2026-03-01 06:53:17 INFO user login ok
2026-03-01 06:53:21 ERROR database timeout
2026-03-01 06:53:23 WARN config reloaded
2026-03-01 06:53:24 INFO cache hit
2026-03-01 06:53:28 INFO user logout
2026-03-01 06:53:29 INFO user login ok
2026-03-01 06:53:32 INFO user logout
2026-03-01 06:53:34 INFO request handled
2026-03-01 06:53:35 INFO invalid token
2026-03-01 06:53:39 WARN disk usage high
2026-03-01 06:53:41 INFO user login ok
2026-03-01 06:53:42 WARN user login ok
2026-03-01 06:53:43 INFO disk usage high
2026-03-01 06:53:46 INFO user logout
2026-03-01 06:53:48 INFO slow query detected
2026-03-01 06:53:52 INFO cache miss
2026-03-01 06:53:53 INFO database timeout
2026-03-01 06:53:55 WARN user login ok
2026-03-01 06:53:59 INFO user login ok
2026-03-01 06:54:01 INFO user login ok
2026-03-01 06:54:05 INFO user login ok
2026-03-01 06:54:08 INFO user login ok
2026-03-01 06:54:09 INFO cache miss
2026-03-01 06:54:12 ERROR config reloaded
2026-03-01 06:54:13 INFO user logout
2026-03-01 06:54:15 INFO user login ok
2026-03-01 06:54:17 INFO user login ok
2026-03-01 06:54:18 INFO config reloaded
2026-03-01 06:54:22 INFO user login ok
2026-03-01 06:54:26 INFO user login ok
2026-03-01 06:54:30 INFO connection reset by peer
2026-03-01 06:54:34 WARN user login ok
2026-03-01 06:54:37 INFO user login ok
2026-03-01 06:54:41 INFO user login ok
2026-03-01 06:54:43 INFO invalid token
2026-03-01 06:54:45 WARN slow query detected
2026-03-01 06:54:46 INFO cache hit
2026-03-01 06:54:50 ERROR user logout
2026-03-01 06:54:53 INFO database timeout
2026-03-01 06:54:54 INFO disk usage high
2026-03-01 06:54:55 INFO user login ok
2026-03-01 06:54:59 INFO cache hit
2026-03-01 06:55:01 INFO cache miss
2026-03-01 06:55:05 INFO invalid token
2026-03-01 06:55:07 INFO user login ok
2026-03-01 06:55:10 INFO cache hit
2026-03-01 06:55:14 INFO user login ok
2026-03-01 06:55:18 INFO invalid token
2026-03-01 06:55:22 INFO user login ok
2026-03-01 06:55:23 INFO user logout
2026-03-01 06:55:24 INFO slow query detected
2026-03-01 06:55:26 INFO user login ok
2026-03-01 06:55:29 WARN user login ok
2026-03-01 06:55:31 INFO cache hit
2026-03-01 06:55:32 INFO disk usage high
2026-03-01 06:55:33 INFO user logout
2026-03-01 06:55:36 INFO disk usage high
2026-03-01 06:55:37 ERROR connection reset by peer
2026-03-01 06:55:39 INFO disk usage high
2026-03-01 06:55:43 INFO config reloaded
2026-03-01 06:55:46 INFO cache hit
2026-03-01 06:55:47 WARN cache miss
2026-03-01 06:55:48 INFO connection reset by peer
2026-03-01 06:55:51 INFO user logout
2026-03-01 06:55:54 INFO config reloaded
2026-03-01 06:55:55 INFO user login ok
2026-03-01 06:55:56 INFO background job finished
2026-03-01 06:55:58 INFO user logout
2026-03-01 06:55:59 INFO user login ok
2026-03-01 06:56:02 INFO user login ok
2026-03-01 06:56:03 WARN connection reset by peer
2026-03-01 06:56:06 INFO cache hit
2026-03-01 06:56:10 INFO user login ok
2026-03-01 06:56:13 INFO config reloaded
2026-03-01 06:56:14 WARN connection reset by peer
2026-03-01 06:56:18 INFO connection reset by peer
2026-03-01 06:56:22 INFO connection reset by peer
2026-03-01 06:56:23 INFO cache miss
2026-03-01 06:56:25 INFO user login ok
2026-03-01 06:56:27 INFO user login ok
2026-03-01 06:56:28 WARN disk usage high
2026-03-01 06:56:32 INFO cache miss
2026-03-01 06:56:34 INFO user login ok
2026-03-01 06:56:38 ERROR request handled
2026-03-01 06:56:42 INFO user logout
2026-03-01 06:56:46 INFO config reloaded
2026-03-01 06:56:50 INFO user login ok
2026-03-01 06:56:53 INFO disk usage high
2026-03-01 06:56:56 INFO user login ok
2026-03-01 06:56:58 INFO user logout
2026-03-01 06:57:00 INFO disk usage high
2026-03-01 06:57:02 WARN user logout
2026-03-01 06:57:03 INFO user login ok
2026-03-01 06:57:06 INFO cache hit
2026-03-01 06:57:08 INFO cache hit
2026-03-01 06:57:09 INFO user login ok
2026-03-01 06:57:13 INFO cache hit
2026-03-01 06:57:16 INFO user login ok
2026-03-01 06:57:19 INFO cache hit
2026-03-01 06:57:20 INFO user logout
2026-03-01 06:57:22 INFO user login ok
2026-03-01 06:57:23 ERROR user login ok
2026-03-01 06:57:25 INFO user login ok
2026-03-01 06:57:29 INFO user login ok
2026-03-01 06:57:31 INFO disk usage high
2026-03-01 06:57:33 INFO user logout
2026-03-01 06:57:34 INFO request handled
2026-03-01 06:57:36 INFO user login ok
2026-03-01 06:57:40 INFO user logout
2026-03-01 06:57:43 INFO user login ok
2026-03-01 06:57:47 INFO user login ok
2026-03-01 06:57:48 INFO cache hit
2026-03-01 06:57:50 WARN disk usage high
2026-03-01 06:57:54 INFO connection reset by peer
2026-03-01 06:57:58 INFO disk usage high
2026-03-01 06:57:59 INFO disk usage high
2026-03-01 06:58:01 INFO connection reset by peer
2026-03-01 06:58:03 INFO cache hit
2026-03-01 06:58:07 INFO user logout
### повреждённая строка ###
2026-03-01 06:58:15 INFO request handled
2026-03-01 06:58:18 INFO cache hit
2026-03-01 06:58:22 INFO user login ok
2026-03-01 06:58:26 WARN user login ok
2026-03-01 06:58:27 INFO invalid token
2026-03-01 06:58:30 INFO invalid token
2026-03-01 06:58:32 INFO user logout
2026-03-01 06:58:34 INFO user login ok
2026-03-01 06:58:36 INFO user login ok
2026-03-01 06:58:38 INFO user login ok
2026-03-01 06:58:40 INFO request handled
2026-03-01 06:58:44 INFO background job finished
2026-03-01 06:58:48 INFO user login ok
2026-03-01 06:58:51 INFO user login ok
2026-03-01 06:58:52 INFO user login ok
2026-03-01 06:58:55 WARN user login ok
2026-03-01 06:58:59 INFO user login ok
2026-03-01 06:59:01 WARN request handled
2026-03-01 06:59:02 WARN user login ok
2026-03-01 06:59:05 WARN slow query detected
2026-03-01 06:59:08 ERROR user logout
2026-03-01 06:59:09 INFO user login ok
2026-03-01 06:59:11 INFO config reloaded
2026-03-01 06:59:13 INFO user logout
2026-03-01 06:59:14 INFO slow query detected
2026-03-01 06:59:18 INFO user logout
2026-03-01 06:59:21 INFO disk usage high
2026-03-01 06:59:25 INFO cache miss
2026-03-01 06:59:27 INFO disk usage high
2026-03-01 06:59:29 INFO invalid token
2026-03-01 06:59:33 INFO user logout
2026-03-01 06:59:36 INFO cache hit
2026-03-01 06:59:39 INFO background job finished
2026-03-01 06:59:42 INFO config reloaded
2026-03-01 06:59:44 INFO user login ok
2026-03-01 06:59:47 WARN user login ok
2026-03-01 06:59:49 INFO invalid token
2026-03-01 06:59:50 ERROR request handled
2026-03-01 06:59:54 INFO user login ok
2026-03-01 06:59:58 INFO cache hit
2026-03-01 07:00:00 INFO cache hit
2026-03-01 07:00:03 INFO user login ok
2026-03-01 07:00:05 INFO user login ok
2026-03-01 07:00:08 INFO cache hit
2026-03-01 07:00:09 INFO user logout
2026-03-01 07:00:10 WARN slow query detected
2026-03-01 07:00:13 INFO user login ok
2026-03-01 07:00:17 INFO cache hit
2026-03-01 07:00:18 INFO user login ok
2026-03-01 07:00:22 INFO user logout
2026-03-01 07:00:25 INFO cache hit
2026-03-01 07:00:28 INFO user login ok
2026-03-01 07:00:30 INFO user logout
2026-03-01 07:00:34 WARN cache miss
2026-03-01 07:00:35 INFO user login ok
2026-03-01 07:00:37 INFO connection reset by peer
2026-03-01 07:00:39 WARN user login ok
2026-03-01 07:00:41 WARN user logout
2026-03-01 07:00:44 INFO user logout
2026-03-01 07:00:45 WARN user logout
2026-03-01 07:00:49 INFO user logout
2026-03-01 07:00:51 INFO user login ok
2026-03-01 07:00:53 INFO user login ok
2026-03-01 07:00:56 INFO connection reset by peer
2026-03-01 07:00:58 INFO connection reset by peer
2026-03-01 07:01:02 INFO user login ok
2026-03-01 07:01:05 INFO user login ok
2026-03-01 07:01:08 INFO cache hit
2026-03-01 07:01:09 INFO user login ok
2026-03-01 07:01:12 INFO cache hit
2026-03-01 07:01:16 INFO user login ok
2026-03-01 07:01:20 INFO cache miss
2026-03-01 07:01:24 INFO cache miss
2026-03-01 07:01:28 INFO request handled
2026-03-01 07:01:32 INFO background job finished
2026-03-01 07:01:36 INFO user logout
2026-03-01 07:01:38 INFO user login ok
2026-03-01 07:01:40 INFO user login ok
2026-03-01 07:01:42 INFO disk usage high
2026-03-01 07:01:46 ERROR database timeout
2026-03-01 07:01:47 INFO slow query detected
2026-03-01 07:01:48 INFO cache hit
2026-03-01 07:01:49 INFO connection reset by peer
2026-03-01 07:01:52 INFO connection reset by peer
2026-03-01 07:01:53 INFO user login ok
2026-03-01 07:01:57 ERROR disk usage high
2026-03-01 07:02:01 INFO invalid token
2026-03-01 07:02:05 INFO cache hit
2026-03-01 07:02:09 INFO cache miss
2026-03-01 07:02:11 INFO slow query detected
2026-03-01 07:02:15 INFO connection reset by peer
2026-03-01 07:02:17 INFO cache miss
2026-03-01 07:02:20 INFO slow query detected
2026-03-01 07:02:23 INFO cache miss
2026-03-01 07:02:25 INFO user login ok
2026-03-01 07:02:28 WARN user login ok
2026-03-01 07:02:29 INFO connection reset by peer
2026-03-01 07:02:31 INFO request handled
2026-03-01 07:02:33 WARN request handled
2026-03-01 07:02:34 INFO cache miss
2026-03-01 07:02:38 INFO user login ok
2026-03-01 07:02:41 INFO disk usage high
2026-03-01 07:02:42 INFO user login ok
2026-03-01 07:02:46 INFO user logout
2026-03-01 07:02:48 INFO cache hit
2026-03-01 07:02:50 ERROR cache miss
2026-03-01 07:02:54 INFO background job finished
2026-03-01 07:02:58 INFO user login ok
2026-03-01 07:02:59 INFO connection reset by peer
2026-03-01 07:03:00 INFO user login ok
2026-03-01 07:03:04 INFO user login ok
2026-03-01 07:03:06 INFO background job finished
2026-03-01 07:03:10 INFO user logout
2026-03-01 07:03:11 INFO config reloaded
2026-03-01 07:03:13 INFO disk usage high
2026-03-01 07:03:14 INFO config reloaded
2026-03-01 07:03:15 WARN request handled
2026-03-01 07:03:16 INFO user logout
2026-03-01 07:03:17 INFO user login ok
2026-03-01 07:03:21 INFO user login ok
2026-03-01 07:03:24 INFO cache miss
2026-03-01 07:03:27 INFO user login ok
2026-03-01 07:03:29 INFO user login ok
2026-03-01 07:03:31 WARN cache miss
2026-03-01 07:03:34 INFO config reloaded
2026-03-01 07:03:37 INFO user login ok
2026-03-01 07:03:41 INFO user logout
2026-03-01 07:03:44 INFO slow query detected
2026-03-01 07:03:47 ERROR user login ok
2026-03-01 07:03:49 INFO background job finished
2026-03-01 07:03:52 INFO user login ok
2026-03-01 07:03:56 INFO disk usage high
2026-03-01 07:03:59 WARN database timeout
2026-03-01 07:04:02 INFO request handled
2026-03-01 07:04:03 INFO request handled
2026-03-01 07:04:05 INFO cache miss
2026-03-01 07:04:07 INFO user login ok
2026-03-01 07:04:09 INFO slow query detected
2026-03-01 07:04:10 INFO request handled
2026-03-01 07:04:14 INFO user login ok
2026-03-01 07:04:16 INFO disk usage high
2026-03-01 07:04:19 INFO cache miss
2026-03-01 07:04:20 INFO user logout
2026-03-01 07:04:21 INFO request handled
2026-03-01 07:04:22 INFO user login ok
2026-03-01 07:04:25 INFO config reloaded
2026-03-01 07:04:27 WARN user login ok
2026-03-01 07:04:28 INFO user logout
2026-03-01 07:04:32 INFO user login ok
2026-03-01 07:04:34 INFO cache hit
2026-03-01 07:04:37 INFO user login ok
2026-03-01 07:04:38 INFO cache hit
2026-03-01 07:04:39 WARN user login ok
2026-03-01 07:04:43 INFO user login ok
2026-03-01 07:04:45 INFO connection reset by peer
2026-03-01 07:04:46 INFO request handled
2026-03-01 07:04:50 INFO connection reset by peer
2026-03-01 07:04:54 INFO user login ok
2026-03-01 07:04:57 INFO user login ok
2026-03-01 07:05:00 INFO user login ok
2026-03-01 07:05:02 INFO cache miss
2026-03-01 07:05:05 INFO cache hit
2026-03-01 07:05:08 INFO user login ok
2026-03-01 07:05:10 INFO user logout
2026-03-01 07:05:14 WARN user login ok
2026-03-01 07:05:15 INFO user login ok
2026-03-01 07:05:16 INFO cache hit
2026-03-01 07:05:18 WARN invalid token
2026-03-01 07:05:21 INFO cache miss
2026-03-01 07:05:24 INFO user login ok
2026-03-01 07:05:27 ERROR user login ok
2026-03-01 07:05:29 INFO user login ok
2026-03-01 07:05:30 INFO user logout
2026-03-01 07:05:33 WARN request handled
2026-03-01 07:05:37 INFO user logout
2026-03-01 07:05:39 WARN user login ok
2026-03-01 07:05:41 INFO request handled
2026-03-01 07:05:45 INFO cache hit
2026-03-01 07:05:46 INFO config reloaded
2026-03-01 07:05:49 INFO slow query detected
2026-03-01 07:05:50 INFO user login ok
2026-03-01 07:05:51 INFO cache miss
2026-03-01 07:05:52 INFO user login ok
2026-03-01 07:05:56 INFO database timeout
2026-03-01 07:05:59 ERROR user login ok
2026-03-01 07:06:02 INFO cache hit
2026-03-01 07:06:05 INFO background job finished
2026-03-01 07:06:06 ERROR database timeout
2026-03-01 07:06:10 INFO background job finished
2026-03-01 07:06:12 INFO connection reset by peer
2026-03-01 07:06:14 INFO cache miss
2026-03-01 07:06:17 WARN config reloaded
2026-03-01 07:06:19 WARN database timeout
2026-03-01 07:06:20 INFO cache miss
2026-03-01 07:06:23 INFO database timeout
2026-03-01 07:06:24 INFO user login ok
2026-03-01 07:06:26 INFO cache miss
2026-03-01 07:06:28 INFO request handled
2026-03-01 07:06:29 INFO connection reset by peer
2026-03-01 07:06:31 INFO user login ok
2026-03-01 07:06:32 INFO user logout
2026-03-01 07:06:35 INFO user logout
2026-03-01 07:06:36 INFO cache hit
2026-03-01 07:06:38 INFO invalid token
2026-03-01 07:06:42 ERROR cache miss
2026-03-01 07:06:43 WARN user login ok
2026-03-01 07:06:47 INFO cache hit
2026-03-01 07:06:50 INFO cache miss
2026-03-01 07:06:52 ERROR request handled
2026-03-01 07:06:53 INFO connection reset by peer
2026-03-01 07:06:54 WARN database timeout
2026-03-01 07:06:58 WARN cache miss
2026-03-01 07:06:59 INFO user login ok
2026-03-01 07:07:03 INFO user login ok
2026-03-01 07:07:05 INFO connection reset by peer
2026-03-01 07:07:08 ERROR cache hit
2026-03-01 07:07:11 WARN user login ok
2026-03-01 07:07:14 INFO user login ok
2026-03-01 07:07:18 INFO user login ok
2026-03-01 07:07:19 INFO user login ok
2026-03-01 07:07:22 INFO user logout
2026-03-01 07:07:25 INFO user login ok
2026-03-01 07:07:26 INFO slow query detected
2026-03-01 07:07:29 INFO user logout
2026-03-01 07:07:33 INFO user logout
2026-03-01 07:07:36 INFO cache miss
2026-03-01 07:07:39 INFO user login ok
2026-03-01 07:07:41 INFO cache hit
2026-03-01 07:07:42 INFO slow query detected
2026-03-01 07:07:46 INFO user login ok
2026-03-01 07:07:50 WARN user login ok
2026-03-01 07:07:54 INFO request handled
2026-03-01 07:07:55 INFO user logout
2026-03-01 07:07:56 INFO database timeout
2026-03-01 07:08:00 INFO slow query detected
2026-03-01 07:08:01 INFO request handled
2026-03-01 07:08:04 INFO user login ok
### повреждённая строка ###
2026-03-01 07:08:11 INFO database timeout
2026-03-01 07:08:13 INFO cache hit
2026-03-01 07:08:17 INFO user login ok
2026-03-01 07:08:21 INFO invalid token
2026-03-01 07:08:25 INFO user logout
2026-03-01 07:08:29 INFO config reloaded
2026-03-01 07:08:30 INFO user login ok
2026-03-01 07:08:32 INFO request handled
2026-03-01 07:08:35 INFO user login ok
2026-03-01 07:08:37 INFO user login ok
2026-03-01 07:08:40 INFO user login ok
2026-03-01 07:08:41 INFO user login ok
2026-03-01 07:08:45 WARN cache miss
2026-03-01 07:08:48 INFO user login ok
2026-03-01 07:08:50 INFO user logout
2026-03-01 07:08:51 WARN user login ok
2026-03-01 07:08:55 INFO slow query detected
2026-03-01 07:08:56 WARN cache hit
2026-03-01 07:08:57 INFO cache miss
2026-03-01 07:09:00 INFO user logout
2026-03-01 07:09:04 WARN cache miss
2026-03-01 07:09:05 WARN cache hit
2026-03-01 07:09:08 INFO request handled
2026-03-01 07:09:10 INFO user logout
2026-03-01 07:09:14 INFO background job finished
2026-03-01 07:09:18 INFO user logout
2026-03-01 07:09:19 INFO connection reset by peer
2026-03-01 07:09:23 INFO cache miss
2026-03-01 07:09:26 INFO user login ok
2026-03-01 07:09:27 INFO user login ok
2026-03-01 07:09:29 INFO user login ok
2026-03-01 07:09:32 INFO cache hit
2026-03-01 07:09:33 WARN cache miss
2026-03-01 07:09:36 WARN user logout
2026-03-01 07:09:39 INFO user login ok
2026-03-01 07:09:40 INFO user login ok
2026-03-01 07:09:43 INFO user logout
2026-03-01 07:09:47 INFO request handled
2026-03-01 07:09:51 WARN user login ok
2026-03-01 07:09:55 INFO cache hit
2026-03-01 07:09:57 INFO request handled
2026-03-01 07:09:58 INFO user login ok
2026-03-01 07:09:59 INFO user login ok
2026-03-01 07:10:02 INFO invalid token
2026-03-01 07:10:04 WARN user logout
2026-03-01 07:10:06 INFO user login ok
2026-03-01 07:10:09 INFO user login ok
2026-03-01 07:10:11 INFO background job finished
2026-03-01 07:10:14 INFO config reloaded
2026-03-01 07:10:15 INFO user logout
2026-03-01 07:10:18 INFO connection reset by peer
2026-03-01 07:10:22 WARN cache hit
2026-03-01 07:10:23 INFO connection reset by peer
2026-03-01 07:10:25 INFO cache hit
2026-03-01 07:10:29 INFO user login ok
2026-03-01 07:10:33 INFO request handled
2026-03-01 07:10:35 ERROR request handled
2026-03-01 07:10:39 INFO request handled
2026-03-01 07:10:42 INFO cache hit
2026-03-01 07:10:44 INFO user login ok
2026-03-01 07:10:48 INFO user login ok
2026-03-01 07:10:50 ERROR slow query detected
2026-03-01 07:10:54 INFO user logout
2026-03-01 07:10:55 INFO cache miss
2026-03-01 07:10:59 INFO user login ok
2026-03-01 07:11:00 INFO user login ok
2026-03-01 07:11:04 INFO request handled
2026-03-01 07:11:05 ERROR config reloaded
2026-03-01 07:11:07 INFO user login ok
2026-03-01 07:11:09 INFO database timeout
2026-03-01 07:11:11 INFO invalid token
2026-03-01 07:11:15 INFO cache hit
2026-03-01 07:11:18 INFO slow query detected
2026-03-01 07:11:20 WARN cache miss
2026-03-01 07:11:23 INFO user login ok
2026-03-01 07:11:24 WARN user login ok
2026-03-01 07:11:25 INFO slow query detected
2026-03-01 07:11:28 INFO background job finished
2026-03-01 07:11:29 INFO slow query detected
2026-03-01 07:11:31 INFO config reloaded
2026-03-01 07:11:32 ERROR slow query detected
2026-03-01 07:11:36 INFO cache hit
2026-03-01 07:11:39 INFO user login ok
2026-03-01 07:11:41 INFO user login ok
2026-03-01 07:11:44 INFO background job finished
2026-03-01 07:11:46 INFO cache hit
2026-03-01 07:11:50 INFO invalid token
2026-03-01 07:11:53 ERROR disk usage high
2026-03-01 07:11:56 ERROR user logout
2026-03-01 07:11:57 INFO cache miss
2026-03-01 07:12:00 INFO database timeout
2026-03-01 07:12:04 WARN database timeout
2026-03-01 07:12:06 INFO user login ok
2026-03-01 07:12:10 WARN slow query detected
2026-03-01 07:12:11 INFO user logout
2026-03-01 07:12:12 ERROR user login ok
2026-03-01 07:12:15 INFO slow query detected
2026-03-01 07:12:18 INFO request handled
2026-03-01 07:12:21 ERROR cache hit
2026-03-01 07:12:23 INFO user login ok
2026-03-01 07:12:25 INFO user login ok
2026-03-01 07:12:29 INFO disk usage high
2026-03-01 07:12:32 INFO user logout
2026-03-01 07:12:36 INFO cache miss
2026-03-01 07:12:40 INFO user login ok
2026-03-01 07:12:44 INFO database timeout
2026-03-01 07:12:46 ERROR user login ok
2026-03-01 07:12:50 WARN connection reset by peer
2026-03-01 07:12:51 INFO connection reset by peer
2026-03-01 07:12:52 INFO user login ok
2026-03-01 07:12:54 INFO user login ok
2026-03-01 07:12:57 INFO database timeout
2026-03-01 07:13:00 INFO database timeout
2026-03-01 07:13:02 INFO user logout
2026-03-01 07:13:04 INFO background job finished
2026-03-01 07:13:05 INFO invalid token
2026-03-01 07:13:06 INFO disk usage high
2026-03-01 07:13:08 INFO request handled
2026-03-01 07:13:10 ERROR user login ok
2026-03-01 07:13:12 ERROR user login ok
2026-03-01 07:13:16 ERROR user logout
2026-03-01 07:13:17 INFO invalid token
2026-03-01 07:13:19 INFO user logout
2026-03-01 07:13:21 WARN cache hit
2026-03-01 07:13:23 INFO invalid token
2026-03-01 07:13:25 INFO user login ok
2026-03-01 07:13:28 INFO cache hit
2026-03-01 07:13:30 INFO user login ok
2026-03-01 07:13:31 INFO user login ok
2026-03-01 07:13:32 WARN user login ok
2026-03-01 07:13:33 INFO user logout
2026-03-01 07:13:34 INFO request handled
2026-03-01 07:13:36 WARN user logout
2026-03-01 07:13:39 INFO disk usage high
2026-03-01 07:13:42 INFO user logout
2026-03-01 07:13:44 ERROR user login ok
2026-03-01 07:13:46 WARN user login ok
2026-03-01 07:13:49 INFO slow query detected
2026-03-01 07:13:50 INFO disk usage high
2026-03-01 07:13:51 WARN cache miss
2026-03-01 07:13:55 INFO cache miss
2026-03-01 07:13:56 INFO config reloaded
2026-03-01 07:13:59 INFO invalid token
2026-03-01 07:14:01 WARN user logout
2026-03-01 07:14:05 INFO cache hit
2026-03-01 07:14:06 INFO user login ok
2026-03-01 07:14:10 INFO config reloaded
2026-03-01 07:14:14 INFO user logout
2026-03-01 07:14:15 INFO user login ok
2026-03-01 07:14:16 INFO user login ok
2026-03-01 07:14:18 INFO cache miss
2026-03-01 07:14:21 INFO user logout
### повреждённая строка ###
2026-03-01 07:14:24 WARN invalid token
2026-03-01 07:14:25 INFO slow query detected
2026-03-01 07:14:28 INFO database timeout
2026-03-01 07:14:32 INFO user login ok
2026-03-01 07:14:35 WARN database timeout
2026-03-01 07:14:37 INFO connection reset by peer
2026-03-01 07:14:41 ERROR user login ok
2026-03-01 07:14:42 ERROR user logout
2026-03-01 07:14:45 INFO user login ok
2026-03-01 07:14:49 WARN user logout
2026-03-01 07:14:51 INFO user logout
2026-03-01 07:14:55 ERROR connection reset by peer
2026-03-01 07:14:57 WARN user login ok
2026-03-01 07:14:58 WARN cache hit
2026-03-01 07:15:02 INFO user login ok
2026-03-01 07:15:05 WARN user logout
2026-03-01 07:15:09 WARN user login ok
2026-03-01 07:15:11 INFO user logout
2026-03-01 07:15:15 INFO user login ok
2026-03-01 07:15:17 WARN user login ok
2026-03-01 07:15:19 INFO cache miss
2026-03-01 07:15:22 INFO slow query detected
2026-03-01 07:15:26 INFO cache hit
2026-03-01 07:15:28 INFO request handled
2026-03-01 07:15:31 WARN request handled
2026-03-01 07:15:35 INFO invalid token
2026-03-01 07:15:36 INFO user logout
2026-03-01 07:15:37 INFO user login ok
2026-03-01 07:15:39 INFO cache miss
2026-03-01 07:15:43 INFO user logout
2026-03-01 07:15:47 INFO cache hit
2026-03-01 07:15:49 INFO connection reset by peer
2026-03-01 07:15:51 INFO request handled
2026-03-01 07:15:52 INFO invalid token
2026-03-01 07:15:56 WARN user login ok
2026-03-01 07:15:58 INFO background job finished
2026-03-01 07:16:00 INFO background job finished
2026-03-01 07:16:03 WARN user login ok
2026-03-01 07:16:05 INFO user login ok
2026-03-01 07:16:08 INFO disk usage high
2026-03-01 07:16:10 ERROR user logout
2026-03-01 07:16:13 INFO user logout
2026-03-01 07:16:17 INFO request handled
2026-03-01 07:16:21 INFO request handled
2026-03-01 07:16:22 INFO user login ok
2026-03-01 07:16:24 INFO user login ok
2026-03-01 07:16:25 WARN request handled
2026-03-01 07:16:26 INFO user logout
2026-03-01 07:16:30 INFO background job finished
2026-03-01 07:16:33 INFO background job finished
2026-03-01 07:16:34 INFO user logout
2026-03-01 07:16:38 INFO user login ok
2026-03-01 07:16:41 ERROR cache hit
2026-03-01 07:16:44 INFO user logout
2026-03-01 07:16:46 INFO user logout
2026-03-01 07:16:48 INFO user logout
2026-03-01 07:16:49 INFO user login ok
2026-03-01 07:16:52 INFO request handled
2026-03-01 07:16:54 INFO user logout
2026-03-01 07:16:58 INFO connection reset by peer
2026-03-01 07:16:59 INFO cache hit
2026-03-01 07:17:03 INFO user login ok
2026-03-01 07:17:06 INFO invalid token
2026-03-01 07:17:07 INFO request handled
2026-03-01 07:17:08 INFO config reloaded
2026-03-01 07:17:11 WARN user login ok
2026-03-01 07:17:15 INFO user login ok
2026-03-01 07:17:17 INFO user logout
2026-03-01 07:17:21 INFO user login ok
2026-03-01 07:17:22 INFO user login ok
2026-03-01 07:17:26 INFO disk usage high
2026-03-01 07:17:29 ERROR background job finished
2026-03-01 07:17:32 INFO background job finished
2026-03-01 07:17:34 INFO cache miss
2026-03-01 07:17:36 INFO user login ok
2026-03-01 07:17:38 INFO config reloaded
2026-03-01 07:17:41 ERROR user login ok
2026-03-01 07:17:45 INFO request handled
2026-03-01 07:17:46 INFO disk usage high
2026-03-01 07:17:48 INFO cache miss
2026-03-01 07:17:52 INFO user login ok
2026-03-01 07:17:56 INFO connection reset by peer
2026-03-01 07:17:57 INFO connection reset by peer
2026-03-01 07:18:00 INFO user login ok
2026-03-01 07:18:01 ERROR config reloaded
2026-03-01 07:18:05 INFO database timeout
2026-03-01 07:18:07 INFO user logout
2026-03-01 07:18:11 INFO user logout
2026-03-01 07:18:15 INFO cache miss
2026-03-01 07:18:17 INFO connection reset by peer
2026-03-01 07:18:19 INFO slow query detected
2026-03-01 07:18:21 INFO database timeout
2026-03-01 07:18:22 INFO user logout
2026-03-01 07:18:26 INFO background job finished
2026-03-01 07:18:28 INFO user login ok
2026-03-01 07:18:32 ERROR user logout
2026-03-01 07:18:35 WARN slow query detected
2026-03-01 07:18:38 INFO cache miss
2026-03-01 07:18:41 INFO config reloaded
2026-03-01 07:18:42 INFO config reloaded
2026-03-01 07:18:43 INFO connection reset by peer
2026-03-01 07:18:47 INFO user logout
2026-03-01 07:18:51 INFO slow query detected
2026-03-01 07:18:55 INFO cache miss
2026-03-01 07:18:58 ERROR config reloaded
2026-03-01 07:18:59 WARN user login ok
2026-03-01 07:19:03 INFO database timeout
2026-03-01 07:19:06 INFO database timeout
2026-03-01 07:19:10 INFO user login ok
2026-03-01 07:19:11 WARN user logout
2026-03-01 07:19:14 INFO user login ok
2026-03-01 07:19:17 WARN config reloaded
2026-03-01 07:19:21 WARN user login ok
2026-03-01 07:19:24 WARN user login ok
2026-03-01 07:19:28 INFO config reloaded
2026-03-01 07:19:32 INFO invalid token
2026-03-01 07:19:33 INFO background job finished
2026-03-01 07:19:36 INFO user login ok
2026-03-01 07:19:40 INFO disk usage high
2026-03-01 07:19:41 INFO background job finished
2026-03-01 07:19:44 INFO user logout
2026-03-01 07:19:46 INFO user login ok
2026-03-01 07:19:49 INFO user login ok
2026-03-01 07:19:52 INFO slow query detected
2026-03-01 07:19:55 WARN cache hit
2026-03-01 07:19:59 WARN disk usage high
2026-03-01 07:20:01 INFO cache miss
2026-03-01 07:20:02 INFO cache miss
2026-03-01 07:20:05 INFO background job finished
2026-03-01 07:20:08 INFO disk usage high
2026-03-01 07:20:12 INFO user login ok
2026-03-01 07:20:16 INFO user login ok
2026-03-01 07:20:18 INFO disk usage high
2026-03-01 07:20:22 INFO database timeout
2026-03-01 07:20:24 INFO user logout
2026-03-01 07:20:26 INFO disk usage high
2026-03-01 07:20:27 WARN user login ok
2026-03-01 07:20:30 INFO user login ok
2026-03-01 07:20:34 WARN invalid token
2026-03-01 07:20:35 INFO user login ok
2026-03-01 07:20:37 INFO cache hit
2026-03-01 07:20:38 INFO slow query detected
2026-03-01 07:20:41 INFO connection reset by peer
2026-03-01 07:20:45 INFO background job finished
2026-03-01 07:20:49 INFO user login ok
2026-03-01 07:20:53 INFO config reloaded
2026-03-01 07:20:56 INFO config reloaded
2026-03-01 07:20:57 INFO user logout
2026-03-01 07:21:01 INFO slow query detected
2026-03-01 07:21:05 WARN request handled
2026-03-01 07:21:06 INFO user logout
2026-03-01 07:21:10 ERROR cache hit
2026-03-01 07:21:14 INFO user login ok
2026-03-01 07:21:16 ERROR user login ok
2026-03-01 07:21:20 INFO user logout
2026-03-01 07:21:24 INFO user logout
2026-03-01 07:21:25 INFO user logout
2026-03-01 07:21:28 INFO request handled
2026-03-01 07:21:31 INFO user logout
2026-03-01 07:21:34 INFO user login ok
2026-03-01 07:21:35 INFO slow query detected
2026-03-01 07:21:36 INFO slow query detected
2026-03-01 07:21:38 INFO config reloaded
2026-03-01 07:21:41 INFO user logout
2026-03-01 07:21:43 INFO cache miss
2026-03-01 07:21:47 WARN cache hit
2026-03-01 07:21:49 WARN connection reset by peer
2026-03-01 07:21:51 INFO slow query detected
2026-03-01 07:21:53 INFO invalid token
### повреждённая строка ###
### повреждённая строка ###
2026-03-01 07:21:58 INFO user login ok
2026-03-01 07:22:00 INFO background job finished
2026-03-01 07:22:03 INFO connection reset by peer
### повреждённая строка ###
2026-03-01 07:22:09 INFO config reloaded
2026-03-01 07:22:13 INFO user login ok
2026-03-01 07:22:15 INFO user login ok
2026-03-01 07:22:18 INFO user logout
2026-03-01 07:22:21 WARN config reloaded
2026-03-01 07:22:23 ERROR user login ok
2026-03-01 07:22:25 INFO background job finished
2026-03-01 07:22:28 WARN background job finished
2026-03-01 07:22:30 WARN cache hit
2026-03-01 07:22:34 INFO cache miss
2026-03-01 07:22:38 INFO cache hit
2026-03-01 07:22:42 INFO slow query detected
2026-03-01 07:22:43 ERROR config reloaded
2026-03-01 07:22:44 INFO user login ok
2026-03-01 07:22:45 INFO slow query detected
2026-03-01 07:22:46 INFO user login ok
2026-03-01 07:22:48 WARN cache miss
2026-03-01 07:22:51 INFO cache hit
2026-03-01 07:22:55 INFO connection reset by peer
2026-03-01 07:22:56 INFO user login ok
2026-03-01 07:22:57 INFO config reloaded
2026-03-01 07:22:59 WARN request handled
2026-03-01 07:23:01 WARN disk usage high
2026-03-01 07:23:02 INFO request handled
2026-03-01 07:23:04 INFO user login ok
2026-03-01 07:23:05 INFO cache miss
2026-03-01 07:23:07 INFO user login ok
2026-03-01 07:23:11 INFO cache miss
2026-03-01 07:23:14 INFO user login ok
2026-03-01 07:23:17 INFO user login ok
2026-03-01 07:23:19 INFO slow query detected
2026-03-01 07:23:20 INFO connection reset by peer
2026-03-01 07:23:23 INFO user login ok
2026-03-01 07:23:26 INFO user logout
2026-03-01 07:23:29 INFO user login ok
2026-03-01 07:23:31 INFO config reloaded
2026-03-01 07:23:32 WARN invalid token
2026-03-01 07:23:35 INFO user login ok
2026-03-01 07:23:37 INFO cache hit
2026-03-01 07:23:40 WARN user login ok
2026-03-01 07:23:44 INFO user login ok
2026-03-01 07:23:46 INFO cache miss
2026-03-01 07:23:49 INFO connection reset by peer
2026-03-01 07:23:51 INFO user login ok
2026-03-01 07:23:55 INFO background job finished
2026-03-01 07:23:56 INFO invalid token
2026-03-01 07:24:00 WARN cache hit
2026-03-01 07:24:04 WARN user login ok
2026-03-01 07:24:05 INFO disk usage high
2026-03-01 07:24:08 ERROR slow query detected
2026-03-01 07:24:11 INFO user logout
2026-03-01 07:24:12 INFO user logout
2026-03-01 07:24:13 WARN user logout
2026-03-01 07:24:16 INFO cache hit
2026-03-01 07:24:17 INFO cache hit
2026-03-01 07:24:19 INFO request handled
2026-03-01 07:24:23 WARN user login ok
2026-03-01 07:24:27 ERROR user login ok
2026-03-01 07:24:30 INFO config reloaded
2026-03-01 07:24:33 INFO database timeout
2026-03-01 07:24:36 INFO user logout
2026-03-01 07:24:38 INFO user login ok
2026-03-01 07:24:41 INFO user login ok
2026-03-01 07:24:43 INFO user login ok
2026-03-01 07:24:47 INFO user login ok
2026-03-01 07:24:50 INFO invalid token
2026-03-01 07:24:54 INFO cache miss
2026-03-01 07:24:55 INFO slow query detected
2026-03-01 07:24:56 INFO slow query detected
2026-03-01 07:25:00 INFO user login ok
2026-03-01 07:25:04 INFO user login ok
2026-03-01 07:25:05 INFO request handled
2026-03-01 07:25:09 INFO user login ok
2026-03-01 07:25:13 INFO config reloaded
2026-03-01 07:25:14 INFO request handled
2026-03-01 07:25:18 INFO user logout
2026-03-01 07:25:19 INFO slow query detected
2026-03-01 07:25:20 INFO connection reset by peer
2026-03-01 07:25:21 INFO cache hit
2026-03-01 07:25:24 WARN cache hit
2026-03-01 07:25:26 INFO invalid token
2026-03-01 07:25:30 INFO config reloaded
2026-03-01 07:25:31 INFO cache miss
2026-03-01 07:25:32 INFO user login ok
2026-03-01 07:25:34 ERROR slow query detected
2026-03-01 07:25:37 INFO user login ok
### повреждённая строка ###
2026-03-01 07:25:42 INFO user login ok
2026-03-01 07:25:44 WARN user logout
2026-03-01 07:25:46 INFO user login ok
2026-03-01 07:25:48 INFO cache miss
2026-03-01 07:25:49 INFO user login ok
2026-03-01 07:25:53 INFO user login ok
2026-03-01 07:25:54 WARN user login ok
2026-03-01 07:25:58 WARN invalid token
2026-03-01 07:26:00 WARN connection reset by peer
2026-03-01 07:26:03 INFO request handled
2026-03-01 07:26:04 WARN database timeout
2026-03-01 07:26:06 INFO user login ok
2026-03-01 07:26:09 INFO slow query detected
2026-03-01 07:26:11 INFO user logout
2026-03-01 07:26:15 INFO user login ok
2026-03-01 07:26:16 INFO user login ok
2026-03-01 07:26:19 WARN user login ok
2026-03-01 07:26:20 INFO connection reset by peer
2026-03-01 07:26:22 INFO invalid token
2026-03-01 07:26:25 INFO user login ok
2026-03-01 07:26:26 INFO user login ok
2026-03-01 07:26:30 INFO user logout
2026-03-01 07:26:32 INFO disk usage high
2026-03-01 07:26:36 INFO invalid token
2026-03-01 07:26:37 WARN invalid token
2026-03-01 07:26:41 INFO user login ok
2026-03-01 07:26:44 WARN user logout
2026-03-01 07:26:45 INFO user login ok
2026-03-01 07:26:48 INFO user logout
2026-03-01 07:26:49 INFO user login ok
2026-03-01 07:26:52 INFO disk usage high
2026-03-01 07:26:54 INFO request handled
2026-03-01 07:26:55 INFO user login ok
2026-03-01 07:26:57 INFO request handled
2026-03-01 07:27:00 ERROR user login ok
2026-03-01 07:27:03 INFO cache hit
2026-03-01 07:27:06 WARN database timeout
2026-03-01 07:27:10 INFO disk usage high
2026-03-01 07:27:13 INFO cache hit
2026-03-01 07:27:17 INFO user login ok
2026-03-01 07:27:19 INFO cache hit
2026-03-01 07:27:21 INFO user login ok
2026-03-01 07:27:24 INFO disk usage high
2026-03-01 07:27:27 INFO user login ok
2026-03-01 07:27:28 INFO user login ok
2026-03-01 07:27:29 ERROR user logout
2026-03-01 07:27:32 WARN disk usage high
2026-03-01 07:27:34 WARN user logout
2026-03-01 07:27:38 INFO database timeout
2026-03-01 07:27:42 INFO user login ok
2026-03-01 07:27:45 INFO user logout
2026-03-01 07:27:46 INFO user login ok
2026-03-01 07:27:50 INFO user logout
2026-03-01 07:27:52 WARN user login ok
2026-03-01 07:27:55 INFO cache miss
2026-03-01 07:27:56 INFO disk usage high
2026-03-01 07:27:58 INFO cache miss
2026-03-01 07:28:02 INFO user login ok
2026-03-01 07:28:06 INFO slow query detected
2026-03-01 07:28:08 INFO user login ok
2026-03-01 07:28:09 INFO user logout
2026-03-01 07:28:13 ERROR user login ok
2026-03-01 07:28:14 INFO connection reset by peer
2026-03-01 07:28:16 INFO invalid token
2026-03-01 07:28:20 INFO database timeout
2026-03-01 07:28:24 INFO user login ok
2026-03-01 07:28:25 WARN connection reset by peer
### повреждённая строка ###
2026-03-01 07:28:30 WARN user login ok
2026-03-01 07:28:33 INFO user logout
2026-03-01 07:28:34 WARN user login ok
### повреждённая строка ###
2026-03-01 07:28:36 INFO user login ok
2026-03-01 07:28:38 INFO cache miss
2026-03-01 07:28:39 INFO connection reset by peer
2026-03-01 07:28:40 INFO cache miss
2026-03-01 07:28:44 ERROR user login ok
2026-03-01 07:28:48 INFO cache hit
2026-03-01 07:28:51 INFO request handled
2026-03-01 07:28:55 INFO user login ok
2026-03-01 07:28:59 INFO slow query detected
2026-03-01 07:29:00 INFO cache hit
2026-03-01 07:29:02 INFO user login ok
2026-03-01 07:29:03 INFO cache miss
2026-03-01 07:29:05 INFO user logout
2026-03-01 07:29:08 WARN user login ok
2026-03-01 07:29:12 INFO user login ok
2026-03-01 07:29:16 INFO slow query detected
2026-03-01 07:29:19 WARN connection reset by peer
2026-03-01 07:29:21 INFO user logout
2026-03-01 07:29:24 INFO cache hit
2026-03-01 07:29:25 INFO user login ok
2026-03-01 07:29:29 INFO slow query detected
2026-03-01 07:29:33 WARN invalid token
2026-03-01 07:29:37 INFO user login ok
2026-03-01 07:29:38 INFO user login ok
2026-03-01 07:29:40 INFO user logout
2026-03-01 07:29:43 WARN user logout
2026-03-01 07:29:46 INFO request handled
### повреждённая строка ###
2026-03-01 07:29:51 INFO connection reset by peer
2026-03-01 07:29:55 INFO cache hit
2026-03-01 07:29:58 INFO slow query detected
2026-03-01 07:30:02 WARN config reloaded
2026-03-01 07:30:05 ERROR cache hit
2026-03-01 07:30:06 INFO cache miss
2026-03-01 07:30:09 INFO user login ok
2026-03-01 07:30:11 INFO background job finished
2026-03-01 07:30:12 INFO invalid token
2026-03-01 07:30:13 INFO cache hit
2026-03-01 07:30:14 INFO database timeout
2026-03-01 07:30:16 INFO database timeout
2026-03-01 07:30:20 INFO user logout
2026-03-01 07:30:21 WARN user logout
2026-03-01 07:30:23 INFO config reloaded
2026-03-01 07:30:24 INFO user login ok
2026-03-01 07:30:27 INFO user login ok
2026-03-01 07:30:29 INFO user login ok
2026-03-01 07:30:30 INFO user login ok
2026-03-01 07:30:31 INFO user login ok
2026-03-01 07:30:33 INFO database timeout
2026-03-01 07:30:36 INFO user logout
2026-03-01 07:30:40 WARN connection reset by peer
2026-03-01 07:30:44 INFO request handled
2026-03-01 07:30:47 INFO user login ok
2026-03-01 07:30:51 INFO cache miss
2026-03-01 07:30:55 INFO user login ok
2026-03-01 07:30:57 INFO cache hit
2026-03-01 07:31:01 WARN user logout
2026-03-01 07:31:03 INFO config reloaded
2026-03-01 07:31:04 INFO disk usage high
2026-03-01 07:31:07 INFO invalid token
2026-03-01 07:31:09 INFO config reloaded
2026-03-01 07:31:10 INFO user login ok
2026-03-01 07:31:13 WARN slow query detected
2026-03-01 07:31:17 INFO database timeout
2026-03-01 07:31:18 INFO cache hit
2026-03-01 07:31:19 WARN user login ok
2026-03-01 07:31:23 INFO user logout
2026-03-01 07:31:26 INFO cache miss
2026-03-01 07:31:28 INFO disk usage high
2026-03-01 07:31:30 INFO user login ok
2026-03-01 07:31:31 INFO cache miss
2026-03-01 07:31:35 INFO user logout
2026-03-01 07:31:36 WARN user logout
2026-03-01 07:31:37 INFO user login ok
2026-03-01 07:31:40 INFO slow query detected
2026-03-01 07:31:42 INFO user login ok
2026-03-01 07:31:43 INFO user logout
2026-03-01 07:31:46 INFO user login ok
2026-03-01 07:31:49 INFO request handled
2026-03-01 07:31:50 WARN connection reset by peer
### повреждённая строка ###
2026-03-01 07:31:53 INFO disk usage high
2026-03-01 07:31:57 INFO request handled
2026-03-01 07:32:01 INFO config reloaded
2026-03-01 07:32:04 WARN connection reset by peer
2026-03-01 07:32:05 INFO cache hit
2026-03-01 07:32:08 INFO connection reset by peer
2026-03-01 07:32:09 INFO invalid token
2026-03-01 07:32:12 INFO user login ok
2026-03-01 07:32:13 INFO user login ok
2026-03-01 07:32:15 INFO cache miss
2026-03-01 07:32:17 INFO user logout
2026-03-01 07:32:21 INFO cache miss
2026-03-01 07:32:23 INFO background job finished
2026-03-01 07:32:27 INFO config reloaded
2026-03-01 07:32:30 INFO user logout
2026-03-01 07:32:31 WARN user login ok
2026-03-01 07:32:35 INFO user login ok
2026-03-01 07:32:37 INFO config reloaded
2026-03-01 07:32:41 INFO user login ok
2026-03-01 07:32:43 WARN slow query detected
2026-03-01 07:32:44 WARN database timeout
2026-03-01 07:32:46 ERROR user login ok
2026-03-01 07:32:48 INFO user logout
2026-03-01 07:32:51 INFO request handled
2026-03-01 07:32:54 INFO user login ok
2026-03-01 07:32:56 INFO disk usage high
2026-03-01 07:32:59 INFO cache miss
2026-03-01 07:33:00 INFO user login ok
2026-03-01 07:33:01 INFO request handled
2026-03-01 07:33:02 INFO user login ok
2026-03-01 07:33:04 INFO user logout
2026-03-01 07:33:05 INFO request handled
2026-03-01 07:33:09 INFO user login ok
2026-03-01 07:33:12 INFO slow query detected
2026-03-01 07:33:15 INFO database timeout
2026-03-01 07:33:16 INFO slow query detected
2026-03-01 07:33:17 INFO database timeout
2026-03-01 07:33:20 INFO user login ok
2026-03-01 07:33:22 INFO request handled
2026-03-01 07:33:24 WARN connection reset by peer
2026-03-01 07:33:28 INFO disk usage high
2026-03-01 07:33:32 INFO user logout
2026-03-01 07:33:36 INFO request handled
2026-03-01 07:33:40 WARN config reloaded
2026-03-01 07:33:44 INFO disk usage high
2026-03-01 07:33:45 INFO cache miss
2026-03-01 07:33:48 INFO database timeout
2026-03-01 07:33:51 INFO user login ok
2026-03-01 07:33:53 INFO slow query detected
2026-03-01 07:33:54 INFO connection reset by peer
2026-03-01 07:33:55 INFO user login ok
2026-03-01 07:33:57 ERROR user logout
2026-03-01 07:34:00 INFO user login ok
2026-03-01 07:34:01 INFO slow query detected
2026-03-01 07:34:02 WARN user login ok
2026-03-01 07:34:05 INFO config reloaded
2026-03-01 07:34:06 ERROR user login ok
2026-03-01 07:34:09 INFO user login ok
2026-03-01 07:34:13 INFO connection reset by peer
2026-03-01 07:34:17 INFO request handled
2026-03-01 07:34:21 WARN user login ok
2026-03-01 07:34:24 INFO invalid token
2026-03-01 07:34:25 INFO invalid token
2026-03-01 07:34:28 INFO slow query detected
2026-03-01 07:34:32 INFO disk usage high
2026-03-01 07:34:34 INFO user logout
2026-03-01 07:34:37 INFO invalid token
2026-03-01 07:34:41 INFO cache hit
2026-03-01 07:34:45 INFO connection reset by peer
2026-03-01 07:34:48 INFO request handled
2026-03-01 07:34:52 INFO user login ok
2026-03-01 07:34:53 INFO user login ok
2026-03-01 07:34:54 INFO user login ok
2026-03-01 07:34:57 INFO user login ok
2026-03-01 07:34:58 INFO user login ok
2026-03-01 07:35:00 INFO database timeout
2026-03-01 07:35:02 INFO connection reset by peer
2026-03-01 07:35:03 INFO user login ok
2026-03-01 07:35:05 INFO user login ok
2026-03-01 07:35:08 INFO cache hit
2026-03-01 07:35:11 INFO connection reset by peer
2026-03-01 07:35:13 INFO connection reset by peer
2026-03-01 07:35:14 INFO request handled
2026-03-01 07:35:15 INFO disk usage high
2026-03-01 07:35:16 INFO request handled
2026-03-01 07:35:17 INFO database timeout
2026-03-01 07:35:21 INFO database timeout
2026-03-01 07:35:22 INFO cache miss
2026-03-01 07:35:24 INFO user login ok
2026-03-01 07:35:28 INFO user logout
2026-03-01 07:35:29 INFO user logout
2026-03-01 07:35:32 INFO connection reset by peer
2026-03-01 07:35:35 INFO cache hit
2026-03-01 07:35:39 ERROR slow query detected
2026-03-01 07:35:42 INFO user login ok
2026-03-01 07:35:46 WARN request handled
2026-03-01 07:35:47 WARN slow query detected
2026-03-01 07:35:48 INFO user login ok
2026-03-01 07:35:50 INFO user login ok
2026-03-01 07:35:53 INFO connection reset by peer
2026-03-01 07:35:54 INFO user logout
2026-03-01 07:35:57 INFO user login ok
2026-03-01 07:35:58 INFO cache hit
2026-03-01 07:36:01 INFO user login ok
2026-03-01 07:36:03 ERROR database timeout
2026-03-01 07:36:04 INFO invalid token
2026-03-01 07:36:06 INFO cache hit
2026-03-01 07:36:10 WARN disk usage high
2026-03-01 07:36:11 INFO background job finished
2026-03-01 07:36:14 INFO user login ok
2026-03-01 07:36:18 ERROR database timeout
2026-03-01 07:36:20 INFO cache hit
2026-03-01 07:36:21 INFO slow query detected
2026-03-01 07:36:25 WARN user login ok
2026-03-01 07:36:27 WARN user login ok
2026-03-01 07:36:28 INFO invalid token
2026-03-01 07:36:32 ERROR cache hit
2026-03-01 07:36:33 INFO cache hit
2026-03-01 07:36:34 INFO request handled
2026-03-01 07:36:38 ERROR user login ok
2026-03-01 07:36:41 INFO cache hit
2026-03-01 07:36:42 INFO user logout
2026-03-01 07:36:46 INFO connection reset by peer
2026-03-01 07:36:50 INFO user login ok
2026-03-01 07:36:54 INFO disk usage high
2026-03-01 07:36:55 INFO database timeout
2026-03-01 07:36:58 INFO user login ok
2026-03-01 07:36:59 INFO user login ok
2026-03-01 07:37:01 WARN request handled
2026-03-01 07:37:05 ERROR disk usage high
2026-03-01 07:37:08 INFO cache hit
2026-03-01 07:37:09 INFO database timeout
2026-03-01 07:37:11 INFO user login ok
2026-03-01 07:37:14 INFO cache hit
2026-03-01 07:37:17 INFO cache hit
2026-03-01 07:37:18 INFO request handled
2026-03-01 07:37:20 INFO user login ok
2026-03-01 07:37:21 INFO user login ok
2026-03-01 07:37:23 INFO user login ok
2026-03-01 07:37:24 INFO connection reset by peer
2026-03-01 07:37:26 INFO cache miss
2026-03-01 07:37:29 INFO user logout
2026-03-01 07:37:31 WARN user login ok
2026-03-01 07:37:34 WARN user logout
2026-03-01 07:37:38 INFO user login ok
2026-03-01 07:37:40 INFO config reloaded
2026-03-01 07:37:43 INFO disk usage high
2026-03-01 07:37:47 INFO user logout
2026-03-01 07:37:50 INFO request handled
2026-03-01 07:37:52 INFO background job finished
2026-03-01 07:37:55 INFO user login ok
2026-03-01 07:37:56 WARN user login ok
2026-03-01 07:37:57 INFO connection reset by peer
2026-03-01 07:37:59 INFO request handled
2026-03-01 07:38:00 INFO invalid token
2026-03-01 07:38:02 INFO user login ok
2026-03-01 07:38:05 INFO slow query detected
2026-03-01 07:38:06 INFO cache hit
2026-03-01 07:38:10 INFO user logout
2026-03-01 07:38:13 INFO slow query detected
2026-03-01 07:38:14 INFO user logout
2026-03-01 07:38:18 INFO background job finished
2026-03-01 07:38:21 INFO user login ok
2026-03-01 07:38:22 INFO user login ok
2026-03-01 07:38:26 INFO database timeout
2026-03-01 07:38:27 INFO request handled
2026-03-01 07:38:30 INFO cache hit
2026-03-01 07:38:34 INFO user logout
2026-03-01 07:38:38 INFO background job finished
2026-03-01 07:38:41 INFO cache hit
2026-03-01 07:38:43 INFO request handled
2026-03-01 07:38:47 WARN cache hit
2026-03-01 07:38:51 INFO disk usage high
2026-03-01 07:38:54 INFO user logout
2026-03-01 07:38:55 INFO user login ok
2026-03-01 07:38:56 INFO cache hit
2026-03-01 07:39:00 INFO user logout
2026-03-01 07:39:02 WARN background job finished
2026-03-01 07:39:06 INFO disk usage high
2026-03-01 07:39:10 INFO request handled
2026-03-01 07:39:14 INFO config reloaded
2026-03-01 07:39:18 INFO user login ok
2026-03-01 07:39:19 WARN user login ok
2026-03-01 07:39:22 INFO user logout
2026-03-01 07:39:26 INFO disk usage high
2026-03-01 07:39:28 ERROR user login ok
2026-03-01 07:39:31 INFO background job finished
2026-03-01 07:39:32 INFO config reloaded
2026-03-01 07:39:33 INFO user login ok
2026-03-01 07:39:34 INFO user login ok
2026-03-01 07:39:37 INFO cache hit
2026-03-01 07:39:41 INFO cache miss
2026-03-01 07:39:43 INFO background job finished
2026-03-01 07:39:46 INFO user logout
2026-03-01 07:39:47 INFO user login ok
2026-03-01 07:39:49 INFO background job finished
2026-03-01 07:39:50 INFO cache miss
2026-03-01 07:39:52 WARN cache miss
2026-03-01 07:39:56 INFO background job finished
2026-03-01 07:40:00 INFO request handled
2026-03-01 07:40:04 INFO disk usage high
2026-03-01 07:40:05 INFO user login ok
2026-03-01 07:40:09 INFO user login ok
2026-03-01 07:40:11 INFO user login ok
2026-03-01 07:40:12 INFO user logout
2026-03-01 07:40:14 INFO user logout
2026-03-01 07:40:18 INFO connection reset by peer
2026-03-01 07:40:22 INFO connection reset by peer
2026-03-01 07:40:25 INFO user login ok
2026-03-01 07:40:27 INFO disk usage high
2026-03-01 07:40:30 INFO request handled
2026-03-01 07:40:31 INFO connection reset by peer
2026-03-01 07:40:33 INFO user login ok
### повреждённая строка ###
2026-03-01 07:40:38 INFO user login ok
2026-03-01 07:40:42 INFO database timeout
2026-03-01 07:40:46 INFO slow query detected
2026-03-01 07:40:50 INFO user logout
2026-03-01 07:40:54 INFO user login ok
2026-03-01 07:40:58 INFO request handled
2026-03-01 07:40:59 INFO cache hit
2026-03-01 07:41:02 INFO cache hit
2026-03-01 07:41:03 ERROR disk usage high
2026-03-01 07:41:05 INFO request handled
2026-03-01 07:41:06 INFO cache hit
2026-03-01 07:41:08 INFO user logout
2026-03-01 07:41:12 INFO user login ok
2026-03-01 07:41:16 INFO disk usage high
2026-03-01 07:41:20 WARN user logout
2026-03-01 07:41:23 INFO cache hit
2026-03-01 07:41:24 INFO user logout
2026-03-01 07:41:26 INFO user logout
2026-03-01 07:41:29 INFO user login ok
2026-03-01 07:41:31 WARN request handled
2026-03-01 07:41:33 INFO user logout
2026-03-01 07:41:35 INFO user logout
2026-03-01 07:41:36 WARN connection reset by peer
2026-03-01 07:41:37 WARN disk usage high
2026-03-01 07:41:39 INFO cache hit
2026-03-01 07:41:40 INFO user login ok
2026-03-01 07:41:43 INFO config reloaded
2026-03-01 07:41:44 INFO user login ok
2026-03-01 07:41:47 INFO cache miss
2026-03-01 07:41:49 INFO slow query detected
2026-03-01 07:41:52 INFO database timeout
2026-03-01 07:41:56 WARN slow query detected
2026-03-01 07:42:00 INFO background job finished
2026-03-01 07:42:04 WARN user login ok
2026-03-01 07:42:08 INFO user login ok
2026-03-01 07:42:09 INFO invalid token
2026-03-01 07:42:12 INFO user login ok
2026-03-01 07:42:15 INFO invalid token
2026-03-01 07:42:18 INFO disk usage high
2026-03-01 07:42:21 INFO cache hit
2026-03-01 07:42:25 INFO background job finished
2026-03-01 07:42:28 INFO user login ok
2026-03-01 07:42:30 INFO background job finished
2026-03-01 07:42:33 WARN slow query detected
2026-03-01 07:42:36 INFO user login ok
2026-03-01 07:42:38 INFO invalid token
2026-03-01 07:42:40 INFO user logout
2026-03-01 07:42:41 INFO cache hit
2026-03-01 07:42:45 WARN slow query detected
2026-03-01 07:42:48 INFO config reloaded
2026-03-01 07:42:49 INFO database timeout
2026-03-01 07:42:50 INFO user login ok
2026-03-01 07:42:53 INFO user logout
2026-03-01 07:42:56 INFO config reloaded
2026-03-01 07:42:59 INFO slow query detected
2026-03-01 07:43:01 WARN user login ok
2026-03-01 07:43:02 INFO disk usage high
2026-03-01 07:43:06 INFO cache miss
2026-03-01 07:43:07 INFO connection reset by peer
2026-03-01 07:43:11 INFO database timeout
2026-03-01 07:43:14 INFO request handled
2026-03-01 07:43:17 INFO cache hit
2026-03-01 07:43:18 INFO cache hit
2026-03-01 07:43:21 INFO user login ok
2026-03-01 07:43:23 INFO user login ok
2026-03-01 07:43:24 INFO disk usage high
2026-03-01 07:43:26 INFO user login ok
2026-03-01 07:43:28 WARN connection reset by peer
2026-03-01 07:43:30 INFO user logout
2026-03-01 07:43:32 INFO config reloaded
2026-03-01 07:43:33 INFO cache hit
2026-03-01 07:43:35 INFO cache hit
2026-03-01 07:43:37 ERROR user login ok
2026-03-01 07:43:39 INFO connection reset by peer
2026-03-01 07:43:40 INFO database timeout
2026-03-01 07:43:43 INFO user login ok
2026-03-01 07:43:45 INFO user login ok
2026-03-01 07:43:48 INFO connection reset by peer
2026-03-01 07:43:51 INFO slow query detected
2026-03-01 07:43:53 INFO slow query detected
2026-03-01 07:43:55 INFO user logout
2026-03-01 07:43:56 INFO user logout
2026-03-01 07:44:00 INFO user logout
2026-03-01 07:44:03 INFO disk usage high
2026-03-01 07:44:04 INFO user login ok
2026-03-01 07:44:08 INFO user login ok
2026-03-01 07:44:12 INFO user logout
2026-03-01 07:44:14 INFO request handled
2026-03-01 07:44:15 WARN user login ok
2026-03-01 07:44:16 WARN background job finished
2026-03-01 07:44:17 INFO cache hit
2026-03-01 07:44:21 INFO user login ok
2026-03-01 07:44:23 INFO config reloaded
2026-03-01 07:44:25 INFO user login ok
2026-03-01 07:44:29 WARN user logout
2026-03-01 07:44:33 INFO database timeout
2026-03-01 07:44:34 INFO cache hit
2026-03-01 07:44:38 INFO cache hit
2026-03-01 07:44:41 INFO cache hit
2026-03-01 07:44:42 INFO user logout
2026-03-01 07:44:44 WARN cache miss
2026-03-01 07:44:46 INFO user login ok
2026-03-01 07:44:50 INFO cache miss
2026-03-01 07:44:53 INFO user login ok
2026-03-01 07:44:57 INFO user login ok
2026-03-01 07:45:00 INFO slow query detected
2026-03-01 07:45:03 INFO user login ok
2026-03-01 07:45:06 INFO request handled
2026-03-01 07:45:07 INFO background job finished
2026-03-01 07:45:08 WARN disk usage high
2026-03-01 07:45:10 WARN user login ok
2026-03-01 07:45:14 INFO cache miss
2026-03-01 07:45:15 INFO user login ok
2026-03-01 07:45:16 INFO user login ok
2026-03-01 07:45:17 INFO user login ok
2026-03-01 07:45:21 INFO cache miss
2026-03-01 07:45:25 INFO cache miss
2026-03-01 07:45:29 INFO connection reset by peer
2026-03-01 07:45:33 INFO disk usage high
### повреждённая строка ###
2026-03-01 07:45:38 INFO disk usage high
2026-03-01 07:45:42 INFO user logout
2026-03-01 07:45:46 ERROR cache miss
2026-03-01 07:45:49 INFO user login ok
2026-03-01 07:45:53 INFO background job finished
2026-03-01 07:45:55 INFO user logout
2026-03-01 07:45:57 INFO user login ok
2026-03-01 07:46:01 INFO invalid token
2026-03-01 07:46:02 WARN request handled
2026-03-01 07:46:06 INFO user login ok
2026-03-01 07:46:07 ERROR slow query detected
2026-03-01 07:46:11 WARN cache hit
2026-03-01 07:46:14 INFO user login ok
2026-03-01 07:46:17 INFO user login ok
2026-03-01 07:46:21 INFO user login ok
2026-03-01 07:46:25 INFO user login ok
2026-03-01 07:46:29 WARN slow query detected
2026-03-01 07:46:32 INFO cache miss
2026-03-01 07:46:34 INFO background job finished
2026-03-01 07:46:35 INFO user login ok
2026-03-01 07:46:36 INFO slow query detected
2026-03-01 07:46:38 INFO user login ok
2026-03-01 07:46:39 WARN user login ok
2026-03-01 07:46:43 INFO request handled
2026-03-01 07:46:44 INFO user login ok
2026-03-01 07:46:47 INFO connection reset by peer
2026-03-01 07:46:50 WARN slow query detected
2026-03-01 07:46:54 INFO cache miss
2026-03-01 07:46:56 INFO user login ok
2026-03-01 07:46:57 WARN cache hit
2026-03-01 07:46:58 WARN invalid token
2026-03-01 07:47:01 INFO user login ok
2026-03-01 07:47:04 INFO slow query detected
2026-03-01 07:47:06 INFO user login ok
2026-03-01 07:47:07 INFO user login ok
2026-03-01 07:47:11 INFO user login ok
2026-03-01 07:47:15 INFO cache miss
2026-03-01 07:47:18 WARN user login ok
2026-03-01 07:47:22 WARN user login ok
2026-03-01 07:47:24 INFO slow query detected
2026-03-01 07:47:25 INFO slow query detected
2026-03-01 07:47:29 INFO user login ok
2026-03-01 07:47:32 INFO user logout
2026-03-01 07:47:34 INFO cache miss
2026-03-01 07:47:38 INFO config reloaded
2026-03-01 07:47:41 INFO user login ok
2026-03-01 07:47:44 INFO config reloaded
2026-03-01 07:47:48 INFO cache miss
2026-03-01 07:47:49 INFO cache miss
2026-03-01 07:47:52 INFO user login ok
2026-03-01 07:47:54 INFO user login ok
2026-03-01 07:47:55 INFO cache miss
2026-03-01 07:47:57 ERROR cache hit
2026-03-01 07:48:00 INFO database timeout
2026-03-01 07:48:01 INFO request handled
2026-03-01 07:48:02 INFO invalid token
2026-03-01 07:48:06 INFO user login ok
2026-03-01 07:48:09 WARN background job finished
2026-03-01 07:48:12 WARN cache miss
2026-03-01 07:48:13 INFO cache miss
2026-03-01 07:48:15 WARN user logout
2026-03-01 07:48:17 INFO user login ok
2026-03-01 07:48:18 INFO user login ok
2026-03-01 07:48:21 WARN user logout
2026-03-01 07:48:25 INFO user logout
2026-03-01 07:48:28 INFO user login ok
2026-03-01 07:48:32 INFO cache hit
2026-03-01 07:48:36 INFO connection reset by peer
2026-03-01 07:48:38 INFO user login ok
2026-03-01 07:48:41 INFO config reloaded
2026-03-01 07:48:43 INFO cache hit
2026-03-01 07:48:44 INFO database timeout
2026-03-01 07:48:48 INFO user login ok
2026-03-01 07:48:50 WARN background job finished
2026-03-01 07:48:51 INFO request handled
2026-03-01 07:48:52 INFO slow query detected
2026-03-01 07:48:53 WARN user login ok
2026-03-01 07:48:56 INFO user login ok
2026-03-01 07:48:59 WARN config reloaded
2026-03-01 07:49:02 INFO user login ok
2026-03-01 07:49:06 INFO user logout
2026-03-01 07:49:10 INFO config reloaded
2026-03-01 07:49:11 INFO config reloaded
2026-03-01 07:49:14 INFO invalid token
2026-03-01 07:49:17 INFO user login ok
2026-03-01 07:49:18 INFO config reloaded
2026-03-01 07:49:21 INFO user login ok
2026-03-01 07:49:25 INFO config reloaded
2026-03-01 07:49:26 WARN user login ok
2026-03-01 07:49:29 INFO user login ok
2026-03-01 07:49:33 INFO database timeout
2026-03-01 07:49:37 INFO slow query detected
2026-03-01 07:49:38 INFO cache hit
2026-03-01 07:49:39 INFO connection reset by peer
2026-03-01 07:49:42 INFO cache hit
2026-03-01 07:49:44 WARN request handled
2026-03-01 07:49:46 INFO user login ok
2026-03-01 07:49:49 INFO slow query detected
2026-03-01 07:49:50 INFO user login ok
2026-03-01 07:49:53 WARN config reloaded
2026-03-01 07:49:57 INFO user login ok
2026-03-01 07:49:58 INFO request handled
2026-03-01 07:50:01 WARN invalid token
2026-03-01 07:50:05 INFO cache hit
2026-03-01 07:50:06 INFO request handled
2026-03-01 07:50:09 INFO user login ok
2026-03-01 07:50:11 INFO cache hit
2026-03-01 07:50:15 INFO request handled
2026-03-01 07:50:18 INFO user login ok
2026-03-01 07:50:20 INFO user login ok
2026-03-01 07:50:22 WARN cache hit
2026-03-01 07:50:24 INFO user login ok
2026-03-01 07:50:25 INFO user login ok
2026-03-01 07:50:26 ERROR slow query detected
2026-03-01 07:50:30 INFO cache hit
2026-03-01 07:50:33 INFO invalid token
2026-03-01 07:50:34 INFO user login ok
2026-03-01 07:50:36 WARN user login ok
2026-03-01 07:50:40 INFO slow query detected
2026-03-01 07:50:42 WARN slow query detected
2026-03-01 07:50:46 INFO background job finished
2026-03-01 07:50:47 INFO user login ok
2026-03-01 07:50:48 INFO user login ok
2026-03-01 07:50:49 INFO user login ok
2026-03-01 07:50:51 INFO database timeout
2026-03-01 07:50:53 INFO user logout
2026-03-01 07:50:54 INFO request handled
2026-03-01 07:50:57 INFO user logout
2026-03-01 07:50:59 INFO connection reset by peer
2026-03-01 07:51:02 INFO cache miss
2026-03-01 07:51:03 WARN user login ok
2026-03-01 07:51:07 INFO request handled
2026-03-01 07:51:10 INFO user login ok
2026-03-01 07:51:12 WARN user login ok
2026-03-01 07:51:14 WARN request handled
2026-03-01 07:51:17 INFO user login ok
2026-03-01 07:51:19 WARN cache hit
2026-03-01 07:51:22 INFO invalid token
2026-03-01 07:51:26 INFO config reloaded
2026-03-01 07:51:27 INFO slow query detected
2026-03-01 07:51:31 INFO disk usage high
2026-03-01 07:51:32 INFO background job finished
2026-03-01 07:51:35 INFO cache hit
2026-03-01 07:51:38 INFO user login ok
2026-03-01 07:51:40 INFO background job finished
2026-03-01 07:51:43 INFO user login ok
2026-03-01 07:51:44 INFO user login ok
2026-03-01 07:51:46 INFO invalid token
2026-03-01 07:51:47 INFO user logout
2026-03-01 07:51:49 INFO request handled
2026-03-01 07:51:52 INFO user logout
2026-03-01 07:51:53 INFO slow query detected
2026-03-01 07:51:55 WARN config reloaded
2026-03-01 07:51:58 INFO user logout
2026-03-01 07:52:01 INFO user login ok
2026-03-01 07:52:03 INFO user logout
2026-03-01 07:52:05 INFO database timeout
2026-03-01 07:52:07 ERROR user logout
2026-03-01 07:52:08 WARN cache miss
2026-03-01 07:52:11 INFO connection reset by peer
2026-03-01 07:52:12 INFO config reloaded
2026-03-01 07:52:13 INFO database timeout
2026-03-01 07:52:15 INFO user logout
2026-03-01 07:52:16 INFO slow query detected
2026-03-01 07:52:20 INFO cache miss
2026-03-01 07:52:21 INFO disk usage high
2026-03-01 07:52:23 INFO background job finished
2026-03-01 07:52:24 INFO user login ok
2026-03-01 07:52:25 ERROR cache hit
2026-03-01 07:52:26 INFO user logout
2026-03-01 07:52:27 INFO user login ok
2026-03-01 07:52:30 INFO config reloaded
2026-03-01 07:52:32 INFO slow query detected
2026-03-01 07:52:36 WARN cache miss
2026-03-01 07:52:37 WARN user login ok
2026-03-01 07:52:41 INFO user login ok
2026-03-01 07:52:45 INFO slow query detected
2026-03-01 07:52:49 INFO user login ok
2026-03-01 07:52:53 INFO database timeout
2026-03-01 07:52:56 INFO user login ok
2026-03-01 07:53:00 INFO background job finished
2026-03-01 07:53:03 INFO invalid token
2026-03-01 07:53:07 WARN config reloaded
2026-03-01 07:53:09 WARN user logout
2026-03-01 07:53:13 INFO user login ok
2026-03-01 07:53:16 INFO config reloaded
2026-03-01 07:53:17 INFO cache miss
2026-03-01 07:53:21 INFO user login ok
2026-03-01 07:53:25 INFO cache hit
2026-03-01 07:53:26 INFO user logout
2026-03-01 07:53:27 INFO user login ok
2026-03-01 07:53:29 INFO cache hit
2026-03-01 07:53:31 INFO user logout
2026-03-01 07:53:34 INFO request handled
2026-03-01 07:53:37 INFO disk usage high
2026-03-01 07:53:40 INFO disk usage high
2026-03-01 07:53:41 INFO connection reset by peer
2026-03-01 07:53:45 INFO cache hit
2026-03-01 07:53:48 INFO user login ok
2026-03-01 07:53:51 INFO user login ok
2026-03-01 07:53:52 INFO database timeout
2026-03-01 07:53:56 WARN database timeout
2026-03-01 07:53:58 INFO user login ok
2026-03-01 07:54:01 WARN connection reset by peer
### повреждённая строка ###
2026-03-01 07:54:07 INFO slow query detected
2026-03-01 07:54:10 INFO config reloaded
2026-03-01 07:54:13 INFO request handled
2026-03-01 07:54:14 INFO cache hit
2026-03-01 07:54:17 INFO user logout
2026-03-01 07:54:20 INFO disk usage high
2026-03-01 07:54:23 WARN user login ok
2026-03-01 07:54:26 WARN user login ok
2026-03-01 07:54:28 INFO user login ok
2026-03-01 07:54:31 INFO database timeout
2026-03-01 07:54:35 INFO database timeout
2026-03-01 07:54:38 INFO cache hit
2026-03-01 07:54:41 INFO connection reset by peer
2026-03-01 07:54:45 INFO slow query detected
2026-03-01 07:54:47 ERROR invalid token
2026-03-01 07:54:50 INFO user logout
2026-03-01 07:54:54 INFO user login ok
2026-03-01 07:54:55 INFO user login ok
2026-03-01 07:54:57 ERROR user login ok
2026-03-01 07:54:58 INFO cache miss
2026-03-01 07:55:02 INFO user login ok
2026-03-01 07:55:03 INFO cache miss
2026-03-01 07:55:05 INFO config reloaded
2026-03-01 07:55:07 WARN user login ok
2026-03-01 07:55:08 INFO user login ok
2026-03-01 07:55:12 ERROR user logout
2026-03-01 07:55:13 INFO config reloaded
2026-03-01 07:55:16 INFO request handled
2026-03-01 07:55:17 INFO user login ok
2026-03-01 07:55:19 INFO invalid token
2026-03-01 07:55:20 INFO invalid token
2026-03-01 07:55:24 INFO slow query detected
2026-03-01 07:55:28 INFO request handled
2026-03-01 07:55:31 INFO config reloaded
2026-03-01 07:55:33 INFO user login ok
2026-03-01 07:55:36 INFO user login ok
2026-03-01 07:55:39 INFO user login ok
2026-03-01 07:55:40 INFO user logout
2026-03-01 07:55:43 INFO disk usage high
2026-03-01 07:55:46 INFO background job finished
2026-03-01 07:55:48 INFO request handled
2026-03-01 07:55:51 INFO user login ok
2026-03-01 07:55:52 INFO invalid token
2026-03-01 07:55:54 WARN user login ok
2026-03-01 07:55:55 INFO database timeout
2026-03-01 07:55:58 INFO user login ok
2026-03-01 07:56:00 INFO background job finished
2026-03-01 07:56:03 INFO disk usage high
2026-03-01 07:56:07 INFO cache hit
2026-03-01 07:56:11 INFO request handled
2026-03-01 07:56:13 INFO cache hit
2026-03-01 07:56:17 INFO database timeout
2026-03-01 07:56:19 WARN cache miss
2026-03-01 07:56:20 INFO user login ok
2026-03-01 07:56:23 INFO database timeout
2026-03-01 07:56:26 INFO database timeout
2026-03-01 07:56:29 INFO user login ok
2026-03-01 07:56:31 WARN cache miss
2026-03-01 07:56:33 INFO user login ok
2026-03-01 07:56:35 INFO user login ok
2026-03-01 07:56:39 INFO request handled
2026-03-01 07:56:43 INFO disk usage high
2026-03-01 07:56:45 INFO database timeout
2026-03-01 07:56:49 ERROR connection reset by peer
2026-03-01 07:56:51 INFO user logout
2026-03-01 07:56:53 INFO slow query detected
2026-03-01 07:56:56 INFO cache hit
2026-03-01 07:57:00 WARN slow query detected
2026-03-01 07:57:03 INFO background job finished
2026-03-01 07:57:04 WARN disk usage high
2026-03-01 07:57:08 INFO invalid token
2026-03-01 07:57:12 WARN request handled
2026-03-01 07:57:15 WARN database timeout
2026-03-01 07:57:17 INFO user login ok
2026-03-01 07:57:21 WARN background job finished
2026-03-01 07:57:23 INFO config reloaded
2026-03-01 07:57:26 INFO user logout
2026-03-01 07:57:29 INFO user login ok
2026-03-01 07:57:33 INFO invalid token
2026-03-01 07:57:36 INFO config reloaded
2026-03-01 07:57:37 INFO user login ok
### повреждённая строка ###
2026-03-01 07:57:45 INFO database timeout
2026-03-01 07:57:48 WARN database timeout
2026-03-01 07:57:51 INFO user login ok
2026-03-01 07:57:53 INFO connection reset by peer
2026-03-01 07:57:55 INFO user login ok
2026-03-01 07:57:58 INFO cache hit
2026-03-01 07:58:00 ERROR disk usage high
2026-03-01 07:58:02 INFO slow query detected
2026-03-01 07:58:04 INFO user logout
2026-03-01 07:58:08 INFO slow query detected
2026-03-01 07:58:09 INFO background job finished
2026-03-01 07:58:11 WARN cache hit
2026-03-01 07:58:15 INFO disk usage high
2026-03-01 07:58:19 WARN user login ok
2026-03-01 07:58:23 INFO user login ok
2026-03-01 07:58:24 INFO user login ok
2026-03-01 07:58:25 ERROR invalid token
2026-03-01 07:58:29 INFO user login ok
2026-03-01 07:58:33 INFO user login ok
2026-03-01 07:58:34 INFO disk usage high
2026-03-01 07:58:35 WARN slow query detected
2026-03-01 07:58:36 INFO user login ok
2026-03-01 07:58:38 INFO cache hit
2026-03-01 07:58:39 WARN slow query detected
2026-03-01 07:58:43 INFO disk usage high
2026-03-01 07:58:44 WARN slow query detected
2026-03-01 07:58:48 INFO cache hit
2026-03-01 07:58:50 INFO config reloaded
2026-03-01 07:58:54 INFO database timeout
2026-03-01 07:58:56 INFO user logout
2026-03-01 07:58:58 INFO slow query detected
2026-03-01 07:59:00 WARN config reloaded
2026-03-01 07:59:03 INFO invalid token
2026-03-01 07:59:06 INFO user logout
2026-03-01 07:59:10 INFO user login ok
2026-03-01 07:59:12 INFO user login ok
2026-03-01 07:59:14 INFO slow query detected
2026-03-01 07:59:15 INFO user logout
2026-03-01 07:59:16 INFO user login ok
2026-03-01 07:59:20 INFO user login ok
2026-03-01 07:59:24 INFO connection reset by peer
2026-03-01 07:59:27 INFO cache hit
2026-03-01 07:59:30 INFO cache hit
2026-03-01 07:59:31 INFO user login ok
2026-03-01 07:59:32 INFO database timeout
2026-03-01 07:59:34 INFO request handled
2026-03-01 07:59:35 ERROR connection reset by peer
2026-03-01 07:59:38 INFO cache hit
2026-03-01 07:59:40 INFO user login ok
2026-03-01 07:59:43 INFO user login ok
2026-03-01 07:59:47 WARN user login ok
2026-03-01 07:59:49 INFO cache miss
2026-03-01 07:59:53 INFO user login ok
2026-03-01 07:59:57 INFO background job finished
2026-03-01 07:59:59 INFO connection reset by peer
2026-03-01 08:00:03 INFO cache hit
2026-03-01 08:00:07 INFO cache miss
2026-03-01 08:00:08 INFO slow query detected
2026-03-01 08:00:10 INFO user login ok
2026-03-01 08:00:13 INFO config reloaded
2026-03-01 08:00:17 INFO user login ok
2026-03-01 08:00:20 INFO user logout
2026-03-01 08:00:21 INFO invalid token
2026-03-01 08:00:23 ERROR invalid token
2026-03-01 08:00:25 WARN user login ok
2026-03-01 08:00:29 INFO cache miss
2026-03-01 08:00:32 INFO cache miss
2026-03-01 08:00:33 INFO database timeout
2026-03-01 08:00:34 INFO user logout
2026-03-01 08:00:36 INFO user login ok
2026-03-01 08:00:39 ERROR cache miss
2026-03-01 08:00:42 WARN cache hit
2026-03-01 08:00:46 INFO invalid token
2026-03-01 08:00:48 WARN user login ok
2026-03-01 08:00:51 INFO user login ok
2026-03-01 08:00:55 INFO cache hit
2026-03-01 08:00:58 INFO user logout
2026-03-01 08:00:59 INFO user login ok
2026-03-01 08:01:01 INFO cache hit
2026-03-01 08:01:03 INFO user login ok
2026-03-01 08:01:05 ERROR disk usage high
2026-03-01 08:01:07 INFO connection reset by peer
2026-03-01 08:01:11 INFO database timeout
2026-03-01 08:01:13 WARN request handled
2026-03-01 08:01:15 INFO user login ok
2026-03-01 08:01:18 INFO slow query detected
2026-03-01 08:01:22 INFO cache miss
2026-03-01 08:01:23 WARN cache miss
2026-03-01 08:01:25 INFO config reloaded
2026-03-01 08:01:29 INFO disk usage high
2026-03-01 08:01:33 INFO user login ok
2026-03-01 08:01:35 INFO cache hit
2026-03-01 08:01:37 WARN cache miss
2026-03-01 08:01:38 WARN user login ok
2026-03-01 08:01:39 INFO cache miss
2026-03-01 08:01:43 INFO cache hit
2026-03-01 08:01:46 INFO background job finished
2026-03-01 08:01:49 INFO user login ok
2026-03-01 08:01:51 INFO invalid token
2026-03-01 08:01:52 WARN cache miss
2026-03-01 08:01:53 INFO slow query detected
2026-03-01 08:01:56 INFO user logout
2026-03-01 08:01:57 INFO user logout
2026-03-01 08:02:00 WARN user login ok
2026-03-01 08:02:03 INFO cache hit
2026-03-01 08:02:06 INFO invalid token
2026-03-01 08:02:09 INFO background job finished
2026-03-01 08:02:10 INFO user login ok
2026-03-01 08:02:14 INFO disk usage high
2026-03-01 08:02:16 ERROR user logout
2026-03-01 08:02:17 INFO user logout
2026-03-01 08:02:20 INFO user logout
2026-03-01 08:02:24 WARN invalid token
2026-03-01 08:02:27 INFO cache hit
2026-03-01 08:02:31 INFO user login ok
2026-03-01 08:02:34 INFO user login ok
2026-03-01 08:02:35 INFO request handled
2026-03-01 08:02:38 INFO background job finished
2026-03-01 08:02:39 INFO database timeout
2026-03-01 08:02:43 ERROR user logout
2026-03-01 08:02:46 INFO user login ok
2026-03-01 08:02:47 WARN disk usage high
2026-03-01 08:02:49 INFO cache miss
2026-03-01 08:02:51 INFO user login ok
2026-03-01 08:02:55 INFO user login ok
2026-03-01 08:02:59 INFO user login ok
2026-03-01 08:03:01 INFO user login ok
2026-03-01 08:03:03 INFO config reloaded
2026-03-01 08:03:06 INFO request handled
2026-03-01 08:03:09 INFO database timeout
2026-03-01 08:03:10 ERROR user login ok
2026-03-01 08:03:14 INFO background job finished
2026-03-01 08:03:16 INFO cache miss
2026-03-01 08:03:20 INFO config reloaded
2026-03-01 08:03:22 INFO user logout
2026-03-01 08:03:26 INFO user logout
2026-03-01 08:03:29 INFO request handled
2026-03-01 08:03:31 INFO connection reset by peer
2026-03-01 08:03:32 INFO user logout
2026-03-01 08:03:33 INFO database timeout
2026-03-01 08:03:37 INFO invalid token
2026-03-01 08:03:38 WARN connection reset by peer
2026-03-01 08:03:42 INFO connection reset by peer
2026-03-01 08:03:46 INFO cache hit
2026-03-01 08:03:50 INFO user login ok
2026-03-01 08:03:54 WARN user login ok
2026-03-01 08:03:55 INFO disk usage high
2026-03-01 08:03:59 INFO user login ok
2026-03-01 08:04:00 INFO background job finished
2026-03-01 08:04:02 INFO request handled
2026-03-01 08:04:03 WARN cache hit
2026-03-01 08:04:07 INFO user logout
2026-03-01 08:04:10 INFO slow query detected
2026-03-01 08:04:11 INFO request handled
2026-03-01 08:04:13 INFO cache hit
2026-03-01 08:04:15 INFO config reloaded
2026-03-01 08:04:17 INFO cache miss
2026-03-01 08:04:20 WARN slow query detected
2026-03-01 08:04:23 INFO user login ok
2026-03-01 08:04:27 INFO user logout
2026-03-01 08:04:30 INFO invalid token
2026-03-01 08:04:31 INFO config reloaded
2026-03-01 08:04:33 INFO user login ok
2026-03-01 08:04:34 INFO cache hit
2026-03-01 08:04:36 INFO connection reset by peer
2026-03-01 08:04:40 INFO disk usage high
2026-03-01 08:04:44 WARN slow query detected
2026-03-01 08:04:48 INFO slow query detected
2026-03-01 08:04:52 INFO user login ok
2026-03-01 08:04:54 INFO config reloaded
2026-03-01 08:04:55 INFO user login ok
2026-03-01 08:04:58 INFO cache miss
2026-03-01 08:05:02 INFO connection reset by peer
2026-03-01 08:05:06 INFO cache miss
2026-03-01 08:05:09 WARN slow query detected
2026-03-01 08:05:11 INFO user login ok
2026-03-01 08:05:15 INFO user logout
2026-03-01 08:05:18 INFO connection reset by peer
2026-03-01 08:05:20 INFO disk usage high
2026-03-01 08:05:21 INFO user login ok
2026-03-01 08:05:24 INFO invalid token
2026-03-01 08:05:25 INFO cache hit
2026-03-01 08:05:29 INFO request handled
2026-03-01 08:05:31 ERROR request handled
2026-03-01 08:05:35 INFO disk usage high
2026-03-01 08:05:37 WARN user login ok
2026-03-01 08:05:41 INFO disk usage high
2026-03-01 08:05:43 INFO user login ok
2026-03-01 08:05:44 INFO cache hit
2026-03-01 08:05:46 INFO background job finished
2026-03-01 08:05:50 INFO disk usage high
2026-03-01 08:05:52 INFO user logout
2026-03-01 08:05:55 INFO cache hit
2026-03-01 08:05:59 INFO user logout
2026-03-01 08:06:02 ERROR slow query detected
2026-03-01 08:06:03 INFO connection reset by peer
2026-03-01 08:06:05 INFO request handled
2026-03-01 08:06:06 INFO disk usage high
2026-03-01 08:06:08 WARN disk usage high
### повреждённая строка ###
2026-03-01 08:06:14 INFO invalid token
2026-03-01 08:06:15 INFO user logout
2026-03-01 08:06:17 WARN database timeout
2026-03-01 08:06:18 INFO background job finished
2026-03-01 08:06:19 INFO cache miss
2026-03-01 08:06:23 INFO user login ok
2026-03-01 08:06:27 INFO slow query detected
2026-03-01 08:06:29 INFO user logout
2026-03-01 08:06:32 INFO disk usage high
2026-03-01 08:06:33 INFO connection reset by peer
### повреждённая строка ###
2026-03-01 08:06:35 INFO user logout
2026-03-01 08:06:38 INFO user login ok
2026-03-01 08:06:39 INFO database timeout
2026-03-01 08:06:43 INFO slow query detected
2026-03-01 08:06:46 INFO cache hit
2026-03-01 08:06:50 INFO disk usage high
2026-03-01 08:06:51 INFO request handled
2026-03-01 08:06:53 WARN user login ok
2026-03-01 08:06:56 INFO cache hit
2026-03-01 08:07:00 WARN cache hit
2026-03-01 08:07:01 INFO connection reset by peer
2026-03-01 08:07:03 INFO user login ok
2026-03-01 08:07:07 INFO database timeout
2026-03-01 08:07:10 INFO config reloaded
2026-03-01 08:07:14 INFO database timeout
2026-03-01 08:07:18 INFO connection reset by peer
2026-03-01 08:07:19 INFO cache hit
### повреждённая строка ###
2026-03-01 08:07:26 INFO user login ok
2026-03-01 08:07:28 INFO user login ok
2026-03-01 08:07:32 INFO cache hit
2026-03-01 08:07:33 INFO connection reset by peer
2026-03-01 08:07:37 INFO cache hit
2026-03-01 08:07:41 INFO database timeout
2026-03-01 08:07:42 INFO cache miss
2026-03-01 08:07:45 INFO invalid token
2026-03-01 08:07:49 WARN background job finished
2026-03-01 08:07:50 WARN user login ok
2026-03-01 08:07:53 INFO user login ok
2026-03-01 08:07:55 INFO invalid token
2026-03-01 08:07:58 INFO user login ok
2026-03-01 08:07:59 INFO request handled
2026-03-01 08:08:00 INFO database timeout
2026-03-01 08:08:03 INFO disk usage high
2026-03-01 08:08:06 INFO cache miss
2026-03-01 08:08:07 INFO user login ok
2026-03-01 08:08:09 INFO database timeout
2026-03-01 08:08:13 INFO cache hit
2026-03-01 08:08:15 INFO user login ok
2026-03-01 08:08:16 INFO user login ok
2026-03-01 08:08:17 INFO connection reset by peer
2026-03-01 08:08:21 INFO request handled
2026-03-01 08:08:24 INFO connection reset by peer
2026-03-01 08:08:28 INFO user login ok
2026-03-01 08:08:31 INFO user login ok
2026-03-01 08:08:35 INFO request handled
2026-03-01 08:08:38 INFO user login ok
2026-03-01 08:08:42 INFO user logout
2026-03-01 08:08:43 INFO user login ok
2026-03-01 08:08:45 INFO config reloaded
2026-03-01 08:08:47 INFO user login ok
2026-03-01 08:08:48 INFO cache miss
2026-03-01 08:08:52 INFO cache miss
2026-03-01 08:08:55 WARN config reloaded
2026-03-01 08:08:57 ERROR connection reset by peer
2026-03-01 08:09:00 INFO connection reset by peer
2026-03-01 08:09:02 INFO background job finished
2026-03-01 08:09:04 INFO cache hit
2026-03-01 08:09:05 INFO user login ok
2026-03-01 08:09:09 WARN slow query detected
2026-03-01 08:09:11 ERROR user login ok
2026-03-01 08:09:13 INFO background job finished
2026-03-01 08:09:17 INFO database timeout
2026-03-01 08:09:21 ERROR slow query detected
2026-03-01 08:09:24 INFO database timeout
2026-03-01 08:09:26 INFO database timeout
2026-03-01 08:09:29 INFO background job finished
2026-03-01 08:09:31 INFO user login ok
2026-03-01 08:09:34 INFO disk usage high
2026-03-01 08:09:37 INFO invalid token
2026-03-01 08:09:39 INFO disk usage high
2026-03-01 08:09:43 INFO user login ok
2026-03-01 08:09:45 INFO cache miss
2026-03-01 08:09:46 INFO user login ok
2026-03-01 08:09:49 WARN cache miss
2026-03-01 08:09:51 WARN cache miss
2026-03-01 08:09:54 INFO slow query detected
2026-03-01 08:09:55 ERROR user login ok
2026-03-01 08:09:59 INFO cache hit
2026-03-01 08:10:01 WARN user login ok
2026-03-01 08:10:05 INFO slow query detected
2026-03-01 08:10:06 INFO invalid token
2026-03-01 08:10:07 INFO user login ok
2026-03-01 08:10:11 INFO cache miss
2026-03-01 08:10:12 INFO user login ok
2026-03-01 08:10:15 INFO background job finished
### повреждённая строка ###
2026-03-01 08:10:22 INFO user login ok
2026-03-01 08:10:25 INFO user login ok
2026-03-01 08:10:28 WARN cache hit
2026-03-01 08:10:29 WARN background job finished
2026-03-01 08:10:31 INFO cache miss
2026-03-01 08:10:33 INFO connection reset by peer
2026-03-01 08:10:35 INFO user logout
2026-03-01 08:10:37 WARN cache hit
2026-03-01 08:10:39 INFO user login ok
2026-03-01 08:10:40 INFO user logout
2026-03-01 08:10:42 INFO user login ok
2026-03-01 08:10:44 INFO user login ok
2026-03-01 08:10:47 ERROR slow query detected
2026-03-01 08:10:50 INFO slow query detected
2026-03-01 08:10:54 INFO user logout
2026-03-01 08:10:58 INFO user login ok
2026-03-01 08:10:59 INFO invalid token
2026-03-01 08:11:03 INFO cache miss
2026-03-01 08:11:06 INFO slow query detected
2026-03-01 08:11:09 WARN user login ok
2026-03-01 08:11:11 WARN cache hit
2026-03-01 08:11:13 INFO slow query detected
2026-03-01 08:11:16 INFO cache miss
2026-03-01 08:11:19 INFO background job finished
2026-03-01 08:11:21 INFO user login ok
2026-03-01 08:11:22 INFO cache miss
2026-03-01 08:11:24 INFO connection reset by peer
2026-03-01 08:11:25 INFO user logout
2026-03-01 08:11:26 INFO database timeout
2026-03-01 08:11:30 INFO background job finished
2026-03-01 08:11:31 WARN cache miss
2026-03-01 08:11:34 WARN user logout
2026-03-01 08:11:36 ERROR user login ok
2026-03-01 08:11:40 INFO database timeout
2026-03-01 08:11:43 WARN user login ok
2026-03-01 08:11:46 INFO cache miss
2026-03-01 08:11:48 INFO cache miss
2026-03-01 08:11:52 WARN invalid token
2026-03-01 08:11:53 INFO disk usage high
2026-03-01 08:11:57 INFO invalid token
2026-03-01 08:12:00 INFO user logout
2026-03-01 08:12:02 INFO user login ok
2026-03-01 08:12:05 INFO request handled
2026-03-01 08:12:08 INFO connection reset by peer
2026-03-01 08:12:12 INFO connection reset by peer
2026-03-01 08:12:13 INFO database timeout
2026-03-01 08:12:15 INFO user login ok
2026-03-01 08:12:18 INFO slow query detected
2026-03-01 08:12:20 ERROR user login ok
2026-03-01 08:12:22 INFO database timeout
2026-03-01 08:12:26 INFO user logout
2026-03-01 08:12:30 ERROR user login ok
2026-03-01 08:12:32 INFO user login ok
2026-03-01 08:12:36 ERROR background job finished
2026-03-01 08:12:39 INFO invalid token
### повреждённая строка ###
2026-03-01 08:12:46 WARN cache miss
2026-03-01 08:12:47 INFO request handled
2026-03-01 08:12:50 INFO request handled
2026-03-01 08:12:51 INFO user logout
2026-03-01 08:12:53 INFO user login ok
2026-03-01 08:12:57 INFO user login ok
2026-03-01 08:12:58 INFO invalid token
2026-03-01 08:13:01 INFO database timeout
2026-03-01 08:13:02 INFO cache miss
2026-03-01 08:13:04 INFO user login ok
2026-03-01 08:13:05 INFO connection reset by peer
2026-03-01 08:13:06 INFO cache miss
2026-03-01 08:13:08 INFO user login ok
2026-03-01 08:13:11 INFO database timeout
2026-03-01 08:13:13 INFO user login ok
2026-03-01 08:13:17 WARN config reloaded
2026-03-01 08:13:20 INFO user login ok
2026-03-01 08:13:22 INFO user logout
2026-03-01 08:13:23 INFO user logout
2026-03-01 08:13:24 WARN user login ok
2026-03-01 08:13:26 INFO user logout
2026-03-01 08:13:27 INFO user login ok
2026-03-01 08:13:29 INFO user login ok
2026-03-01 08:13:33 INFO user login ok
2026-03-01 08:13:36 INFO user login ok
2026-03-01 08:13:37 INFO cache miss
2026-03-01 08:13:39 WARN user login ok
2026-03-01 08:13:43 WARN request handled
2026-03-01 08:13:44 INFO disk usage high
2026-03-01 08:13:48 INFO cache miss
2026-03-01 08:13:52 WARN config reloaded
2026-03-01 08:13:53 INFO user login ok
2026-03-01 08:13:55 INFO user login ok
2026-03-01 08:13:59 INFO connection reset by peer
2026-03-01 08:14:01 INFO user login ok
2026-03-01 08:14:03 INFO user login ok
2026-03-01 08:14:04 INFO user logout
2026-03-01 08:14:06 INFO user login ok
2026-03-01 08:14:08 ERROR user login ok
2026-03-01 08:14:10 INFO slow query detected
2026-03-01 08:14:12 INFO invalid token
2026-03-01 08:14:15 INFO cache hit
2026-03-01 08:14:17 ERROR user login ok
2026-03-01 08:14:20 INFO user logout
2026-03-01 08:14:21 INFO user login ok
2026-03-01 08:14:24 ERROR user login ok
2026-03-01 08:14:28 INFO user login ok
2026-03-01 08:14:31 WARN cache miss
2026-03-01 08:14:34 INFO disk usage high
2026-03-01 08:14:38 INFO database timeout
2026-03-01 08:14:40 INFO user login ok
2026-03-01 08:14:44 INFO cache miss
2026-03-01 08:14:48 WARN cache hit
2026-03-01 08:14:50 INFO request handled
2026-03-01 08:14:54 INFO request handled
2026-03-01 08:14:55 INFO user logout
2026-03-01 08:14:59 INFO cache hit
2026-03-01 08:15:02 INFO database timeout
2026-03-01 08:15:03 INFO request handled
2026-03-01 08:15:04 INFO database timeout
2026-03-01 08:15:06 INFO user login ok
2026-03-01 08:15:07 INFO user login ok
2026-03-01 08:15:11 INFO cache hit
2026-03-01 08:15:12 ERROR user login ok
2026-03-01 08:15:13 WARN user login ok
2026-03-01 08:15:17 INFO connection reset by peer
2026-03-01 08:15:20 INFO background job finished
2026-03-01 08:15:22 WARN cache miss
2026-03-01 08:15:24 INFO cache miss
2026-03-01 08:15:27 INFO user login ok
2026-03-01 08:15:31 INFO user logout
2026-03-01 08:15:34 INFO user login ok
2026-03-01 08:15:37 INFO disk usage high
2026-03-01 08:15:41 INFO cache hit
2026-03-01 08:15:44 WARN user login ok
2026-03-01 08:15:47 ERROR user logout
2026-03-01 08:15:50 WARN cache hit
2026-03-01 08:15:52 INFO user login ok
2026-03-01 08:15:53 INFO invalid token
2026-03-01 08:15:54 WARN request handled
2026-03-01 08:15:56 INFO user logout
2026-03-01 08:16:00 INFO user login ok
2026-03-01 08:16:01 INFO user login ok
2026-03-01 08:16:02 INFO cache miss
2026-03-01 08:16:06 WARN cache hit
2026-03-01 08:16:07 INFO cache hit
2026-03-01 08:16:11 INFO config reloaded
2026-03-01 08:16:14 INFO cache miss
2026-03-01 08:16:16 INFO user logout
2026-03-01 08:16:19 INFO cache miss
2026-03-01 08:16:22 WARN cache hit
2026-03-01 08:16:26 INFO slow query detected
2026-03-01 08:16:27 INFO slow query detected
2026-03-01 08:16:28 INFO disk usage high
2026-03-01 08:16:30 INFO cache miss
2026-03-01 08:16:33 INFO user login ok
### повреждённая строка ###
### повреждённая строка ###
2026-03-01 08:16:42 INFO cache hit
2026-03-01 08:16:43 INFO user login ok
2026-03-01 08:16:44 INFO user login ok
2026-03-01 08:16:45 WARN cache miss
2026-03-01 08:16:47 WARN user login ok
2026-03-01 08:16:49 INFO disk usage high
2026-03-01 08:16:52 INFO user login ok
2026-03-01 08:16:53 INFO user logout
2026-03-01 08:16:54 INFO user login ok
2026-03-01 08:16:57 INFO user login ok
2026-03-01 08:16:58 INFO user login ok
2026-03-01 08:17:01 INFO connection reset by peer
2026-03-01 08:17:03 INFO connection reset by peer
2026-03-01 08:17:05 WARN user logout
2026-03-01 08:17:07 INFO user login ok
2026-03-01 08:17:11 INFO user logout
2026-03-01 08:17:15 INFO config reloaded
2026-03-01 08:17:19 INFO user login ok
2026-03-01 08:17:22 INFO request handled
2026-03-01 08:17:23 WARN user login ok
2026-03-01 08:17:27 INFO user login ok
2026-03-01 08:17:31 INFO user login ok
2026-03-01 08:17:33 WARN connection reset by peer
2026-03-01 08:17:37 ERROR user login ok
2026-03-01 08:17:41 WARN cache hit
2026-03-01 08:17:45 INFO invalid token
2026-03-01 08:17:48 INFO background job finished
2026-03-01 08:17:51 WARN background job finished
2026-03-01 08:17:52 INFO cache miss
2026-03-01 08:17:53 WARN slow query detected
2026-03-01 08:17:56 INFO cache hit
2026-03-01 08:17:59 INFO user logout
2026-03-01 08:18:03 INFO invalid token
2026-03-01 08:18:04 INFO user login ok
2026-03-01 08:18:07 INFO invalid token
2026-03-01 08:18:08 INFO background job finished
2026-03-01 08:18:09 INFO request handled
2026-03-01 08:18:11 INFO user login ok
2026-03-01 08:18:12 WARN user login ok
2026-03-01 08:18:14 INFO user login ok
2026-03-01 08:18:18 INFO user login ok
2026-03-01 08:18:20 INFO invalid token
2026-03-01 08:18:23 ERROR user logout
2026-03-01 08:18:24 INFO connection reset by peer
2026-03-01 08:18:26 INFO database timeout
2026-03-01 08:18:27 INFO connection reset by peer
2026-03-01 08:18:30 INFO slow query detected
2026-03-01 08:18:34 INFO cache hit
2026-03-01 08:18:36 INFO user login ok
2026-03-01 08:18:37 ERROR user login ok
2026-03-01 08:18:39 INFO user login ok
2026-03-01 08:18:42 INFO config reloaded
2026-03-01 08:18:43 INFO user login ok
2026-03-01 08:18:44 INFO request handled
2026-03-01 08:18:47 INFO user logout
2026-03-01 08:18:50 INFO user login ok
2026-03-01 08:18:52 WARN user login ok
2026-03-01 08:18:56 WARN cache hit
2026-03-01 08:18:58 INFO user login ok
2026-03-01 08:19:00 INFO user login ok
2026-03-01 08:19:03 INFO database timeout
2026-03-01 08:19:06 INFO cache hit
2026-03-01 08:19:10 INFO connection reset by peer
2026-03-01 08:19:11 INFO user logout
2026-03-01 08:19:14 WARN invalid token
2026-03-01 08:19:15 INFO invalid token
2026-03-01 08:19:16 INFO cache hit
2026-03-01 08:19:19 INFO user logout
2026-03-01 08:19:22 INFO cache hit
2026-03-01 08:19:25 INFO background job finished
2026-03-01 08:19:28 INFO database timeout
2026-03-01 08:19:31 INFO connection reset by peer
2026-03-01 08:19:32 INFO invalid token
2026-03-01 08:19:36 INFO slow query detected
2026-03-01 08:19:38 WARN user logout
2026-03-01 08:19:42 INFO slow query detected
2026-03-01 08:19:46 INFO background job finished
2026-03-01 08:19:48 WARN invalid token
2026-03-01 08:19:51 INFO slow query detected
2026-03-01 08:19:55 INFO user login ok
2026-03-01 08:19:57 INFO user login ok
2026-03-01 08:19:59 INFO cache hit
2026-03-01 08:20:03 INFO slow query detected
2026-03-01 08:20:05 INFO user login ok
2026-03-01 08:20:07 INFO cache hit
2026-03-01 08:20:11 INFO cache hit
2026-03-01 08:20:15 INFO user login ok
2026-03-01 08:20:16 INFO user login ok
2026-03-01 08:20:19 INFO cache hit
2026-03-01 08:20:22 INFO user login ok
2026-03-01 08:20:26 ERROR user logout
2026-03-01 08:20:27 WARN user logout
2026-03-01 08:20:29 INFO slow query detected
2026-03-01 08:20:30 WARN slow query detected
2026-03-01 08:20:31 INFO disk usage high
2026-03-01 08:20:35 ERROR cache miss
2026-03-01 08:20:39 INFO slow query detected
2026-03-01 08:20:41 INFO user logout
2026-03-01 08:20:45 WARN database timeout
2026-03-01 08:20:46 INFO invalid token
2026-03-01 08:20:47 WARN config reloaded
2026-03-01 08:20:51 INFO user login ok
2026-03-01 08:20:54 INFO user login ok
2026-03-01 08:20:55 INFO user login ok
2026-03-01 08:20:59 INFO connection reset by peer
2026-03-01 08:21:00 INFO user login ok
2026-03-01 08:21:02 INFO background job finished
2026-03-01 08:21:04 INFO cache miss
2026-03-01 08:21:06 INFO background job finished
2026-03-01 08:21:07 INFO user login ok
2026-03-01 08:21:08 INFO background job finished
2026-03-01 08:21:12 INFO user login ok
2026-03-01 08:21:13 INFO config reloaded
2026-03-01 08:21:14 INFO disk usage high
2026-03-01 08:21:15 INFO user login ok
2026-03-01 08:21:17 WARN user logout
2026-03-01 08:21:18 ERROR connection reset by peer
2026-03-01 08:21:19 INFO user login ok
2026-03-01 08:21:20 INFO user login ok
2026-03-01 08:21:22 INFO config reloaded
2026-03-01 08:21:23 WARN user login ok
2026-03-01 08:21:24 INFO disk usage high
2026-03-01 08:21:28 WARN cache miss
2026-03-01 08:21:32 WARN user login ok
2026-03-01 08:21:35 INFO slow query detected
2026-03-01 08:21:39 ERROR slow query detected
2026-03-01 08:21:41 INFO cache hit
2026-03-01 08:21:45 WARN slow query detected
2026-03-01 08:21:46 INFO slow query detected
2026-03-01 08:21:49 INFO background job finished
2026-03-01 08:21:52 INFO cache hit
2026-03-01 08:21:54 INFO user login ok
2026-03-01 08:21:56 WARN user login ok
2026-03-01 08:22:00 INFO cache hit
2026-03-01 08:22:04 INFO slow query detected
2026-03-01 08:22:05 INFO user logout
2026-03-01 08:22:09 WARN user login ok
2026-03-01 08:22:12 INFO user logout
2026-03-01 08:22:16 INFO config reloaded
2026-03-01 08:22:18 INFO user login ok
2026-03-01 08:22:20 INFO request handled
2026-03-01 08:22:23 WARN request handled
2026-03-01 08:22:26 WARN user login ok
2026-03-01 08:22:28 INFO cache hit
2026-03-01 08:22:30 INFO slow query detected
2026-03-01 08:22:33 ERROR user logout
2026-03-01 08:22:36 INFO disk usage high
2026-03-01 08:22:38 INFO user login ok
2026-03-01 08:22:40 INFO user login ok
2026-03-01 08:22:42 WARN database timeout
2026-03-01 08:22:45 INFO request handled
2026-03-01 08:22:48 INFO request handled
2026-03-01 08:22:49 INFO slow query detected
2026-03-01 08:22:53 INFO user login ok
2026-03-01 08:22:54 WARN cache hit
2026-03-01 08:22:56 INFO connection reset by peer
2026-03-01 08:22:58 WARN config reloaded
2026-03-01 08:23:01 WARN user login ok
2026-03-01 08:23:04 INFO disk usage high
2026-03-01 08:23:05 INFO user login ok
2026-03-01 08:23:07 WARN user login ok
2026-03-01 08:23:09 INFO cache hit
2026-03-01 08:23:11 INFO connection reset by peer
2026-03-01 08:23:15 INFO connection reset by peer
2026-03-01 08:23:19 INFO user login ok
2026-03-01 08:23:21 ERROR user logout
2026-03-01 08:23:22 INFO cache miss
2026-03-01 08:23:26 INFO user logout
2026-03-01 08:23:27 INFO cache hit
2026-03-01 08:23:29 INFO connection reset by peer
2026-03-01 08:23:30 INFO config reloaded
2026-03-01 08:23:31 INFO cache hit
2026-03-01 08:23:35 INFO user logout
2026-03-01 08:23:39 INFO user logout
2026-03-01 08:23:41 ERROR user login ok
2026-03-01 08:23:45 INFO user login ok
2026-03-01 08:23:47 WARN user login ok
2026-03-01 08:23:51 WARN user logout
2026-03-01 08:23:52 INFO config reloaded
2026-03-01 08:23:55 INFO user login ok
2026-03-01 08:23:58 INFO connection reset by peer
2026-03-01 08:24:02 INFO background job finished
2026-03-01 08:24:06 ERROR database timeout
2026-03-01 08:24:09 WARN user login ok
2026-03-01 08:24:12 WARN cache miss
2026-03-01 08:24:16 INFO slow query detected
2026-03-01 08:24:17 INFO request handled
2026-03-01 08:24:19 INFO cache miss
2026-03-01 08:24:21 INFO slow query detected
2026-03-01 08:24:23 WARN cache miss
2026-03-01 08:24:25 INFO cache miss
2026-03-01 08:24:29 INFO request handled
2026-03-01 08:24:31 INFO cache miss
2026-03-01 08:24:35 INFO user login ok
2026-03-01 08:24:36 WARN background job finished
2026-03-01 08:24:37 INFO config reloaded
2026-03-01 08:24:40 INFO slow query detected
2026-03-01 08:24:42 INFO slow query detected
2026-03-01 08:24:45 INFO disk usage high
2026-03-01 08:24:49 INFO cache miss
2026-03-01 08:24:53 INFO user login ok
2026-03-01 08:24:57 INFO user logout
2026-03-01 08:25:00 INFO user login ok
2026-03-01 08:25:03 WARN user logout
2026-03-01 08:25:06 WARN user logout
2026-03-01 08:25:09 INFO user login ok
2026-03-01 08:25:12 INFO user login ok
2026-03-01 08:25:13 INFO connection reset by peer
2026-03-01 08:25:17 ERROR database timeout
2026-03-01 08:25:20 INFO user logout
2026-03-01 08:25:21 WARN user logout
2026-03-01 08:25:23 INFO disk usage high
2026-03-01 08:25:27 ERROR disk usage high
2026-03-01 08:25:28 INFO user login ok
2026-03-01 08:25:32 ERROR user login ok
2026-03-01 08:25:33 INFO user login ok
2026-03-01 08:25:37 INFO user login ok
2026-03-01 08:25:39 INFO cache hit
2026-03-01 08:25:40 WARN cache miss
2026-03-01 08:25:43 INFO user login ok
2026-03-01 08:25:47 INFO disk usage high
2026-03-01 08:25:49 WARN background job finished
2026-03-01 08:25:52 INFO user login ok
### повреждённая строка ###
### повреждённая строка ###
2026-03-01 08:25:58 INFO config reloaded
2026-03-01 08:26:01 INFO slow query detected
2026-03-01 08:26:04 INFO invalid token
2026-03-01 08:26:08 INFO user login ok
2026-03-01 08:26:09 INFO user login ok
2026-03-01 08:26:10 INFO user login ok
2026-03-01 08:26:14 INFO cache miss
2026-03-01 08:26:15 INFO cache miss
2026-03-01 08:26:18 INFO user login ok
2026-03-01 08:26:22 INFO user login ok
2026-03-01 08:26:26 INFO cache hit
2026-03-01 08:26:28 INFO connection reset by peer
2026-03-01 08:26:32 WARN user logout
2026-03-01 08:26:36 INFO cache hit
2026-03-01 08:26:38 INFO cache hit
2026-03-01 08:26:41 WARN cache hit
2026-03-01 08:26:45 ERROR user login ok
2026-03-01 08:26:46 INFO slow query detected
2026-03-01 08:26:49 INFO user logout
2026-03-01 08:26:50 INFO user login ok
2026-03-01 08:26:51 INFO cache hit
2026-03-01 08:26:54 INFO cache hit
2026-03-01 08:26:57 INFO cache hit
2026-03-01 08:27:00 INFO request handled
2026-03-01 08:27:03 WARN cache miss
2026-03-01 08:27:07 INFO user login ok
2026-03-01 08:27:09 INFO request handled
2026-03-01 08:27:11 INFO user login ok
2026-03-01 08:27:13 INFO request handled
2026-03-01 08:27:17 INFO user login ok
2026-03-01 08:27:21 INFO user login ok
2026-03-01 08:27:24 INFO cache hit
2026-03-01 08:27:25 INFO user logout
2026-03-01 08:27:28 INFO background job finished
2026-03-01 08:27:29 INFO user login ok
2026-03-01 08:27:32 INFO request handled
2026-03-01 08:27:33 INFO background job finished
2026-03-01 08:27:34 INFO user login ok
2026-03-01 08:27:36 INFO invalid token
2026-03-01 08:27:39 INFO background job finished
2026-03-01 08:27:43 INFO cache miss
2026-03-01 08:27:45 INFO database timeout
2026-03-01 08:27:48 INFO user login ok
2026-03-01 08:27:52 INFO user logout
2026-03-01 08:27:54 WARN slow query detected
2026-03-01 08:27:55 WARN user login ok
2026-03-01 08:27:59 INFO connection reset by peer
2026-03-01 08:28:01 INFO request handled
2026-03-01 08:28:03 INFO cache hit
2026-03-01 08:28:05 INFO user login ok
2026-03-01 08:28:09 INFO user login ok
2026-03-01 08:28:13 INFO user logout
2026-03-01 08:28:14 INFO user login ok
2026-03-01 08:28:15 INFO cache hit
2026-03-01 08:28:17 INFO config reloaded
2026-03-01 08:28:18 INFO user login ok
2026-03-01 08:28:19 WARN connection reset by peer
2026-03-01 08:28:20 INFO invalid token
2026-03-01 08:28:24 WARN user login ok
2026-03-01 08:28:26 INFO user login ok
2026-03-01 08:28:27 INFO user login ok
2026-03-01 08:28:29 INFO cache hit
2026-03-01 08:28:33 INFO request handled
2026-03-01 08:28:37 INFO user login ok
2026-03-01 08:28:40 WARN user logout
2026-03-01 08:28:44 INFO user logout
2026-03-01 08:28:45 INFO invalid token
2026-03-01 08:28:46 WARN cache hit
2026-03-01 08:28:49 WARN slow query detected
2026-03-01 08:28:52 INFO request handled
2026-03-01 08:28:54 INFO cache hit
2026-03-01 08:28:58 INFO user login ok
2026-03-01 08:28:59 INFO config reloaded
2026-03-01 08:29:03 INFO user login ok
2026-03-01 08:29:04 WARN user logout
2026-03-01 08:29:07 INFO user logout
2026-03-01 08:29:08 INFO background job finished
2026-03-01 08:29:12 INFO background job finished
2026-03-01 08:29:15 INFO cache miss
2026-03-01 08:29:17 INFO user login ok
2026-03-01 08:29:18 INFO cache hit
2026-03-01 08:29:20 INFO user login ok
2026-03-01 08:29:21 INFO config reloaded
2026-03-01 08:29:22 INFO user login ok
2026-03-01 08:29:25 INFO user login ok
### повреждённая строка ###
2026-03-01 08:29:30 WARN cache hit
2026-03-01 08:29:31 INFO user login ok
2026-03-01 08:29:35 INFO request handled
2026-03-01 08:29:37 INFO cache hit
2026-03-01 08:29:41 WARN background job finished
2026-03-01 08:29:45 INFO background job finished
2026-03-01 08:29:48 WARN background job finished
2026-03-01 08:29:52 INFO user login ok
2026-03-01 08:29:56 INFO user logout
2026-03-01 08:30:00 INFO user logout
2026-03-01 08:30:04 INFO user login ok
2026-03-01 08:30:06 INFO config reloaded
2026-03-01 08:30:10 INFO disk usage high
2026-03-01 08:30:11 INFO user login ok
2026-03-01 08:30:12 INFO database timeout
2026-03-01 08:30:15 INFO user login ok
2026-03-01 08:30:16 INFO cache miss
2026-03-01 08:30:20 INFO user login ok
2026-03-01 08:30:22 INFO request handled
2026-03-01 08:30:24 WARN user login ok
2026-03-01 08:30:26 INFO cache hit
2026-03-01 08:30:30 WARN user logout
2026-03-01 08:30:34 INFO config reloaded
2026-03-01 08:30:36 INFO user login ok
2026-03-01 08:30:37 WARN background job finished
2026-03-01 08:30:38 ERROR user login ok
2026-03-01 08:30:42 WARN cache miss
2026-03-01 08:30:45 INFO user logout
2026-03-01 08:30:46 INFO request handled
2026-03-01 08:30:49 WARN slow query detected
2026-03-01 08:30:51 INFO user logout
2026-03-01 08:30:55 INFO user logout
2026-03-01 08:30:57 INFO user login ok
2026-03-01 08:30:59 INFO cache miss
2026-03-01 08:31:01 INFO disk usage high
2026-03-01 08:31:05 INFO user login ok
2026-03-01 08:31:08 INFO request handled
2026-03-01 08:31:12 INFO user logout
2026-03-01 08:31:16 INFO disk usage high
2026-03-01 08:31:20 INFO disk usage high
2026-03-01 08:31:24 INFO user logout
2026-03-01 08:31:27 INFO invalid token
2026-03-01 08:31:30 INFO disk usage high
2026-03-01 08:31:32 INFO cache miss
2026-03-01 08:31:35 INFO database timeout
2026-03-01 08:31:36 INFO background job finished
2026-03-01 08:31:38 INFO user logout
2026-03-01 08:31:42 WARN disk usage high
2026-03-01 08:31:43 WARN cache miss
2026-03-01 08:31:46 ERROR config reloaded
2026-03-01 08:31:50 INFO user login ok
2026-03-01 08:31:53 INFO cache miss
2026-03-01 08:31:56 WARN cache miss
2026-03-01 08:31:57 INFO request handled
2026-03-01 08:32:00 INFO request handled
2026-03-01 08:32:03 INFO slow query detected
2026-03-01 08:32:07 INFO database timeout
2026-03-01 08:32:08 INFO invalid token
2026-03-01 08:32:10 INFO user logout
2026-03-01 08:32:14 WARN user logout
2026-03-01 08:32:17 WARN cache hit
2026-03-01 08:32:18 INFO user login ok
2026-03-01 08:32:21 WARN connection reset by peer
2026-03-01 08:32:22 INFO cache hit
2026-03-01 08:32:25 INFO request handled
2026-03-01 08:32:28 ERROR user login ok
2026-03-01 08:32:31 INFO user login ok
2026-03-01 08:32:32 INFO connection reset by peer
2026-03-01 08:32:35 INFO database timeout
2026-03-01 08:32:36 INFO user logout
2026-03-01 08:32:38 INFO invalid token
2026-03-01 08:32:41 ERROR user logout
2026-03-01 08:32:44 INFO invalid token
2026-03-01 08:32:45 INFO background job finished
### повреждённая строка ###
2026-03-01 08:32:50 INFO database timeout
2026-03-01 08:32:52 INFO request handled
2026-03-01 08:32:56 INFO user login ok
2026-03-01 08:33:00 WARN invalid token
2026-03-01 08:33:02 INFO slow query detected
2026-03-01 08:33:05 WARN cache miss
2026-03-01 08:33:08 INFO user login ok
2026-03-01 08:33:10 WARN disk usage high
2026-03-01 08:33:12 WARN config reloaded
2026-03-01 08:33:15 INFO cache hit
2026-03-01 08:33:16 ERROR slow query detected
2026-03-01 08:33:20 INFO request handled
2026-03-01 08:33:22 INFO cache hit
2026-03-01 08:33:25 INFO connection reset by peer
2026-03-01 08:33:26 INFO user login ok
2026-03-01 08:33:27 INFO user login ok
2026-03-01 08:33:28 WARN config reloaded
2026-03-01 08:33:29 WARN slow query detected
2026-03-01 08:33:32 INFO connection reset by peer
2026-03-01 08:33:34 INFO cache hit
2026-03-01 08:33:35 ERROR disk usage high
2026-03-01 08:33:39 INFO cache miss
2026-03-01 08:33:43 INFO user logout
2026-03-01 08:33:46 INFO slow query detected
2026-03-01 08:33:48 INFO slow query detected
2026-03-01 08:33:49 INFO request handled
2026-03-01 08:33:53 WARN cache hit
2026-03-01 08:33:55 INFO database timeout
2026-03-01 08:33:56 INFO cache hit
2026-03-01 08:33:59 INFO cache miss
2026-03-01 08:34:00 WARN slow query detected
2026-03-01 08:34:03 INFO user login ok
2026-03-01 08:34:04 INFO slow query detected
2026-03-01 08:34:08 INFO user login ok
2026-03-01 08:34:12 WARN user login ok
2026-03-01 08:34:15 ERROR slow query detected
2026-03-01 08:34:16 WARN disk usage high
2026-03-01 08:34:18 WARN user login ok
2026-03-01 08:34:19 INFO database timeout
2026-03-01 08:34:21 ERROR user login ok
2026-03-01 08:34:25 ERROR user login ok
2026-03-01 08:34:27 INFO request handled
2026-03-01 08:34:30 INFO cache miss
2026-03-01 08:34:32 INFO user logout
2026-03-01 08:34:36 ERROR user logout
2026-03-01 08:34:38 INFO cache miss
2026-03-01 08:34:42 INFO cache hit
2026-03-01 08:34:43 INFO user logout
2026-03-01 08:34:46 INFO slow query detected
2026-03-01 08:34:50 INFO user login ok
2026-03-01 08:34:53 INFO user login ok
2026-03-01 08:34:54 INFO user login ok
2026-03-01 08:34:55 INFO cache hit
2026-03-01 08:34:57 INFO invalid token
2026-03-01 08:35:01 INFO user login ok
2026-03-01 08:35:04 INFO user login ok
2026-03-01 08:35:07 ERROR user login ok
2026-03-01 08:35:08 INFO user login ok
2026-03-01 08:35:10 ERROR user login ok
2026-03-01 08:35:12 WARN cache hit
2026-03-01 08:35:15 INFO user login ok
2026-03-01 08:35:19 INFO background job finished
2026-03-01 08:35:20 INFO connection reset by peer
2026-03-01 08:35:24 WARN invalid token
2026-03-01 08:35:25 INFO connection reset by peer
2026-03-01 08:35:28 INFO request handled
2026-03-01 08:35:29 INFO background job finished
2026-03-01 08:35:32 INFO user login ok
2026-03-01 08:35:34 WARN user login ok
2026-03-01 08:35:38 INFO database timeout
2026-03-01 08:35:42 INFO invalid token
2026-03-01 08:35:43 INFO cache hit
2026-03-01 08:35:47 INFO database timeout
2026-03-01 08:35:48 INFO user login ok
2026-03-01 08:35:50 WARN user logout
2026-03-01 08:35:53 INFO user login ok
2026-03-01 08:35:55 INFO user logout
2026-03-01 08:35:58 ERROR user logout
2026-03-01 08:36:00 INFO disk usage high
2026-03-01 08:36:03 INFO slow query detected
2026-03-01 08:36:04 INFO cache hit
2026-03-01 08:36:06 INFO user login ok
2026-03-01 08:36:10 INFO user login ok
2026-03-01 08:36:14 INFO config reloaded
2026-03-01 08:36:15 INFO background job finished
2026-03-01 08:36:19 INFO cache hit
2026-03-01 08:36:22 WARN user login ok
2026-03-01 08:36:25 ERROR config reloaded
2026-03-01 08:36:26 INFO user login ok
2026-03-01 08:36:30 INFO invalid token
2026-03-01 08:36:34 INFO connection reset by peer
2026-03-01 08:36:38 INFO slow query detected
2026-03-01 08:36:41 INFO cache miss
2026-03-01 08:36:42 WARN request handled
2026-03-01 08:36:46 INFO disk usage high
2026-03-01 08:36:48 INFO user login ok
2026-03-01 08:36:50 INFO user login ok
2026-03-01 08:36:51 INFO user login ok
2026-03-01 08:36:55 INFO cache hit
2026-03-01 08:36:58 INFO user login ok
2026-03-01 08:36:59 INFO slow query detected
2026-03-01 08:37:03 INFO cache hit
2026-03-01 08:37:05 INFO config reloaded
2026-03-01 08:37:09 INFO user logout
2026-03-01 08:37:10 INFO user login ok
2026-03-01 08:37:11 INFO disk usage high
2026-03-01 08:37:12 INFO connection reset by peer
2026-03-01 08:37:14 INFO request handled
2026-03-01 08:37:17 INFO invalid token
2026-03-01 08:37:18 WARN cache miss
2026-03-01 08:37:22 INFO background job finished
2026-03-01 08:37:24 INFO background job finished
2026-03-01 08:37:25 INFO user login ok
2026-03-01 08:37:29 WARN connection reset by peer
2026-03-01 08:37:32 INFO user login ok
2026-03-01 08:37:33 INFO background job finished
2026-03-01 08:37:36 WARN cache miss
2026-03-01 08:37:38 INFO disk usage high
2026-03-01 08:37:41 INFO cache hit
2026-03-01 08:37:43 INFO request handled
2026-03-01 08:37:44 INFO cache miss
2026-03-01 08:37:47 INFO user login ok
2026-03-01 08:37:50 WARN invalid token
2026-03-01 08:37:52 INFO slow query detected
2026-03-01 08:37:55 INFO disk usage high
2026-03-01 08:37:58 INFO user login ok
2026-03-01 08:37:59 INFO slow query detected
2026-03-01 08:38:01 INFO user login ok
2026-03-01 08:38:03 INFO cache hit
### повреждённая строка ###
2026-03-01 08:38:05 INFO request handled
2026-03-01 08:38:06 INFO user login ok
2026-03-01 08:38:08 INFO invalid token
2026-03-01 08:38:11 INFO cache hit
2026-03-01 08:38:15 INFO user login ok
2026-03-01 08:38:18 WARN request handled
2026-03-01 08:38:19 INFO config reloaded
2026-03-01 08:38:21 INFO user logout
2026-03-01 08:38:22 INFO user login ok
2026-03-01 08:38:25 ERROR cache miss
2026-03-01 08:38:28 INFO invalid token
2026-03-01 08:38:32 WARN user login ok
2026-03-01 08:38:36 INFO user login ok
2026-03-01 08:38:40 INFO user logout
2026-03-01 08:38:43 INFO invalid token
2026-03-01 08:38:44 INFO user login ok
2026-03-01 08:38:46 INFO user logout
2026-03-01 08:38:47 WARN user logout
2026-03-01 08:38:50 INFO user login ok
2026-03-01 08:38:54 INFO user logout
2026-03-01 08:38:56 INFO disk usage high
2026-03-01 08:39:00 INFO connection reset by peer
2026-03-01 08:39:02 INFO disk usage high
2026-03-01 08:39:04 INFO database timeout
2026-03-01 08:39:06 INFO disk usage high
2026-03-01 08:39:09 INFO database timeout
2026-03-01 08:39:13 INFO user login ok
2026-03-01 08:39:14 WARN request handled
2026-03-01 08:39:17 INFO connection reset by peer
2026-03-01 08:39:19 INFO cache hit
2026-03-01 08:39:21 INFO user logout
2026-03-01 08:39:23 WARN invalid token
2026-03-01 08:39:27 INFO slow query detected
2026-03-01 08:39:29 INFO user login ok
2026-03-01 08:39:33 INFO request handled
2026-03-01 08:39:34 INFO background job finished
2026-03-01 08:39:36 INFO cache hit
2026-03-01 08:39:38 WARN connection reset by peer
2026-03-01 08:39:42 INFO user login ok
2026-03-01 08:39:43 INFO user login ok
2026-03-01 08:39:45 INFO cache hit
2026-03-01 08:39:47 INFO request handled
2026-03-01 08:39:51 INFO background job finished
2026-03-01 08:39:53 INFO user logout
2026-03-01 08:39:56 INFO user logout
2026-03-01 08:39:58 INFO cache miss
2026-03-01 08:39:59 INFO request handled
2026-03-01 08:40:03 INFO background job finished
2026-03-01 08:40:06 INFO slow query detected
2026-03-01 08:40:09 WARN slow query detected
2026-03-01 08:40:13 INFO invalid token
2026-03-01 08:40:16 INFO user logout
2026-03-01 08:40:18 INFO user logout
2026-03-01 08:40:21 INFO request handled
2026-03-01 08:40:22 ERROR user login ok
2026-03-01 08:40:26 INFO user login ok
2026-03-01 08:40:30 INFO slow query detected
2026-03-01 08:40:32 INFO invalid token
2026-03-01 08:40:36 INFO user login ok
2026-03-01 08:40:38 WARN user login ok
2026-03-01 08:40:42 INFO user login ok
2026-03-01 08:40:46 INFO user logout
2026-03-01 08:40:50 WARN request handled
2026-03-01 08:40:52 INFO slow query detected
2026-03-01 08:40:53 INFO background job finished
2026-03-01 08:40:55 WARN config reloaded
2026-03-01 08:40:57 INFO request handled
2026-03-01 08:41:00 INFO user login ok
2026-03-01 08:41:04 INFO cache hit
2026-03-01 08:41:05 INFO disk usage high
2026-03-01 08:41:06 INFO user login ok
2026-03-01 08:41:07 INFO config reloaded
2026-03-01 08:41:09 INFO cache hit
2026-03-01 08:41:10 INFO database timeout
2026-03-01 08:41:13 INFO config reloaded
2026-03-01 08:41:15 INFO database timeout
2026-03-01 08:41:16 INFO cache miss
2026-03-01 08:41:18 INFO user login ok
2026-03-01 08:41:20 INFO background job finished
2026-03-01 08:41:23 INFO user logout
2026-03-01 08:41:26 INFO user logout
2026-03-01 08:41:27 INFO user login ok
2026-03-01 08:41:31 INFO disk usage high
2026-03-01 08:41:34 INFO user login ok
2026-03-01 08:41:36 INFO database timeout
2026-03-01 08:41:40 INFO slow query detected
2026-03-01 08:41:44 INFO cache hit
2026-03-01 08:41:45 INFO user logout
2026-03-01 08:41:49 INFO invalid token
2026-03-01 08:41:50 INFO cache hit
2026-03-01 08:41:53 INFO connection reset by peer
2026-03-01 08:41:54 INFO user login ok
2026-03-01 08:41:56 INFO config reloaded
2026-03-01 08:41:57 INFO cache hit
2026-03-01 08:41:58 INFO cache hit
2026-03-01 08:42:02 INFO connection reset by peer
2026-03-01 08:42:06 INFO cache hit
2026-03-01 08:42:09 INFO request handled
2026-03-01 08:42:13 INFO user logout
2026-03-01 08:42:16 INFO connection reset by peer
2026-03-01 08:42:20 INFO user login ok
2026-03-01 08:42:21 INFO invalid token
2026-03-01 08:42:24 INFO connection reset by peer
2026-03-01 08:42:25 INFO user logout
2026-03-01 08:42:26 WARN background job finished
2026-03-01 08:42:30 INFO request handled
2026-03-01 08:42:32 WARN user login ok
2026-03-01 08:42:35 INFO cache hit
2026-03-01 08:42:36 INFO cache hit
2026-03-01 08:42:37 INFO request handled
2026-03-01 08:42:39 INFO config reloaded
2026-03-01 08:42:40 INFO disk usage high
2026-03-01 08:42:42 INFO slow query detected
2026-03-01 08:42:45 WARN cache miss
2026-03-01 08:42:46 INFO cache hit
2026-03-01 08:42:50 WARN user logout
2026-03-01 08:42:54 WARN disk usage high
2026-03-01 08:42:58 WARN user login ok
2026-03-01 08:43:01 INFO cache hit
2026-03-01 08:43:05 INFO database timeout
2026-03-01 08:43:07 INFO cache hit
2026-03-01 08:43:11 INFO cache hit
2026-03-01 08:43:14 INFO cache hit
### повреждённая строка ###
2026-03-01 08:43:22 INFO user logout
2026-03-01 08:43:23 INFO connection reset by peer
2026-03-01 08:43:24 INFO connection reset by peer
2026-03-01 08:43:28 WARN user login ok
2026-03-01 08:43:31 INFO user login ok
2026-03-01 08:43:35 WARN background job finished
2026-03-01 08:43:37 INFO user login ok
2026-03-01 08:43:40 WARN cache miss
2026-03-01 08:43:41 INFO user login ok
2026-03-01 08:43:43 INFO invalid token
2026-03-01 08:43:46 WARN connection reset by peer
2026-03-01 08:43:49 INFO cache miss
2026-03-01 08:43:50 INFO cache miss
2026-03-01 08:43:52 INFO user login ok
2026-03-01 08:43:56 INFO user login ok
2026-03-01 08:44:00 INFO request handled
2026-03-01 08:44:02 INFO user login ok
2026-03-01 08:44:04 WARN background job finished
2026-03-01 08:44:07 INFO cache miss
2026-03-01 08:44:10 INFO user login ok
2026-03-01 08:44:11 INFO user logout
2026-03-01 08:44:13 INFO disk usage high
2026-03-01 08:44:17 INFO user logout
2026-03-01 08:44:20 INFO request handled
### повреждённая строка ###
2026-03-01 08:44:24 INFO user logout
2026-03-01 08:44:26 INFO slow query detected
2026-03-01 08:44:28 WARN background job finished
2026-03-01 08:44:32 INFO cache miss
2026-03-01 08:44:34 INFO connection reset by peer
2026-03-01 08:44:36 INFO user logout
2026-03-01 08:44:40 INFO cache hit
2026-03-01 08:44:43 INFO user logout
2026-03-01 08:44:47 ERROR user login ok
2026-03-01 08:44:50 INFO connection reset by peer
2026-03-01 08:44:54 INFO user logout
2026-03-01 08:44:57 ERROR user login ok
2026-03-01 08:45:01 INFO user login ok
2026-03-01 08:45:03 INFO slow query detected
2026-03-01 08:45:04 WARN slow query detected
2026-03-01 08:45:07 INFO cache miss
2026-03-01 08:45:11 INFO invalid token
2026-03-01 08:45:15 INFO disk usage high
2026-03-01 08:45:18 INFO slow query detected
2026-03-01 08:45:21 INFO user login ok
2026-03-01 08:45:22 INFO request handled
2026-03-01 08:45:26 WARN cache miss
2026-03-01 08:45:30 WARN config reloaded
2026-03-01 08:45:31 INFO slow query detected
2026-03-01 08:45:34 INFO config reloaded
2026-03-01 08:45:35 ERROR connection reset by peer
2026-03-01 08:45:36 INFO user login ok
2026-03-01 08:45:39 WARN database timeout
2026-03-01 08:45:40 INFO user login ok
2026-03-01 08:45:42 WARN user login ok
2026-03-01 08:45:43 INFO disk usage high
2026-03-01 08:45:46 INFO invalid token
2026-03-01 08:45:50 INFO user login ok
2026-03-01 08:45:51 INFO background job finished
2026-03-01 08:45:54 INFO user login ok
2026-03-01 08:45:57 WARN user login ok
2026-03-01 08:45:58 WARN cache hit
2026-03-01 08:45:59 INFO cache miss
2026-03-01 08:46:02 INFO user login ok
2026-03-01 08:46:05 ERROR cache miss
2026-03-01 08:46:09 WARN slow query detected
2026-03-01 08:46:10 INFO user login ok
2026-03-01 08:46:14 INFO user login ok
2026-03-01 08:46:18 WARN invalid token
2026-03-01 08:46:19 INFO request handled
2026-03-01 08:46:20 INFO config reloaded
2026-03-01 08:46:23 INFO slow query detected
2026-03-01 08:46:27 INFO user logout
2026-03-01 08:46:30 INFO config reloaded
2026-03-01 08:46:34 INFO invalid token
2026-03-01 08:46:37 INFO user logout
2026-03-01 08:46:39 INFO request handled
2026-03-01 08:46:42 INFO user login ok
2026-03-01 08:46:45 ERROR disk usage high
2026-03-01 08:46:49 INFO user login ok
2026-03-01 08:46:51 ERROR config reloaded
2026-03-01 08:46:52 INFO background job finished
2026-03-01 08:46:56 INFO user logout
2026-03-01 08:46:59 INFO user logout
2026-03-01 08:47:03 INFO user login ok
2026-03-01 08:47:05 INFO cache miss
2026-03-01 08:47:06 INFO user login ok
2026-03-01 08:47:09 INFO user logout
2026-03-01 08:47:11 INFO disk usage high
2026-03-01 08:47:13 WARN config reloaded
2026-03-01 08:47:16 INFO cache hit
2026-03-01 08:47:19 ERROR config reloaded
2026-03-01 08:47:20 WARN user logout
2026-03-01 08:47:24 WARN cache hit
2026-03-01 08:47:27 INFO disk usage high
2026-03-01 08:47:28 INFO slow query detected
2026-03-01 08:47:32 INFO cache hit
2026-03-01 08:47:33 INFO background job finished
2026-03-01 08:47:36 WARN user login ok
2026-03-01 08:47:37 INFO user login ok
2026-03-01 08:47:41 INFO user logout
2026-03-01 08:47:45 INFO cache miss
2026-03-01 08:47:49 INFO connection reset by peer
2026-03-01 08:47:51 ERROR cache miss
2026-03-01 08:47:52 INFO user logout
2026-03-01 08:47:56 INFO user logout
2026-03-01 08:47:57 INFO user login ok
2026-03-01 08:47:59 INFO invalid token
2026-03-01 08:48:01 INFO slow query detected
2026-03-01 08:48:04 INFO disk usage high
2026-03-01 08:48:06 INFO user login ok
2026-03-01 08:48:07 INFO user login ok
### повреждённая строка ###
2026-03-01 08:48:10 INFO background job finished
2026-03-01 08:48:11 INFO user login ok
2026-03-01 08:48:13 INFO cache hit
2026-03-01 08:48:16 INFO user login ok
2026-03-01 08:48:20 INFO slow query detected
2026-03-01 08:48:24 WARN config reloaded
2026-03-01 08:48:25 INFO user login ok
2026-03-01 08:48:27 INFO user login ok
2026-03-01 08:48:28 INFO disk usage high
2026-03-01 08:48:32 INFO cache hit
2026-03-01 08:48:36 INFO invalid token
2026-03-01 08:48:37 INFO user login ok
2026-03-01 08:48:38 INFO user logout
2026-03-01 08:48:40 INFO cache hit
### повреждённая строка ###
2026-03-01 08:48:45 INFO cache hit
2026-03-01 08:48:47 INFO disk usage high
2026-03-01 08:48:51 INFO user login ok
2026-03-01 08:48:53 INFO cache miss
2026-03-01 08:48:57 WARN user logout
2026-03-01 08:49:00 INFO user login ok
2026-03-01 08:49:02 INFO user login ok
2026-03-01 08:49:03 INFO database timeout
2026-03-01 08:49:07 ERROR user logout
2026-03-01 08:49:09 INFO connection reset by peer
2026-03-01 08:49:10 WARN config reloaded
2026-03-01 08:49:12 INFO user logout
2026-03-01 08:49:15 WARN background job finished
2026-03-01 08:49:16 INFO user login ok
2026-03-01 08:49:19 WARN user login ok
2026-03-01 08:49:21 INFO user logout
2026-03-01 08:49:25 INFO user logout
2026-03-01 08:49:27 INFO user logout
2026-03-01 08:49:28 INFO connection reset by peer
2026-03-01 08:49:31 INFO cache hit
2026-03-01 08:49:32 INFO cache hit
2026-03-01 08:49:35 INFO config reloaded
2026-03-01 08:49:37 INFO user logout
2026-03-01 08:49:39 WARN user logout
2026-03-01 08:49:43 INFO database timeout
2026-03-01 08:49:47 INFO user login ok
2026-03-01 08:49:48 INFO user login ok
2026-03-01 08:49:50 INFO disk usage high
2026-03-01 08:49:51 INFO background job finished
2026-03-01 08:49:53 INFO cache hit
2026-03-01 08:49:55 INFO cache hit
2026-03-01 08:49:58 INFO connection reset by peer
2026-03-01 08:50:02 INFO config reloaded
2026-03-01 08:50:04 INFO cache miss
2026-03-01 08:50:05 INFO connection reset by peer
2026-03-01 08:50:06 INFO user login ok
2026-03-01 08:50:08 INFO disk usage high
2026-03-01 08:50:11 INFO background job finished
2026-03-01 08:50:12 WARN cache hit
2026-03-01 08:50:14 WARN cache miss
2026-03-01 08:50:15 WARN slow query detected
2026-03-01 08:50:18 WARN disk usage high
2026-03-01 08:50:21 INFO slow query detected
2026-03-01 08:50:23 INFO user login ok
2026-03-01 08:50:26 INFO cache miss
2026-03-01 08:50:28 INFO cache hit
2026-03-01 08:50:30 INFO user logout
2026-03-01 08:50:32 INFO user logout
2026-03-01 08:50:34 WARN cache miss
2026-03-01 08:50:36 INFO user logout
2026-03-01 08:50:37 ERROR disk usage high
2026-03-01 08:50:39 INFO slow query detected
2026-03-01 08:50:41 INFO cache hit
2026-03-01 08:50:42 INFO connection reset by peer
2026-03-01 08:50:43 INFO connection reset by peer
2026-03-01 08:50:46 WARN user logout
2026-03-01 08:50:48 INFO user login ok
2026-03-01 08:50:51 INFO cache hit
2026-03-01 08:50:55 INFO user login ok
2026-03-01 08:50:57 INFO user logout
2026-03-01 08:51:00 INFO user login ok
2026-03-01 08:51:02 INFO cache hit
2026-03-01 08:51:06 INFO cache miss
2026-03-01 08:51:10 ERROR user login ok
2026-03-01 08:51:14 INFO user login ok
2026-03-01 08:51:16 INFO user login ok
2026-03-01 08:51:17 INFO user login ok
2026-03-01 08:51:20 INFO user login ok
2026-03-01 08:51:22 INFO user logout
2026-03-01 08:51:23 INFO user login ok
2026-03-01 08:51:27 INFO cache hit
2026-03-01 08:51:31 INFO cache miss
2026-03-01 08:51:33 INFO cache miss
2026-03-01 08:51:34 WARN user login ok
2026-03-01 08:51:35 INFO cache hit
2026-03-01 08:51:37 INFO slow query detected
2026-03-01 08:51:39 INFO disk usage high
2026-03-01 08:51:41 INFO config reloaded
2026-03-01 08:51:43 INFO cache hit
2026-03-01 08:51:45 WARN config reloaded
2026-03-01 08:51:48 INFO user login ok
2026-03-01 08:51:52 INFO request handled
2026-03-01 08:51:53 INFO config reloaded
2026-03-01 08:51:56 INFO user login ok
2026-03-01 08:51:59 INFO disk usage high
2026-03-01 08:52:01 INFO connection reset by peer
2026-03-01 08:52:03 INFO cache hit
2026-03-01 08:52:05 INFO database timeout
2026-03-01 08:52:07 INFO user logout
2026-03-01 08:52:08 INFO cache miss
2026-03-01 08:52:10 ERROR user login ok
2026-03-01 08:52:13 INFO disk usage high
2026-03-01 08:52:16 INFO user login ok
2026-03-01 08:52:18 INFO cache hit
2026-03-01 08:52:21 WARN cache miss
2026-03-01 08:52:25 ERROR database timeout
2026-03-01 08:52:27 INFO cache hit
2026-03-01 08:52:31 INFO user logout
2026-03-01 08:52:34 INFO disk usage high
2026-03-01 08:52:36 ERROR request handled
2026-03-01 08:52:37 INFO user logout
2026-03-01 08:52:38 INFO disk usage high
2026-03-01 08:52:41 WARN request handled
2026-03-01 08:52:44 WARN background job finished
2026-03-01 08:52:48 WARN user logout
2026-03-01 08:52:50 INFO cache miss
2026-03-01 08:52:52 INFO database timeout
2026-03-01 08:52:56 INFO connection reset by peer
2026-03-01 08:52:59 INFO slow query detected
2026-03-01 08:53:03 INFO request handled
2026-03-01 08:53:06 INFO user login ok
2026-03-01 08:53:08 INFO connection reset by peer
2026-03-01 08:53:09 INFO user login ok
2026-03-01 08:53:10 INFO slow query detected
2026-03-01 08:53:11 INFO disk usage high
2026-03-01 08:53:15 WARN cache hit
2026-03-01 08:53:18 WARN user login ok
2026-03-01 08:53:22 INFO cache hit
2026-03-01 08:53:26 WARN user login ok
2026-03-01 08:53:30 WARN database timeout
2026-03-01 08:53:32 INFO cache miss
2026-03-01 08:53:35 INFO request handled
2026-03-01 08:53:37 WARN connection reset by peer
2026-03-01 08:53:40 INFO user login ok
2026-03-01 08:53:41 INFO user logout
2026-03-01 08:53:44 WARN user login ok
2026-03-01 08:53:46 INFO disk usage high
2026-03-01 08:53:50 INFO background job finished
2026-03-01 08:53:53 INFO slow query detected
2026-03-01 08:53:55 INFO user login ok
2026-03-01 08:53:58 INFO slow query detected
2026-03-01 08:54:00 INFO user logout
2026-03-01 08:54:03 WARN disk usage high
2026-03-01 08:54:05 INFO connection reset by peer
2026-03-01 08:54:06 INFO user login ok
2026-03-01 08:54:10 INFO user logout
2026-03-01 08:54:14 INFO slow query detected
2026-03-01 08:54:18 INFO config reloaded
2026-03-01 08:54:20 WARN database timeout
2026-03-01 08:54:21 WARN user login ok
2026-03-01 08:54:23 INFO invalid token
2026-03-01 08:54:26 WARN user logout
2026-03-01 08:54:27 INFO background job finished
2026-03-01 08:54:29 INFO request handled
2026-03-01 08:54:32 INFO connection reset by peer
2026-03-01 08:54:33 INFO background job finished
2026-03-01 08:54:36 INFO user login ok
2026-03-01 08:54:38 INFO user logout
2026-03-01 08:54:42 WARN user logout
2026-03-01 08:54:43 WARN connection reset by peer
2026-03-01 08:54:45 INFO config reloaded
2026-03-01 08:54:49 INFO user login ok
2026-03-01 08:54:51 WARN user logout
2026-03-01 08:54:53 WARN cache hit
2026-03-01 08:54:57 ERROR request handled
2026-03-01 08:55:00 INFO user login ok
2026-03-01 08:55:01 INFO background job finished
2026-03-01 08:55:03 INFO user login ok
2026-03-01 08:55:04 INFO user login ok
2026-03-01 08:55:06 INFO user login ok
2026-03-01 08:55:07 INFO slow query detected
2026-03-01 08:55:11 INFO connection reset by peer
2026-03-01 08:55:13 WARN user login ok
### повреждённая строка ###
2026-03-01 08:55:18 INFO cache miss
2026-03-01 08:55:22 INFO disk usage high
2026-03-01 08:55:26 INFO connection reset by peer
2026-03-01 08:55:29 INFO user logout
2026-03-01 08:55:32 INFO user login ok
2026-03-01 08:55:35 INFO cache hit
2026-03-01 08:55:36 INFO user login ok
2026-03-01 08:55:38 INFO request handled
2026-03-01 08:55:42 WARN user logout
2026-03-01 08:55:43 INFO request handled
2026-03-01 08:55:47 WARN user login ok
2026-03-01 08:55:50 INFO cache miss
2026-03-01 08:55:51 WARN cache hit
2026-03-01 08:55:55 INFO user login ok
2026-03-01 08:55:57 INFO cache hit
2026-03-01 08:55:58 WARN request handled
2026-03-01 08:55:59 INFO request handled
2026-03-01 08:56:02 INFO user logout
2026-03-01 08:56:04 WARN cache hit
2026-03-01 08:56:06 INFO user login ok
2026-03-01 08:56:09 INFO cache hit
2026-03-01 08:56:13 INFO user login ok
2026-03-01 08:56:16 INFO user logout
2026-03-01 08:56:18 ERROR database timeout
2026-03-01 08:56:21 INFO background job finished
2026-03-01 08:56:22 INFO request handled
2026-03-01 08:56:26 INFO background job finished
2026-03-01 08:56:27 INFO slow query detected
2026-03-01 08:56:30 INFO cache miss
2026-03-01 08:56:31 INFO user logout
2026-03-01 08:56:35 WARN user login ok
2026-03-01 08:56:36 INFO connection reset by peer
2026-03-01 08:56:39 WARN request handled
2026-03-01 08:56:43 INFO request handled
2026-03-01 08:56:47 INFO request handled
### повреждённая строка ###
2026-03-01 08:56:51 INFO user login ok
2026-03-01 08:56:52 WARN user login ok
2026-03-01 08:56:55 INFO cache hit
2026-03-01 08:56:58 INFO user logout
2026-03-01 08:57:02 INFO user login ok
2026-03-01 08:57:03 INFO connection reset by peer
2026-03-01 08:57:04 INFO user logout
2026-03-01 08:57:05 INFO cache hit
2026-03-01 08:57:08 WARN user login ok
2026-03-01 08:57:09 INFO user login ok
2026-03-01 08:57:10 INFO invalid token
2026-03-01 08:57:12 INFO invalid token
2026-03-01 08:57:15 INFO cache miss
2026-03-01 08:57:19 INFO user login ok
2026-03-01 08:57:20 INFO disk usage high
2026-03-01 08:57:21 WARN user logout
2026-03-01 08:57:23 WARN cache miss
2026-03-01 08:57:25 INFO cache hit
2026-03-01 08:57:27 INFO user login ok
2026-03-01 08:57:31 INFO cache hit
2026-03-01 08:57:34 WARN slow query detected
2026-03-01 08:57:38 INFO user login ok
2026-03-01 08:57:40 INFO cache miss
2026-03-01 08:57:42 INFO user logout
2026-03-01 08:57:45 INFO slow query detected
2026-03-01 08:57:46 WARN background job finished
2026-03-01 08:57:50 INFO cache hit
2026-03-01 08:57:52 WARN user logout
2026-03-01 08:57:56 INFO cache hit
2026-03-01 08:58:00 INFO cache miss
2026-03-01 08:58:03 INFO invalid token
2026-03-01 08:58:05 INFO user login ok
2026-03-01 08:58:09 INFO user login ok
2026-03-01 08:58:12 INFO user login ok
2026-03-01 08:58:14 INFO disk usage high
2026-03-01 08:58:16 INFO config reloaded
2026-03-01 08:58:17 INFO request handled
2026-03-01 08:58:21 INFO user login ok
2026-03-01 08:58:22 INFO database timeout
2026-03-01 08:58:26 WARN request handled
2026-03-01 08:58:30 INFO user login ok
2026-03-01 08:58:34 WARN cache miss
2026-03-01 08:58:35 INFO slow query detected
2026-03-01 08:58:36 INFO slow query detected
2026-03-01 08:58:39 INFO user login ok
2026-03-01 08:58:40 INFO invalid token
2026-03-01 08:58:43 INFO cache hit
2026-03-01 08:58:47 INFO user login ok
2026-03-01 08:58:48 INFO user login ok
2026-03-01 08:58:49 INFO user login ok
2026-03-01 08:58:50 INFO config reloaded
2026-03-01 08:58:54 INFO user login ok
2026-03-01 08:58:55 WARN user login ok
2026-03-01 08:58:59 INFO config reloaded
2026-03-01 08:59:00 INFO request handled
2026-03-01 08:59:03 WARN user login ok
2026-03-01 08:59:05 INFO cache hit
2026-03-01 08:59:08 INFO background job finished
2026-03-01 08:59:12 INFO cache hit
2026-03-01 08:59:14 INFO cache hit
2026-03-01 08:59:16 INFO user login ok
2026-03-01 08:59:20 INFO cache miss
2026-03-01 08:59:24 INFO user logout
2026-03-01 08:59:28 WARN connection reset by peer
2026-03-01 08:59:30 INFO database timeout
2026-03-01 08:59:33 INFO user login ok
2026-03-01 08:59:34 INFO database timeout
2026-03-01 08:59:35 INFO disk usage high
2026-03-01 08:59:36 WARN user login ok
2026-03-01 08:59:38 INFO user logout
2026-03-01 08:59:40 INFO user login ok
2026-03-01 08:59:44 INFO request handled
2026-03-01 08:59:45 INFO user login ok
2026-03-01 08:59:48 INFO user login ok
2026-03-01 08:59:49 INFO background job finished
2026-03-01 08:59:50 INFO user login ok
2026-03-01 08:59:51 INFO cache hit
2026-03-01 08:59:55 INFO cache miss
2026-03-01 08:59:59 WARN connection reset by peer
2026-03-01 09:00:01 INFO slow query detected
2026-03-01 09:00:03 WARN user login ok
2026-03-01 09:00:06 INFO slow query detected
2026-03-01 09:00:09 INFO cache hit
2026-03-01 09:00:13 INFO cache hit
2026-03-01 09:00:15 INFO user login ok
2026-03-01 09:00:16 INFO user logout
2026-03-01 09:00:17 INFO slow query detected
2026-03-01 09:00:21 INFO request handled
2026-03-01 09:00:23 INFO user login ok
2026-03-01 09:00:26 INFO connection reset by peer
2026-03-01 09:00:29 INFO user logout
2026-03-01 09:00:33 WARN disk usage high
2026-03-01 09:00:37 INFO cache miss
2026-03-01 09:00:40 INFO user login ok
2026-03-01 09:00:41 INFO cache hit
2026-03-01 09:00:43 WARN database timeout
2026-03-01 09:00:47 INFO cache miss
2026-03-01 09:00:49 INFO cache hit
2026-03-01 09:00:50 INFO user login ok
2026-03-01 09:00:52 INFO user logout
2026-03-01 09:00:54 INFO user login ok
2026-03-01 09:00:58 WARN cache hit
2026-03-01 09:01:02 INFO disk usage high
2026-03-01 09:01:03 INFO disk usage high
2026-03-01 09:01:05 INFO user login ok
2026-03-01 09:01:09 INFO disk usage high
2026-03-01 09:01:13 INFO cache hit
2026-03-01 09:01:15 INFO user logout
2026-03-01 09:01:17 INFO cache hit
2026-03-01 09:01:20 INFO user login ok
2026-03-01 09:01:22 INFO cache hit
2026-03-01 09:01:24 INFO user login ok
2026-03-01 09:01:26 INFO user logout
2026-03-01 09:01:30 WARN user login ok
2026-03-01 09:01:31 ERROR request handled
2026-03-01 09:01:35 INFO user logout
2026-03-01 09:01:37 INFO connection reset by peer
2026-03-01 09:01:40 INFO cache miss
2026-03-01 09:01:41 INFO request handled
2026-03-01 09:01:45 INFO connection reset by peer
2026-03-01 09:01:46 INFO user login ok
2026-03-01 09:01:49 INFO user logout
2026-03-01 09:01:53 INFO invalid token
2026-03-01 09:01:54 INFO invalid token
2026-03-01 09:01:58 INFO cache hit
2026-03-01 09:02:02 WARN background job finished
2026-03-01 09:02:03 INFO database timeout
2026-03-01 09:02:07 INFO slow query detected
2026-03-01 09:02:08 INFO slow query detected
2026-03-01 09:02:09 INFO user login ok
2026-03-01 09:02:11 INFO slow query detected
2026-03-01 09:02:15 INFO user login ok
2026-03-01 09:02:18 WARN database timeout
2026-03-01 09:02:22 WARN user login ok
2026-03-01 09:02:23 INFO user logout
2026-03-01 09:02:25 WARN invalid token
2026-03-01 09:02:29 INFO disk usage high
2026-03-01 09:02:32 INFO cache miss
2026-03-01 09:02:34 INFO invalid token
2026-03-01 09:02:36 INFO user login ok
2026-03-01 09:02:37 INFO database timeout
2026-03-01 09:02:39 INFO connection reset by peer
2026-03-01 09:02:40 INFO cache miss
2026-03-01 09:02:44 INFO connection reset by peer
2026-03-01 09:02:47 INFO user login ok
2026-03-01 09:02:51 INFO user logout
2026-03-01 09:02:55 INFO user login ok
2026-03-01 09:02:58 INFO request handled
2026-03-01 09:02:59 INFO cache miss
2026-03-01 09:03:03 INFO slow query detected
2026-03-01 09:03:05 INFO user logout
2026-03-01 09:03:06 INFO user login ok
2026-03-01 09:03:10 INFO user login ok
2026-03-01 09:03:11 INFO cache miss
2026-03-01 09:03:15 WARN connection reset by peer
2026-03-01 09:03:18 INFO slow query detected
2026-03-01 09:03:22 INFO user login ok
2026-03-01 09:03:23 WARN request handled
2026-03-01 09:03:27 ERROR disk usage high
2026-03-01 09:03:29 INFO cache miss
2026-03-01 09:03:30 INFO config reloaded
2026-03-01 09:03:33 INFO user logout
2026-03-01 09:03:37 WARN user login ok
2026-03-01 09:03:38 WARN request handled
2026-03-01 09:03:41 INFO config reloaded
2026-03-01 09:03:42 INFO background job finished
2026-03-01 09:03:44 WARN user login ok
2026-03-01 09:03:47 WARN request handled
2026-03-01 09:03:48 INFO config reloaded
2026-03-01 09:03:52 INFO user logout
2026-03-01 09:03:53 INFO connection reset by peer
2026-03-01 09:03:54 INFO config reloaded
2026-03-01 09:03:57 INFO user login ok
2026-03-01 09:04:01 INFO user login ok
2026-03-01 09:04:05 INFO connection reset by peer
2026-03-01 09:04:06 INFO user logout
2026-03-01 09:04:08 INFO slow query detected
### повреждённая строка ###
2026-03-01 09:04:15 INFO request handled
2026-03-01 09:04:18 INFO slow query detected
2026-03-01 09:04:22 ERROR user login ok
2026-03-01 09:04:26 INFO user login ok
2026-03-01 09:04:28 INFO background job finished
2026-03-01 09:04:29 INFO database timeout
2026-03-01 09:04:31 INFO user login ok
2026-03-01 09:04:35 INFO config reloaded
2026-03-01 09:04:38 INFO user login ok
2026-03-01 09:04:41 INFO slow query detected
2026-03-01 09:04:42 INFO connection reset by peer
2026-03-01 09:04:43 INFO connection reset by peer
2026-03-01 09:04:44 INFO user login ok
2026-03-01 09:04:47 ERROR cache hit
2026-03-01 09:04:48 INFO background job finished
2026-03-01 09:04:51 INFO slow query detected
2026-03-01 09:04:52 INFO invalid token
2026-03-01 09:04:55 INFO invalid token
2026-03-01 09:04:56 INFO cache hit
2026-03-01 09:04:59 INFO user login ok
2026-03-01 09:05:01 INFO database timeout
2026-03-01 09:05:04 INFO invalid token
2026-03-01 09:05:08 INFO user login ok
2026-03-01 09:05:09 WARN cache hit
2026-03-01 09:05:13 WARN user login ok
2026-03-01 09:05:17 WARN user logout
2026-03-01 09:05:20 INFO slow query detected
2026-03-01 09:05:23 INFO disk usage high
2026-03-01 09:05:27 INFO user login ok
2026-03-01 09:05:29 INFO user logout
2026-03-01 09:05:30 INFO cache miss
2026-03-01 09:05:34 INFO user logout
2026-03-01 09:05:37 INFO user login ok
2026-03-01 09:05:38 WARN user logout
2026-03-01 09:05:42 INFO user logout
2026-03-01 09:05:45 INFO user login ok
2026-03-01 09:05:48 INFO user logout
2026-03-01 09:05:50 INFO background job finished
2026-03-01 09:05:54 INFO cache miss
2026-03-01 09:05:56 WARN user login ok
2026-03-01 09:05:58 WARN user login ok
2026-03-01 09:05:59 WARN connection reset by peer
2026-03-01 09:06:01 INFO background job finished
2026-03-01 09:06:05 INFO disk usage high
2026-03-01 09:06:08 INFO user login ok
2026-03-01 09:06:09 WARN cache miss
### повреждённая строка ###
2026-03-01 09:06:15 INFO user login ok
2026-03-01 09:06:19 INFO request handled
2026-03-01 09:06:23 INFO slow query detected
2026-03-01 09:06:24 INFO background job finished
2026-03-01 09:06:27 INFO cache hit
2026-03-01 09:06:31 INFO invalid token
2026-03-01 09:06:35 WARN cache hit
2026-03-01 09:06:38 WARN cache miss
2026-03-01 09:06:42 INFO connection reset by peer
2026-03-01 09:06:44 INFO connection reset by peer
2026-03-01 09:06:48 INFO connection reset by peer
2026-03-01 09:06:51 INFO cache hit
2026-03-01 09:06:55 INFO user login ok
2026-03-01 09:06:57 INFO connection reset by peer
2026-03-01 09:07:01 WARN user logout
2026-03-01 09:07:02 WARN request handled
2026-03-01 09:07:03 INFO connection reset by peer
2026-03-01 09:07:06 INFO request handled
2026-03-01 09:07:07 WARN request handled
2026-03-01 09:07:08 INFO slow query detected
2026-03-01 09:07:12 INFO background job finished
2026-03-01 09:07:13 INFO invalid token
2026-03-01 09:07:15 INFO user login ok
2026-03-01 09:07:19 INFO user login ok
2026-03-01 09:07:20 WARN invalid token
2026-03-01 09:07:21 ERROR request handled
2026-03-01 09:07:24 WARN user logout
2026-03-01 09:07:25 WARN user logout
2026-03-01 09:07:27 INFO user logout
2026-03-01 09:07:31 INFO user login ok
2026-03-01 09:07:34 INFO user login ok
2026-03-01 09:07:36 INFO cache hit
2026-03-01 09:07:39 INFO user login ok
2026-03-01 09:07:43 WARN user login ok
2026-03-01 09:07:47 INFO connection reset by peer
2026-03-01 09:07:51 INFO cache miss
2026-03-01 09:07:55 INFO invalid token
2026-03-01 09:07:56 ERROR user login ok
2026-03-01 09:07:58 INFO user login ok
2026-03-01 09:07:59 INFO cache miss
2026-03-01 09:08:01 INFO user login ok
2026-03-01 09:08:03 WARN cache hit
2026-03-01 09:08:04 INFO database timeout
2026-03-01 09:08:07 INFO user login ok
2026-03-01 09:08:11 INFO user login ok
2026-03-01 09:08:14 INFO user logout
2026-03-01 09:08:15 WARN request handled
2026-03-01 09:08:19 INFO slow query detected
2026-03-01 09:08:22 INFO request handled
2026-03-01 09:08:24 INFO slow query detected
2026-03-01 09:08:26 INFO user login ok
2026-03-01 09:08:30 INFO cache miss
2026-03-01 09:08:31 WARN slow query detected
2026-03-01 09:08:33 WARN user login ok
2026-03-01 09:08:36 INFO background job finished
2026-03-01 09:08:39 INFO disk usage high
2026-03-01 09:08:43 INFO user login ok
2026-03-01 09:08:45 INFO user login ok
2026-03-01 09:08:47 ERROR disk usage high
2026-03-01 09:08:49 INFO connection reset by peer
2026-03-01 09:08:53 INFO user login ok
2026-03-01 09:08:56 INFO background job finished
2026-03-01 09:08:58 INFO user login ok
2026-03-01 09:08:59 INFO invalid token
2026-03-01 09:09:00 INFO user login ok
2026-03-01 09:09:02 INFO user login ok
2026-03-01 09:09:03 WARN user login ok
2026-03-01 09:09:04 INFO cache hit
2026-03-01 09:09:07 INFO cache hit
2026-03-01 09:09:08 INFO user login ok
2026-03-01 09:09:11 INFO user login ok
2026-03-01 09:09:15 INFO user login ok
2026-03-01 09:09:16 WARN user login ok
2026-03-01 09:09:18 INFO cache miss
2026-03-01 09:09:22 INFO disk usage high
2026-03-01 09:09:23 INFO database timeout
2026-03-01 09:09:27 ERROR connection reset by peer
2026-03-01 09:09:29 INFO user login ok
2026-03-01 09:09:33 INFO cache hit
2026-03-01 09:09:35 INFO background job finished
2026-03-01 09:09:36 INFO request handled
2026-03-01 09:09:39 INFO user logout
2026-03-01 09:09:40 INFO user login ok
2026-03-01 09:09:41 ERROR connection reset by peer
2026-03-01 09:09:44 INFO user logout
2026-03-01 09:09:45 INFO cache miss
2026-03-01 09:09:48 INFO config reloaded
2026-03-01 09:09:49 INFO user login ok
2026-03-01 09:09:53 INFO user login ok
2026-03-01 09:09:56 WARN user logout
2026-03-01 09:09:57 INFO user login ok
2026-03-01 09:10:01 INFO connection reset by peer
2026-03-01 09:10:02 INFO connection reset by peer
2026-03-01 09:10:03 INFO user logout
2026-03-01 09:10:05 WARN user login ok
2026-03-01 09:10:06 INFO slow query detected
2026-03-01 09:10:08 INFO user logout
2026-03-01 09:10:12 INFO cache miss
2026-03-01 09:10:13 ERROR user login ok
2026-03-01 09:10:17 INFO user login ok
2026-03-01 09:10:20 INFO connection reset by peer
2026-03-01 09:10:23 INFO user logout
2026-03-01 09:10:26 INFO user login ok
2026-03-01 09:10:30 WARN database timeout
2026-03-01 09:10:34 INFO background job finished
2026-03-01 09:10:35 WARN user logout
2026-03-01 09:10:39 ERROR cache hit
### повреждённая строка ###
2026-03-01 09:10:42 WARN user login ok
2026-03-01 09:10:44 WARN user logout
2026-03-01 09:10:46 INFO background job finished
2026-03-01 09:10:48 ERROR user login ok
2026-03-01 09:10:52 INFO user login ok
2026-03-01 09:10:56 INFO connection reset by peer
2026-03-01 09:11:00 INFO config reloaded
2026-03-01 09:11:02 INFO user logout
2026-03-01 09:11:03 ERROR database timeout
2026-03-01 09:11:07 INFO user login ok
2026-03-01 09:11:10 INFO user login ok
2026-03-01 09:11:13 INFO user login ok
2026-03-01 09:11:14 WARN cache miss
2026-03-01 09:11:15 ERROR disk usage high
2026-03-01 09:11:19 INFO cache hit
2026-03-01 09:11:22 WARN request handled
2026-03-01 09:11:25 INFO user login ok
2026-03-01 09:11:27 INFO cache hit
2026-03-01 09:11:31 INFO cache miss
2026-03-01 09:11:32 WARN user login ok
2026-03-01 09:11:35 INFO cache hit
2026-03-01 09:11:36 INFO cache hit
2026-03-01 09:11:39 ERROR slow query detected
2026-03-01 09:11:43 INFO user login ok
2026-03-01 09:11:44 INFO background job finished
2026-03-01 09:11:48 INFO cache hit
2026-03-01 09:11:50 WARN request handled
2026-03-01 09:11:51 INFO cache miss
2026-03-01 09:11:52 INFO slow query detected
2026-03-01 09:11:53 INFO invalid token
2026-03-01 09:11:57 INFO user login ok
2026-03-01 09:11:59 INFO user logout
2026-03-01 09:12:01 INFO user login ok
2026-03-01 09:12:04 INFO disk usage high
2026-03-01 09:12:07 WARN user logout
2026-03-01 09:12:11 INFO user login ok
2026-03-01 09:12:15 INFO cache miss
2026-03-01 09:12:19 INFO slow query detected
2026-03-01 09:12:20 INFO user logout
2026-03-01 09:12:21 WARN slow query detected
2026-03-01 09:12:25 INFO user login ok
2026-03-01 09:12:27 INFO background job finished
### повреждённая строка ###
2026-03-01 09:12:31 INFO user login ok
2026-03-01 09:12:33 INFO user logout
2026-03-01 09:12:36 INFO user login ok
2026-03-01 09:12:40 INFO user login ok
2026-03-01 09:12:42 INFO user login ok
2026-03-01 09:12:46 WARN cache hit
2026-03-01 09:12:50 INFO disk usage high
2026-03-01 09:12:52 WARN request handled
2026-03-01 09:12:55 INFO cache hit
2026-03-01 09:12:58 INFO user login ok
2026-03-01 09:12:59 INFO user login ok
2026-03-01 09:13:00 INFO user login ok
2026-03-01 09:13:04 INFO disk usage high
2026-03-01 09:13:07 INFO user logout
2026-03-01 09:13:09 INFO user login ok
2026-03-01 09:13:11 WARN user login ok
2026-03-01 09:13:14 INFO slow query detected
2026-03-01 09:13:18 INFO cache hit
2026-03-01 09:13:21 INFO config reloaded
2026-03-01 09:13:24 WARN cache miss
2026-03-01 09:13:25 INFO user login ok
2026-03-01 09:13:27 WARN user login ok
2026-03-01 09:13:31 INFO request handled
2026-03-01 09:13:33 WARN user login ok
2026-03-01 09:13:37 INFO cache miss
2026-03-01 09:13:38 INFO background job finished
2026-03-01 09:13:40 INFO user login ok
2026-03-01 09:13:43 INFO user login ok
2026-03-01 09:13:46 INFO user login ok
2026-03-01 09:13:50 INFO cache hit
2026-03-01 09:13:53 INFO slow query detected
2026-03-01 09:13:56 INFO user login ok
2026-03-01 09:13:58 INFO user login ok
2026-03-01 09:13:59 INFO user login ok
2026-03-01 09:14:03 INFO cache miss
2026-03-01 09:14:05 INFO invalid token
2026-03-01 09:14:08 INFO user login ok
2026-03-01 09:14:10 INFO connection reset by peer
2026-03-01 09:14:13 INFO user logout
2026-03-01 09:14:17 INFO cache miss
2026-03-01 09:14:20 INFO user login ok
2026-03-01 09:14:24 INFO user login ok
2026-03-01 09:14:26 INFO user login ok
2026-03-01 09:14:29 INFO request handled
2026-03-01 09:14:33 INFO user login ok
2026-03-01 09:14:36 INFO config reloaded
2026-03-01 09:14:37 INFO slow query detected
2026-03-01 09:14:40 INFO user logout
2026-03-01 09:14:43 INFO disk usage high
2026-03-01 09:14:46 INFO cache hit
2026-03-01 09:14:50 INFO database timeout
2026-03-01 09:14:52 INFO cache hit
2026-03-01 09:14:54 INFO user login ok
2026-03-01 09:14:55 INFO user login ok
2026-03-01 09:14:58 WARN user login ok
2026-03-01 09:15:00 INFO slow query detected
2026-03-01 09:15:04 INFO user login ok
2026-03-01 09:15:06 INFO cache hit
2026-03-01 09:15:10 INFO invalid token
2026-03-01 09:15:14 INFO request handled
2026-03-01 09:15:18 INFO user logout
2026-03-01 09:15:21 INFO cache miss
2026-03-01 09:15:23 INFO invalid token
2026-03-01 09:15:25 WARN slow query detected
2026-03-01 09:15:27 INFO slow query detected
2026-03-01 09:15:28 INFO request handled
2026-03-01 09:15:31 INFO cache miss
2026-03-01 09:15:33 INFO user login ok
2026-03-01 09:15:35 INFO user login ok
2026-03-01 09:15:37 INFO connection reset by peer
2026-03-01 09:15:41 INFO invalid token
2026-03-01 09:15:42 INFO request handled
2026-03-01 09:15:45 INFO cache miss
2026-03-01 09:15:46 INFO connection reset by peer
2026-03-01 09:15:50 INFO cache hit
2026-03-01 09:15:52 INFO invalid token
2026-03-01 09:15:53 INFO request handled
2026-03-01 09:15:55 INFO user logout
2026-03-01 09:15:58 INFO user login ok
2026-03-01 09:15:59 INFO user login ok
2026-03-01 09:16:03 INFO invalid token
2026-03-01 09:16:07 INFO invalid token
2026-03-01 09:16:10 INFO connection reset by peer
2026-03-01 09:16:14 INFO background job finished
2026-03-01 09:16:18 INFO user login ok
2026-03-01 09:16:20 INFO config reloaded
2026-03-01 09:16:21 INFO user login ok
2026-03-01 09:16:24 INFO user login ok
2026-03-01 09:16:26 INFO disk usage high
2026-03-01 09:16:30 INFO cache miss
2026-03-01 09:16:31 INFO user logout
2026-03-01 09:16:33 WARN background job finished
2026-03-01 09:16:34 INFO user logout
2026-03-01 09:16:38 INFO invalid token
2026-03-01 09:16:41 INFO user login ok
2026-03-01 09:16:45 INFO cache hit
2026-03-01 09:16:46 WARN user login ok
2026-03-01 09:16:48 INFO user login ok
2026-03-01 09:16:52 WARN user login ok
### повреждённая строка ###
2026-03-01 09:16:56 INFO user logout
2026-03-01 09:16:59 WARN connection reset by peer
2026-03-01 09:17:02 INFO user login ok
2026-03-01 09:17:06 INFO cache miss
2026-03-01 09:17:10 INFO config reloaded
2026-03-01 09:17:14 WARN user logout
2026-03-01 09:17:15 INFO user login ok
2026-03-01 09:17:17 INFO user login ok
2026-03-01 09:17:19 INFO disk usage high
2026-03-01 09:17:21 INFO user logout
2026-03-01 09:17:22 INFO disk usage high
2026-03-01 09:17:23 INFO user logout
2026-03-01 09:17:27 INFO connection reset by peer
2026-03-01 09:17:28 INFO user login ok
2026-03-01 09:17:30 ERROR cache hit
2026-03-01 09:17:34 INFO user logout
2026-03-01 09:17:38 INFO user login ok
2026-03-01 09:17:40 INFO user login ok
2026-03-01 09:17:44 INFO cache miss
2026-03-01 09:17:48 WARN user logout
2026-03-01 09:17:51 INFO user login ok
2026-03-01 09:17:54 INFO disk usage high
2026-03-01 09:17:56 INFO background job finished
2026-03-01 09:17:57 INFO cache hit
2026-03-01 09:18:00 INFO cache miss
2026-03-01 09:18:02 INFO user login ok
2026-03-01 09:18:06 INFO database timeout
2026-03-01 09:18:08 INFO cache miss
2026-03-01 09:18:09 INFO user login ok
2026-03-01 09:18:10 ERROR cache hit
2026-03-01 09:18:11 INFO connection reset by peer
2026-03-01 09:18:15 INFO database timeout
2026-03-01 09:18:16 INFO database timeout
2026-03-01 09:18:17 INFO user logout
2026-03-01 09:18:19 INFO cache miss
2026-03-01 09:18:23 WARN request handled
2026-03-01 09:18:25 INFO cache miss
2026-03-01 09:18:27 INFO user login ok
2026-03-01 09:18:30 INFO slow query detected
2026-03-01 09:18:32 INFO database timeout
2026-03-01 09:18:34 WARN user login ok
2026-03-01 09:18:36 WARN disk usage high
2026-03-01 09:18:38 WARN background job finished
2026-03-01 09:18:42 INFO user login ok
2026-03-01 09:18:45 INFO connection reset by peer
2026-03-01 09:18:49 INFO background job finished
2026-03-01 09:18:50 INFO user login ok
2026-03-01 09:18:54 ERROR request handled
2026-03-01 09:18:55 ERROR config reloaded
2026-03-01 09:18:58 INFO user logout
2026-03-01 09:19:02 INFO invalid token
2026-03-01 09:19:03 INFO user logout
2026-03-01 09:19:07 INFO cache hit
2026-03-01 09:19:10 WARN user logout
2026-03-01 09:19:14 INFO user login ok
2026-03-01 09:19:16 INFO user login ok
2026-03-01 09:19:18 INFO request handled
2026-03-01 09:19:22 INFO user login ok
2026-03-01 09:19:26 ERROR invalid token
2026-03-01 09:19:30 INFO connection reset by peer
2026-03-01 09:19:33 INFO invalid token
2026-03-01 09:19:37 INFO connection reset by peer
2026-03-01 09:19:41 INFO config reloaded
2026-03-01 09:19:45 WARN cache miss
2026-03-01 09:19:49 INFO user logout
2026-03-01 09:19:50 INFO connection reset by peer
2026-03-01 09:19:53 WARN cache hit
2026-03-01 09:19:54 INFO database timeout
2026-03-01 09:19:58 INFO config reloaded
2026-03-01 09:20:02 INFO user logout
2026-03-01 09:20:06 INFO background job finished
2026-03-01 09:20:08 INFO slow query detected
2026-03-01 09:20:12 WARN cache miss
2026-03-01 09:20:14 INFO cache miss
2026-03-01 09:20:16 INFO config reloaded
2026-03-01 09:20:18 INFO user logout
2026-03-01 09:20:20 INFO database timeout
2026-03-01 09:20:23 INFO disk usage high
2026-03-01 09:20:27 INFO slow query detected
2026-03-01 09:20:31 INFO slow query detected
2026-03-01 09:20:35 WARN user login ok
2026-03-01 09:20:38 INFO user login ok
2026-03-01 09:20:42 INFO slow query detected
2026-03-01 09:20:46 WARN user login ok
2026-03-01 09:20:50 INFO invalid token
2026-03-01 09:20:52 INFO user login ok
2026-03-01 09:20:54 INFO background job finished
2026-03-01 09:20:58 WARN user logout
2026-03-01 09:20:59 INFO user login ok
2026-03-01 09:21:00 INFO background job finished
2026-03-01 09:21:02 INFO request handled
2026-03-01 09:21:06 INFO connection reset by peer
2026-03-01 09:21:09 INFO cache hit
2026-03-01 09:21:11 INFO user login ok
2026-03-01 09:21:14 WARN cache miss
2026-03-01 09:21:16 INFO slow query detected
2026-03-01 09:21:18 INFO user logout
2026-03-01 09:21:19 INFO disk usage high
2026-03-01 09:21:22 INFO user login ok
### повреждённая строка ###
2026-03-01 09:21:25 INFO cache miss
2026-03-01 09:21:27 ERROR invalid token
2026-03-01 09:21:28 INFO slow query detected
2026-03-01 09:21:32 INFO user login ok
2026-03-01 09:21:34 INFO user login ok
2026-03-01 09:21:36 INFO user login ok
2026-03-01 09:21:38 ERROR user login ok
2026-03-01 09:21:41 ERROR user login ok
2026-03-01 09:21:45 WARN slow query detected
2026-03-01 09:21:49 WARN cache miss
2026-03-01 09:21:53 INFO background job finished
2026-03-01 09:21:55 INFO slow query detected
2026-03-01 09:21:56 INFO user login ok
2026-03-01 09:22:00 ERROR cache hit
2026-03-01 09:22:04 INFO background job finished
2026-03-01 09:22:07 WARN request handled
2026-03-01 09:22:09 INFO user login ok
2026-03-01 09:22:12 INFO database timeout
2026-03-01 09:22:13 WARN config reloaded
2026-03-01 09:22:17 INFO database timeout
2026-03-01 09:22:18 WARN config reloaded
2026-03-01 09:22:22 INFO background job finished
2026-03-01 09:22:26 INFO user login ok
2026-03-01 09:22:29 INFO request handled
2026-03-01 09:22:30 INFO disk usage high
2026-03-01 09:22:31 INFO cache hit
2026-03-01 09:22:33 INFO invalid token
2026-03-01 09:22:36 INFO user logout
2026-03-01 09:22:40 INFO cache miss
2026-03-01 09:22:41 WARN slow query detected
2026-03-01 09:22:43 INFO request handled
2026-03-01 09:22:47 INFO user logout
2026-03-01 09:22:50 INFO cache hit
2026-03-01 09:22:53 INFO cache miss
2026-03-01 09:22:56 INFO config reloaded
2026-03-01 09:22:58 WARN user logout
2026-03-01 09:23:01 INFO user login ok
2026-03-01 09:23:05 WARN user login ok
2026-03-01 09:23:09 INFO database timeout
2026-03-01 09:23:10 INFO database timeout
2026-03-01 09:23:13 WARN user login ok
2026-03-01 09:23:14 INFO cache hit
2026-03-01 09:23:16 INFO user login ok
2026-03-01 09:23:17 INFO user logout
2026-03-01 09:23:20 INFO user login ok
2026-03-01 09:23:24 INFO user login ok
2026-03-01 09:23:25 INFO request handled
2026-03-01 09:23:28 INFO user login ok
2026-03-01 09:23:30 INFO cache hit
2026-03-01 09:23:33 INFO config reloaded
2026-03-01 09:23:37 INFO user login ok
2026-03-01 09:23:41 WARN user logout
2026-03-01 09:23:42 INFO invalid token
2026-03-01 09:23:43 INFO user login ok
2026-03-01 09:23:47 INFO invalid token
2026-03-01 09:23:51 INFO cache hit
2026-03-01 09:23:52 INFO user logout
2026-03-01 09:23:55 INFO user login ok
2026-03-01 09:23:58 INFO user logout
2026-03-01 09:24:01 INFO request handled
### повреждённая строка ###
2026-03-01 09:24:06 INFO cache miss
2026-03-01 09:24:10 INFO user login ok
2026-03-01 09:24:13 INFO user login ok
2026-03-01 09:24:17 INFO database timeout
2026-03-01 09:24:21 INFO user login ok
2026-03-01 09:24:25 INFO user login ok
2026-03-01 09:24:27 WARN background job finished
2026-03-01 09:24:30 INFO user login ok
2026-03-01 09:24:31 INFO connection reset by peer
2026-03-01 09:24:33 INFO user login ok
2026-03-01 09:24:37 INFO user login ok
2026-03-01 09:24:41 INFO database timeout
2026-03-01 09:24:42 INFO cache hit
2026-03-01 09:24:43 WARN request handled
2026-03-01 09:24:46 INFO user login ok
2026-03-01 09:24:48 INFO database timeout
2026-03-01 09:24:50 INFO cache hit
2026-03-01 09:24:51 INFO user login ok
2026-03-01 09:24:52 INFO user login ok
2026-03-01 09:24:56 INFO connection reset by peer
2026-03-01 09:24:59 INFO user login ok
2026-03-01 09:25:03 INFO cache miss
2026-03-01 09:25:07 INFO user login ok
2026-03-01 09:25:11 INFO cache hit
2026-03-01 09:25:13 ERROR config reloaded
2026-03-01 09:25:14 WARN config reloaded
2026-03-01 09:25:17 INFO user logout
2026-03-01 09:25:19 INFO user logout
2026-03-01 09:25:20 WARN cache hit
2026-03-01 09:25:22 INFO cache hit
2026-03-01 09:25:24 INFO slow query detected
2026-03-01 09:25:27 INFO cache miss
2026-03-01 09:25:31 WARN user login ok
2026-03-01 09:25:32 INFO slow query detected
2026-03-01 09:25:36 INFO disk usage high
2026-03-01 09:25:40 INFO connection reset by peer
2026-03-01 09:25:44 INFO user login ok
2026-03-01 09:25:47 ERROR user login ok
2026-03-01 09:25:48 INFO user logout
2026-03-01 09:25:52 INFO database timeout
2026-03-01 09:25:56 INFO request handled
2026-03-01 09:25:57 WARN cache miss
2026-03-01 09:25:58 INFO user login ok
2026-03-01 09:26:00 INFO database timeout
2026-03-01 09:26:03 ERROR cache miss
2026-03-01 09:26:06 ERROR cache miss
2026-03-01 09:26:08 INFO user login ok
2026-03-01 09:26:11 INFO user logout
2026-03-01 09:26:14 INFO invalid token
2026-03-01 09:26:16 INFO cache hit
2026-03-01 09:26:19 INFO user login ok
2026-03-01 09:26:22 INFO slow query detected
2026-03-01 09:26:26 WARN request handled
2026-03-01 09:26:27 INFO slow query detected
2026-03-01 09:26:28 INFO config reloaded
2026-03-01 09:26:31 INFO cache miss
2026-03-01 09:26:35 INFO config reloaded
2026-03-01 09:26:39 INFO cache hit
2026-03-01 09:26:42 INFO cache hit
2026-03-01 09:26:44 INFO user login ok
2026-03-01 09:26:47 WARN cache hit
2026-03-01 09:26:51 INFO database timeout
2026-03-01 09:26:54 INFO user login ok
2026-03-01 09:26:58 WARN cache miss
2026-03-01 09:26:59 INFO background job finished
2026-03-01 09:27:00 INFO user logout
2026-03-01 09:27:01 INFO connection reset by peer
2026-03-01 09:27:02 INFO database timeout
2026-03-01 09:27:05 INFO request handled
2026-03-01 09:27:07 INFO user login ok
2026-03-01 09:27:09 INFO background job finished
2026-03-01 09:27:12 INFO cache hit
2026-03-01 09:27:15 INFO user login ok
2026-03-01 09:27:19 INFO user login ok
2026-03-01 09:27:20 INFO user login ok
2026-03-01 09:27:24 INFO user login ok
2026-03-01 09:27:28 INFO user logout
2026-03-01 09:27:31 INFO user login ok
2026-03-01 09:27:32 INFO database timeout
2026-03-01 09:27:33 INFO user logout
2026-03-01 09:27:36 WARN background job finished
2026-03-01 09:27:40 INFO user login ok
2026-03-01 09:27:43 INFO database timeout
2026-03-01 09:27:44 INFO slow query detected
2026-03-01 09:27:48 ERROR connection reset by peer
2026-03-01 09:27:49 INFO user login ok
2026-03-01 09:27:52 ERROR user login ok
2026-03-01 09:27:56 INFO background job finished
2026-03-01 09:27:58 INFO user login ok
2026-03-01 09:28:01 INFO user login ok
2026-03-01 09:28:03 INFO request handled
2026-03-01 09:28:05 INFO disk usage high
2026-03-01 09:28:06 INFO connection reset by peer
2026-03-01 09:28:08 WARN request handled
2026-03-01 09:28:12 INFO background job finished
2026-03-01 09:28:15 INFO slow query detected
2026-03-01 09:28:16 WARN request handled
2026-03-01 09:28:18 INFO user logout
2026-03-01 09:28:22 INFO user login ok
2026-03-01 09:28:25 INFO user login ok
2026-03-01 09:28:27 INFO config reloaded
2026-03-01 09:28:29 INFO connection reset by peer
2026-03-01 09:28:30 WARN cache miss
2026-03-01 09:28:32 WARN user login ok
2026-03-01 09:28:33 INFO user login ok
2026-03-01 09:28:35 INFO user logout
2026-03-01 09:28:38 INFO cache miss
2026-03-01 09:28:39 INFO cache miss
2026-03-01 09:28:43 INFO slow query detected
2026-03-01 09:28:46 INFO invalid token
2026-03-01 09:28:49 INFO background job finished
2026-03-01 09:28:53 INFO config reloaded
2026-03-01 09:28:55 INFO user login ok
2026-03-01 09:28:56 INFO invalid token
2026-03-01 09:28:58 ERROR database timeout
2026-03-01 09:29:01 INFO user logout
2026-03-01 09:29:04 INFO config reloaded
2026-03-01 09:29:08 INFO connection reset by peer
2026-03-01 09:29:11 INFO user login ok
2026-03-01 09:29:15 INFO disk usage high
2026-03-01 09:29:19 INFO user login ok
2026-03-01 09:29:21 WARN disk usage high
2026-03-01 09:29:24 WARN invalid token
2026-03-01 09:29:28 ERROR request handled
2026-03-01 09:29:29 INFO database timeout
2026-03-01 09:29:32 WARN request handled
2026-03-01 09:29:35 INFO user login ok
2026-03-01 09:29:36 ERROR user login ok
2026-03-01 09:29:38 WARN background job finished
2026-03-01 09:29:42 INFO user login ok
2026-03-01 09:29:44 ERROR disk usage high
### повреждённая строка ###
2026-03-01 09:29:51 INFO cache miss
2026-03-01 09:29:53 INFO cache miss
2026-03-01 09:29:57 INFO user login ok
2026-03-01 09:29:59 INFO user login ok
2026-03-01 09:30:02 ERROR user login ok
2026-03-01 09:30:04 INFO background job finished
2026-03-01 09:30:08 INFO user logout
2026-03-01 09:30:10 INFO user login ok
2026-03-01 09:30:12 INFO cache hit
2026-03-01 09:30:15 INFO cache hit
2026-03-01 09:30:16 INFO user login ok
2026-03-01 09:30:19 WARN user logout
2026-03-01 09:30:21 INFO user login ok
2026-03-01 09:30:24 INFO user login ok
2026-03-01 09:30:26 WARN connection reset by peer
2026-03-01 09:30:28 INFO slow query detected
2026-03-01 09:30:31 INFO request handled
2026-03-01 09:30:34 INFO user login ok
2026-03-01 09:30:35 WARN cache hit
2026-03-01 09:30:39 INFO user login ok
2026-03-01 09:30:40 INFO slow query detected
2026-03-01 09:30:41 INFO cache hit
2026-03-01 09:30:44 INFO user logout
2026-03-01 09:30:45 INFO config reloaded
2026-03-01 09:30:47 INFO cache miss
2026-03-01 09:30:48 ERROR request handled
2026-03-01 09:30:49 WARN cache miss
2026-03-01 09:30:50 INFO cache hit
2026-03-01 09:30:51 INFO cache hit
2026-03-01 09:30:53 INFO connection reset by peer
2026-03-01 09:30:54 INFO database timeout
2026-03-01 09:30:57 INFO user logout
2026-03-01 09:30:58 INFO user login ok
2026-03-01 09:31:00 INFO request handled
2026-03-01 09:31:03 WARN cache hit
2026-03-01 09:31:04 INFO user login ok
2026-03-01 09:31:07 INFO user login ok
2026-03-01 09:31:11 INFO connection reset by peer
2026-03-01 09:31:14 INFO cache miss
2026-03-01 09:31:17 WARN user login ok
2026-03-01 09:31:19 INFO user logout
2026-03-01 09:31:22 INFO cache miss
2026-03-01 09:31:25 INFO request handled
2026-03-01 09:31:29 INFO connection reset by peer
2026-03-01 09:31:30 INFO cache hit
2026-03-01 09:31:32 INFO user logout
2026-03-01 09:31:34 INFO cache miss
2026-03-01 09:31:36 INFO user login ok
2026-03-01 09:31:37 ERROR cache hit
2026-03-01 09:31:41 WARN disk usage high
2026-03-01 09:31:42 INFO user login ok
2026-03-01 09:31:45 INFO user login ok
2026-03-01 09:31:46 WARN config reloaded
2026-03-01 09:31:50 INFO cache hit
2026-03-01 09:31:53 INFO user login ok
2026-03-01 09:31:55 INFO user login ok
2026-03-01 09:31:59 INFO user login ok
2026-03-01 09:32:00 INFO disk usage high
2026-03-01 09:32:01 INFO user login ok
2026-03-01 09:32:04 INFO request handled
2026-03-01 09:32:07 INFO user logout
2026-03-01 09:32:09 INFO cache hit
2026-03-01 09:32:12 INFO user login ok
2026-03-01 09:32:15 INFO background job finished
2026-03-01 09:32:19 INFO user logout
2026-03-01 09:32:23 WARN database timeout
2026-03-01 09:32:25 ERROR user logout
2026-03-01 09:32:27 INFO invalid token
2026-03-01 09:32:29 INFO config reloaded
2026-03-01 09:32:31 WARN connection reset by peer
2026-03-01 09:32:34 INFO connection reset by peer
2026-03-01 09:32:35 WARN slow query detected
2026-03-01 09:32:37 INFO user logout
2026-03-01 09:32:39 INFO request handled
2026-03-01 09:32:43 ERROR user logout
2026-03-01 09:32:44 INFO user login ok
2026-03-01 09:32:46 ERROR request handled
2026-03-01 09:32:50 WARN cache hit
2026-03-01 09:32:52 INFO background job finished
2026-03-01 09:32:53 ERROR user login ok
2026-03-01 09:32:55 INFO database timeout
2026-03-01 09:32:59 INFO disk usage high
2026-03-01 09:33:00 INFO user login ok
2026-03-01 09:33:01 INFO invalid token
2026-03-01 09:33:05 INFO user login ok
2026-03-01 09:33:07 INFO cache miss
2026-03-01 09:33:08 INFO cache miss
2026-03-01 09:33:10 INFO user login ok
2026-03-01 09:33:11 WARN database timeout
2026-03-01 09:33:15 INFO user login ok
2026-03-01 09:33:17 INFO invalid token
2026-03-01 09:33:21 INFO disk usage high
2026-03-01 09:33:25 INFO disk usage high
2026-03-01 09:33:27 INFO user login ok
2026-03-01 09:33:31 INFO cache hit
2026-03-01 09:33:34 INFO user logout
2026-03-01 09:33:35 INFO cache miss
2026-03-01 09:33:36 ERROR cache miss
2026-03-01 09:33:40 INFO user login ok
2026-03-01 09:33:42 INFO disk usage high
2026-03-01 09:33:45 INFO connection reset by peer
2026-03-01 09:33:46 INFO background job finished
2026-03-01 09:33:47 INFO cache hit
2026-03-01 09:33:51 INFO user login ok
2026-03-01 09:33:54 INFO user login ok
2026-03-01 09:33:57 INFO connection reset by peer
2026-03-01 09:34:00 WARN cache hit
2026-03-01 09:34:01 INFO user login ok
2026-03-01 09:34:04 INFO cache miss
2026-03-01 09:34:08 ERROR user login ok
2026-03-01 09:34:12 INFO request handled
2026-03-01 09:34:14 INFO user login ok
2026-03-01 09:34:15 WARN cache hit
2026-03-01 09:34:16 INFO cache hit
2026-03-01 09:34:17 INFO database timeout
2026-03-01 09:34:21 INFO slow query detected
2026-03-01 09:34:23 INFO slow query detected
2026-03-01 09:34:24 INFO user logout
2026-03-01 09:34:28 INFO request handled
2026-03-01 09:34:31 WARN connection reset by peer
2026-03-01 09:34:32 INFO slow query detected
2026-03-01 09:34:35 WARN background job finished
2026-03-01 09:34:36 INFO disk usage high
2026-03-01 09:34:38 INFO disk usage high
2026-03-01 09:34:42 ERROR request handled
2026-03-01 09:34:44 INFO database timeout
2026-03-01 09:34:46 INFO user login ok
2026-03-01 09:34:47 ERROR user logout
2026-03-01 09:34:49 INFO request handled
2026-03-01 09:34:50 WARN cache miss
2026-03-01 09:34:53 INFO user login ok
2026-03-01 09:34:54 INFO request handled
2026-03-01 09:34:57 INFO cache miss
2026-03-01 09:34:59 INFO request handled
2026-03-01 09:35:00 WARN user logout
2026-03-01 09:35:02 INFO cache miss
2026-03-01 09:35:03 INFO background job finished
2026-03-01 09:35:05 INFO user login ok
2026-03-01 09:35:09 INFO user login ok
2026-03-01 09:35:12 INFO user login ok
2026-03-01 09:35:13 INFO user login ok
2026-03-01 09:35:14 INFO cache miss
2026-03-01 09:35:16 INFO user login ok
2026-03-01 09:35:18 INFO cache hit
2026-03-01 09:35:19 INFO cache miss
2026-03-01 09:35:20 INFO user login ok
2026-03-01 09:35:22 INFO user login ok
2026-03-01 09:35:25 INFO user logout
2026-03-01 09:35:28 INFO database timeout
2026-03-01 09:35:29 INFO user login ok
2026-03-01 09:35:31 ERROR user login ok
2026-03-01 09:35:32 INFO invalid token
2026-03-01 09:35:36 WARN user login ok
2026-03-01 09:35:38 INFO user login ok
2026-03-01 09:35:39 WARN cache hit
2026-03-01 09:35:42 INFO user login ok
2026-03-01 09:35:43 INFO user login ok
2026-03-01 09:35:44 INFO disk usage high
2026-03-01 09:35:48 INFO cache hit
2026-03-01 09:35:51 INFO user login ok
2026-03-01 09:35:52 INFO user login ok
2026-03-01 09:35:55 INFO user logout
2026-03-01 09:35:56 INFO database timeout
2026-03-01 09:35:59 WARN user login ok
2026-03-01 09:36:01 INFO user logout
2026-03-01 09:36:02 INFO cache hit
2026-03-01 09:36:06 ERROR slow query detected
2026-03-01 09:36:09 INFO request handled
2026-03-01 09:36:13 INFO request handled
2026-03-01 09:36:16 INFO disk usage high
2026-03-01 09:36:17 WARN user login ok
2026-03-01 09:36:21 WARN disk usage high
2026-03-01 09:36:25 INFO user login ok
2026-03-01 09:36:26 INFO user login ok
2026-03-01 09:36:27 INFO cache hit
2026-03-01 09:36:31 INFO background job finished
2026-03-01 09:36:33 INFO request handled
2026-03-01 09:36:36 INFO user login ok
2026-03-01 09:36:37 INFO invalid token
2026-03-01 09:36:40 INFO user login ok
2026-03-01 09:36:42 WARN invalid token
2026-03-01 09:36:45 INFO invalid token
2026-03-01 09:36:47 INFO config reloaded
2026-03-01 09:36:49 INFO user logout
2026-03-01 09:36:52 INFO database timeout
2026-03-01 09:36:54 INFO request handled
2026-03-01 09:36:57 INFO user login ok
2026-03-01 09:37:01 INFO user logout
2026-03-01 09:37:02 INFO cache hit
2026-03-01 09:37:06 WARN connection reset by peer
2026-03-01 09:37:07 WARN user login ok
2026-03-01 09:37:11 INFO user logout
2026-03-01 09:37:15 WARN user login ok
2026-03-01 09:37:17 INFO cache miss
2026-03-01 09:37:18 INFO cache hit
2026-03-01 09:37:21 INFO request handled
2026-03-01 09:37:22 WARN user login ok
2026-03-01 09:37:26 INFO connection reset by peer
2026-03-01 09:37:28 WARN user login ok
2026-03-01 09:37:31 INFO request handled
2026-03-01 09:37:34 INFO invalid token
2026-03-01 09:37:37 INFO slow query detected
2026-03-01 09:37:40 INFO slow query detected
2026-03-01 09:37:44 INFO user login ok
2026-03-01 09:37:48 INFO request handled
2026-03-01 09:37:51 INFO database timeout
2026-03-01 09:37:53 INFO connection reset by peer
2026-03-01 09:37:55 WARN user login ok
2026-03-01 09:37:57 INFO slow query detected
2026-03-01 09:38:01 INFO request handled
2026-03-01 09:38:05 ERROR user login ok
2026-03-01 09:38:06 WARN connection reset by peer
2026-03-01 09:38:09 INFO config reloaded
2026-03-01 09:38:10 WARN user login ok
2026-03-01 09:38:14 INFO cache miss
2026-03-01 09:38:17 INFO request handled
2026-03-01 09:38:18 INFO slow query detected
2026-03-01 09:38:22 INFO request handled
2026-03-01 09:38:24 INFO database timeout
2026-03-01 09:38:28 INFO user login ok
2026-03-01 09:38:29 WARN cache miss
2026-03-01 09:38:33 INFO user logout
2026-03-01 09:38:35 INFO user logout
2026-03-01 09:38:39 INFO background job finished
2026-03-01 09:38:40 INFO invalid token
2026-03-01 09:38:41 INFO user login ok
2026-03-01 09:38:45 INFO cache hit
2026-03-01 09:38:49 INFO user logout
2026-03-01 09:38:53 WARN cache miss
2026-03-01 09:38:54 INFO user logout
2026-03-01 09:38:58 WARN cache miss
2026-03-01 09:39:01 INFO background job finished
2026-03-01 09:39:05 ERROR user login ok
2026-03-01 09:39:09 INFO connection reset by peer
2026-03-01 09:39:12 INFO database timeout
2026-03-01 09:39:16 INFO user login ok
2026-03-01 09:39:19 WARN background job finished
2026-03-01 09:39:20 WARN user logout
2026-03-01 09:39:23 INFO slow query detected
2026-03-01 09:39:26 INFO request handled
2026-03-01 09:39:27 INFO cache hit
2026-03-01 09:39:29 INFO cache hit
2026-03-01 09:39:30 INFO connection reset by peer
2026-03-01 09:39:33 INFO connection reset by peer
2026-03-01 09:39:36 INFO cache miss
2026-03-01 09:39:39 INFO slow query detected
2026-03-01 09:39:43 INFO user logout
2026-03-01 09:39:47 INFO cache miss
2026-03-01 09:39:49 WARN cache miss
2026-03-01 09:39:52 INFO user login ok
2026-03-01 09:39:53 INFO cache miss
2026-03-01 09:39:57 INFO request handled
2026-03-01 09:39:58 INFO user logout
2026-03-01 09:40:01 INFO user logout
2026-03-01 09:40:05 INFO cache miss
2026-03-01 09:40:08 INFO user login ok
2026-03-01 09:40:09 INFO user login ok
2026-03-01 09:40:10 INFO user logout
2026-03-01 09:40:14 INFO config reloaded
2026-03-01 09:40:15 WARN user login ok
2026-03-01 09:40:19 WARN cache hit
2026-03-01 09:40:20 INFO background job finished
2026-03-01 09:40:22 INFO request handled
2026-03-01 09:40:26 INFO slow query detected
2026-03-01 09:40:30 INFO disk usage high
2026-03-01 09:40:34 INFO user logout
2026-03-01 09:40:35 INFO user login ok
2026-03-01 09:40:38 WARN invalid token
2026-03-01 09:40:40 INFO cache hit
2026-03-01 09:40:42 INFO cache miss
2026-03-01 09:40:45 INFO config reloaded
2026-03-01 09:40:48 INFO user logout
2026-03-01 09:40:49 INFO cache miss
2026-03-01 09:40:51 WARN cache miss
2026-03-01 09:40:52 INFO slow query detected
2026-03-01 09:40:56 INFO user login ok
2026-03-01 09:40:59 INFO request handled
2026-03-01 09:41:02 INFO request handled
2026-03-01 09:41:05 INFO user login ok
2026-03-01 09:41:06 INFO user login ok
2026-03-01 09:41:08 INFO background job finished
2026-03-01 09:41:12 INFO user login ok
2026-03-01 09:41:15 INFO cache hit
2026-03-01 09:41:17 INFO cache hit
2026-03-01 09:41:20 INFO user logout
2026-03-01 09:41:21 WARN user login ok
2026-03-01 09:41:24 INFO cache miss
2026-03-01 09:41:27 WARN connection reset by peer
2026-03-01 09:41:29 INFO disk usage high
2026-03-01 09:41:32 INFO cache hit
2026-03-01 09:41:35 INFO user logout
2026-03-01 09:41:39 ERROR invalid token
2026-03-01 09:41:43 INFO cache hit
2026-03-01 09:41:47 INFO request handled
2026-03-01 09:41:51 INFO connection reset by peer
2026-03-01 09:41:54 INFO user login ok
2026-03-01 09:41:56 WARN cache hit
2026-03-01 09:41:57 INFO database timeout
2026-03-01 09:41:58 INFO request handled
2026-03-01 09:42:00 INFO slow query detected
2026-03-01 09:42:03 INFO slow query detected
2026-03-01 09:42:05 INFO slow query detected
2026-03-01 09:42:06 INFO disk usage high
2026-03-01 09:42:10 INFO user login ok
2026-03-01 09:42:14 INFO user login ok
2026-03-01 09:42:15 WARN user logout
2026-03-01 09:42:19 INFO config reloaded
2026-03-01 09:42:20 INFO disk usage high
2026-03-01 09:42:21 INFO user login ok
2026-03-01 09:42:22 WARN user login ok
2026-03-01 09:42:26 WARN connection reset by peer
2026-03-01 09:42:29 INFO user login ok
2026-03-01 09:42:30 INFO cache hit
2026-03-01 09:42:32 INFO user login ok
2026-03-01 09:42:36 INFO cache hit
2026-03-01 09:42:40 ERROR cache hit
2026-03-01 09:42:42 INFO user login ok
2026-03-01 09:42:46 WARN user login ok
2026-03-01 09:42:49 INFO invalid token
2026-03-01 09:42:50 INFO invalid token
2026-03-01 09:42:52 INFO user login ok
2026-03-01 09:42:54 INFO cache miss
2026-03-01 09:42:55 INFO user login ok
2026-03-01 09:42:59 INFO background job finished
2026-03-01 09:43:02 WARN user login ok
2026-03-01 09:43:06 WARN user login ok
2026-03-01 09:43:09 INFO cache hit
2026-03-01 09:43:13 INFO user logout
2026-03-01 09:43:15 INFO cache hit
2026-03-01 09:43:17 ERROR user login ok
2026-03-01 09:43:19 INFO slow query detected
2026-03-01 09:43:20 INFO background job finished
2026-03-01 09:43:21 INFO user login ok
2026-03-01 09:43:22 INFO user logout
2026-03-01 09:43:25 INFO user login ok
2026-03-01 09:43:28 INFO database timeout
2026-03-01 09:43:31 INFO cache miss
2026-03-01 09:43:32 INFO cache hit
2026-03-01 09:43:34 WARN background job finished
2026-03-01 09:43:35 INFO request handled
2026-03-01 09:43:38 WARN connection reset by peer
2026-03-01 09:43:40 INFO user login ok
2026-03-01 09:43:43 INFO user login ok
2026-03-01 09:43:45 INFO background job finished
2026-03-01 09:43:47 WARN cache hit
2026-03-01 09:43:49 INFO user logout
2026-03-01 09:43:50 INFO slow query detected
2026-03-01 09:43:52 INFO user login ok
2026-03-01 09:43:54 ERROR cache miss
2026-03-01 09:43:57 INFO cache miss
2026-03-01 09:43:59 WARN user login ok
2026-03-01 09:44:00 INFO slow query detected
2026-03-01 09:44:01 INFO user logout
### повреждённая строка ###
2026-03-01 09:44:06 INFO cache miss
2026-03-01 09:44:10 INFO user login ok
2026-03-01 09:44:13 INFO request handled
2026-03-01 09:44:16 WARN invalid token
2026-03-01 09:44:18 INFO disk usage high
2026-03-01 09:44:21 WARN cache miss
2026-03-01 09:44:25 INFO background job finished
2026-03-01 09:44:27 INFO user login ok
2026-03-01 09:44:28 INFO slow query detected
2026-03-01 09:44:30 INFO invalid token
2026-03-01 09:44:33 INFO config reloaded
2026-03-01 09:44:36 INFO cache miss
2026-03-01 09:44:38 INFO user login ok
2026-03-01 09:44:39 WARN database timeout
2026-03-01 09:44:43 INFO user logout
2026-03-01 09:44:47 INFO user login ok
2026-03-01 09:44:48 INFO database timeout
2026-03-01 09:44:51 INFO cache miss
2026-03-01 09:44:55 INFO disk usage high
### повреждённая строка ###
2026-03-01 09:45:01 WARN user logout
2026-03-01 09:45:04 INFO user logout
2026-03-01 09:45:07 WARN cache hit
2026-03-01 09:45:08 INFO user login ok
2026-03-01 09:45:09 WARN invalid token
2026-03-01 09:45:11 INFO user login ok
2026-03-01 09:45:12 INFO cache miss
2026-03-01 09:45:14 WARN request handled
2026-03-01 09:45:18 INFO request handled
2026-03-01 09:45:20 INFO user login ok
2026-03-01 09:45:24 INFO disk usage high
2026-03-01 09:45:25 INFO cache hit
2026-03-01 09:45:26 INFO slow query detected
2026-03-01 09:45:27 INFO user login ok
2026-03-01 09:45:29 INFO request handled
2026-03-01 09:45:32 INFO background job finished
2026-03-01 09:45:35 WARN background job finished
2026-03-01 09:45:37 INFO user login ok
2026-03-01 09:45:40 INFO database timeout
2026-03-01 09:45:41 INFO request handled
2026-03-01 09:45:44 INFO user login ok
2026-03-01 09:45:48 INFO config reloaded
2026-03-01 09:45:50 INFO disk usage high
2026-03-01 09:45:51 INFO background job finished
2026-03-01 09:45:54 INFO config reloaded
2026-03-01 09:45:55 INFO user login ok
2026-03-01 09:45:57 INFO slow query detected
2026-03-01 09:46:01 INFO cache miss
2026-03-01 09:46:05 INFO user logout
2026-03-01 09:46:06 INFO cache hit
2026-03-01 09:46:08 INFO user login ok
2026-03-01 09:46:11 WARN connection reset by peer
2026-03-01 09:46:12 WARN user login ok
2026-03-01 09:46:14 INFO user logout
2026-03-01 09:46:16 INFO user login ok
2026-03-01 09:46:18 INFO user login ok
2026-03-01 09:46:19 ERROR background job finished
2026-03-01 09:46:23 INFO user login ok
2026-03-01 09:46:25 WARN user logout
2026-03-01 09:46:29 INFO connection reset by peer
2026-03-01 09:46:31 INFO user login ok
2026-03-01 09:46:33 INFO slow query detected
2026-03-01 09:46:37 INFO user login ok
2026-03-01 09:46:39 INFO invalid token
2026-03-01 09:46:42 INFO config reloaded
2026-03-01 09:46:45 WARN slow query detected
2026-03-01 09:46:47 INFO user login ok
2026-03-01 09:46:51 INFO user login ok
2026-03-01 09:46:54 INFO user logout
2026-03-01 09:46:58 INFO database timeout
2026-03-01 09:47:02 INFO cache hit
2026-03-01 09:47:03 INFO user logout
2026-03-01 09:47:05 ERROR config reloaded
2026-03-01 09:47:07 INFO user login ok
### повреждённая строка ###
2026-03-01 09:47:13 INFO user login ok
2026-03-01 09:47:14 INFO cache miss
2026-03-01 09:47:16 WARN user logout
2026-03-01 09:47:17 INFO slow query detected
2026-03-01 09:47:20 INFO cache hit
2026-03-01 09:47:23 INFO config reloaded
2026-03-01 09:47:26 ERROR user login ok
2026-03-01 09:47:30 INFO user login ok
2026-03-01 09:47:31 WARN cache hit
2026-03-01 09:47:32 INFO cache hit
2026-03-01 09:47:36 WARN user login ok
2026-03-01 09:47:39 INFO cache hit
2026-03-01 09:47:42 INFO user login ok
2026-03-01 09:47:44 INFO user login ok
2026-03-01 09:47:45 INFO user logout
2026-03-01 09:47:47 INFO cache miss
2026-03-01 09:47:48 INFO connection reset by peer
2026-03-01 09:47:49 INFO user login ok
2026-03-01 09:47:50 INFO user login ok
2026-03-01 09:47:53 INFO disk usage high
2026-03-01 09:47:56 WARN user login ok
2026-03-01 09:47:57 INFO user login ok
2026-03-01 09:48:00 INFO user login ok
2026-03-01 09:48:04 INFO user logout
2026-03-01 09:48:05 INFO cache hit
2026-03-01 09:48:07 INFO user logout
2026-03-01 09:48:08 INFO connection reset by peer
2026-03-01 09:48:11 INFO user login ok
2026-03-01 09:48:15 INFO user login ok
2026-03-01 09:48:17 INFO config reloaded
2026-03-01 09:48:19 INFO user login ok
2026-03-01 09:48:22 INFO connection reset by peer
2026-03-01 09:48:23 INFO database timeout
2026-03-01 09:48:26 INFO request handled
2026-03-01 09:48:27 WARN cache hit
2026-03-01 09:48:28 INFO cache hit
2026-03-01 09:48:32 WARN user logout
2026-03-01 09:48:36 INFO user login ok
2026-03-01 09:48:38 INFO connection reset by peer
2026-03-01 09:48:42 INFO disk usage high
2026-03-01 09:48:43 INFO cache hit
### повреждённая строка ###
2026-03-01 09:48:48 INFO disk usage high
2026-03-01 09:48:49 INFO database timeout
2026-03-01 09:48:50 INFO user login ok
2026-03-01 09:48:54 INFO cache miss
2026-03-01 09:48:57 WARN user login ok
2026-03-01 09:48:59 WARN disk usage high
2026-03-01 09:49:03 WARN user login ok
2026-03-01 09:49:05 INFO request handled
2026-03-01 09:49:06 INFO config reloaded
2026-03-01 09:49:10 INFO request handled
2026-03-01 09:49:13 INFO config reloaded
2026-03-01 09:49:17 INFO user logout
2026-03-01 09:49:20 INFO user login ok
2026-03-01 09:49:24 INFO cache miss
2026-03-01 09:49:25 INFO user logout
2026-03-01 09:49:26 WARN request handled
2026-03-01 09:49:30 INFO request handled
2026-03-01 09:49:31 INFO disk usage high
2026-03-01 09:49:32 INFO user logout
2026-03-01 09:49:35 INFO user login ok
2026-03-01 09:49:39 INFO cache miss
2026-03-01 09:49:41 INFO invalid token
2026-03-01 09:49:43 WARN connection reset by peer
2026-03-01 09:49:46 INFO user login ok
2026-03-01 09:49:49 INFO user login ok
2026-03-01 09:49:52 INFO cache miss
2026-03-01 09:49:54 INFO cache hit
2026-03-01 09:49:58 INFO user logout
2026-03-01 09:49:59 INFO background job finished
2026-03-01 09:50:03 INFO user login ok
2026-03-01 09:50:05 INFO cache hit
2026-03-01 09:50:08 INFO background job finished
2026-03-01 09:50:12 INFO cache miss
2026-03-01 09:50:15 INFO user login ok
2026-03-01 09:50:18 INFO request handled
2026-03-01 09:50:22 INFO cache hit
2026-03-01 09:50:23 INFO cache hit
2026-03-01 09:50:26 INFO slow query detected
### повреждённая строка ###
2026-03-01 09:50:31 INFO cache hit
2026-03-01 09:50:32 WARN user logout
2026-03-01 09:50:36 INFO user logout
2026-03-01 09:50:39 INFO connection reset by peer
2026-03-01 09:50:41 INFO connection reset by peer
2026-03-01 09:50:45 INFO user logout
2026-03-01 09:50:47 INFO background job finished
2026-03-01 09:50:49 INFO invalid token
2026-03-01 09:50:53 INFO cache miss
2026-03-01 09:50:57 INFO user login ok
2026-03-01 09:50:58 WARN cache hit
2026-03-01 09:51:01 INFO user login ok
### повреждённая строка ###
2026-03-01 09:51:07 INFO invalid token
2026-03-01 09:51:10 INFO background job finished
2026-03-01 09:51:12 INFO connection reset by peer
2026-03-01 09:51:16 INFO slow query detected
2026-03-01 09:51:19 WARN connection reset by peer
2026-03-01 09:51:23 INFO user logout
2026-03-01 09:51:27 INFO request handled
2026-03-01 09:51:28 INFO request handled
2026-03-01 09:51:29 INFO user login ok
2026-03-01 09:51:33 INFO user login ok
2026-03-01 09:51:34 INFO cache hit
2026-03-01 09:51:37 INFO user logout
2026-03-01 09:51:40 INFO database timeout
2026-03-01 09:51:42 INFO connection reset by peer
2026-03-01 09:51:46 WARN user logout
2026-03-01 09:51:47 INFO invalid token
2026-03-01 09:51:51 WARN user login ok
2026-03-01 09:51:55 INFO config reloaded
2026-03-01 09:51:58 INFO database timeout
2026-03-01 09:52:00 ERROR config reloaded
2026-03-01 09:52:04 INFO database timeout
2026-03-01 09:52:05 INFO invalid token
2026-03-01 09:52:09 INFO background job finished
2026-03-01 09:52:13 INFO user login ok
2026-03-01 09:52:14 INFO database timeout
2026-03-01 09:52:17 INFO user logout
2026-03-01 09:52:18 INFO disk usage high
2026-03-01 09:52:20 INFO user login ok
2026-03-01 09:52:23 INFO user logout
2026-03-01 09:52:26 WARN disk usage high
2026-03-01 09:52:28 INFO user login ok
2026-03-01 09:52:30 INFO user logout
2026-03-01 09:52:31 INFO connection reset by peer
2026-03-01 09:52:33 WARN connection reset by peer
2026-03-01 09:52:34 INFO user login ok
2026-03-01 09:52:37 INFO user login ok
2026-03-01 09:52:40 WARN user logout
2026-03-01 09:52:41 WARN connection reset by peer
2026-03-01 09:52:43 INFO user login ok
2026-03-01 09:52:47 WARN user login ok
2026-03-01 09:52:48 INFO database timeout
2026-03-01 09:52:49 INFO cache hit
2026-03-01 09:52:50 INFO user login ok
2026-03-01 09:52:51 INFO user login ok
2026-03-01 09:52:54 INFO disk usage high
2026-03-01 09:52:58 INFO slow query detected
2026-03-01 09:52:59 INFO background job finished
2026-03-01 09:53:02 INFO user login ok
2026-03-01 09:53:03 INFO cache hit
2026-03-01 09:53:05 INFO connection reset by peer
2026-03-01 09:53:08 INFO user login ok
2026-03-01 09:53:10 INFO request handled
2026-03-01 09:53:13 WARN user login ok
2026-03-01 09:53:14 WARN user logout
2026-03-01 09:53:15 INFO background job finished
2026-03-01 09:53:18 INFO user login ok
2026-03-01 09:53:19 INFO invalid token
2026-03-01 09:53:21 INFO user login ok
2026-03-01 09:53:22 WARN background job finished
2026-03-01 09:53:25 INFO database timeout
2026-03-01 09:53:26 INFO cache miss
2026-03-01 09:53:29 INFO cache hit
2026-03-01 09:53:31 WARN user logout
2026-03-01 09:53:34 INFO user login ok
2026-03-01 09:53:38 INFO user login ok
2026-03-01 09:53:41 INFO user logout
2026-03-01 09:53:42 INFO connection reset by peer
2026-03-01 09:53:45 INFO user login ok
2026-03-01 09:53:49 WARN config reloaded
2026-03-01 09:53:50 INFO cache hit
2026-03-01 09:53:52 WARN cache hit
2026-03-01 09:53:54 INFO slow query detected
2026-03-01 09:53:55 WARN user login ok
2026-03-01 09:53:58 WARN user login ok
2026-03-01 09:53:59 INFO config reloaded
2026-03-01 09:54:03 ERROR user login ok
2026-03-01 09:54:05 INFO user login ok
2026-03-01 09:54:08 INFO user login ok
2026-03-01 09:54:09 INFO cache hit
2026-03-01 09:54:12 INFO request handled
2026-03-01 09:54:13 INFO user logout
2026-03-01 09:54:16 INFO user logout
2026-03-01 09:54:19 ERROR user login ok
2026-03-01 09:54:20 INFO user login ok
2026-03-01 09:54:22 INFO user login ok
2026-03-01 09:54:26 INFO cache miss
2026-03-01 09:54:28 INFO user login ok
2026-03-01 09:54:30 INFO cache hit
2026-03-01 09:54:31 INFO request handled
2026-03-01 09:54:33 INFO invalid token
2026-03-01 09:54:37 INFO user login ok
2026-03-01 09:54:41 INFO background job finished
2026-03-01 09:54:43 INFO slow query detected
2026-03-01 09:54:47 INFO user login ok
2026-03-01 09:54:49 WARN user login ok
2026-03-01 09:54:52 INFO slow query detected
2026-03-01 09:54:53 INFO user login ok
2026-03-01 09:54:57 WARN disk usage high
2026-03-01 09:54:59 INFO request handled
2026-03-01 09:55:01 INFO cache miss
2026-03-01 09:55:02 INFO user login ok
2026-03-01 09:55:06 INFO cache hit
2026-03-01 09:55:08 ERROR cache miss
2026-03-01 09:55:12 INFO request handled
2026-03-01 09:55:14 INFO user login ok
2026-03-01 09:55:15 ERROR user login ok
2026-03-01 09:55:16 INFO user login ok
2026-03-01 09:55:17 INFO cache miss
2026-03-01 09:55:18 WARN background job finished
2026-03-01 09:55:19 INFO cache miss
2026-03-01 09:55:21 WARN user login ok
2026-03-01 09:55:25 INFO user logout
2026-03-01 09:55:28 WARN config reloaded
2026-03-01 09:55:31 INFO user login ok
2026-03-01 09:55:33 INFO user login ok
2026-03-01 09:55:35 INFO invalid token
2026-03-01 09:55:39 INFO slow query detected
### повреждённая строка ###
2026-03-01 09:55:44 WARN disk usage high
2026-03-01 09:55:46 INFO cache miss
2026-03-01 09:55:50 INFO cache hit
2026-03-01 09:55:53 INFO request handled
2026-03-01 09:55:55 INFO user login ok
2026-03-01 09:55:58 WARN disk usage high
2026-03-01 09:56:02 INFO user login ok
2026-03-01 09:56:05 INFO slow query detected
2026-03-01 09:56:06 INFO database timeout
2026-03-01 09:56:09 INFO user logout
2026-03-01 09:56:11 INFO connection reset by peer
2026-03-01 09:56:12 INFO user login ok
2026-03-01 09:56:14 INFO user login ok
2026-03-01 09:56:15 INFO slow query detected
2026-03-01 09:56:16 INFO user login ok
2026-03-01 09:56:19 INFO connection reset by peer
2026-03-01 09:56:20 INFO database timeout
2026-03-01 09:56:21 INFO user login ok
2026-03-01 09:56:23 INFO cache miss
2026-03-01 09:56:25 WARN connection reset by peer
2026-03-01 09:56:28 INFO user login ok
2026-03-01 09:56:31 WARN user login ok
2026-03-01 09:56:32 WARN user logout
2026-03-01 09:56:33 INFO cache miss
2026-03-01 09:56:37 INFO user login ok
2026-03-01 09:56:40 INFO connection reset by peer
2026-03-01 09:56:43 INFO invalid token
2026-03-01 09:56:46 WARN cache miss
2026-03-01 09:56:50 INFO user login ok
2026-03-01 09:56:51 INFO user login ok
2026-03-01 09:56:55 INFO user login ok
2026-03-01 09:56:58 INFO user login ok
2026-03-01 09:57:00 INFO connection reset by peer
2026-03-01 09:57:03 WARN user logout
2026-03-01 09:57:04 INFO user logout
2026-03-01 09:57:07 INFO invalid token
2026-03-01 09:57:09 WARN user login ok
2026-03-01 09:57:13 INFO disk usage high
2026-03-01 09:57:14 INFO connection reset by peer
2026-03-01 09:57:17 INFO config reloaded
2026-03-01 09:57:19 INFO config reloaded
2026-03-01 09:57:20 INFO user login ok
2026-03-01 09:57:21 INFO user login ok
2026-03-01 09:57:22 INFO user login ok
2026-03-01 09:57:24 INFO user logout
2026-03-01 09:57:28 INFO background job finished
2026-03-01 09:57:32 INFO cache hit
2026-03-01 09:57:35 INFO slow query detected
2026-03-01 09:57:39 INFO user login ok
2026-03-01 09:57:43 INFO background job finished
2026-03-01 09:57:46 INFO background job finished
2026-03-01 09:57:47 INFO user logout
2026-03-01 09:57:49 INFO slow query detected
2026-03-01 09:57:53 INFO cache hit
2026-03-01 09:57:55 WARN invalid token
2026-03-01 09:57:57 INFO slow query detected
2026-03-01 09:57:59 INFO cache hit
2026-03-01 09:58:03 WARN cache miss
2026-03-01 09:58:05 WARN cache hit
2026-03-01 09:58:09 INFO request handled
2026-03-01 09:58:13 INFO user login ok
2026-03-01 09:58:15 INFO user login ok
2026-03-01 09:58:16 INFO request handled
2026-03-01 09:58:17 WARN database timeout
2026-03-01 09:58:18 INFO invalid token
2026-03-01 09:58:21 WARN invalid token
2026-03-01 09:58:23 INFO user logout
2026-03-01 09:58:27 INFO connection reset by peer
2026-03-01 09:58:30 INFO connection reset by peer
2026-03-01 09:58:31 INFO background job finished
2026-03-01 09:58:34 INFO user login ok
2026-03-01 09:58:36 INFO cache hit
2026-03-01 09:58:38 INFO user login ok
2026-03-01 09:58:40 INFO connection reset by peer
2026-03-01 09:58:44 WARN background job finished
2026-03-01 09:58:47 WARN request handled
2026-03-01 09:58:49 INFO user login ok
2026-03-01 09:58:51 INFO user login ok
2026-03-01 09:58:53 INFO user login ok
2026-03-01 09:58:57 INFO disk usage high
2026-03-01 09:58:59 INFO user login ok
2026-03-01 09:59:00 INFO user login ok
2026-03-01 09:59:03 INFO cache miss
2026-03-01 09:59:05 INFO user login ok
2026-03-01 09:59:06 INFO user login ok
2026-03-01 09:59:07 INFO cache hit
2026-03-01 09:59:10 INFO config reloaded
2026-03-01 09:59:13 INFO database timeout
2026-03-01 09:59:17 INFO user login ok
2026-03-01 09:59:19 INFO user login ok
2026-03-01 09:59:21 INFO user login ok
2026-03-01 09:59:24 INFO background job finished
2026-03-01 09:59:26 INFO user logout
2026-03-01 09:59:30 WARN user login ok
2026-03-01 09:59:32 INFO request handled
2026-03-01 09:59:35 INFO user logout
2026-03-01 09:59:38 INFO connection reset by peer
2026-03-01 09:59:40 INFO database timeout
2026-03-01 09:59:44 WARN disk usage high
2026-03-01 09:59:45 INFO user logout
2026-03-01 09:59:46 INFO connection reset by peer
2026-03-01 09:59:47 INFO database timeout
2026-03-01 09:59:49 INFO user login ok
2026-03-01 09:59:52 INFO user login ok
2026-03-01 09:59:54 INFO user logout
2026-03-01 09:59:57 INFO user logout
2026-03-01 09:59:58 INFO cache hit
2026-03-01 10:00:01 INFO user login ok
2026-03-01 10:00:05 WARN request handled
2026-03-01 10:00:07 INFO slow query detected
2026-03-01 10:00:10 INFO user login ok
2026-03-01 10:00:12 INFO background job finished
2026-03-01 10:00:13 INFO connection reset by peer
2026-03-01 10:00:16 INFO database timeout
2026-03-01 10:00:19 INFO user login ok
2026-03-01 10:00:23 WARN cache miss
2026-03-01 10:00:26 INFO background job finished
2026-03-01 10:00:27 INFO user login ok
2026-03-01 10:00:30 INFO request handled
2026-03-01 10:00:32 WARN background job finished
2026-03-01 10:00:35 WARN request handled
2026-03-01 10:00:39 INFO user logout
2026-03-01 10:00:40 WARN cache hit
2026-03-01 10:00:41 INFO request handled
2026-03-01 10:00:43 INFO slow query detected
2026-03-01 10:00:46 INFO invalid token
2026-03-01 10:00:49 INFO user logout
2026-03-01 10:00:50 INFO request handled
2026-03-01 10:00:52 INFO request handled
2026-03-01 10:00:55 INFO user login ok
2026-03-01 10:00:56 INFO database timeout
2026-03-01 10:00:57 INFO user login ok
2026-03-01 10:01:01 INFO user login ok
2026-03-01 10:01:02 ERROR user login ok
2026-03-01 10:01:06 WARN user logout
2026-03-01 10:01:07 INFO user login ok
2026-03-01 10:01:10 INFO background job finished
2026-03-01 10:01:14 ERROR connection reset by peer
2026-03-01 10:01:16 ERROR cache miss
2026-03-01 10:01:17 WARN config reloaded
2026-03-01 10:01:20 INFO invalid token
2026-03-01 10:01:23 INFO user logout
2026-03-01 10:01:25 WARN slow query detected
2026-03-01 10:01:28 INFO cache miss
2026-03-01 10:01:29 INFO user login ok
2026-03-01 10:01:31 INFO user login ok
### повреждённая строка ###
2026-03-01 10:01:34 INFO config reloaded
2026-03-01 10:01:35 INFO user logout
2026-03-01 10:01:36 WARN config reloaded
2026-03-01 10:01:38 WARN background job finished
2026-03-01 10:01:39 INFO slow query detected
2026-03-01 10:01:40 INFO user logout
2026-03-01 10:01:43 INFO user login ok
2026-03-01 10:01:45 INFO cache hit
2026-03-01 10:01:47 WARN cache miss
2026-03-01 10:01:49 INFO disk usage high
2026-03-01 10:01:52 INFO connection reset by peer
2026-03-01 10:01:56 INFO user logout
2026-03-01 10:01:57 INFO user login ok
2026-03-01 10:02:00 INFO config reloaded
2026-03-01 10:02:01 INFO request handled
2026-03-01 10:02:05 INFO user login ok
2026-03-01 10:02:09 INFO user login ok
2026-03-01 10:02:10 INFO user login ok
2026-03-01 10:02:13 INFO cache hit
2026-03-01 10:02:16 INFO user login ok
2026-03-01 10:02:20 INFO invalid token
2026-03-01 10:02:22 INFO user login ok
2026-03-01 10:02:24 INFO database timeout
2026-03-01 10:02:26 INFO user login ok
2026-03-01 10:02:29 WARN disk usage high
2026-03-01 10:02:31 WARN slow query detected
2026-03-01 10:02:34 INFO invalid token
2026-03-01 10:02:36 WARN disk usage high
2026-03-01 10:02:40 INFO invalid token
2026-03-01 10:02:43 INFO connection reset by peer
2026-03-01 10:02:46 ERROR cache miss
2026-03-01 10:02:49 INFO request handled
2026-03-01 10:02:53 WARN database timeout
2026-03-01 10:02:57 INFO user login ok
2026-03-01 10:02:59 INFO connection reset by peer
2026-03-01 10:03:03 INFO disk usage high
2026-03-01 10:03:06 ERROR config reloaded
2026-03-01 10:03:10 WARN user login ok
2026-03-01 10:03:14 INFO connection reset by peer
2026-03-01 10:03:15 WARN slow query detected
2026-03-01 10:03:17 WARN user login ok
2026-03-01 10:03:18 INFO user logout
2026-03-01 10:03:19 INFO cache hit
2026-03-01 10:03:20 INFO user login ok
2026-03-01 10:03:23 INFO user login ok
2026-03-01 10:03:25 INFO cache hit
2026-03-01 10:03:26 INFO user login ok
2026-03-01 10:03:28 INFO user logout
2026-03-01 10:03:32 INFO user login ok
2026-03-01 10:03:34 INFO user logout
2026-03-01 10:03:38 INFO cache miss
2026-03-01 10:03:39 INFO user login ok
2026-03-01 10:03:41 INFO user login ok
2026-03-01 10:03:42 WARN cache hit
2026-03-01 10:03:46 INFO connection reset by peer
2026-03-01 10:03:47 INFO disk usage high
2026-03-01 10:03:49 INFO cache miss
2026-03-01 10:03:50 INFO user login ok
2026-03-01 10:03:52 INFO user login ok
2026-03-01 10:03:56 WARN database timeout
2026-03-01 10:03:59 INFO user logout
2026-03-01 10:04:02 INFO user login ok
2026-03-01 10:04:05 INFO user login ok
2026-03-01 10:04:09 INFO cache miss
2026-03-01 10:04:10 INFO user login ok
2026-03-01 10:04:12 WARN background job finished
2026-03-01 10:04:14 INFO user login ok
2026-03-01 10:04:18 INFO connection reset by peer
2026-03-01 10:04:21 INFO config reloaded
2026-03-01 10:04:25 INFO cache hit
2026-03-01 10:04:29 WARN slow query detected
2026-03-01 10:04:32 INFO connection reset by peer
2026-03-01 10:04:36 INFO user logout
2026-03-01 10:04:38 INFO config reloaded
2026-03-01 10:04:42 INFO user login ok
### повреждённая строка ###
2026-03-01 10:04:46 INFO background job finished
2026-03-01 10:04:47 INFO cache hit
2026-03-01 10:04:50 INFO cache miss
2026-03-01 10:04:52 INFO invalid token
2026-03-01 10:04:54 INFO user login ok
2026-03-01 10:04:57 INFO cache hit
2026-03-01 10:05:01 INFO user logout
2026-03-01 10:05:02 INFO cache miss
2026-03-01 10:05:06 INFO disk usage high
2026-03-01 10:05:07 INFO cache hit
2026-03-01 10:05:11 INFO slow query detected
2026-03-01 10:05:13 INFO cache miss
2026-03-01 10:05:16 INFO user login ok
2026-03-01 10:05:18 INFO user logout
2026-03-01 10:05:19 INFO user login ok
2026-03-01 10:05:22 INFO request handled
2026-03-01 10:05:25 INFO connection reset by peer
2026-03-01 10:05:28 INFO connection reset by peer
2026-03-01 10:05:32 INFO disk usage high
2026-03-01 10:05:33 INFO background job finished
2026-03-01 10:05:34 INFO user login ok
2026-03-01 10:05:35 WARN user login ok
2026-03-01 10:05:39 INFO user logout
2026-03-01 10:05:41 INFO request handled
2026-03-01 10:05:42 INFO cache hit
2026-03-01 10:05:45 INFO cache hit
2026-03-01 10:05:48 INFO database timeout
2026-03-01 10:05:50 WARN user login ok
2026-03-01 10:05:54 WARN database timeout
2026-03-01 10:05:56 INFO cache hit
2026-03-01 10:05:59 INFO config reloaded
2026-03-01 10:06:03 INFO user login ok
2026-03-01 10:06:06 INFO user login ok
2026-03-01 10:06:08 INFO cache miss
2026-03-01 10:06:12 INFO user login ok
2026-03-01 10:06:13 INFO cache miss
2026-03-01 10:06:17 INFO cache miss
2026-03-01 10:06:21 INFO cache hit
2026-03-01 10:06:25 INFO user logout
2026-03-01 10:06:29 INFO cache miss
2026-03-01 10:06:32 INFO user login ok
2026-03-01 10:06:34 INFO slow query detected
2026-03-01 10:06:36 INFO connection reset by peer
2026-03-01 10:06:39 ERROR user login ok
2026-03-01 10:06:42 INFO disk usage high
2026-03-01 10:06:43 INFO slow query detected
2026-03-01 10:06:45 INFO slow query detected
2026-03-01 10:06:49 INFO connection reset by peer
2026-03-01 10:06:52 INFO background job finished
2026-03-01 10:06:56 INFO invalid token
2026-03-01 10:06:58 INFO request handled
2026-03-01 10:07:01 INFO cache miss
2026-03-01 10:07:03 INFO user logout
2026-03-01 10:07:04 INFO cache hit
2026-03-01 10:07:05 INFO cache hit
2026-03-01 10:07:07 WARN user login ok
2026-03-01 10:07:11 INFO slow query detected
2026-03-01 10:07:13 ERROR user login ok
2026-03-01 10:07:15 INFO user login ok
2026-03-01 10:07:18 INFO user logout
2026-03-01 10:07:20 INFO config reloaded
2026-03-01 10:07:22 INFO user login ok
2026-03-01 10:07:25 INFO user login ok
2026-03-01 10:07:28 INFO database timeout
2026-03-01 10:07:32 INFO slow query detected
2026-03-01 10:07:33 INFO config reloaded
2026-03-01 10:07:35 INFO request handled
2026-03-01 10:07:37 INFO user logout
2026-03-01 10:07:39 WARN user login ok
2026-03-01 10:07:43 ERROR disk usage high
2026-03-01 10:07:45 INFO config reloaded
2026-03-01 10:07:49 ERROR cache hit
2026-03-01 10:07:50 INFO slow query detected
2026-03-01 10:07:52 INFO config reloaded
2026-03-01 10:07:55 INFO background job finished
2026-03-01 10:07:59 WARN user login ok
2026-03-01 10:08:00 WARN config reloaded
2026-03-01 10:08:02 WARN user logout
2026-03-01 10:08:04 INFO invalid token
2026-03-01 10:08:07 INFO user login ok
2026-03-01 10:08:08 INFO cache hit
2026-03-01 10:08:10 INFO invalid token
2026-03-01 10:08:12 INFO user logout
2026-03-01 10:08:16 INFO request handled
2026-03-01 10:08:19 INFO background job finished
2026-03-01 10:08:20 INFO cache hit
2026-03-01 10:08:24 INFO user login ok
2026-03-01 10:08:26 INFO connection reset by peer
2026-03-01 10:08:27 INFO user logout
2026-03-01 10:08:31 INFO connection reset by peer
2026-03-01 10:08:33 WARN invalid token
2026-03-01 10:08:35 INFO user login ok
2026-03-01 10:08:39 INFO invalid token
2026-03-01 10:08:41 INFO user login ok
2026-03-01 10:08:43 INFO slow query detected
2026-03-01 10:08:45 WARN cache miss
2026-03-01 10:08:46 INFO background job finished
2026-03-01 10:08:50 INFO user login ok
2026-03-01 10:08:54 INFO slow query detected
2026-03-01 10:08:57 INFO cache hit
2026-03-01 10:09:00 INFO invalid token
2026-03-01 10:09:03 INFO database timeout
2026-03-01 10:09:06 INFO user login ok
2026-03-01 10:09:10 INFO invalid token
2026-03-01 10:09:13 WARN config reloaded
2026-03-01 10:09:15 WARN cache hit
2026-03-01 10:09:16 INFO cache hit
2026-03-01 10:09:20 INFO slow query detected
2026-03-01 10:09:21 INFO disk usage high
2026-03-01 10:09:24 INFO slow query detected
### повреждённая строка ###
2026-03-01 10:09:28 INFO user login ok
2026-03-01 10:09:30 INFO cache hit
2026-03-01 10:09:32 WARN slow query detected
2026-03-01 10:09:34 INFO user login ok
2026-03-01 10:09:37 WARN user logout
2026-03-01 10:09:38 WARN slow query detected
2026-03-01 10:09:39 INFO user login ok
2026-03-01 10:09:43 INFO user login ok
2026-03-01 10:09:47 WARN invalid token
2026-03-01 10:09:51 INFO connection reset by peer
2026-03-01 10:09:55 INFO user login ok
2026-03-01 10:09:56 INFO user logout
2026-03-01 10:10:00 INFO user logout
2026-03-01 10:10:02 INFO user login ok
2026-03-01 10:10:06 WARN user login ok
2026-03-01 10:10:07 INFO database timeout
2026-03-01 10:10:09 WARN user login ok
2026-03-01 10:10:11 INFO user login ok
2026-03-01 10:10:14 INFO connection reset by peer
2026-03-01 10:10:18 INFO background job finished
2026-03-01 10:10:22 INFO disk usage high
2026-03-01 10:10:24 WARN user login ok
2026-03-01 10:10:27 WARN user login ok
2026-03-01 10:10:31 WARN cache hit
2026-03-01 10:10:33 INFO user logout
2026-03-01 10:10:36 INFO user login ok
2026-03-01 10:10:38 INFO cache miss
2026-03-01 10:10:42 INFO disk usage high
2026-03-01 10:10:46 INFO cache hit
2026-03-01 10:10:48 INFO disk usage high
2026-03-01 10:10:49 INFO request handled
2026-03-01 10:10:51 INFO cache miss
2026-03-01 10:10:53 WARN invalid token
2026-03-01 10:10:54 ERROR user logout
2026-03-01 10:10:56 INFO invalid token
2026-03-01 10:11:00 INFO database timeout
2026-03-01 10:11:03 INFO cache hit
2026-03-01 10:11:07 INFO cache hit
2026-03-01 10:11:08 INFO user login ok
2026-03-01 10:11:09 WARN cache hit
2026-03-01 10:11:12 WARN user login ok
2026-03-01 10:11:15 INFO slow query detected
2026-03-01 10:11:19 WARN user login ok
2026-03-01 10:11:23 INFO disk usage high
2026-03-01 10:11:25 INFO user login ok
2026-03-01 10:11:28 INFO user logout
2026-03-01 10:11:29 INFO cache hit
2026-03-01 10:11:33 INFO cache miss
2026-03-01 10:11:37 INFO user logout
2026-03-01 10:11:41 INFO disk usage high
2026-03-01 10:11:44 INFO user login ok
2026-03-01 10:11:46 INFO user login ok
2026-03-01 10:11:47 WARN disk usage high
2026-03-01 10:11:48 INFO user login ok
2026-03-01 10:11:51 INFO config reloaded
2026-03-01 10:11:53 ERROR user login ok
2026-03-01 10:11:55 INFO user logout
2026-03-01 10:11:58 ERROR user logout
2026-03-01 10:12:01 WARN user logout
2026-03-01 10:12:05 INFO config reloaded
2026-03-01 10:12:07 INFO disk usage high
2026-03-01 10:12:11 WARN slow query detected
2026-03-01 10:12:14 INFO user logout
2026-03-01 10:12:18 INFO cache miss
2026-03-01 10:12:21 WARN user login ok
2026-03-01 10:12:24 INFO request handled
2026-03-01 10:12:26 INFO slow query detected
2026-03-01 10:12:28 INFO invalid token
2026-03-01 10:12:29 INFO user login ok
2026-03-01 10:12:31 WARN user login ok
2026-03-01 10:12:33 INFO request handled
2026-03-01 10:12:35 INFO user login ok
2026-03-01 10:12:39 INFO connection reset by peer
2026-03-01 10:12:42 INFO config reloaded
2026-03-01 10:12:44 INFO cache hit
2026-03-01 10:12:48 INFO cache hit
2026-03-01 10:12:50 INFO background job finished
2026-03-01 10:12:51 INFO user login ok
2026-03-01 10:12:53 ERROR user login ok
2026-03-01 10:12:54 INFO cache hit
2026-03-01 10:12:55 INFO background job finished
2026-03-01 10:12:57 INFO database timeout
2026-03-01 10:12:58 INFO user login ok
2026-03-01 10:12:59 INFO user login ok
2026-03-01 10:13:01 INFO user login ok
2026-03-01 10:13:03 INFO cache hit
2026-03-01 10:13:06 WARN database timeout
2026-03-01 10:13:07 INFO user login ok
2026-03-01 10:13:11 WARN user login ok
2026-03-01 10:13:14 INFO user login ok
2026-03-01 10:13:17 INFO cache miss
2026-03-01 10:13:21 INFO user login ok
2026-03-01 10:13:23 INFO cache hit
2026-03-01 10:13:27 INFO user login ok
2026-03-01 10:13:28 INFO cache miss
2026-03-01 10:13:29 INFO database timeout
2026-03-01 10:13:31 INFO slow query detected
2026-03-01 10:13:33 INFO cache miss
2026-03-01 10:13:34 INFO slow query detected
2026-03-01 10:13:36 INFO user login ok
2026-03-01 10:13:39 INFO cache miss
2026-03-01 10:13:40 INFO user logout
2026-03-01 10:13:41 INFO cache miss
2026-03-01 10:13:44 INFO cache miss
2026-03-01 10:13:46 INFO disk usage high
2026-03-01 10:13:48 INFO user logout
2026-03-01 10:13:49 INFO user login ok
2026-03-01 10:13:52 INFO request handled
2026-03-01 10:13:54 ERROR config reloaded
2026-03-01 10:13:56 WARN disk usage high
2026-03-01 10:13:59 INFO cache miss
2026-03-01 10:14:03 INFO user login ok
2026-03-01 10:14:06 INFO cache hit
2026-03-01 10:14:08 INFO cache hit
2026-03-01 10:14:10 WARN background job finished
2026-03-01 10:14:14 WARN user login ok
### повреждённая строка ###
2026-03-01 10:14:17 INFO request handled
2026-03-01 10:14:19 INFO slow query detected
2026-03-01 10:14:23 INFO cache hit
2026-03-01 10:14:25 INFO user login ok
2026-03-01 10:14:28 INFO cache hit
2026-03-01 10:14:30 INFO database timeout
2026-03-01 10:14:32 INFO user logout
2026-03-01 10:14:35 INFO cache miss
2026-03-01 10:14:38 INFO user login ok
2026-03-01 10:14:40 ERROR slow query detected
2026-03-01 10:14:42 INFO invalid token
2026-03-01 10:14:46 ERROR connection reset by peer
2026-03-01 10:14:47 INFO connection reset by peer
2026-03-01 10:14:48 INFO cache hit
### повреждённая строка ###
2026-03-01 10:14:54 INFO slow query detected
2026-03-01 10:14:55 INFO background job finished
2026-03-01 10:14:57 ERROR user login ok
2026-03-01 10:14:58 INFO user logout
2026-03-01 10:15:02 INFO cache hit
2026-03-01 10:15:06 INFO user login ok
2026-03-01 10:15:09 WARN invalid token
2026-03-01 10:15:12 WARN user login ok
2026-03-01 10:15:14 INFO database timeout
2026-03-01 10:15:17 WARN user logout
2026-03-01 10:15:18 WARN invalid token
2026-03-01 10:15:20 INFO cache miss
2026-03-01 10:15:22 WARN user login ok
2026-03-01 10:15:25 WARN user login ok
2026-03-01 10:15:27 INFO user login ok
2026-03-01 10:15:29 INFO user logout
2026-03-01 10:15:33 INFO database timeout
2026-03-01 10:15:36 INFO user login ok
2026-03-01 10:15:40 WARN user login ok
2026-03-01 10:15:42 INFO user login ok
2026-03-01 10:15:43 INFO slow query detected
2026-03-01 10:15:47 INFO connection reset by peer
2026-03-01 10:15:51 INFO database timeout
2026-03-01 10:15:54 INFO cache hit
2026-03-01 10:15:55 INFO user login ok
2026-03-01 10:15:58 INFO cache miss
2026-03-01 10:15:59 INFO user login ok
2026-03-01 10:16:02 INFO invalid token
2026-03-01 10:16:05 WARN slow query detected
2026-03-01 10:16:09 INFO invalid token
2026-03-01 10:16:11 WARN cache miss
2026-03-01 10:16:14 INFO background job finished
2026-03-01 10:16:15 INFO database timeout
2026-03-01 10:16:17 INFO user logout
2026-03-01 10:16:20 INFO request handled
2026-03-01 10:16:23 INFO connection reset by peer
2026-03-01 10:16:25 INFO user login ok
2026-03-01 10:16:28 INFO request handled
2026-03-01 10:16:32 INFO cache hit
2026-03-01 10:16:36 INFO cache miss
2026-03-01 10:16:38 INFO user logout
2026-03-01 10:16:39 INFO cache hit
2026-03-01 10:16:41 ERROR database timeout
2026-03-01 10:16:45 INFO user logout
2026-03-01 10:16:47 INFO database timeout
2026-03-01 10:16:49 WARN slow query detected
2026-03-01 10:16:52 INFO cache miss
2026-03-01 10:16:53 INFO connection reset by peer
2026-03-01 10:16:54 WARN cache hit
2026-03-01 10:16:58 WARN config reloaded
2026-03-01 10:17:02 INFO disk usage high
2026-03-01 10:17:03 WARN request handled
2026-03-01 10:17:04 INFO user logout
2026-03-01 10:17:05 WARN cache hit
2026-03-01 10:17:07 INFO user login ok
2026-03-01 10:17:08 INFO slow query detected
2026-03-01 10:17:10 INFO user logout
2026-03-01 10:17:11 INFO slow query detected
2026-03-01 10:17:14 INFO background job finished
2026-03-01 10:17:16 INFO user login ok
2026-03-01 10:17:19 WARN config reloaded
2026-03-01 10:17:22 WARN user login ok
2026-03-01 10:17:24 INFO slow query detected
2026-03-01 10:17:26 INFO user logout
2026-03-01 10:17:30 INFO user login ok
2026-03-01 10:17:33 INFO user login ok
2026-03-01 10:17:36 WARN cache hit
2026-03-01 10:17:38 INFO config reloaded
2026-03-01 10:17:41 ERROR slow query detected
2026-03-01 10:17:43 INFO user logout
2026-03-01 10:17:46 INFO connection reset by peer
2026-03-01 10:17:48 INFO user login ok
2026-03-01 10:17:51 INFO user login ok
2026-03-01 10:17:55 INFO invalid token
2026-03-01 10:17:56 WARN slow query detected
2026-03-01 10:17:59 INFO database timeout
2026-03-01 10:18:00 INFO request handled
2026-03-01 10:18:01 INFO user login ok
2026-03-01 10:18:05 INFO user login ok
2026-03-01 10:18:08 INFO cache hit
2026-03-01 10:18:10 INFO user login ok
2026-03-01 10:18:11 INFO slow query detected
2026-03-01 10:18:13 INFO cache miss
2026-03-01 10:18:17 INFO user login ok
2026-03-01 10:18:20 INFO cache hit
2026-03-01 10:18:24 INFO user login ok
2026-03-01 10:18:27 WARN user login ok
2026-03-01 10:18:31 INFO disk usage high
2026-03-01 10:18:32 INFO connection reset by peer
2026-03-01 10:18:36 INFO user login ok
2026-03-01 10:18:39 INFO user login ok
2026-03-01 10:18:40 INFO user logout
2026-03-01 10:18:43 WARN database timeout
2026-03-01 10:18:45 INFO connection reset by peer
2026-03-01 10:18:47 INFO user login ok
2026-03-01 10:18:48 INFO user logout
2026-03-01 10:18:52 INFO user login ok
2026-03-01 10:18:55 INFO user login ok
2026-03-01 10:18:56 INFO user login ok
2026-03-01 10:19:00 INFO background job finished
2026-03-01 10:19:02 INFO request handled
2026-03-01 10:19:05 INFO slow query detected
2026-03-01 10:19:07 INFO user login ok
2026-03-01 10:19:10 INFO connection reset by peer
2026-03-01 10:19:11 INFO cache hit
2026-03-01 10:19:13 INFO user logout
2026-03-01 10:19:14 INFO user login ok
2026-03-01 10:19:17 INFO user login ok
2026-03-01 10:19:19 INFO disk usage high
2026-03-01 10:19:23 INFO connection reset by peer
2026-03-01 10:19:27 INFO background job finished
2026-03-01 10:19:28 ERROR user login ok
2026-03-01 10:19:32 ERROR cache miss
2026-03-01 10:19:36 INFO cache hit
2026-03-01 10:19:38 INFO cache miss
2026-03-01 10:19:41 WARN disk usage high
2026-03-01 10:19:44 INFO slow query detected
2026-03-01 10:19:45 INFO user login ok
2026-03-01 10:19:48 INFO user login ok
2026-03-01 10:19:51 INFO user login ok
2026-03-01 10:19:53 WARN connection reset by peer
2026-03-01 10:19:57 INFO background job finished
2026-03-01 10:20:01 INFO cache hit
2026-03-01 10:20:03 INFO user login ok
2026-03-01 10:20:07 INFO invalid token
2026-03-01 10:20:09 WARN cache hit
2026-03-01 10:20:13 INFO config reloaded
2026-03-01 10:20:14 ERROR user login ok
2026-03-01 10:20:16 INFO user logout
2026-03-01 10:20:18 INFO user login ok
2026-03-01 10:20:20 WARN cache hit
2026-03-01 10:20:23 INFO user login ok
2026-03-01 10:20:25 WARN user logout
2026-03-01 10:20:29 INFO request handled
2026-03-01 10:20:32 INFO request handled
2026-03-01 10:20:35 INFO cache miss
2026-03-01 10:20:38 INFO user login ok
2026-03-01 10:20:42 INFO user login ok
2026-03-01 10:20:46 INFO request handled
2026-03-01 10:20:47 INFO user logout
2026-03-01 10:20:51 INFO cache hit
